"Id","Season","Week","SeasonType","NeutralSite","HomeId","HomeTeam","HomePoints","AwayId","AwayTeam","AwayPoints"
"401282714","2021","1","regular","false","356","Illinois","30","158","Nebraska","22"
"401286187","2021","1","regular","false","278","Fresno State","45","41","UConn","0"
"401329133","2021","1","regular","true","2119","Central State (OH)","6","2310","Kentucky State","20"
"401309833","2021","1","regular","false","26","UCLA","44","62","Hawai'i","10"
"401328337","2021","1","regular","false","282","Indiana State","26","2197","Eastern Illinois","21"
"401327539","2021","1","regular","true","2428","North Carolina Central","23","2016","Alcorn State","14"
"401282049","2021","1","regular","false","166","New Mexico State","3","2638","UTEP","30"
"401310693","2021","1","regular","false","23","San José State","45","253","Southern Utah","14"
"401282050","2021","1","regular","true","55","Jacksonville State","0","5","UAB","31"
"401328215","2021","1","regular","false","351","Wingate","30","2551","Shaw","7"
"401328989","2021","1","regular","false","131","Wayne State (MI)","21","215","Slippery Rock","24"
"401328204","2021","1","regular","false","2619","Stony Brook","21","160","New Hampshire","27"
"401334787","2021","1","regular","false","2986","Fairmont State","14","2858","PennWest California","23"
"401334786","2021","1","regular","false","2844","Wayne State (NE)","34","559","University of Mary","27"
"401337471","2021","1","regular","false","2699","West Liberty","6","2682","Walsh","27"
"401328276","2021","1","regular","false","2033","Arkansas Tech","20","199","Southeastern Oklahoma State","38"
"401309540","2021","1","regular","false","2050","Ball State","31","2710","Western Illinois","21"
"401329651","2021","1","regular","false","2369","Mars Hill","24","2804","Chowan","30"
"401329689","2021","1","regular","false","389","Upper Iowa University","14","134","Minnesota Duluth","41"
"401329357","2021","1","regular","false","2477","Ohio Dominican","30","2974","Shepherd","35"
"401329270","2021","1","regular","false","611","Seton Hill","16","112335","Wheeling","14"
"401329056","2021","1","regular","false","2105","Carson-Newman College","7","2698","West Georgia","45"
"401329020","2021","1","regular","false","2401","Mississippi College","0","2013","Albany State GA","24"
"401329015","2021","1","regular","false","2170","Delta State","48","2064","Bethel University Tennessee","14"
"401328973","2021","1","regular","false","2886","Northwood (MI)","21","367","Gannon","28"
"401328605","2021","1","regular","false","2815","Lindenwood","20","2025","Angelo State","40"
"401329425","2021","1","regular","false","210","Millersville","9","2022","American International","14"
"401328432","2021","1","regular","false","2823","Northwestern Oklahoma State","13","2568","Southern Arkansas","32"
"401328397","2021","1","regular","false","2927","Southwestern Oklahoma State","13","2271","Henderson State","31"
"401328309","2021","1","regular","false","2028","Arkansas-Monticello","30","200","Southern Nazarene","23"
"401328175","2021","1","regular","false","311","Maine","24","48","Delaware","34"
"401328388","2021","1","regular","false","2754","Youngstown State","44","2916","Incarnate Word","41"
"401328466","2021","1","regular","false","2888","Ouachita Baptist","38","319","Oklahoma Baptist","31"
"401329443","2021","1","regular","false","2876","Lincoln (MO)","12","2687","Washburn","76"
"401329491","2021","1","regular","false","2364","Minnesota State Mankato","40","425","Northern State","34"
"401329503","2021","1","regular","false","2894","Sioux Falls","16","132","Bemidji State","24"
"401328458","2021","1","regular","false","2535","Samford","52","2635","Tennessee Tech","14"
"401332315","2021","1","regular","false","2181","Drake","45","455","West Virginia Wesleyan","3"
"401357797","2021","1","regular","false","2382","Mercer","69","3179","Point University","0"
"401334756","2021","1","regular","false","2316","Kentucky Wesleyan","13","341","Frostburg State","20"
"401328545","2021","1","regular","false","324","Coastal Carolina","52","2643","The Citadel","14"
"401309542","2021","1","regular","false","2084","Buffalo","69","2681","Wagner","7"
"401300995","2021","1","regular","false","2116","UCF","36","68","Boise State","31"
"401329660","2021","1","regular","false","2188","East Stroudsburg University","35","2487","Pace","14"
"401309834","2021","1","regular","false","254","Utah","40","2692","Weber State","17"
"401328768","2021","1","regular","false","2222","Ferris State","54","2224","Findlay","14"
"401300994","2021","1","regular","false","202","Tulsa","17","302","UC Davis","19"
"401328404","2021","1","regular","false","236","Chattanooga","20","2046","Austin Peay","30"
"401300993","2021","1","regular","false","2026","App State","33","151","East Carolina","19"
"401282607","2021","1","regular","false","152","NC State","45","58","South Florida","0"
"401328383","2021","1","regular","false","2546","Southeast Missouri State","21","79","Southern Illinois","47"
"401328138","2021","1","regular","false","338","Kennesaw State","35","2890","Reinhardt University","25"
"401281952","2021","1","regular","false","2633","Tennessee","38","189","Bowling Green","6"
"401310696","2021","1","regular","false","167","New Mexico","27","2277","Houston Christian","17"
"401282789","2021","1","regular","false","135","Minnesota","31","194","Ohio State","45"
"401329340","2021","1","regular","false","2118","Central Missouri","16","90","Pittsburg St","35"
"401329456","2021","1","regular","false","2438","Nebraska-Kearney","38","2403","Missouri Southern State","0"
"401329404","2021","1","regular","false","2231","Fort Hays State","7","138","Northwest Missouri St","15"
"401282180","2021","1","regular","false","98","Western Kentucky","59","2630","UT Martin","21"
"401329374","2021","1","regular","false","2122","Central Oklahoma","24","137","Missouri Western","20"
"401330245","2021","1","regular","false","2201","Eastern New Mexico","24","2120","Central Washington","66"
"401328681","2021","1","regular","false","613","South Dakota Mines","34","2402","Missouri S&T","31"
"401329037","2021","1","regular","false","2587","Southwest Minnesota State","21","2817","Minnesota State Moorhead","33"
"401329048","2021","1","regular","false","2146","Colorado School Of Mines","42","2848","Western Oregon","3"
"401329058","2021","1","regular","false","2851","Winona State","47","3066","Concordia University St Paul","6"
"401329153","2021","1","regular","false","2570","CSU Pueblo","6","2837","East Texas A&M","12"
"401328420","2021","1","regular","false","93","Murray State","35","2400","Mississippi Valley State","0"
"401329312","2021","1","regular","false","11","Colorado Mesa","40","2911","William Jewell","3"
"401282051","2021","1","regular","false","2229","Florida International","48","2341","Long Island University","10"
"401328011","2021","1","regular","false","2464","Northern Arizona","16","2534","Sam Houston","42"
"401329450","2021","1","regular","false","2704","West Texas A&M","73","2637","Texas College","0"
"401310694","2021","1","regular","false","2439","UNLV","33","331","Eastern Washington","35"
"401309835","2021","1","regular","false","9","Arizona State","41","253","Southern Utah","14"
"401335299","2021","1","regular","false","2115","Central Connecticut","21","2583","Southern Connecticut State","28"
"401309937","2021","1","regular","false","259","Virginia Tech","17","153","North Carolina","10"
"401344437","2021","1","regular","false","2060","Bentley","41","223","West Chester","17"
"401282608","2021","1","regular","false","154","Wake Forest","42","295","Old Dominion","10"
"401309541","2021","1","regular","false","2199","Eastern Michigan","35","2598","St. Francis (PA)","15"
"401282052","2021","1","regular","false","2429","Charlotte","31","150","Duke","28"
"401287888","2021","1","regular","false","2305","Kansas","17","233","South Dakota","14"
"401282782","2021","1","regular","false","77","Northwestern","21","127","Michigan State","38"
"401309836","2021","1","regular","false","38","Colorado","35","2458","Northern Colorado","7"
"401310695","2021","1","regular","false","36","Colorado State","23","2571","South Dakota State","42"
"401309601","2021","1","regular","false","2247","Georgia State","10","349","Army","43"
"401282815","2021","1","regular","false","275","Wisconsin","10","213","Penn State","16"
"401282822","2021","1","regular","false","164","Rutgers","61","218","Temple","14"
"401328233","2021","1","regular","false","2329","Lehigh","3","222","Villanova","47"
"401282609","2021","1","regular","false","103","Boston College","51","2142","Colgate","0"
"401327913","2021","1","regular","false","158","Nebraska","52","2230","Fordham","7"
"401286188","2021","1","regular","false","41","UConn","28","107","Holy Cross","38"
"401281947","2021","1","regular","false","96","Kentucky","45","2433","UL Monroe","10"
"401287894","2021","1","regular","false","201","Oklahoma","40","2655","Tulane","35"
"401287889","2021","1","regular","true","2306","Kansas State","24","24","Stanford","7"
"401332385","2021","1","regular","false","124180","Bluefield State","14","102071","Lawrence Tech","21"
"401363390","2021","1","regular","false","2586","Southwest Baptist","16","110243","UT Permian Basin","24"
"401328706","2021","1","regular","false","110254","Davenport","14","2654","Truman State","31"
"401329633","2021","1","regular","false","2842","UVA Wise","54","2355","Virginia University Of Lynchburg","0"
"401328990","2021","1","regular","false","2560","Shorter","38","2913","Brevard College","14"
"401328713","2021","1","regular","false","587","Notre Dame College","42","308","Ashland","35"
"401282772","2021","1","regular","false","130","Michigan","47","2711","Western Michigan","14"
"401329210","2021","1","regular","false","2315","Kutztown University","19","2038","Assumption","0"
"401328924","2021","1","regular","false","2441","New Haven","30","112334","Franklin Pierce","14"
"401331758","2021","1","regular","false","2107","Catawba","37","101784","ERSKINE","27"
"401328169","2021","1","regular","false","395","St. Augustine's","14","2839","Greeneville","58"
"401359753","2021","1","regular","false","121696","MARIAN (IN","10","2838","Tiffin","34"
"401334669","2021","1","regular","false","2559","Shippensburg","25","2707","West Virginia State","17"
"401328585","2021","1","regular","false","2377","McNeese","36","110242","West Florida","42"
"401329325","2021","1","regular","false","2771","Merrimack","55","2830","St. Anselm","23"
"401328566","2021","1","regular","false","2678","VMI","45","2166","Davidson","24"
"401328150","2021","1","regular","false","231","Furman","29","2448","North Carolina A&T","18"
"401328183","2021","1","regular","false","2210","Elon","22","2747","Wofford","24"
"401310861","2021","1","regular","false","2005","Air Force","35","322","Lafayette","14"
"401281943","2021","1","regular","false","8","Arkansas","38","242","Rice","17"
"401328220","2021","1","regular","false","257","Richmond","38","47","Howard","14"
"401309838","2021","1","regular","false","2483","Oregon","31","278","Fresno State","24"
"401328647","2021","1","regular","false","2816","McKendree","20","128","Northern Michigan","27"
"401328954","2021","1","regular","false","2392","Michigan Tech","14","2273","Hillsdale","10"
"401329106","2021","1","regular","false","2825","Quincy","27","2395","Midwestern State","48"
"401329143","2021","1","regular","false","2043","Augustana University (SD)","49","568","Minot State","0"
"401329337","2021","1","regular","false","2237","Fort Lewis","7","2424","New Mexico Highlands","44"
"401348214","2021","1","regular","false","122666","Wilson","7","2444","Newberry","31"
"401329179","2021","1","regular","false","284","Stonehill","35","2071","Bloomsburg","13"
"401329305","2021","1","regular","false","2714","Western Colorado","23","2123","Chadron St","10"
"401328057","2021","1","regular","false","304","Idaho State","14","155","North Dakota","35"
"401328159","2021","1","regular","false","2449","North Dakota State","28","399","UAlbany","6"
"401282764","2021","1","regular","false","120","Maryland","30","277","West Virginia","24"
"401281942","2021","1","regular","true","2390","Miami","13","333","Alabama","44"
"401282174","2021","1","regular","false","2426","Navy","7","276","Marshall","49"
"401282723","2021","1","regular","false","2294","Iowa","34","84","Indiana","6"
"401300996","2021","1","regular","false","2132","Cincinnati","49","193","Miami (OH)","14"
"401281949","2021","1","regular","false","344","Mississippi State","35","2348","Louisiana Tech","34"
"401282612","2021","1","regular","false","221","Pittsburgh","51","113","Massachusetts","7"
"401281950","2021","1","regular","false","142","Missouri","34","2117","Central Michigan","24"
"401327924","2021","1","regular","false","2207","Elizabeth City State","6","2220","Fayetteville State","47"
"401337368","2021","1","regular","false","2506","Presbyterian","84","111610","Laurinburg","43"
"401328230","2021","1","regular","false","2415","Morgan State","0","119","Towson","31"
"401310697","2021","1","regular","false","2751","Wyoming","19","147","Montana State","16"
"401327914","2021","1","regular","false","2169","Delaware State","32","2075","Bowie State","24"
"401328028","2021","1","regular","false","301","San Diego","17","13","Cal Poly","28"
"401348514","2021","1","regular","false","70","Idaho","68","2829","Simon Fraser","0"
"401287887","2021","1","regular","false","66","Iowa State","16","2460","Northern Iowa","10"
"401287892","2021","1","regular","false","251","Texas","38","309","Louisiana","18"
"401309842","2021","1","regular","false","30","USC","30","23","San José State","7"
"401327961","2021","1","regular","false","330","Virginia St","7","2331","Lenoir-Rhyne","48"
"401327953","2021","1","regular","false","2339","Lincoln (PA)","0","209","Lock Haven University","20"
"401329092","2021","1","regular","false","2940","Livingstone","10","2805","Clark Atlanta","13"
"401329085","2021","1","regular","false","490","Benedict College","45","2019","Allen","12"
"401329190","2021","1","regular","false","2134","Clarion","26","437","Lake Erie","31"
"401332022","2021","1","regular","false","2385","Mercyhurst","18","2017","Alderson-Broaddus","3"
"401286294","2021","1","regular","false","2335","Liberty","48","2097","Campbell","7"
"401357798","2021","1","regular","false","56","Stetson","54","2683","Warner University","14"
"401332299","2021","1","regular","false","2529","Sacred Heart","21","2083","Bucknell","0"
"401327988","2021","1","regular","false","2717","Western Carolina","28","2198","Eastern Kentucky","31"
"401328616","2021","1","regular","false","2011","Alabama State","14","2396","Miles College","13"
"401328527","2021","1","regular","false","111756","Indiana Wesleyan","28","2674","Valparaiso","10"
"401309600","2021","1","regular","false","290","Georgia Southern","30","2241","Gardner-Webb","25"
"401328210","2021","1","regular","false","227","Rhode Island","45","2803","Bryant","21"
"401328192","2021","1","regular","false","256","James Madison","68","2413","Morehead State","10"
"401328015","2021","1","regular","false","2261","Hampton","42","2676","Virginia Union","28"
"401300998","2021","1","regular","false","2567","SMU","56","2000","Abilene Christian","9"
"401328634","2021","1","regular","false","2029","Arkansas-Pine Bluff","34","2323","Lane College","16"
"401328144","2021","1","regular","false","2453","North Alabama","28","2545","SE Louisiana","49"
"401328022","2021","1","regular","false","2617","Stephen F. Austin","20","2627","Tarleton State","10"
"401281951","2021","1","regular","false","2579","South Carolina","46","2197","Eastern Illinois","0"
"401309602","2021","1","regular","false","2653","Troy","55","2582","Southern","3"
"401328323","2021","1","regular","false","2010","Alabama A&M","42","2569","South Carolina State","41"
"401309598","2021","1","regular","false","2032","Arkansas State","40","2110","Central Arkansas","21"
"401300997","2021","1","regular","false","235","Memphis","42","2447","Nicholls","17"
"401309543","2021","1","regular","false","2649","Toledo","49","2450","Norfolk State","10"
"401287890","2021","1","regular","false","197","Oklahoma State","23","2623","Missouri State","16"
"401282173","2021","1","regular","false","2393","Middle Tennessee","50","2405","Monmouth","15"
"401281944","2021","1","regular","false","2","Auburn","60","2006","Akron","10"
"401282819","2021","1","regular","false","2509","Purdue","30","204","Oregon State","21"
"401287886","2021","1","regular","true","248","Houston","21","2641","Texas Tech","38"
"401329000","2021","1","regular","false","2695","West Alabama","48","60","Morehouse College","7"
"401328977","2021","1","regular","false","129","Saginaw Valley State","13","2658","Texas A&M-Kingsville","9"
"401328944","2021","1","regular","false","2673","Valdosta State","53","2542","Savannah St","7"
"401329707","2021","1","regular","false","2615","St. Xavier IL","10","2292","Indianapolis","34"
"401329394","2021","1","regular","false","196","Northeastern State","7","2214","Emporia State University","38"
"401329023","2021","1","regular","false","2001","Adams State","17","2703","Western New Mexico","35"
"401328345","2021","1","regular","false","2264","Harding University","28","2191","East Central (OK)","0"
"401329008","2021","1","regular","false","2822","North Greenville","37","2336","Limestone","16"
"401282611","2021","1","regular","false","195","Ohio","9","183","Syracuse","29"
"401287893","2021","1","regular","false","326","Texas State","20","239","Baylor","29"
"401282610","2021","1","regular","false","59","Georgia Tech","21","2459","Northern Illinois","22"
"401281946","2021","1","regular","true","228","Clemson","3","61","Georgia","10"
"401281945","2021","1","regular","false","57","Florida","35","2226","Florida Atlantic","14"
"401282179","2021","1","regular","false","356","Illinois","30","2636","UTSA","37"
"401328327","2021","1","regular","false","2287","Illinois State","49","2086","Butler","7"
"401282175","2021","1","regular","false","249","North Texas","44","2466","Northwestern State","14"
"401282613","2021","1","regular","false","258","Virginia","43","2729","William & Mary","0"
"401287891","2021","1","regular","false","2628","TCU","45","2184","Duquesne","3"
"401328678","2021","1","regular","false","2640","Texas Southern","17","2504","Prairie View A&M","40"
"401282054","2021","1","regular","false","238","Vanderbilt","3","2193","East Tennessee State","23"
"401309839","2021","1","regular","false","264","Washington","7","149","Montana","13"
"401282177","2021","1","regular","false","6","South Alabama","31","2572","Southern Miss","7"
"401282053","2021","1","regular","false","245","Texas A&M","41","2309","Kent State","10"
"401281948","2021","1","regular","false","26","UCLA","38","99","LSU","27"
"401282178","2021","1","regular","false","2638","UTEP","38","2065","Bethune-Cookman","28"
"401327977","2021","1","regular","false","3101","Utah Tech","7","16","Sacramento State","19"
"401309837","2021","1","regular","false","25","California","17","2440","Nevada","22"
"401309841","2021","1","regular","true","12","Arizona","16","252","BYU","24"
"401310699","2021","1","regular","false","21","San Diego State","28","166","New Mexico State","10"
"401309840","2021","1","regular","false","265","Washington State","23","328","Utah State","26"
"401310698","2021","1","regular","false","62","Hawai'i","49","2502","Portland State","35"
"401328657","2021","1","regular","false","50","Florida A&M","6","2296","Jackson State","7"
"401328426","2021","1","regular","false","2755","Grambling","16","2634","Tennessee State","10"
"401329118","2021","1","regular","false","2657","Tuskegee","0","2232","Fort Valley State","30"
"401282614","2021","1","regular","false","52","Florida State","38","87","Notre Dame","41"
"401282055","2021","1","regular","true","145","Ole Miss","43","97","Louisville","24"
"401341940","2021","2","regular","false","2128","University Of Charleston (WV)","27","2986","Fairmont State","6"
"401329652","2021","2","regular","false","2369","Mars Hill","50","2355","Virginia University Of Lynchburg","14"
"401329412","2021","2","regular","false","112335","Wheeling","15","587","Notre Dame College","31"
"401329384","2021","2","regular","false","2249","Glenville State","17","2148","Concord University","10"
"401329341","2021","2","regular","false","2687","Washburn","29","2118","Central Missouri","10"
"401329086","2021","2","regular","false","490","Benedict College","44","2206","Edward Waters","3"
"401329405","2021","2","regular","false","137","Missouri Western","38","2231","Fort Hays State","31"
"401347693","2021","2","regular","false","2487","Pace","33","2022","American International","40"
"401287896","2021","2","regular","false","324","Coastal Carolina","49","2305","Kansas","22"
"401282616","2021","2","regular","false","150","Duke","45","2448","North Carolina A&T","17"
"401282191","2021","2","regular","false","68","Boise State","54","2638","UTEP","13"
"401310701","2021","2","regular","false","328","Utah State","48","155","North Dakota","24"
"401282624","2021","2","regular","false","258","Virginia","42","356","Illinois","14"
"401282193","2021","2","regular","false","349","Army","38","98","Western Kentucky","35"
"401309545","2021","2","regular","false","2309","Kent State","60","2678","VMI","10"
"401282790","2021","2","regular","false","135","Minnesota","31","193","Miami (OH)","26"
"401282618","2021","2","regular","false","59","Georgia Tech","45","338","Kennesaw State","17"
"401282625","2021","2","regular","false","154","Wake Forest","41","2450","Norfolk State","16"
"401282783","2021","2","regular","false","127","Michigan State","42","2754","Youngstown State","14"
"401282058","2021","2","regular","false","2","Auburn","62","2011","Alabama State","0"
"401329366","2021","2","regular","false","2205","Edinboro University","9","2559","Shippensburg","30"
"401329419","2021","2","regular","false","2385","Mercyhurst","10","223","West Chester","56"
"401287899","2021","2","regular","false","197","Oklahoma State","28","202","Tulsa","23"
"401282809","2021","2","regular","false","194","Ohio State","28","2483","Oregon","35"
"401282066","2021","2","regular","false","2633","Tennessee","34","221","Pittsburgh","41"
"401282804","2021","2","regular","false","77","Northwestern","24","282","Indiana State","6"
"401329358","2021","2","regular","false","367","Gannon","26","2974","Shepherd","56"
"401282065","2021","2","regular","false","151","East Carolina","17","2579","South Carolina","20"
"401327915","2021","2","regular","false","2075","Bowie State","28","129","Saginaw Valley State","19"
"401282059","2021","2","regular","false","58","South Florida","20","57","Florida","42"
"401328226","2021","2","regular","false","2142","Colgate","3","2619","Stony Brook","24"
"401328413","2021","2","regular","false","2168","Dayton","17","2197","Eastern Illinois","10"
"401329152","2021","2","regular","false","3066","Concordia University St Paul","24","389","Upper Iowa University","6"
"401329191","2021","2","regular","false","2134","Clarion","17","210","Millersville","21"
"401341491","2021","2","regular","false","101784","ERSKINE","25","122666","Wilson","38"
"401334788","2021","2","regular","false","2858","PennWest California","59","209","Lock Haven University","0"
"401334757","2021","2","regular","false","2310","Kentucky State","25","2316","Kentucky Wesleyan","26"
"401332383","2021","2","regular","false","2839","Greeneville","38","2804","Chowan","46"
"401332023","2021","2","regular","false","2017","Alderson-Broaddus","0","2699","West Liberty","24"
"401329474","2021","2","regular","false","112334","Franklin Pierce","20","437","Lake Erie","31"
"401327954","2021","2","regular","false","2339","Lincoln (PA)","7","2119","Central State (OH)","19"
"401328707","2021","2","regular","false","131","Wayne State (MI)","9","2654","Truman State","27"
"401328968","2021","2","regular","false","128","Northern Michigan","10","271","Wisconsin-Oshkosh","28"
"401328974","2021","2","regular","false","2838","Tiffin","40","2886","Northwood (MI)","6"
"401329038","2021","2","regular","false","2817","Minnesota State Moorhead","13","2851","Winona State","27"
"401348193","2021","2","regular","false","2477","Ohio Dominican","10","330","Virginia St","7"
"401344438","2021","2","regular","false","2038","Assumption","28","2060","Bentley","40"
"401301000","2021","2","regular","false","2655","Tulane","69","2415","Morgan State","20"
"401328955","2021","2","regular","false","2392","Michigan Tech","9","2900","St. Thomas (MN)","12"
"401309547","2021","2","regular","false","2459","Northern Illinois","43","2751","Wyoming","50"
"401327925","2021","2","regular","false","2207","Elizabeth City State","27","124180","Bluefield State","35"
"401328287","2021","2","regular","false","2169","Delaware State","14","46","Georgetown","20"
"401328485","2021","2","regular","false","107","Holy Cross","21","2771","Merrimack","35"
"401328075","2021","2","regular","false","233","South Dakota","34","2464","Northern Arizona","7"
"401282622","2021","2","regular","false","183","Syracuse","7","164","Rutgers","17"
"401328119","2021","2","regular","false","2643","The Citadel","21","2127","Charleston Southern","38"
"401328532","2021","2","regular","false","200","Southern Nazarene","3","2888","Ouachita Baptist","41"
"401282186","2021","2","regular","false","259","Virginia Tech","35","2393","Middle Tennessee","14"
"401328221","2021","2","regular","false","257","Richmond","31","2329","Lehigh","3"
"401341944","2021","2","regular","false","2707","West Virginia State","21","341","Frostburg State","34"
"401332007","2021","2","regular","false","2825","Quincy","59","2295","Iowa Wesleyan","27"
"401329462","2021","2","regular","false","2703","Western New Mexico","14","2714","Western Colorado","49"
"401329319","2021","2","regular","false","2146","Colorado School Of Mines","31","2424","New Mexico Highlands","21"
"401329201","2021","2","regular","false","2291","Indiana-Pennsylvania","29","2315","Kutztown University","26"
"401329001","2021","2","regular","false","2657","Tuskegee","7","2695","West Alabama","33"
"401328521","2021","2","regular","false","2413","Morehead State","62","3179","Point University","9"
"401309753","2021","2","regular","false","195","Ohio","26","2184","Duquesne","28"
"401328459","2021","2","regular","false","2635","Tennessee Tech","0","231","Furman","26"
"401282705","2021","2","regular","false","87","Notre Dame","32","2649","Toledo","29"
"401332310","2021","2","regular","false","2681","Wagner","19","2115","Central Connecticut","21"
"401282820","2021","2","regular","false","41","UConn","0","2509","Purdue","49"
"401359755","2021","2","regular","false","2123","Chadron St","24","2025","Angelo State","28"
"401359754","2021","2","regular","false","2402","Missouri S&T","71","124386","Little Rock","0"
"401333045","2021","2","regular","false","132","Bemidji State","38","2844","Wayne State (NE)","28"
"401329126","2021","2","regular","false","559","University of Mary","20","2043","Augustana University (SD)","43"
"401329457","2021","2","regular","false","2403","Missouri Southern State","17","196","Northeastern State","21"
"401309548","2021","2","regular","false","2117","Central Michigan","45","2523","Robert Morris","0"
"401328367","2021","2","regular","false","2449","North Dakota State","64","2674","Valparaiso","0"
"401301002","2021","2","regular","false","2132","Cincinnati","42","93","Murray State","7"
"401301004","2021","2","regular","false","2426","Navy","3","2005","Air Force","23"
"401282623","2021","2","regular","false","113","Massachusetts","28","103","Boston College","45"
"401300999","2021","2","regular","false","2006","Akron","24","218","Temple","45"
"401287900","2021","2","regular","false","2628","TCU","34","25","California","32"
"401282067","2021","2","regular","true","38","Colorado","7","245","Texas A&M","10"
"401282797","2021","2","regular","false","158","Nebraska","28","2084","Buffalo","3"
"401282816","2021","2","regular","false","213","Penn State","44","2050","Ball State","13"
"401282183","2021","2","regular","false","2226","Florida Atlantic","38","290","Georgia Southern","6"
"401282060","2021","2","regular","false","61","Georgia","56","5","UAB","7"
"401309546","2021","2","regular","false","189","Bowling Green","19","6","South Alabama","22"
"401329713","2021","2","regular","false","203","Linfield College","56","2829","Simon Fraser","20"
"401329113","2021","2","regular","false","2805","Clark Atlanta","26","2323","Lane College","35"
"401328038","2021","2","regular","false","331","Eastern Washington","63","2120","Central Washington","14"
"401282056","2021","2","regular","false","333","Alabama","48","2382","Mercer","14"
"401328193","2021","2","regular","false","256","James Madison","55","311","Maine","7"
"401328099","2021","2","regular","false","301","San Diego","7","302","UC Davis","53"
"401356953","2021","2","regular","false","2506","Presbyterian","68","124110","UFTL","3"
"401282754","2021","2","regular","false","66","Iowa State","17","2294","Iowa","27"
"401328016","2021","2","regular","false","2676","Virginia Union","7","2673","Valdosta State","51"
"401309544","2021","2","regular","false","2711","Western Michigan","28","2287","Illinois State","0"
"401282615","2021","2","regular","false","228","Clemson","49","2569","South Carolina State","3"
"401287902","2021","2","regular","false","277","West Virginia","66","2341","Long Island University","0"
"401328205","2021","2","regular","false","160","New Hampshire","26","119","Towson","14"
"401328497","2021","2","regular","false","2086","Butler","49","83","Depauw","24"
"401328658","2021","2","regular","false","50","Florida A&M","34","2232","Fort Valley State","7"
"401309845","2021","2","regular","false","265","Washington State","44","2502","Portland State","24"
"401282192","2021","2","regular","false","2636","UTSA","54","2320","Lamar","0"
"401332050","2021","2","regular","false","2230","Fordham","23","2405","Monmouth","26"
"401357799","2021","2","regular","false","56","Stetson","49","3178","Ave Maria University","16"
"401328108","2021","2","regular","false","2097","Campbell","23","2210","Elon","24"
"401328176","2021","2","regular","false","48","Delaware","27","2598","St. Francis (PA)","10"
"401328236","2021","2","regular","false","2729","William & Mary","24","322","Lafayette","3"
"401328234","2021","2","regular","false","222","Villanova","55","2083","Bucknell","3"
"401282181","2021","2","regular","false","2429","Charlotte","38","2241","Gardner-Webb","10"
"401366015","2021","2","regular","false","2224","Findlay","34","2882","UNC Pembroke","28"
"401328102","2021","2","regular","false","2304","Johnson C Smith","19","2019","Allen","20"
"401328945","2021","2","regular","false","2542","Savannah St","50","2940","Livingstone","6"
"401329009","2021","2","regular","false","2444","Newberry","14","2822","North Greenville","24"
"401329057","2021","2","regular","false","2698","West Georgia","47","60","Morehouse College","0"
"401347701","2021","2","regular","false","284","Stonehill","54","2583","Southern Connecticut State","21"
"401329180","2021","2","regular","false","611","Seton Hill","13","2071","Bloomsburg","7"
"401329372","2021","2","regular","false","215","Slippery Rock","22","2188","East Stroudsburg University","7"
"401328085","2021","2","regular","false","351","Wingate","40","2220","Fayetteville State","21"
"401301001","2021","2","regular","false","2116","UCF","63","2065","Bethune-Cookman","14"
"401282189","2021","2","regular","false","242","Rice","7","248","Houston","44"
"401282185","2021","2","regular","false","276","Marshall","44","2428","North Carolina Central","10"
"401329451","2021","2","regular","false","110243","UT Permian Basin","42","2704","West Texas A&M","31"
"401329708","2021","2","regular","false","2273","Hillsdale","31","2292","Indianapolis","35"
"401330018","2021","2","regular","false","2837","East Texas A&M","30","2395","Midwestern State","31"
"401329492","2021","2","regular","false","134","Minnesota Duluth","30","2364","Minnesota State Mankato","10"
"401328258","2021","2","regular","false","2107","Catawba","28","2736","Winston-Salem","6"
"401328277","2021","2","regular","false","2191","East Central (OK)","13","2033","Arkansas Tech","10"
"401328310","2021","2","regular","false","319","Oklahoma Baptist","45","2028","Arkansas-Monticello","20"
"401328389","2021","2","regular","false","199","Southeastern Oklahoma State","32","2264","Harding University","31"
"401328398","2021","2","regular","false","2271","Henderson State","55","2823","Northwestern Oklahoma State","7"
"401328535","2021","2","regular","false","2568","Southern Arkansas","42","2927","Southwestern Oklahoma State","27"
"401328648","2021","2","regular","false","2170","Delta State","45","2816","McKendree","17"
"401328696","2021","2","regular","false","110242","West Florida","63","2586","Southwest Baptist","14"
"401328714","2021","2","regular","false","308","Ashland","19","2222","Ferris State","45"
"401328936","2021","2","regular","false","125","Grand Valley State University","34","2570","CSU Pueblo","14"
"401328991","2021","2","regular","false","2013","Albany State GA","28","2560","Shorter","12"
"401329069","2021","2","regular","false","425","Northern State","30","2587","Southwest Minnesota State","13"
"401329351","2021","2","regular","false","613","South Dakota Mines","52","561","Mayville State","7"
"401282182","2021","2","regular","false","2229","Florida International","17","326","Texas State","23"
"401282825","2021","2","regular","false","275","Wisconsin","34","2199","Eastern Michigan","7"
"401282064","2021","2","regular","false","344","Mississippi State","24","152","NC State","10"
"401301003","2021","2","regular","false","2032","Arkansas State","50","235","Memphis","55"
"401286295","2021","2","regular","false","2653","Troy","13","2335","Liberty","21"
"401282620","2021","2","regular","false","2390","Miami","25","2026","App State","23"
"401328463","2021","2","regular","false","2630","UT Martin","33","2535","Samford","27"
"401282187","2021","2","regular","false","2567","SMU","35","249","North Texas","12"
"401282057","2021","2","regular","false","8","Arkansas","40","251","Texas","21"
"401310700","2021","2","regular","false","167","New Mexico","34","166","New Mexico State","25"
"401328606","2021","2","regular","false","2571","South Dakota State","52","2815","Lindenwood","7"
"401328690","2021","2","regular","false","2582","Southern","41","2396","Miles College","24"
"401328703","2021","2","regular","false","2000","Abilene Christian","62","2347","Louisiana College","7"
"401332300","2021","2","regular","false","2803","Bryant","17","2529","Sacred Heart","6"
"401328599","2021","2","regular","false","2016","Alcorn State","13","2466","Northwestern State","10"
"401328080","2021","2","regular","false","2277","Houston Christian","13","2458","Northern Colorado","45"
"401328145","2021","2","regular","false","2453","North Alabama","0","236","Chattanooga","20"
"401328160","2021","2","regular","false","399","UAlbany","14","227","Rhode Island","16"
"401328216","2021","2","regular","false","2166","Davidson","28","2551","Shaw","26"
"401328427","2021","2","regular","false","2296","Jackson State","38","2634","Tennessee State","16"
"401282190","2021","2","regular","false","2572","Southern Miss","37","2755","Grambling","0"
"401309603","2021","2","regular","false","309","Louisiana","27","2447","Nicholls","24"
"401282619","2021","2","regular","false","97","Louisville","30","2198","Eastern Kentucky","3"
"401282188","2021","2","regular","false","295","Old Dominion","47","2261","Hampton","7"
"401287897","2021","2","regular","false","2306","Kansas State","31","79","Southern Illinois","23"
"401282184","2021","2","regular","false","2348","Louisiana Tech","45","2545","SE Louisiana","42"
"401287901","2021","2","regular","false","2641","Texas Tech","28","2617","Stephen F. Austin","22"
"401287898","2021","2","regular","false","201","Oklahoma","76","2717","Western Carolina","0"
"401287895","2021","2","regular","false","239","Baylor","66","2640","Texas Southern","7"
"401328023","2021","2","regular","false","2627","Tarleton State","54","2237","Fort Lewis","7"
"401328012","2021","2","regular","false","2534","Sam Houston","52","2546","Southeast Missouri State","14"
"401286207","2021","2","regular","false","120","Maryland","62","47","Howard","0"
"401282724","2021","2","regular","false","84","Indiana","56","70","Idaho","14"
"401282063","2021","2","regular","false","145","Ole Miss","54","2046","Austin Peay","17"
"401282061","2021","2","regular","false","96","Kentucky","35","142","Missouri","28"
"401282621","2021","2","regular","false","153","North Carolina","59","2247","Georgia State","17"
"401328694","2021","2","regular","false","2193","East Tennessee State","45","2842","UVA Wise","14"
"401328070","2021","2","regular","false","149","Montana","42","2710","Western Illinois","7"
"401328064","2021","2","regular","false","147","Montana State","45","2181","Drake","7"
"401327967","2021","2","regular","false","2623","Missouri State","43","2110","Central Arkansas","34"
"401282773","2021","2","regular","false","130","Michigan","31","264","Washington","10"
"401329024","2021","2","regular","false","2201","Eastern New Mexico","42","2001","Adams State","14"
"401328679","2021","2","regular","false","2916","Incarnate Word","40","2504","Prairie View A&M","9"
"401330250","2021","2","regular","false","2658","Texas A&M-Kingsville","24","2848","Western Oregon","10"
"401329487","2021","2","regular","false","90","Pittsburg St","17","2438","Nebraska-Kearney","28"
"401329395","2021","2","regular","false","2214","Emporia State University","31","2122","Central Oklahoma","21"
"401282062","2021","2","regular","false","99","LSU","34","2377","McNeese","7"
"401282617","2021","2","regular","false","52","Florida State","17","55","Jacksonville State","20"
"401328095","2021","2","regular","false","16","Sacramento State","16","2460","Northern Iowa","34"
"401327978","2021","2","regular","false","3101","Utah Tech","3","2692","Weber State","41"
"401282068","2021","2","regular","false","36","Colorado State","21","238","Vanderbilt","24"
"401309846","2021","2","regular","false","12","Arizona","14","21","San Diego State","38"
"401310702","2021","2","regular","false","278","Fresno State","63","13","Cal Poly","10"
"401309848","2021","2","regular","false","252","BYU","26","254","Utah","17"
"401309843","2021","2","regular","false","30","USC","28","24","Stanford","42"
"401309847","2021","2","regular","false","9","Arizona State","37","2439","UNLV","10"
"401310703","2021","2","regular","false","2440","Nevada","49","304","Idaho State","10"
"401309844","2021","2","regular","false","204","Oregon State","45","62","Hawai'i","27"
"401341945","2021","3","regular","false","341","Frostburg State","30","2128","University Of Charleston (WV)","24"
"401328641","2021","3","regular","false","2065","Bethune-Cookman","27","2010","Alabama A&M","30"
"401309606","2021","3","regular","false","309","Louisiana","49","195","Ohio","14"
"401347702","2021","3","regular","false","2583","Southern Connecticut State","34","2830","St. Anselm","31"
"401282626","2021","3","regular","false","97","Louisville","42","2116","UCF","35"
"401282715","2021","3","regular","false","356","Illinois","17","120","Maryland","20"
"401339818","2021","3","regular","false","2329","Lehigh","0","163","Princeton","32"
"401282079","2021","3","regular","false","245","Texas A&M","34","167","New Mexico","0"
"401282629","2021","3","regular","false","2390","Miami","17","127","Michigan State","38"
"401282632","2021","3","regular","false","221","Pittsburgh","41","2711","Western Michigan","44"
"401282634","2021","3","regular","false","218","Temple","3","103","Boston College","28"
"401282636","2021","3","regular","false","277","West Virginia","27","259","Virginia Tech","21"
"401282774","2021","3","regular","false","130","Michigan","63","2459","Northern Illinois","10"
"401282798","2021","3","regular","false","201","Oklahoma","23","158","Nebraska","16"
"401282725","2021","3","regular","false","84","Indiana","24","2132","Cincinnati","38"
"401286189","2021","3","regular","false","349","Army","52","41","UConn","21"
"401332306","2021","3","regular","false","2598","St. Francis (PA)","39","2681","Wagner","24"
"401282077","2021","3","regular","false","142","Missouri","59","2546","Southeast Missouri State","28"
"401282073","2021","3","regular","false","96","Kentucky","28","236","Chattanooga","23"
"401329420","2021","3","regular","false","223","West Chester","41","2205","Edinboro University","37"
"401282633","2021","3","regular","false","183","Syracuse","62","399","UAlbany","24"
"401309552","2021","3","regular","false","2084","Buffalo","25","324","Coastal Carolina","28"
"401328992","2021","3","regular","false","2805","Clark Atlanta","17","2560","Shorter","38"
"401282078","2021","3","regular","false","2633","Tennessee","56","2635","Tennessee Tech","0"
"401328603","2021","3","regular","false","2115","Central Connecticut","10","2545","SE Louisiana","56"
"401328486","2021","3","regular","false","43","Yale","17","107","Holy Cross","20"
"401328199","2021","3","regular","false","311","Maine","31","2771","Merrimack","26"
"401328132","2021","3","regular","true","47","Howard","32","2261","Hampton","48"
"401329211","2021","3","regular","false","2315","Kutztown University","14","611","Seton Hill","3"
"401328211","2021","3","regular","false","225","Brown","24","227","Rhode Island","45"
"401328479","2021","3","regular","false","46","Georgetown","9","108","Harvard","44"
"401328206","2021","3","regular","false","322","Lafayette","13","160","New Hampshire","19"
"401329634","2021","3","regular","false","2369","Mars Hill","44","2842","UVA Wise","9"
"401328237","2021","3","regular","false","2142","Colgate","7","2729","William & Mary","27"
"401328238","2021","3","regular","false","171","Columbia","37","2368","Marist","14"
"401328297","2021","3","regular","false","2529","Sacred Heart","21","2415","Morgan State","7"
"401332024","2021","3","regular","false","112335","Wheeling","28","2017","Alderson-Broaddus","6"
"401333034","2021","3","regular","false","2804","Chowan","49","101784","ERSKINE","19"
"401341941","2021","3","regular","false","2986","Fairmont State","23","2707","West Virginia State","30"
"401347698","2021","3","regular","false","2038","Assumption","32","2487","Pace","21"
"401329643","2021","3","regular","false","2105","Carson-Newman College","3","351","Wingate","25"
"401332010","2021","3","regular","false","2911","William Jewell","25","2477","Ohio Dominican","35"
"401331759","2021","3","regular","false","2107","Catawba","17","122666","Wilson","10"
"401327916","2021","3","regular","false","2441","New Haven","13","2075","Bowie State","27"
"401328724","2021","3","regular","false","128","Northern Michigan","20","110254","Davenport","14"
"401328708","2021","3","regular","false","2654","Truman State","38","2273","Hillsdale","24"
"401329426","2021","3","regular","false","2858","PennWest California","30","210","Millersville","0"
"401282791","2021","3","regular","false","38","Colorado","0","135","Minnesota","30"
"401328217","2021","3","regular","false","2551","Shaw","52","2119","Central State (OH)","0"
"401329192","2021","3","regular","false","2134","Clarion","33","2559","Shippensburg","62"
"401329661","2021","3","regular","false","2188","East Stroudsburg University","17","2385","Mercyhurst","7"
"401328682","2021","3","regular","false","2402","Missouri S&T","51","131","Wayne State (MI)","45"
"401329320","2021","3","regular","false","2237","Fort Lewis","0","2146","Colorado School Of Mines","76"
"401329313","2021","3","regular","false","2424","New Mexico Highlands","37","11","Colorado Mesa","56"
"401329202","2021","3","regular","false","2291","Indiana-Pennsylvania","21","2974","Shepherd","37"
"401329181","2021","3","regular","false","2071","Bloomsburg","31","367","Gannon","27"
"401329173","2021","3","regular","false","2894","Sioux Falls","50","3066","Concordia University St Paul","14"
"401329119","2021","3","regular","false","2232","Fort Valley State","24","2323","Lane College","27"
"401329059","2021","3","regular","false","2851","Winona State","23","134","Minnesota Duluth","29"
"401329039","2021","3","regular","false","2043","Augustana University (SD)","43","2817","Minnesota State Moorhead","17"
"401328960","2021","3","regular","false","60","Morehouse College","14","2396","Miles College","37"
"401328697","2021","3","regular","false","2586","Southwest Baptist","41","2224","Findlay","62"
"401328649","2021","3","regular","false","2816","McKendree","10","437","Lake Erie","17"
"401328262","2021","3","regular","false","2674","Valparaiso","18","159","Dartmouth","28"
"401328248","2021","3","regular","false","172","Cornell","21","2678","VMI","31"
"401359793","2021","3","regular","false","2657","Tuskegee","23","2206","Edward Waters","6"
"401287905","2021","3","regular","false","2306","Kansas State","38","2440","Nevada","17"
"401329342","2021","3","regular","false","2118","Central Missouri","7","138","Northwest Missouri St","47"
"401329433","2021","3","regular","false","2699","West Liberty","10","587","Notre Dame College","51"
"401329488","2021","3","regular","false","2438","Nebraska-Kearney","28","2687","Washburn","24"
"401330246","2021","3","regular","false","2201","Eastern New Mexico","10","2658","Texas A&M-Kingsville","36"
"401332008","2021","3","regular","false","2825","Quincy","38","2682","Walsh","17"
"401334760","2021","3","regular","false","2148","Concord University","28","455","West Virginia Wesleyan","25"
"401344439","2021","3","regular","false","2060","Bentley","24","284","Stonehill","14"
"401282706","2021","3","regular","false","87","Notre Dame","27","2509","Purdue","13"
"401328561","2021","3","regular","false","2717","Western Carolina","37","2535","Samford","42"
"401328428","2021","3","regular","false","2634","Tennessee State","41","2310","Kentucky State","7"
"401328065","2021","3","regular","false","147","Montana State","52","301","San Diego","10"
"401328405","2021","3","regular","false","2046","Austin Peay","59","2413","Morehead State","35"
"401328937","2021","3","regular","false","125","Grand Valley State University","45","2740","Wisconsin-Lacrosse","24"
"401359751","2021","3","regular","false","2401","Mississippi College","63","124110","UFTL","0"
"401331754","2021","3","regular","false","2839","Greeneville","24","2336","Limestone","21"
"401329297","2021","3","regular","false","2570","CSU Pueblo","19","2069","Black Hills State","16"
"401282755","2021","3","regular","false","2294","Iowa","30","2309","Kent State","7"
"401286300","2021","3","regular","false","113","Massachusetts","28","2199","Eastern Michigan","42"
"401287904","2021","3","regular","false","2305","Kansas","7","239","Baylor","45"
"401282810","2021","3","regular","false","194","Ohio State","41","202","Tulsa","20"
"401282071","2021","3","regular","false","57","Florida","29","333","Alabama","31"
"401282635","2021","3","regular","false","154","Wake Forest","35","52","Florida State","14"
"401282627","2021","3","regular","false","228","Clemson","14","59","Georgia Tech","8"
"401282199","2021","3","regular","false","2348","Louisiana Tech","37","2567","SMU","39"
"401309852","2021","3","regular","false","265","Washington State","14","30","USC","45"
"401328222","2021","3","regular","false","222","Villanova","34","257","Richmond","27"
"401282823","2021","3","regular","false","164","Rutgers","45","48","Delaware","13"
"401308843","2021","3","regular","false","193","Miami (OH)","42","2341","Long Island University","7"
"401309851","2021","3","regular","false","204","Oregon State","42","70","Idaho","0"
"401309550","2021","3","regular","false","2006","Akron","35","2803","Bryant","14"
"401309604","2021","3","regular","false","2026","App State","44","2210","Elon","10"
"401309849","2021","3","regular","false","25","California","42","16","Sacramento State","30"
"401328039","2021","3","regular","false","2710","Western Illinois","56","331","Eastern Washington","62"
"401309553","2021","3","regular","false","2649","Toledo","6","36","Colorado State","22"
"401328005","2021","3","regular","false","2458","Northern Colorado","10","2320","Lamar","17"
"401309549","2021","3","regular","false","2751","Wyoming","45","2050","Ball State","12"
"401282628","2021","3","regular","false","150","Duke","30","77","Northwestern","23"
"401282069","2021","3","regular","false","8","Arkansas","45","290","Georgia Southern","10"
"401282076","2021","3","regular","false","235","Memphis","31","344","Mississippi State","29"
"401309605","2021","3","regular","false","264","Washington","52","2032","Arkansas State","3"
"401328091","2021","3","regular","false","2502","Portland State","21","2848","Western Oregon","7"
"401329493","2021","3","regular","false","2364","Minnesota State Mankato","45","132","Bemidji State","24"
"401328360","2021","3","regular","false","155","North Dakota","38","2181","Drake","0"
"401309551","2021","3","regular","false","189","Bowling Green","27","93","Murray State","10"
"401328372","2021","3","regular","false","2460","Northern Iowa","44","2900","St. Thomas (MN)","3"
"401328231","2021","3","regular","false","119","Towson","7","2449","North Dakota State","35"
"401327926","2021","3","regular","false","2450","Norfolk State","63","2207","Elizabeth City State","26"
"401327955","2021","3","regular","false","2241","Gardner-Webb","56","2339","Lincoln (PA)","0"
"401282198","2021","3","regular","false","2226","Florida Atlantic","45","2230","Fordham","14"
"401328259","2021","3","regular","false","2428","North Carolina Central","20","2736","Winston-Salem","13"
"401328269","2021","3","regular","false","2083","Bucknell","6","219","Pennsylvania","30"
"401328546","2021","3","regular","false","2643","The Citadel","45","2822","North Greenville","13"
"401328109","2021","3","regular","false","2097","Campbell","72","2506","Presbyterian","0"
"401328120","2021","3","regular","false","2127","Charleston Southern","14","2405","Monmouth","41"
"401328139","2021","3","regular","false","2747","Wofford","10","338","Kennesaw State","31"
"401282194","2021","3","regular","false","2636","UTSA","27","2393","Middle Tennessee","13"
"401329385","2021","3","regular","false","2882","UNC Pembroke","36","2249","Glenville State","22"
"401329016","2021","3","regular","false","2698","West Georgia","27","2170","Delta State","26"
"401328946","2021","3","regular","false","2542","Savannah St","41","490","Benedict College","34"
"401328017","2021","3","regular","false","2676","Virginia Union","49","2355","Virginia University Of Lynchburg","7"
"401329413","2021","3","regular","false","215","Slippery Rock","57","209","Lock Haven University","7"
"401329481","2021","3","regular","false","2292","Indianapolis","17","2838","Tiffin","20"
"401329692","2021","3","regular","false","2444","Newberry","28","2331","Lenoir-Rhyne","21"
"401334780","2021","3","regular","false","112334","Franklin Pierce","19","2022","American International","38"
"401348513","2021","3","regular","false","2304","Johnson C Smith","12","124180","Bluefield State","20"
"401379550","2021","3","regular","false","2019","Allen","34","2940","Livingstone","32"
"401282200","2021","3","regular","false","276","Marshall","38","151","East Carolina","42"
"401282201","2021","3","regular","false","2335","Liberty","45","295","Old Dominion","17"
"401328769","2021","3","regular","false","2222","Ferris State","47","129","Saginaw Valley State","45"
"401329034","2021","3","regular","false","2837","East Texas A&M","17","110242","West Florida","35"
"401282196","2021","3","regular","false","2247","Georgia State","20","2429","Charlotte","9"
"401328390","2021","3","regular","false","2568","Southern Arkansas","6","2264","Harding University","37"
"401328346","2021","3","regular","false","2191","East Central (OK)","40","200","Southern Nazarene","13"
"401329070","2021","3","regular","false","389","Upper Iowa University","22","425","Northern State","40"
"401329093","2021","3","regular","false","2025","Angelo State","17","2395","Midwestern State","35"
"401329127","2021","3","regular","false","2587","Southwest Minnesota State","23","559","University of Mary","45"
"401329396","2021","3","regular","false","137","Missouri Western","38","2214","Emporia State University","37"
"401329499","2021","3","regular","false","196","Northeastern State","13","90","Pittsburg St","48"
"401348213","2021","3","regular","false","2844","Wayne State (NE)","48","568","Minot State","0"
"401328311","2021","3","regular","false","2028","Arkansas-Monticello","18","2271","Henderson State","58"
"401328278","2021","3","regular","false","2888","Ouachita Baptist","38","2033","Arkansas Tech","24"
"401328981","2021","3","regular","false","2673","Valdosta State","21","2013","Albany State GA","3"
"401282197","2021","3","regular","false","2641","Texas Tech","54","2229","Florida International","21"
"401282072","2021","3","regular","false","61","Georgia","40","2579","South Carolina","13"
"401282203","2021","3","regular","false","2572","Southern Miss","9","2653","Troy","21"
"401309856","2021","3","regular","false","21","San Diego State","33","254","Utah","31"
"401328453","2021","3","regular","false","319","Oklahoma Baptist","56","2823","Northwestern Oklahoma State","42"
"401328493","2021","3","regular","false","199","Southeastern Oklahoma State","37","2927","Southwestern Oklahoma State","28"
"401328586","2021","3","regular","false","2582","Southern","24","2377","McNeese","31"
"401328673","2021","3","regular","false","2617","Stephen F. Austin","58","2400","Mississippi Valley State","13"
"401328704","2021","3","regular","false","2000","Abilene Christian","34","110243","UT Permian Basin","9"
"401328384","2021","3","regular","false","79","Southern Illinois","55","2168","Dayton","3"
"401328328","2021","3","regular","false","2197","Eastern Illinois","24","2287","Illinois State","31"
"401309609","2021","3","regular","false","326","Texas State","34","2916","Incarnate Word","42"
"401301006","2021","3","regular","false","58","South Florida","38","50","Florida A&M","17"
"401301005","2021","3","regular","false","248","Houston","45","2755","Grambling","0"
"401328024","2021","3","regular","false","2627","Tarleton State","35","253","Southern Utah","40"
"401327997","2021","3","regular","false","55","Jacksonville State","27","2453","North Alabama","24"
"401327989","2021","3","regular","false","2198","Eastern Kentucky","21","282","Indiana State","23"
"401327968","2021","3","regular","false","2110","Central Arkansas","45","2029","Arkansas-Pine Bluff","23"
"401328464","2021","3","regular","false","2466","Northwestern State","10","2630","UT Martin","35"
"401328498","2021","3","regular","false","620","Taylor","24","2086","Butler","77"
"401328576","2021","3","regular","false","2504","Prairie View A&M","37","2277","Houston Christian","27"
"401310704","2021","3","regular","false","2005","Air Force","45","328","Utah State","49"
"401328288","2021","3","regular","false","2193","East Tennessee State","38","2169","Delaware State","6"
"401309850","2021","3","regular","false","2483","Oregon","48","2619","Stony Brook","7"
"401282630","2021","3","regular","false","152","NC State","45","231","Furman","7"
"401282074","2021","3","regular","false","99","LSU","49","2117","Central Michigan","21"
"401282195","2021","3","regular","false","249","North Texas","6","5","UAB","40"
"401282070","2021","3","regular","false","213","Penn State","28","2","Auburn","20"
"401282631","2021","3","regular","false","153","North Carolina","59","258","Virginia","39"
"401329406","2021","3","regular","false","2231","Fort Hays State","72","2876","Lincoln (MO)","0"
"401309607","2021","3","regular","false","2433","UL Monroe","12","2296","Jackson State","7"
"401328607","2021","3","regular","false","2815","Lindenwood","56","2316","Kentucky Wesleyan","34"
"401329376","2021","3","regular","false","2122","Central Oklahoma","10","2403","Missouri Southern State","14"
"401329452","2021","3","regular","false","2704","West Texas A&M","42","2703","Western New Mexico","14"
"401328101","2021","3","regular","false","2692","Weber State","24","256","James Madison","37"
"401282080","2021","3","regular","false","238","Vanderbilt","23","24","Stanford","41"
"401309608","2021","3","regular","false","6","South Alabama","28","2016","Alcorn State","21"
"401282075","2021","3","regular","false","145","Ole Miss","61","2655","Tulane","21"
"401282202","2021","3","regular","false","251","Texas","58","242","Rice","0"
"401328029","2021","3","regular","false","13","Cal Poly","14","233","South Dakota","48"
"401319455","2021","3","regular","false","166","New Mexico State","43","2569","South Carolina State","35"
"401329306","2021","3","regular","false","2123","Chadron St","31","613","South Dakota Mines","20"
"401329025","2021","3","regular","false","2001","Adams State","10","2714","Western Colorado","24"
"401287903","2021","3","regular","false","68","Boise State","20","197","Oklahoma State","21"
"401332019","2021","3","regular","false","2829","Simon Fraser","14","2120","Central Washington","36"
"401309853","2021","3","regular","false","12","Arizona","19","2464","Northern Arizona","21"
"401327979","2021","3","regular","false","302","UC Davis","60","3101","Utah Tech","27"
"401309854","2021","3","regular","false","252","BYU","27","9","Arizona State","17"
"401287906","2021","3","regular","false","2439","UNLV","3","66","Iowa State","48"
"401309855","2021","3","regular","false","26","UCLA","37","278","Fresno State","40"
"401310705","2021","3","regular","false","62","Hawai'i","13","23","San José State","17"
"401328626","2021","4","regular","false","2029","Arkansas-Pine Bluff","38","2016","Alcorn State","39"
"401282208","2021","4","regular","false","2026","App State","31","276","Marshall","30"
"401282204","2021","4","regular","false","2429","Charlotte","42","2393","Middle Tennessee","39"
"401344143","2021","4","regular","false","108","Harvard","49","225","Brown","17"
"401282638","2021","4","regular","false","258","Virginia","17","154","Wake Forest","37"
"401282637","2021","4","regular","false","183","Syracuse","24","2335","Liberty","21"
"401310707","2021","4","regular","false","278","Fresno State","38","2439","UNLV","30"
"401308834","2021","4","regular","false","349","Army","23","193","Miami (OH)","10"
"401329635","2021","4","regular","false","2842","UVA Wise","33","2105","Carson-Newman College","7"
"401329434","2021","4","regular","false","587","Notre Dame College","38","2707","West Virginia State","14"
"401329386","2021","4","regular","false","2249","Glenville State","10","112335","Wheeling","27"
"401329212","2021","4","regular","false","2974","Shepherd","29","2315","Kutztown University","37"
"401328608","2021","4","regular","false","2224","Findlay","16","2815","Lindenwood","28"
"401310706","2021","4","regular","false","328","Utah State","3","68","Boise State","27"
"401287910","2021","4","regular","false","2628","TCU","34","2567","SMU","42"
"401282805","2021","4","regular","false","77","Northwestern","35","195","Ohio","6"
"401282085","2021","4","regular","false","344","Mississippi State","25","99","LSU","28"
"401282707","2021","4","regular","true","275","Wisconsin","13","87","Notre Dame","41"
"401282206","2021","4","regular","false","2117","Central Michigan","31","2229","Florida International","27"
"401282088","2021","4","regular","false","238","Vanderbilt","0","61","Georgia","62"
"401287911","2021","4","regular","false","251","Texas","70","2641","Texas Tech","35"
"401331762","2021","4","regular","false","2205","Edinboro University","12","2858","PennWest California","20"
"401332011","2021","4","regular","false","2316","Kentucky Wesleyan","41","2911","William Jewell","21"
"401344440","2021","4","regular","false","2022","American International","27","2060","Bentley","35"
"401282645","2021","4","regular","false","259","Virginia Tech","21","257","Richmond","10"
"401328587","2021","4","regular","false","2916","Incarnate Word","31","2377","McNeese","0"
"401328249","2021","4","regular","false","43","Yale","23","172","Cornell","17"
"401328304","2021","4","regular","false","2598","St. Francis (PA)","16","2450","Norfolk State","28"
"401334821","2021","4","regular","false","2166","Davidson","28","301","San Diego","16"
"401301010","2021","4","regular","false","218","Temple","41","2681","Wagner","7"
"401328157","2021","4","regular","false","2523","Robert Morris","22","47","Howard","16"
"401282817","2021","4","regular","false","213","Penn State","38","222","Villanova","17"
"401282792","2021","4","regular","false","135","Minnesota","10","189","Bowling Green","14"
"401282086","2021","4","regular","false","103","Boston College","41","142","Missouri","34"
"401282644","2021","4","regular","false","221","Pittsburgh","77","160","New Hampshire","7"
"401282642","2021","4","regular","false","2390","Miami","69","2115","Central Connecticut","0"
"401328528","2021","4","regular","false","2181","Drake","21","2674","Valparaiso","24"
"401328338","2021","4","regular","false","282","Indiana State","0","2571","South Dakota State","44"
"401328471","2021","4","regular","false","2142","Colgate","30","2329","Lehigh","3"
"401328487","2021","4","regular","false","2405","Monmouth","15","107","Holy Cross","45"
"401332052","2021","4","regular","false","2184","Duquesne","56","2355","Virginia University Of Lynchburg","7"
"401344330","2021","4","regular","false","163","Princeton","63","56","Stetson","0"
"401328239","2021","4","regular","false","171","Columbia","35","46","Georgetown","24"
"401328507","2021","4","regular","false","2168","Dayton","63","2506","Presbyterian","43"
"401328499","2021","4","regular","false","2900","St. Thomas (MN)","36","2086","Butler","0"
"401329174","2021","4","regular","false","3066","Concordia University St Paul","24","2587","Southwest Minnesota State","34"
"401329193","2021","4","regular","false","367","Gannon","56","2134","Clarion","21"
"401328018","2021","4","regular","false","2304","Johnson C Smith","7","2676","Virginia Union","43"
"401327956","2021","4","regular","false","2339","Lincoln (PA)","6","2551","Shaw","41"
"401330257","2021","4","regular","false","2830","St. Anselm","42","112334","Franklin Pierce","7"
"401286301","2021","4","regular","false","324","Coastal Carolina","53","113","Massachusetts","3"
"401329709","2021","4","regular","false","2292","Indianapolis","16","2477","Ohio Dominican","19"
"401334769","2021","4","regular","false","2882","UNC Pembroke","27","2986","Fairmont State","30"
"401329040","2021","4","regular","false","2817","Minnesota State Moorhead","33","389","Upper Iowa University","28"
"401329182","2021","4","regular","false","2559","Shippensburg","51","2071","Bloomsburg","7"
"401328171","2021","4","regular","false","395","St. Augustine's","12","2804","Chowan","59"
"401328715","2021","4","regular","false","308","Ashland","63","2825","Quincy","23"
"401328925","2021","4","regular","false","2441","New Haven","38","2583","Southern Connecticut State","9"
"401328938","2021","4","regular","false","2392","Michigan Tech","21","125","Grand Valley State University","44"
"401328969","2021","4","regular","false","2886","Northwood (MI)","37","128","Northern Michigan","20"
"401328993","2021","4","regular","false","2560","Shorter","0","2698","West Georgia","56"
"401334761","2021","4","regular","false","2148","Concord University","23","341","Frostburg State","42"
"401332025","2021","4","regular","false","2017","Alderson-Broaddus","7","2128","University Of Charleston (WV)","69"
"401329010","2021","4","regular","false","101784","ERSKINE","7","2822","North Greenville","38"
"401334775","2021","4","regular","false","455","West Virginia Wesleyan","0","2699","West Liberty","31"
"401329203","2021","4","regular","false","2385","Mercyhurst","13","2291","Indiana-Pennsylvania","48"
"401332329","2021","4","regular","false","2839","Greeneville","19","2444","Newberry","24"
"401327927","2021","4","regular","false","2736","Winston-Salem","14","2207","Elizabeth City State","19"
"401328567","2021","4","regular","false","2678","VMI","31","2747","Wofford","23"
"401328263","2021","4","regular","false","159","Dartmouth","41","2529","Sacred Heart","3"
"401328289","2021","4","regular","false","2169","Delaware State","10","2771","Merrimack","47"
"401328184","2021","4","regular","false","2210","Elon","31","2729","William & Mary","34"
"401329343","2021","4","regular","false","2118","Central Missouri","28","2438","Nebraska-Kearney","31"
"401329445","2021","4","regular","false","2876","Lincoln (MO)","48","196","Northeastern State","49"
"401329468","2021","4","regular","false","2687","Washburn","47","137","Missouri Western","41"
"401309557","2021","4","regular","false","2199","Eastern Michigan","59","326","Texas State","21"
"401309554","2021","4","regular","false","2711","Western Michigan","23","23","San José State","3"
"401309555","2021","4","regular","false","2050","Ball State","12","2649","Toledo","22"
"401328555","2021","4","regular","false","231","Furman","3","2382","Mercer","24"
"401329377","2021","4","regular","false","138","Northwest Missouri St","38","2122","Central Oklahoma","0"
"401309861","2021","4","regular","false","254","Utah","24","265","Washington State","13"
"401328414","2021","4","regular","false","2635","Tennessee Tech","14","2197","Eastern Illinois","28"
"401309556","2021","4","regular","false","2459","Northern Illinois","41","311","Maine","14"
"401328076","2021","4","regular","false","2458","Northern Colorado","17","2464","Northern Arizona","10"
"401328562","2021","4","regular","false","2535","Samford","48","2193","East Tennessee State","55"
"401328667","2021","4","regular","false","2296","Jackson State","24","2170","Delta State","17"
"401328329","2021","4","regular","false","79","Southern Illinois","35","2287","Illinois State","17"
"401328709","2021","4","regular","false","2838","Tiffin","35","2654","Truman State","38"
"401328030","2021","4","regular","false","149","Montana","39","13","Cal Poly","7"
"401328058","2021","4","regular","false","304","Idaho State","21","16","Sacramento State","23"
"401329407","2021","4","regular","false","2403","Missouri Southern State","21","2231","Fort Hays State","42"
"401329338","2021","4","regular","false","2714","Western Colorado","42","2237","Fort Lewis","0"
"401329307","2021","4","regular","false","11","Colorado Mesa","24","2123","Chadron St","17"
"401329144","2021","4","regular","false","132","Bemidji State","24","2043","Augustana University (SD)","52"
"401329087","2021","4","regular","false","2310","Kentucky State","34","490","Benedict College","28"
"401329060","2021","4","regular","false","559","University of Mary","38","2851","Winona State","48"
"401328429","2021","4","regular","false","2546","Southeast Missouri State","47","2634","Tennessee State","14"
"401329026","2021","4","regular","false","2069","Black Hills State","51","2001","Adams State","48"
"401328725","2021","4","regular","false","2222","Ferris State","38","110254","Davenport","0"
"401327990","2021","4","regular","false","2198","Eastern Kentucky","35","2046","Austin Peay","27"
"401328494","2021","4","regular","false","200","Southern Nazarene","10","199","Southeastern Oklahoma State","31"
"401282640","2021","4","regular","false","52","Florida State","23","97","Louisville","31"
"401287907","2021","4","regular","false","239","Baylor","31","66","Iowa State","29"
"401282756","2021","4","regular","false","2294","Iowa","24","36","Colorado State","14"
"401282082","2021","4","regular","true","8","Arkansas","20","245","Texas A&M","10"
"401328270","2021","4","regular","false","322","Lafayette","24","219","Pennsylvania","14"
"401282716","2021","4","regular","false","2509","Purdue","13","356","Illinois","9"
"401282775","2021","4","regular","false","130","Michigan","20","164","Rutgers","13"
"401282765","2021","4","regular","false","120","Maryland","37","2309","Kent State","16"
"401286190","2021","4","regular","false","41","UConn","22","2751","Wyoming","24"
"401282213","2021","4","regular","false","235","Memphis","28","2636","UTSA","31"
"401282643","2021","4","regular","false","152","NC State","27","228","Clemson","21"
"401310709","2021","4","regular","false","21","San Diego State","48","119","Towson","21"
"401328683","2021","4","regular","false","2273","Hillsdale","38","2402","Missouri S&T","31"
"401327917","2021","4","regular","false","2940","Livingstone","0","2075","Bowie State","49"
"401282639","2021","4","regular","false","150","Duke","52","2305","Kansas","33"
"401327998","2021","4","regular","false","55","Jacksonville State","31","2630","UT Martin","34"
"401282083","2021","4","regular","false","2","Auburn","34","2247","Georgia State","24"
"401328146","2021","4","regular","false","2447","Nicholls","31","2453","North Alabama","14"
"401329421","2021","4","regular","false","210","Millersville","14","223","West Chester","42"
"401328227","2021","4","regular","false","2619","Stony Brook","14","2230","Fordham","31"
"401327969","2021","4","regular","false","2110","Central Arkansas","35","2534","Sam Houston","45"
"401301011","2021","4","regular","false","202","Tulsa","41","2032","Arkansas State","34"
"401328066","2021","4","regular","false","2502","Portland State","17","147","Montana State","30"
"401328663","2021","4","regular","false","2504","Prairie View A&M","24","2755","Grambling","10"
"401346619","2021","4","regular","false","2010","Alabama A&M","45","2657","Tuskegee","35"
"401328126","2021","4","regular","false","2241","Gardner-Webb","52","2717","Western Carolina","34"
"401282209","2021","4","regular","false","295","Old Dominion","34","2084","Buffalo","35"
"401309610","2021","4","regular","false","290","Georgia Southern","20","309","Louisiana","28"
"401309858","2021","4","regular","false","24","Stanford","24","26","UCLA","35"
"401328698","2021","4","regular","false","437","Lake Erie","20","2586","Southwest Baptist","28"
"401328947","2021","4","regular","false","2542","Savannah St","29","60","Morehouse College","10"
"401328978","2021","4","regular","false","131","Wayne State (MI)","21","129","Saginaw Valley State","41"
"401329120","2021","4","regular","false","2019","Allen","20","2232","Fort Valley State","56"
"401329139","2021","4","regular","false","2206","Edward Waters","35","2323","Lane College","45"
"401329271","2021","4","regular","false","611","Seton Hill","17","215","Slippery Rock","41"
"401329333","2021","4","regular","false","613","South Dakota Mines","7","2570","CSU Pueblo","49"
"401329653","2021","4","regular","false","2331","Lenoir-Rhyne","31","2369","Mars Hill","16"
"401329662","2021","4","regular","false","209","Lock Haven University","21","2188","East Stroudsburg University","45"
"401347706","2021","4","regular","false","284","Stonehill","27","2038","Assumption","26"
"401328617","2021","4","regular","false","2011","Alabama State","38","2065","Bethune-Cookman","24"
"401328514","2021","4","regular","false","2368","Marist","17","2803","Bryant","34"
"401328387","2021","4","regular","false","2754","Youngstown State","35","2710","Western Illinois","38"
"401328152","2021","4","regular","false","2448","North Carolina A&T","37","2428","North Carolina Central","14"
"401301007","2021","4","regular","false","151","East Carolina","31","2127","Charleston Southern","28"
"401282210","2021","4","regular","false","242","Rice","48","2640","Texas Southern","34"
"401328347","2021","4","regular","false","2823","Northwestern Oklahoma State","17","2191","East Central (OK)","20"
"401328399","2021","4","regular","false","2271","Henderson State","56","2568","Southern Arkansas","49"
"401328467","2021","4","regular","false","2927","Southwestern Oklahoma State","27","319","Oklahoma Baptist","31"
"401328961","2021","4","regular","false","2396","Miles College","55","2119","Central State (OH)","4"
"401329071","2021","4","regular","false","425","Northern State","41","2894","Sioux Falls","10"
"401329080","2021","4","regular","false","2013","Albany State GA","49","2805","Clark Atlanta","0"
"401329094","2021","4","regular","false","2120","Central Washington","9","2025","Angelo State","14"
"401301008","2021","4","regular","false","248","Houston","28","2426","Navy","20"
"401329494","2021","4","regular","false","568","Minot State","10","2364","Minnesota State Mankato","68"
"401282087","2021","4","regular","false","2579","South Carolina","10","96","Kentucky","16"
"401282084","2021","4","regular","false","57","Florida","38","2633","Tennessee","14"
"401331755","2021","4","regular","false","2336","Limestone","7","122666","Wilson","45"
"401333439","2021","4","regular","false","2617","Stephen F. Austin","61","124179","Lincoln (CA)","13"
"401328025","2021","4","regular","false","2627","Tarleton State","40","2424","New Mexico Highlands","21"
"401328006","2021","4","regular","false","2320","Lamar","0","2000","Abilene Christian","56"
"401333047","2021","4","regular","false","134","Minnesota Duluth","28","2844","Wayne State (NE)","31"
"401282784","2021","4","regular","false","127","Michigan State","23","158","Nebraska","20"
"401287909","2021","4","regular","false","197","Oklahoma State","31","2306","Kansas State","20"
"401282205","2021","4","regular","false","2348","Louisiana Tech","24","249","North Texas","17"
"401327963","2021","4","regular","false","2220","Fayetteville State","28","330","Virginia St","14"
"401328279","2021","4","regular","false","2033","Arkansas Tech","20","2028","Arkansas-Monticello","27"
"401328391","2021","4","regular","false","2264","Harding University","38","2888","Ouachita Baptist","21"
"401282811","2021","4","regular","false","194","Ohio State","59","2006","Akron","7"
"401282081","2021","4","regular","false","333","Alabama","63","2572","Southern Miss","14"
"401282641","2021","4","regular","true","59","Georgia Tech","45","153","North Carolina","22"
"401287908","2021","4","regular","false","201","Oklahoma","16","277","West Virginia","13"
"401329397","2021","4","regular","false","90","Pittsburg St","30","2214","Emporia State University","28"
"401310708","2021","4","regular","false","166","New Mexico State","21","62","Hawai'i","41"
"401282211","2021","4","regular","false","2655","Tulane","21","5","UAB","28"
"401309611","2021","4","regular","false","2433","UL Monroe","29","2653","Troy","16"
"401282207","2021","4","regular","false","2005","Air Force","31","2226","Florida Atlantic","7"
"401328354","2021","4","regular","false","2623","Missouri State","31","233","South Dakota","23"
"401328100","2021","4","regular","false","2692","Weber State","14","302","UC Davis","17"
"401328040","2021","4","regular","false","253","Southern Utah","21","331","Eastern Washington","50"
"401282214","2021","4","regular","false","98","Western Kentucky","31","84","Indiana","33"
"401329321","2021","4","regular","false","2704","West Texas A&M","13","2146","Colorado School Of Mines","21"
"401329154","2021","4","regular","false","2658","Texas A&M-Kingsville","10","2837","East Texas A&M","35"
"401329002","2021","4","regular","false","2401","Mississippi College","28","2695","West Alabama","31"
"401329463","2021","4","regular","false","2703","Western New Mexico","19","110243","UT Permian Basin","27"
"401329107","2021","4","regular","false","2395","Midwestern State","31","2201","Eastern New Mexico","24"
"401329050","2021","4","regular","false","2829","Simon Fraser","7","2848","Western Oregon","24"
"401282212","2021","4","regular","false","2638","UTEP","20","167","New Mexico","13"
"401309857","2021","4","regular","false","264","Washington","31","25","California","24"
"401301009","2021","4","regular","false","252","BYU","35","58","South Florida","27"
"401309862","2021","4","regular","false","9","Arizona State","35","38","Colorado","13"
"401309860","2021","4","regular","false","30","USC","27","204","Oregon State","45"
"401309859","2021","4","regular","false","2483","Oregon","41","12","Arizona","19"
"401328674","2021","5","regular","true","2400","Mississippi Valley State","25","2582","Southern","38"
"401328716","2021","5","regular","false","2682","Walsh","10","308","Ashland","35"
"401282646","2021","5","regular","false","2390","Miami","28","258","Virginia","30"
"401328635","2021","5","regular","false","2504","Prairie View A&M","27","2029","Arkansas-Pine Bluff","17"
"401328264","2021","5","regular","false","219","Pennsylvania","7","159","Dartmouth","31"
"401347703","2021","5","regular","false","2583","Southern Connecticut State","23","2022","American International","7"
"401301012","2021","5","regular","false","202","Tulsa","10","248","Houston","45"
"401282759","2021","5","regular","false","120","Maryland","14","2294","Iowa","51"
"401309912","2021","5","regular","false","328","Utah State","20","252","BYU","34"
"401282793","2021","5","regular","false","2509","Purdue","13","135","Minnesota","20"
"401282090","2021","5","regular","false","61","Georgia","37","8","Arkansas","0"
"401282776","2021","5","regular","false","275","Wisconsin","17","130","Michigan","38"
"401282649","2021","5","regular","false","59","Georgia Tech","21","221","Pittsburgh","52"
"401287915","2021","5","regular","false","2628","TCU","27","251","Texas","32"
"401282650","2021","5","regular","false","153","North Carolina","38","150","Duke","7"
"401301015","2021","5","regular","false","218","Temple","34","235","Memphis","31"
"401309561","2021","5","regular","false","2084","Buffalo","17","2711","Western Michigan","24"
"401286302","2021","5","regular","false","113","Massachusetts","7","2649","Toledo","45"
"401329359","2021","5","regular","false","2974","Shepherd","59","2559","Shippensburg","27"
"401329435","2021","5","regular","false","2128","University Of Charleston (WV)","38","587","Notre Dame College","28"
"401282219","2021","5","regular","false","356","Illinois","24","2429","Charlotte","14"
"401328212","2021","5","regular","false","227","Rhode Island","27","2619","Stony Brook","20"
"401328298","2021","5","regular","false","2415","Morgan State","14","2598","St. Francis (PA)","27"
"401328500","2021","5","regular","false","2086","Butler","3","2181","Drake","6"
"401339819","2021","5","regular","false","2329","Lehigh","0","43","Yale","34"
"401282093","2021","5","regular","false","142","Missouri","24","2633","Tennessee","62"
"401328926","2021","5","regular","false","2487","Pace","14","2441","New Haven","28"
"401329427","2021","5","regular","false","210","Millersville","31","209","Lock Haven University","29"
"401329233","2021","5","regular","false","2315","Kutztown University","21","2188","East Stroudsburg University","14"
"401328472","2021","5","regular","false","46","Georgetown","21","2142","Colgate","28"
"401282651","2021","5","regular","false","154","Wake Forest","37","97","Louisville","34"
"401329134","2021","5","regular","false","2119","Central State (OH)","34","2019","Allen","46"
"401334758","2021","5","regular","false","2316","Kentucky Wesleyan","30","2477","Ohio Dominican","32"
"401329041","2021","5","regular","false","2817","Minnesota State Moorhead","21","134","Minnesota Duluth","26"
"401328948","2021","5","regular","false","2310","Kentucky State","17","2542","Savannah St","21"
"401329387","2021","5","regular","false","2699","West Liberty","20","2249","Glenville State","19"
"401329654","2021","5","regular","false","2369","Mars Hill","28","2444","Newberry","22"
"401332301","2021","5","regular","false","47","Howard","22","2529","Sacred Heart","17"
"401328127","2021","5","regular","false","2405","Monmouth","54","2241","Gardner-Webb","17"
"401328153","2021","5","regular","false","2448","North Carolina A&T","41","2523","Robert Morris","14"
"401328240","2021","5","regular","false","163","Princeton","24","171","Columbia","7"
"401328515","2021","5","regular","false","2674","Valparaiso","24","2368","Marist","27"
"401328588","2021","5","regular","false","2377","McNeese","35","2545","SE Louisiana","38"
"401329326","2021","5","regular","false","2771","Merrimack","14","2184","Duquesne","37"
"401337825","2021","5","regular","false","56","Stetson","28","2166","Davidson","35"
"401328770","2021","5","regular","false","2886","Northwood (MI)","25","2222","Ferris State","67"
"401328726","2021","5","regular","false","2392","Michigan Tech","31","110254","Davenport","7"
"401328454","2021","5","regular","false","2888","Ouachita Baptist","64","2823","Northwestern Oklahoma State","17"
"401328019","2021","5","regular","false","2676","Virginia Union","7","2551","Shaw","27"
"401334770","2021","5","regular","false","341","Frostburg State","51","2882","UNC Pembroke","21"
"401334781","2021","5","regular","false","112334","Franklin Pierce","28","2038","Assumption","35"
"401328488","2021","5","regular","false","107","Holy Cross","13","108","Harvard","38"
"401328324","2021","5","regular","false","2569","South Carolina State","42","2065","Bethune-Cookman","35"
"401328537","2021","5","regular","false","236","Chattanooga","45","2717","Western Carolina","17"
"401328330","2021","5","regular","false","2287","Illinois State","20","2623","Missouri State","41"
"401328133","2021","5","regular","false","2261","Hampton","44","2450","Norfolk State","47"
"401329636","2021","5","regular","false","2842","UVA Wise","35","2331","Lenoir-Rhyne","28"
"401328185","2021","5","regular","false","257","Richmond","7","2210","Elon","20"
"401341492","2021","5","regular","false","101784","ERSKINE","59","2355","Virginia University Of Lynchburg","13"
"401334776","2021","5","regular","false","112335","Wheeling","38","455","West Virginia Wesleyan","0"
"401329322","2021","5","regular","false","2146","Colorado School Of Mines","20","2714","Western Colorado","14"
"401329398","2021","5","regular","false","2214","Emporia State University","35","2687","Washburn","30"
"401327918","2021","5","regular","false","2075","Bowie State","44","2304","Johnson C Smith","7"
"401328280","2021","5","regular","false","200","Southern Nazarene","41","2033","Arkansas Tech","51"
"401328684","2021","5","regular","false","2825","Quincy","31","2402","Missouri S&T","28"
"401328699","2021","5","regular","false","2586","Southwest Baptist","10","2292","Indianapolis","77"
"401328939","2021","5","regular","false","129","Saginaw Valley State","17","125","Grand Valley State University","49"
"401329061","2021","5","regular","false","2844","Wayne State (NE)","38","2851","Winona State","21"
"401329088","2021","5","regular","false","490","Benedict College","14","2232","Fort Valley State","24"
"401329114","2021","5","regular","false","2657","Tuskegee","21","2805","Clark Atlanta","0"
"401329123","2021","5","regular","false","60","Morehouse College","13","2206","Edward Waters","37"
"401329145","2021","5","regular","false","2894","Sioux Falls","28","2043","Augustana University (SD)","26"
"401329183","2021","5","regular","false","223","West Chester","21","2071","Bloomsburg","20"
"401329204","2021","5","regular","false","2291","Indiana-Pennsylvania","28","367","Gannon","23"
"401329298","2021","5","regular","false","2237","Fort Lewis","17","2069","Black Hills State","45"
"401329308","2021","5","regular","false","2424","New Mexico Highlands","16","2123","Chadron St","46"
"401334762","2021","5","regular","false","2986","Fairmont State","31","2148","Concord University","27"
"401329644","2021","5","regular","false","122666","Wilson","31","2105","Carson-Newman College","17"
"401328508","2021","5","regular","false","2413","Morehead State","45","2168","Dayton","38"
"401309867","2021","5","regular","false","38","Colorado","14","30","USC","37"
"401309612","2021","5","regular","false","2247","Georgia State","16","2026","App State","45"
"401328547","2021","5","regular","false","2643","The Citadel","35","2678","VMI","24"
"401282708","2021","5","regular","false","87","Notre Dame","13","2132","Cincinnati","24"
"401328460","2021","5","regular","false","2635","Tennessee Tech","28","2546","Southeast Missouri State","17"
"401309614","2021","5","regular","false","324","Coastal Carolina","59","2433","UL Monroe","6"
"401309558","2021","5","regular","false","2459","Northern Illinois","27","2199","Eastern Michigan","20"
"401327928","2021","5","regular","false","2207","Elizabeth City State","19","2940","Livingstone","13"
"401328067","2021","5","regular","false","147","Montana State","40","2458","Northern Colorado","7"
"401327999","2021","5","regular","false","338","Kennesaw State","31","55","Jacksonville State","6"
"401328161","2021","5","regular","false","48","Delaware","20","399","UAlbany","15"
"401328339","2021","5","regular","false","233","South Dakota","38","282","Indiana State","10"
"401328361","2021","5","regular","false","155","North Dakota","10","2449","North Dakota State","16"
"401328664","2021","5","regular","false","2755","Grambling","37","2010","Alabama A&M","28"
"401334789","2021","5","regular","false","2858","PennWest California","37","2385","Mercyhurst","0"
"401332326","2021","5","regular","false","132","Bemidji State","49","568","Minot State","35"
"401329475","2021","5","regular","false","437","Lake Erie","10","2224","Findlay","37"
"401329458","2021","5","regular","false","2403","Missouri Southern State","16","90","Pittsburg St","20"
"401329378","2021","5","regular","false","2122","Central Oklahoma","69","2876","Lincoln (MO)","28"
"401329344","2021","5","regular","false","196","Northeastern State","10","2118","Central Missouri","41"
"401329175","2021","5","regular","false","2364","Minnesota State Mankato","58","3066","Concordia University St Paul","10"
"401329140","2021","5","regular","false","2323","Lane College","71","2637","Texas College","0"
"401329072","2021","5","regular","false","425","Northern State","42","559","University of Mary","49"
"401329027","2021","5","regular","false","2001","Adams State","42","613","South Dakota Mines","45"
"401329011","2021","5","regular","false","2822","North Greenville","21","2401","Mississippi College","42"
"401328400","2021","5","regular","false","199","Southeastern Oklahoma State","24","2271","Henderson State","27"
"401328392","2021","5","regular","false","319","Oklahoma Baptist","7","2264","Harding University","31"
"401328348","2021","5","regular","false","2191","East Central (OK)","38","2568","Southern Arkansas","17"
"401328312","2021","5","regular","false","2028","Arkansas-Monticello","18","2927","Southwestern Oklahoma State","16"
"401327991","2021","5","regular","false","2198","Eastern Kentucky","20","2627","Tarleton State","3"
"401309864","2021","5","regular","false","24","Stanford","31","2483","Oregon","24"
"401310711","2021","5","regular","false","68","Boise State","31","2440","Nevada","41"
"401301014","2021","5","regular","false","151","East Carolina","52","2655","Tulane","29"
"401282089","2021","5","regular","false","333","Alabama","42","145","Ole Miss","21"
"401309560","2021","5","regular","false","2006","Akron","17","195","Ohio","34"
"401282813","2021","5","regular","false","164","Rutgers","13","194","Ohio State","52"
"401309562","2021","5","regular","false","2309","Kent State","27","189","Bowling Green","20"
"401308835","2021","5","regular","false","193","Miami (OH)","28","2117","Central Michigan","17"
"401282648","2021","5","regular","false","52","Florida State","33","183","Syracuse","30"
"401287913","2021","5","regular","false","2306","Kansas State","31","201","Oklahoma","37"
"401287916","2021","5","regular","false","277","West Virginia","20","2641","Texas Tech","23"
"401301013","2021","5","regular","false","2426","Navy","34","2116","UCF","30"
"401335300","2021","5","regular","false","322","Lafayette","41","2230","Fordham","42"
"401330258","2021","5","regular","false","2830","St. Anselm","21","2060","Bentley","34"
"401328194","2021","5","regular","false","160","New Hampshire","21","256","James Madison","23"
"401282215","2021","5","regular","false","2226","Florida Atlantic","58","2229","Florida International","21"
"401282094","2021","5","regular","false","2579","South Carolina","23","2653","Troy","14"
"401328250","2021","5","regular","false","2083","Bucknell","21","172","Cornell","10"
"401328574","2021","5","regular","false","2193","East Tennessee State","27","2747","Wofford","21"
"401328970","2021","5","regular","false","128","Northern Michigan","26","131","Wayne State (MI)","19"
"401332321","2021","5","regular","false","301","San Diego","27","2900","St. Thomas (MN)","24"
"401328385","2021","5","regular","false","2710","Western Illinois","30","79","Southern Illinois","31"
"401329314","2021","5","regular","false","2570","CSU Pueblo","19","11","Colorado Mesa","13"
"401339816","2021","5","regular","false","2803","Bryant","36","225","Brown","29"
"401329482","2021","5","regular","false","2838","Tiffin","21","2273","Hillsdale","24"
"401328059","2021","5","regular","false","2464","Northern Arizona","48","304","Idaho State","17"
"401328319","2021","5","regular","false","2400","Mississippi Valley State","17","2428","North Carolina Central","16"
"401328577","2021","5","regular","false","2447","Nicholls","48","2277","Houston Christian","17"
"401329686","2021","5","regular","false","389","Upper Iowa University","14","2587","Southwest Minnesota State","20"
"401329272","2021","5","regular","false","611","Seton Hill","7","2205","Edinboro University","17"
"401301016","2021","5","regular","false","2567","SMU","41","58","South Florida","17"
"401309613","2021","5","regular","false","290","Georgia Southern","59","2032","Arkansas State","33"
"401329051","2021","5","regular","false","2848","Western Oregon","41","2704","West Texas A&M","38"
"401328290","2021","5","regular","false","2681","Wagner","27","2169","Delaware State","33"
"401328373","2021","5","regular","false","2460","Northern Iowa","34","2754","Youngstown State","7"
"401328415","2021","5","regular","false","93","Murray State","22","2197","Eastern Illinois","6"
"401328021","2021","5","regular","false","2617","Stephen F. Austin","20","2534","Sam Houston","21"
"401309559","2021","5","regular","false","2050","Ball State","28","349","Army","16"
"401309863","2021","5","regular","false","25","California","6","265","Washington State","21"
"401328618","2021","5","regular","false","50","Florida A&M","28","2011","Alabama State","0"
"401282091","2021","5","regular","false","96","Kentucky","20","57","Florida","13"
"401282222","2021","5","regular","false","2636","UTSA","24","2439","UNLV","17"
"401327964","2021","5","regular","false","330","Virginia St","33","395","St. Augustine's","9"
"401329003","2021","5","regular","false","2698","West Georgia","20","2695","West Alabama","38"
"401331750","2021","5","regular","false","351","Wingate","43","2839","Greeneville","35"
"401329194","2021","5","regular","false","215","Slippery Rock","75","2134","Clarion","0"
"401282220","2021","5","regular","false","152","NC State","34","2348","Louisiana Tech","27"
"401328563","2021","5","regular","false","2382","Mercer","45","2535","Samford","42"
"401328260","2021","5","regular","false","2804","Chowan","73","2736","Winston-Salem","7"
"401282218","2021","5","regular","false","242","Rice","24","2572","Southern Miss","19"
"401310710","2021","5","regular","false","167","New Mexico","10","2005","Air Force","38"
"401287914","2021","5","regular","false","197","Oklahoma State","24","239","Baylor","14"
"401327970","2021","5","regular","false","2000","Abilene Christian","21","2110","Central Arkansas","42"
"401327980","2021","5","regular","false","2571","South Dakota State","55","3101","Utah Tech","7"
"401328110","2021","5","regular","false","2453","North Alabama","31","2097","Campbell","48"
"401287912","2021","5","regular","false","66","Iowa State","59","2305","Kansas","7"
"401328601","2021","5","regular","false","2466","Northwestern State","27","2916","Incarnate Word","38"
"401328609","2021","5","regular","false","2654","Truman State","21","2815","Lindenwood","31"
"401282216","2021","5","regular","false","2393","Middle Tennessee","34","276","Marshall","28"
"401282221","2021","5","regular","false","5","UAB","12","2335","Liberty","36"
"401327957","2021","5","regular","false","2220","Fayetteville State","46","2339","Lincoln (PA)","9"
"401328962","2021","5","regular","false","2396","Miles College","3","2013","Albany State GA","31"
"401328982","2021","5","regular","false","2673","Valdosta State","49","2560","Shorter","13"
"401329017","2021","5","regular","false","2170","Delta State","33","110242","West Florida","39"
"401329095","2021","5","regular","false","2025","Angelo State","62","2703","Western New Mexico","3"
"401329155","2021","5","regular","false","2837","East Texas A&M","72","124110","UFTL","6"
"401329469","2021","5","regular","false","137","Missouri Western","7","138","Northwest Missouri St","30"
"401332026","2021","5","regular","false","2707","West Virginia State","45","2017","Alderson-Broaddus","13"
"401282095","2021","5","regular","false","245","Texas A&M","22","344","Mississippi State","26"
"401282729","2021","5","regular","false","213","Penn State","24","84","Indiana","0"
"401282096","2021","5","regular","false","238","Vanderbilt","30","41","UConn","28"
"401282223","2021","5","regular","false","127","Michigan State","48","98","Western Kentucky","31"
"401282800","2021","5","regular","false","158","Nebraska","56","77","Northwestern","7"
"401282647","2021","5","regular","false","228","Clemson","19","103","Boston College","13"
"401330247","2021","5","regular","false","2201","Eastern New Mexico","52","124179","Lincoln (CA)","6"
"401328406","2021","5","regular","false","2046","Austin Peay","22","2634","Tennessee State","24"
"401309615","2021","5","regular","false","6","South Alabama","18","309","Louisiana","20"
"401328092","2021","5","regular","false","253","Southern Utah","13","2502","Portland State","20"
"401329408","2021","5","regular","false","2231","Fort Hays State","42","2438","Nebraska-Kearney","35"
"401328031","2021","5","regular","false","13","Cal Poly","7","2692","Weber State","38"
"401329108","2021","5","regular","false","2120","Central Washington","30","2395","Midwestern State","20"
"401282092","2021","5","regular","false","99","LSU","19","2","Auburn","24"
"401309865","2021","5","regular","false","204","Oregon State","27","264","Washington","24"
"401282217","2021","5","regular","false","2638","UTEP","28","295","Old Dominion","21"
"401328050","2021","5","regular","false","302","UC Davis","27","70","Idaho","20"
"401328041","2021","5","regular","false","331","Eastern Washington","34","149","Montana","28"
"401309866","2021","5","regular","false","26","UCLA","23","9","Arizona State","42"
"401310713","2021","5","regular","false","23","San José State","37","166","New Mexico State","31"
"401310712","2021","5","regular","false","62","Hawai'i","27","278","Fresno State","24"
"401309616","2021","6","regular","false","2032","Arkansas State","20","324","Coastal Carolina","52"
"401301017","2021","6","regular","false","2655","Tulane","22","248","Houston","40"
"401329500","2021","6","regular","false","196","Northeastern State","9","2122","Central Oklahoma","49"
"401282224","2021","6","regular","false","2229","Florida International","33","2429","Charlotte","45"
"401347913","2021","6","regular","false","2038","Assumption","26","2583","Southern Connecticut State","0"
"401301018","2021","6","regular","false","2132","Cincinnati","52","218","Temple","3"
"401328299","2021","6","regular","false","47","Howard","27","2415","Morgan State","0"
"401309868","2021","6","regular","false","9","Arizona State","28","24","Stanford","10"
"401329637","2021","6","regular","false","2842","UVA Wise","14","2444","Newberry","37"
"401282769","2021","6","regular","false","194","Ohio State","66","120","Maryland","17"
"401329436","2021","6","regular","false","587","Notre Dame College","23","341","Frostburg State","21"
"401328516","2021","6","regular","false","2368","Marist","34","56","Stetson","3"
"401328186","2021","6","regular","false","311","Maine","23","2210","Elon","33"
"401282098","2021","6","regular","false","57","Florida","42","238","Vanderbilt","0"
"401309564","2021","6","regular","false","2649","Toledo","20","2459","Northern Illinois","22"
"401309566","2021","6","regular","false","189","Bowling Green","20","2006","Akron","35"
"401329353","2021","6","regular","false","2385","Mercyhurst","17","611","Seton Hill","19"
"401328727","2021","6","regular","false","110254","Davenport","18","128","Northern Michigan","13"
"401282100","2021","6","regular","false","145","Ole Miss","52","8","Arkansas","51"
"401282788","2021","6","regular","false","164","Rutgers","13","127","Michigan State","31"
"401347695","2021","6","regular","false","2022","American International","0","284","Stonehill","25"
"401334790","2021","6","regular","false","367","Gannon","17","2858","PennWest California","38"
"401287917","2021","6","regular","false","239","Baylor","45","277","West Virginia","20"
"401334771","2021","6","regular","false","2882","UNC Pembroke","34","112335","Wheeling","28"
"401282102","2021","6","regular","false","2633","Tennessee","45","2579","South Carolina","20"
"401332293","2021","6","regular","false","2184","Duquesne","39","2803","Bryant","34"
"401328501","2021","6","regular","false","2086","Butler","21","301","San Diego","52"
"401287918","2021","6","regular","true","251","Texas","48","201","Oklahoma","55"
"401328473","2021","6","regular","false","225","Brown","31","2142","Colgate","10"
"401335301","2021","6","regular","false","322","Lafayette","27","2083","Bucknell","0"
"401282652","2021","6","regular","false","150","Duke","27","59","Georgia Tech","31"
"401327958","2021","6","regular","false","2676","Virginia Union","32","2339","Lincoln (PA)","0"
"401328594","2021","6","regular","false","2447","Nicholls","48","2545","SE Louisiana","58"
"401328522","2021","6","regular","false","2506","Presbyterian","30","2413","Morehead State","38"
"401328509","2021","6","regular","false","2181","Drake","10","2168","Dayton","28"
"401328340","2021","6","regular","false","282","Indiana State","37","2710","Western Illinois","27"
"401328271","2021","6","regular","false","219","Pennsylvania","20","2329","Lehigh","0"
"401328251","2021","6","regular","false","108","Harvard","24","172","Cornell","10"
"401328241","2021","6","regular","false","2115","Central Connecticut","20","171","Columbia","22"
"401328177","2021","6","regular","false","227","Rhode Island","22","48","Delaware","15"
"401328147","2021","6","regular","false","2448","North Carolina A&T","38","2453","North Alabama","34"
"401344441","2021","6","regular","false","2060","Bentley","26","2487","Pace","0"
"401334763","2021","6","regular","false","2148","Concord University","20","2699","West Liberty","16"
"401332386","2021","6","regular","false","124180","Bluefield State","23","124110","UFTL","9"
"401331751","2021","6","regular","false","2336","Limestone","17","351","Wingate","35"
"401329693","2021","6","regular","false","2331","Lenoir-Rhyne","38","2839","Greeneville","31"
"401327919","2021","6","regular","false","2804","Chowan","3","2075","Bowie State","14"
"401328927","2021","6","regular","false","2441","New Haven","56","2830","St. Anselm","7"
"401329360","2021","6","regular","false","209","Lock Haven University","21","2974","Shepherd","75"
"401329176","2021","6","regular","false","3066","Concordia University St Paul","14","132","Bemidji State","42"
"401328994","2021","6","regular","false","2560","Shorter","7","2695","West Alabama","44"
"401329367","2021","6","regular","false","2559","Shippensburg","34","223","West Chester","18"
"401328104","2021","6","regular","false","2304","Johnson C Smith","12","2736","Winston-Salem","26"
"401328086","2021","6","regular","false","2551","Shaw","12","2220","Fayetteville State","15"
"401329645","2021","6","regular","false","2107","Catawba","33","2105","Carson-Newman College","27"
"401329388","2021","6","regular","false","2249","Glenville State","9","2128","University Of Charleston (WV)","20"
"401332307","2021","6","regular","false","2598","St. Francis (PA)","55","2341","Long Island University","10"
"401332051","2021","6","regular","false","2405","Monmouth","28","163","Princeton","31"
"401332311","2021","6","regular","false","2230","Fordham","56","2681","Wagner","7"
"401328538","2021","6","regular","false","2678","VMI","37","236","Chattanooga","34"
"401328265","2021","6","regular","false","159","Dartmouth","24","43","Yale","17"
"401328556","2021","6","regular","false","2747","Wofford","20","231","Furman","42"
"401334777","2021","6","regular","false","455","West Virginia Wesleyan","3","2707","West Virginia State","38"
"401329655","2021","6","regular","false","2369","Mars Hill","40","122666","Wilson","32"
"401328172","2021","6","regular","false","2940","Livingstone","21","395","St. Augustine's","7"
"401282226","2021","6","regular","false","276","Marshall","20","295","Old Dominion","13"
"401329495","2021","6","regular","false","2364","Minnesota State Mankato","24","2844","Wayne State (NE)","35"
"401329081","2021","6","regular","false","2013","Albany State GA","30","2206","Edward Waters","0"
"401328685","2021","6","regular","false","2402","Missouri S&T","21","2654","Truman State","38"
"401328610","2021","6","regular","false","2815","Lindenwood","33","2825","Quincy","28"
"401332016","2021","6","regular","false","2273","Hillsdale","20","2682","Walsh","3"
"401329146","2021","6","regular","false","2043","Augustana University (SD)","37","389","Upper Iowa University","20"
"401329121","2021","6","regular","false","2232","Fort Valley State","35","2119","Central State (OH)","14"
"401329115","2021","6","regular","false","2805","Clark Atlanta","21","2019","Allen","12"
"401329414","2021","6","regular","false","2205","Edinboro University","13","215","Slippery Rock","49"
"401329141","2021","6","regular","false","2310","Kentucky State","49","2323","Lane College","14"
"401332027","2021","6","regular","false","2986","Fairmont State","44","2017","Alderson-Broaddus","10"
"401329409","2021","6","regular","false","2687","Washburn","23","2231","Fort Hays State","20"
"401329345","2021","6","regular","false","2118","Central Missouri","45","2214","Emporia State University","38"
"401329339","2021","6","regular","false","613","South Dakota Mines","42","2237","Fort Lewis","7"
"401329195","2021","6","regular","false","2134","Clarion","21","2291","Indiana-Pennsylvania","58"
"401329184","2021","6","regular","false","2071","Bloomsburg","7","2315","Kutztown University","34"
"401328320","2021","6","regular","false","2428","North Carolina Central","16","2635","Tennessee Tech","27"
"401329327","2021","6","regular","false","2529","Sacred Heart","20","2771","Merrimack","10"
"401328134","2021","6","regular","false","2261","Hampton","15","338","Kennesaw State","34"
"401328195","2021","6","regular","false","256","James Madison","27","222","Villanova","28"
"401328291","2021","6","regular","false","2169","Delaware State","56","2355","Virginia University Of Lynchburg","6"
"401328529","2021","6","regular","false","2900","St. Thomas (MN)","20","2674","Valparaiso","13"
"401328368","2021","6","regular","false","2449","North Dakota State","34","2460","Northern Iowa","20"
"401328355","2021","6","regular","false","2754","Youngstown State","41","2623","Missouri State","33"
"401329428","2021","6","regular","false","2188","East Stroudsburg University","27","210","Millersville","7"
"401329511","2021","6","regular","false","138","Northwest Missouri St","20","90","Pittsburg St","19"
"401330264","2021","6","regular","false","2714","Western Colorado","45","2424","New Mexico Highlands","38"
"401327981","2021","6","regular","false","149","Montana","31","3101","Utah Tech","14"
"401328007","2021","6","regular","false","2534","Sam Houston","41","2320","Lamar","7"
"401328042","2021","6","regular","false","2458","Northern Colorado","17","331","Eastern Washington","63"
"401328060","2021","6","regular","false","304","Idaho State","27","302","UC Davis","17"
"401328121","2021","6","regular","false","2523","Robert Morris","31","2127","Charleston Southern","24"
"401328362","2021","6","regular","false","233","South Dakota","20","155","North Dakota","13"
"401328380","2021","6","regular","false","2571","South Dakota State","41","79","Southern Illinois","42"
"401328421","2021","6","regular","false","2630","UT Martin","48","93","Murray State","24"
"401328619","2021","6","regular","false","2011","Alabama State","35","2029","Arkansas-Pine Bluff","15"
"401328627","2021","6","regular","false","2016","Alcorn State","24","2755","Grambling","20"
"401328668","2021","6","regular","false","2010","Alabama A&M","15","2296","Jackson State","61"
"401282653","2021","6","regular","false","97","Louisville","33","258","Virginia","34"
"401328281","2021","6","regular","false","2033","Arkansas Tech","38","319","Oklahoma Baptist","35"
"401328349","2021","6","regular","false","2271","Henderson State","59","2191","East Central (OK)","24"
"401328393","2021","6","regular","false","2264","Harding University","49","200","Southern Nazarene","10"
"401328533","2021","6","regular","false","2927","Southwestern Oklahoma State","10","2888","Ouachita Baptist","30"
"401329021","2021","6","regular","false","2401","Mississippi College","21","2698","West Georgia","40"
"401329042","2021","6","regular","false","568","Minot State","17","2817","Minnesota State Moorhead","29"
"401329062","2021","6","regular","false","2851","Winona State","49","425","Northern State","52"
"401329128","2021","6","regular","false","559","University of Mary","27","134","Minnesota Duluth","31"
"401329299","2021","6","regular","false","2069","Black Hills State","20","2146","Colorado School Of Mines","41"
"401329309","2021","6","regular","false","2123","Chadron St","17","2570","CSU Pueblo","42"
"401329446","2021","6","regular","false","2876","Lincoln (MO)","32","2403","Missouri Southern State","52"
"401329470","2021","6","regular","false","2438","Nebraska-Kearney","35","137","Missouri Western","14"
"401329476","2021","6","regular","false","437","Lake Erie","17","2838","Tiffin","35"
"401282655","2021","6","regular","false","183","Syracuse","37","154","Wake Forest","40"
"401328495","2021","6","regular","false","2568","Southern Arkansas","24","199","Southeastern Oklahoma State","38"
"401286191","2021","6","regular","false","113","Massachusetts","27","41","UConn","13"
"401282654","2021","6","regular","false","153","North Carolina","25","52","Florida State","35"
"401309913","2021","6","regular","false","252","BYU","17","68","Boise State","26"
"401328571","2021","6","regular","false","2717","Western Carolina","24","2382","Mercer","34"
"401328162","2021","6","regular","false","2729","William & Mary","31","399","UAlbany","24"
"401282229","2021","6","regular","false","2335","Liberty","41","2393","Middle Tennessee","13"
"401282718","2021","6","regular","false","356","Illinois","0","275","Wisconsin","24"
"401310715","2021","6","regular","false","36","Colorado State","32","23","San José State","14"
"401309567","2021","6","regular","false","195","Ohio","27","2117","Central Michigan","30"
"401282097","2021","6","regular","false","2","Auburn","10","61","Georgia","34"
"401282225","2021","6","regular","false","5","UAB","31","2226","Florida Atlantic","14"
"401308836","2021","6","regular","false","2199","Eastern Michigan","13","193","Miami (OH)","12"
"401309563","2021","6","regular","false","2711","Western Michigan","20","2050","Ball State","45"
"401301021","2021","6","regular","false","2426","Navy","24","2567","SMU","31"
"401328407","2021","6","regular","false","2046","Austin Peay","14","2546","Southeast Missouri State","30"
"401328700","2021","6","regular","false","2911","William Jewell","10","2586","Southwest Baptist","55"
"401328642","2021","6","regular","false","2065","Bethune-Cookman","14","2400","Mississippi Valley State","20"
"401282758","2021","6","regular","false","2294","Iowa","23","213","Penn State","20"
"401332012","2021","6","regular","false","2224","Findlay","31","2316","Kentucky Wesleyan","19"
"401328032","2021","6","regular","false","147","Montana State","45","13","Cal Poly","7"
"401328228","2021","6","regular","false","119","Towson","21","2619","Stony Brook","14"
"401328000","2021","6","regular","false","55","Jacksonville State","28","2617","Stephen F. Austin","24"
"401282101","2021","6","regular","false","142","Missouri","48","249","North Texas","35"
"401309869","2021","6","regular","false","265","Washington State","31","204","Oregon State","24"
"401329052","2021","6","regular","false","2848","Western Oregon","14","2120","Central Washington","45"
"401328548","2021","6","regular","false","2193","East Tennessee State","48","2643","The Citadel","21"
"401328313","2021","6","regular","false","2823","Northwestern Oklahoma State","23","2028","Arkansas-Monticello","42"
"401328051","2021","6","regular","false","70","Idaho","42","2502","Portland State","35"
"401328691","2021","6","regular","false","2582","Southern","31","2640","Texas Southern","35"
"401328963","2021","6","regular","false","2396","Miles College","21","490","Benedict College","24"
"401328979","2021","6","regular","false","2837","East Texas A&M","17","129","Saginaw Valley State","20"
"401327929","2021","6","regular","false","330","Virginia St","35","2207","Elizabeth City State","7"
"401328325","2021","6","regular","false","50","Florida A&M","30","2569","South Carolina State","7"
"401328111","2021","6","regular","false","2241","Gardner-Webb","28","2097","Campbell","42"
"401327992","2021","6","regular","false","2198","Eastern Kentucky","30","2000","Abilene Christian","15"
"401328652","2021","6","regular","false","2292","Indianapolis","57","2816","McKendree","28"
"401328949","2021","6","regular","false","2542","Savannah St","39","101784","ERSKINE","6"
"401328956","2021","6","regular","false","131","Wayne State (MI)","27","2392","Michigan Tech","30"
"401329505","2021","6","regular","false","2587","Southwest Minnesota State","7","2894","Sioux Falls","35"
"401301019","2021","6","regular","false","2116","UCF","20","151","East Carolina","16"
"401287919","2021","6","regular","false","2641","Texas Tech","31","2628","TCU","52"
"401328717","2021","6","regular","false","308","Ashland","24","2477","Ohio Dominican","34"
"401309565","2021","6","regular","false","2309","Kent State","48","2084","Buffalo","38"
"401309617","2021","6","regular","false","2653","Troy","27","290","Georgia Southern","24"
"401328983","2021","6","regular","false","2673","Valdosta State","55","2170","Delta State","0"
"401329012","2021","6","regular","false","2822","North Greenville","10","110242","West Florida","52"
"401330254","2021","6","regular","false","110243","UT Permian Basin","75","124179","Lincoln (CA)","0"
"401328578","2021","6","regular","false","2277","Houston Christian","17","2466","Northwestern State","21"
"401309619","2021","6","regular","false","326","Texas State","33","6","South Alabama","31"
"401310714","2021","6","regular","false","2005","Air Force","24","2751","Wyoming","14"
"401282228","2021","6","regular","false","98","Western Kentucky","46","2636","UTSA","52"
"401328940","2021","6","regular","false","125","Grand Valley State University","70","2886","Northwood (MI)","9"
"401282227","2021","6","regular","false","2572","Southern Miss","13","2638","UTEP","26"
"401282656","2021","6","regular","false","259","Virginia Tech","29","87","Notre Dame","32"
"401282099","2021","6","regular","false","96","Kentucky","42","99","LSU","21"
"401282778","2021","6","regular","false","158","Nebraska","29","130","Michigan","32"
"401329464","2021","6","regular","false","2703","Western New Mexico","47","2201","Eastern New Mexico","50"
"401309871","2021","6","regular","false","30","USC","26","254","Utah","42"
"401329109","2021","6","regular","false","2395","Midwestern State","30","2658","Texas A&M-Kingsville","13"
"401329124","2021","6","regular","false","2657","Tuskegee","15","60","Morehouse College","31"
"401282103","2021","6","regular","false","245","Texas A&M","41","333","Alabama","38"
"401329096","2021","6","regular","false","2704","West Texas A&M","31","2025","Angelo State","15"
"401329028","2021","6","regular","false","11","Colorado Mesa","49","2001","Adams State","14"
"401309618","2021","6","regular","false","2433","UL Monroe","21","2247","Georgia State","55"
"401301020","2021","6","regular","false","202","Tulsa","35","235","Memphis","29"
"401310716","2021","6","regular","false","21","San Diego State","31","167","New Mexico","7"
"401328096","2021","6","regular","false","16","Sacramento State","41","253","Southern Utah","20"
"401310717","2021","6","regular","false","2440","Nevada","55","166","New Mexico State","28"
"401309870","2021","6","regular","false","12","Arizona","16","26","UCLA","34"
"401309620","2021","7","regular","false","309","Louisiana","41","2026","App State","13"
"401328554","2021","7","regular","false","200","Southern Nazarene","30","2927","Southwestern Oklahoma State","22"
"401301022","2021","7","regular","false","235","Memphis","35","2426","Navy","17"
"401309621","2021","7","regular","false","6","South Alabama","41","290","Georgia Southern","14"
"401328252","2021","7","regular","false","172","Cornell","34","2142","Colgate","20"
"401282657","2021","7","regular","false","183","Syracuse","14","228","Clemson","17"
"401282231","2021","7","regular","false","249","North Texas","21","276","Marshall","49"
"401328068","2021","7","regular","false","2692","Weber State","7","147","Montana State","13"
"401309872","2021","7","regular","false","2483","Oregon","24","25","California","17"
"401310723","2021","7","regular","false","23","San José State","13","21","San Diego State","19"
"401282106","2021","7","regular","false","99","LSU","49","57","Florida","42"
"401282796","2021","7","regular","false","135","Minnesota","30","158","Nebraska","23"
"401286192","2021","7","regular","false","41","UConn","21","43","Yale","15"
"401334764","2021","7","regular","false","2128","University Of Charleston (WV)","48","2148","Concord University","3"
"401282731","2021","7","regular","false","84","Indiana","15","127","Michigan State","20"
"401309571","2021","7","regular","false","2084","Buffalo","27","195","Ohio","26"
"401282807","2021","7","regular","false","77","Northwestern","21","164","Rutgers","7"
"401328928","2021","7","regular","false","2022","American International","14","2441","New Haven","30"
"401301024","2021","7","regular","false","58","South Florida","31","202","Tulsa","32"
"401328728","2021","7","regular","false","110254","Davenport","3","131","Wayne State (MI)","16"
"401329422","2021","7","regular","false","223","West Chester","42","2188","East Stroudsburg University","24"
"401331763","2021","7","regular","false","2205","Edinboro University","20","2385","Mercyhurst","27"
"401328957","2021","7","regular","false","128","Northern Michigan","14","2392","Michigan Tech","21"
"401282104","2021","7","regular","false","8","Arkansas","23","2","Auburn","38"
"401332013","2021","7","regular","false","2477","Ohio Dominican","14","2224","Findlay","21"
"401282108","2021","7","regular","false","142","Missouri","14","245","Texas A&M","35"
"401328510","2021","7","regular","false","2168","Dayton","17","2368","Marist","20"
"401301023","2021","7","regular","false","2132","Cincinnati","56","2116","UCF","21"
"401287924","2021","7","regular","false","251","Texas","24","197","Oklahoma State","32"
"401328200","2021","7","regular","false","311","Maine","27","2729","William & Mary","16"
"401328595","2021","7","regular","false","2916","Incarnate Word","38","2447","Nicholls","21"
"401329328","2021","7","regular","false","2341","Long Island University","5","2771","Merrimack","43"
"401332308","2021","7","regular","false","2803","Bryant","18","2598","St. Francis (PA)","17"
"401344144","2021","7","regular","false","225","Brown","42","163","Princeton","56"
"401282660","2021","7","regular","false","258","Virginia","48","150","Duke","0"
"401328020","2021","7","regular","false","2804","Chowan","31","2676","Virginia Union","38"
"401336485","2021","7","regular","false","2230","Fordham","66","2083","Bucknell","21"
"401335302","2021","7","regular","false","108","Harvard","30","322","Lafayette","3"
"401329135","2021","7","regular","false","2119","Central State (OH)","0","2657","Tuskegee","29"
"401329205","2021","7","regular","false","215","Slippery Rock","21","2291","Indiana-Pennsylvania","48"
"401329389","2021","7","regular","false","2017","Alderson-Broaddus","21","2249","Glenville State","35"
"401329437","2021","7","regular","false","587","Notre Dame College","52","455","West Virginia Wesleyan","14"
"401329477","2021","7","regular","false","2273","Hillsdale","14","437","Lake Erie","33"
"401329496","2021","7","regular","false","389","Upper Iowa University","0","2364","Minnesota State Mankato","58"
"401329646","2021","7","regular","false","2105","Carson-Newman College","0","2331","Lenoir-Rhyne","59"
"401330259","2021","7","regular","false","284","Stonehill","31","2830","St. Anselm","22"
"401332380","2021","7","regular","false","2206","Edward Waters","36","2310","Kentucky State","76"
"401334759","2021","7","regular","false","2682","Walsh","13","2316","Kentucky Wesleyan","23"
"401334782","2021","7","regular","false","2487","Pace","39","112334","Franklin Pierce","31"
"401337472","2021","7","regular","false","2699","West Liberty","52","2986","Fairmont State","31"
"401328218","2021","7","regular","false","2940","Livingstone","9","2551","Shaw","20"
"401328718","2021","7","regular","false","2838","Tiffin","27","308","Ashland","21"
"401328995","2021","7","regular","false","2560","Shorter","7","2401","Mississippi College","20"
"401327920","2021","7","regular","false","2075","Bowie State","51","330","Virginia St","44"
"401327930","2021","7","regular","false","2339","Lincoln (PA)","17","2207","Elizabeth City State","14"
"401328112","2021","7","regular","false","2097","Campbell","17","2405","Monmouth","34"
"401328207","2021","7","regular","false","160","New Hampshire","21","159","Dartmouth","38"
"401332302","2021","7","regular","false","2529","Sacred Heart","27","2115","Central Connecticut","17"
"401328381","2021","7","regular","false","2710","Western Illinois","17","2571","South Dakota State","41"
"401332322","2021","7","regular","false","56","Stetson","7","2900","St. Thomas (MN)","38"
"401328643","2021","7","regular","false","2065","Bethune-Cookman","29","2504","Prairie View A&M","35"
"401329177","2021","7","regular","false","134","Minnesota Duluth","33","3066","Concordia University St Paul","13"
"401328564","2021","7","regular","false","2747","Wofford","24","2535","Samford","27"
"401328173","2021","7","regular","false","2736","Winston-Salem","41","395","St. Augustine's","0"
"401329638","2021","7","regular","false","2839","Greeneville","37","2842","UVA Wise","21"
"401328242","2021","7","regular","false","171","Columbia","23","219","Pennsylvania","14"
"401328539","2021","7","regular","false","236","Chattanooga","21","2193","East Tennessee State","16"
"401328480","2021","7","regular","false","107","Holy Cross","48","46","Georgetown","14"
"401329122","2021","7","regular","false","60","Morehouse College","51","2232","Fort Valley State","3"
"401328984","2021","7","regular","false","2695","West Alabama","17","2673","Valdosta State","42"
"401328701","2021","7","regular","false","2586","Southwest Baptist","27","2654","Truman State","21"
"401329129","2021","7","regular","false","2894","Sioux Falls","34","559","University of Mary","14"
"401329147","2021","7","regular","false","2844","Wayne State (NE)","24","2043","Augustana University (SD)","32"
"401329185","2021","7","regular","false","2071","Bloomsburg","44","209","Lock Haven University","0"
"401329043","2021","7","regular","false","132","Bemidji State","22","2817","Minnesota State Moorhead","19"
"401328659","2021","7","regular","false","2010","Alabama A&M","31","50","Florida A&M","35"
"401328305","2021","7","regular","false","2450","Norfolk State","42","2355","Virginia University Of Lynchburg","14"
"401328196","2021","7","regular","false","257","Richmond","3","256","James Madison","19"
"401328975","2021","7","regular","false","129","Saginaw Valley State","31","2886","Northwood (MI)","13"
"401328686","2021","7","regular","false","2402","Missouri S&T","37","2911","William Jewell","16"
"401328087","2021","7","regular","false","2220","Fayetteville State","55","2304","Johnson C Smith","12"
"401329063","2021","7","regular","false","2851","Winona State","26","2587","Southwest Minnesota State","14"
"401329082","2021","7","regular","false","490","Benedict College","6","2013","Albany State GA","28"
"401309568","2021","7","regular","false","2199","Eastern Michigan","31","2050","Ball State","38"
"401329315","2021","7","regular","false","2237","Fort Lewis","3","11","Colorado Mesa","55"
"401329323","2021","7","regular","false","2146","Colorado School Of Mines","44","613","South Dakota Mines","24"
"401329512","2021","7","regular","false","2687","Washburn","17","138","Northwest Missouri St","16"
"401329361","2021","7","regular","false","210","Millersville","13","2974","Shepherd","38"
"401329447","2021","7","regular","false","90","Pittsburg St","59","2876","Lincoln (MO)","7"
"401329399","2021","7","regular","false","2214","Emporia State University","35","2438","Nebraska-Kearney","42"
"401335304","2021","7","regular","false","341","Frostburg State","41","112335","Wheeling","17"
"401344442","2021","7","regular","false","2583","Southern Connecticut State","20","2060","Bentley","34"
"401308837","2021","7","regular","false","193","Miami (OH)","34","2006","Akron","21"
"401328043","2021","7","regular","false","331","Eastern Washington","71","70","Idaho","21"
"401328331","2021","7","regular","false","2287","Illinois State","0","2449","North Dakota State","20"
"401309622","2021","7","regular","false","326","Texas State","28","2653","Troy","31"
"401328071","2021","7","regular","false","149","Montana","21","16","Sacramento State","28"
"401328665","2021","7","regular","false","2755","Grambling","34","2640","Texas Southern","20"
"401328636","2021","7","regular","false","2029","Arkansas-Pine Bluff","7","2582","Southern","34"
"401328620","2021","7","regular","false","2296","Jackson State","28","2011","Alabama State","7"
"401328502","2021","7","regular","false","2413","Morehead State","31","2086","Butler","8"
"401328430","2021","7","regular","false","2634","Tennessee State","20","2635","Tennessee Tech","13"
"401328422","2021","7","regular","false","2546","Southeast Missouri State","31","93","Murray State","32"
"401328416","2021","7","regular","false","2197","Eastern Illinois","17","2630","UT Martin","28"
"401328363","2021","7","regular","false","79","Southern Illinois","31","155","North Dakota","28"
"401328341","2021","7","regular","false","2623","Missouri State","37","282","Indiana State","7"
"401328455","2021","7","regular","false","199","Southeastern Oklahoma State","43","2823","Northwestern Oklahoma State","10"
"401328950","2021","7","regular","false","2542","Savannah St","49","2805","Clark Atlanta","14"
"401328964","2021","7","regular","false","2323","Lane College","31","2396","Miles College","34"
"401328394","2021","7","regular","false","2271","Henderson State","21","2264","Harding University","46"
"401328314","2021","7","regular","false","2028","Arkansas-Monticello","0","2888","Ouachita Baptist","34"
"401328282","2021","7","regular","false","2568","Southern Arkansas","34","2033","Arkansas Tech","17"
"401329013","2021","7","regular","false","2170","Delta State","34","2822","North Greenville","42"
"401329029","2021","7","regular","false","2001","Adams State","35","2123","Chadron St","45"
"401329300","2021","7","regular","false","2714","Western Colorado","44","2069","Black Hills State","28"
"401329334","2021","7","regular","false","2424","New Mexico Highlands","28","2570","CSU Pueblo","21"
"401348541","2021","7","regular","false","124390","MONTANASTN","3","2829","Simon Fraser","30"
"401328300","2021","7","regular","false","2569","South Carolina State","37","2415","Morgan State","14"
"401309572","2021","7","regular","false","2711","Western Michigan","64","2309","Kent State","31"
"401310721","2021","7","regular","false","2751","Wyoming","0","278","Fresno State","17"
"401287920","2021","7","regular","false","239","Baylor","38","252","BYU","24"
"401282234","2021","7","regular","false","2572","Southern Miss","0","5","UAB","34"
"401282232","2021","7","regular","false","295","Old Dominion","20","98","Western Kentucky","43"
"401328163","2021","7","regular","false","399","UAlbany","10","222","Villanova","17"
"401328178","2021","7","regular","false","2619","Stony Brook","34","48","Delaware","17"
"401282661","2021","7","regular","false","259","Virginia Tech","7","221","Pittsburgh","28"
"401282659","2021","7","regular","false","153","North Carolina","45","2390","Miami","42"
"401309570","2021","7","regular","false","2459","Northern Illinois","34","189","Bowling Green","26"
"401309875","2021","7","regular","false","38","Colorado","34","12","Arizona","0"
"401282760","2021","7","regular","false","2294","Iowa","7","2509","Purdue","24"
"401282105","2021","7","regular","false","61","Georgia","30","96","Kentucky","13"
"401309569","2021","7","regular","false","2117","Central Michigan","26","2649","Toledo","23"
"401282109","2021","7","regular","false","2579","South Carolina","21","238","Vanderbilt","20"
"401328653","2021","7","regular","false","2825","Quincy","48","2816","McKendree","51"
"401328008","2021","7","regular","false","2000","Abilene Christian","24","2320","Lamar","17"
"401328077","2021","7","regular","false","2464","Northern Arizona","59","253","Southern Utah","35"
"401328213","2021","7","regular","false","119","Towson","28","227","Rhode Island","7"
"401328568","2021","7","regular","false","2382","Mercer","7","2678","VMI","45"
"401328589","2021","7","regular","false","2466","Northwestern State","17","2377","McNeese","35"
"401328628","2021","7","regular","false","2400","Mississippi Valley State","12","2016","Alcorn State","24"
"401332387","2021","7","regular","false","101784","ERSKINE","24","124180","Bluefield State","19"
"401329656","2021","7","regular","false","2336","Limestone","3","2369","Mars Hill","32"
"401329354","2021","7","regular","false","611","Seton Hill","10","367","Gannon","14"
"401287921","2021","7","regular","false","2305","Kansas","14","2641","Texas Tech","41"
"401328061","2021","7","regular","false","2502","Portland State","31","304","Idaho State","10"
"401328374","2021","7","regular","false","2460","Northern Iowa","21","233","South Dakota","34"
"401329156","2021","7","regular","false","2837","East Texas A&M","58","2703","Western New Mexico","0"
"401329036","2021","7","regular","false","110242","West Florida","26","2698","West Georgia","30"
"401328579","2021","7","regular","false","2545","SE Louisiana","61","2277","Houston Christian","24"
"401332316","2021","7","regular","false","301","San Diego","13","2181","Drake","10"
"401331760","2021","7","regular","false","2444","Newberry","14","2107","Catawba","7"
"401328140","2021","7","regular","false","338","Kennesaw State","14","2448","North Carolina A&T","0"
"401329346","2021","7","regular","false","2403","Missouri Southern State","30","2118","Central Missouri","28"
"401329471","2021","7","regular","false","137","Missouri Western","57","196","Northeastern State","24"
"401327971","2021","7","regular","false","2110","Central Arkansas","35","2198","Eastern Kentucky","38"
"401329234","2021","7","regular","false","2315","Kutztown University","20","2559","Shippensburg","3"
"401331752","2021","7","regular","false","122666","Wilson","26","351","Wingate","20"
"401328122","2021","7","regular","false","2127","Charleston Southern","35","2261","Hampton","5"
"401328549","2021","7","regular","false","231","Furman","24","2643","The Citadel","14"
"401328611","2021","7","regular","false","2292","Indianapolis","20","2815","Lindenwood","28"
"401334772","2021","7","regular","false","2707","West Virginia State","13","2882","UNC Pembroke","14"
"401282233","2021","7","regular","false","2636","UTSA","45","242","Rice","0"
"401337369","2021","7","regular","false","2166","Davidson","70","2506","Presbyterian","35"
"401328771","2021","7","regular","false","125","Grand Valley State University","28","2222","Ferris State","35"
"401329097","2021","7","regular","false","2025","Angelo State","34","110243","UT Permian Basin","14"
"401328148","2021","7","regular","false","2453","North Alabama","42","2523","Robert Morris","31"
"401286296","2021","7","regular","false","2433","UL Monroe","31","2335","Liberty","28"
"401329073","2021","7","regular","false","425","Northern State","36","568","Minot State","35"
"401328350","2021","7","regular","false","2191","East Central (OK)","20","319","Oklahoma Baptist","47"
"401310719","2021","7","regular","false","167","New Mexico","7","36","Colorado State","36"
"401310720","2021","7","regular","false","2439","UNLV","24","328","Utah State","28"
"401282107","2021","7","regular","false","344","Mississippi State","9","333","Alabama","49"
"401282658","2021","7","regular","false","103","Boston College","7","152","NC State","33"
"401282110","2021","7","regular","false","2633","Tennessee","26","145","Ole Miss","31"
"401309873","2021","7","regular","false","265","Washington State","34","24","Stanford","31"
"401287923","2021","7","regular","false","201","Oklahoma","52","2628","TCU","31"
"401287922","2021","7","regular","false","2306","Kansas State","20","66","Iowa State","33"
"401328081","2021","7","regular","false","302","UC Davis","32","2458","Northern Colorado","3"
"401282826","2021","7","regular","false","275","Wisconsin","20","349","Army","14"
"401330251","2021","7","regular","false","2658","Texas A&M-Kingsville","51","124179","Lincoln (CA)","21"
"401329453","2021","7","regular","false","2201","Eastern New Mexico","24","2704","West Texas A&M","44"
"401329380","2021","7","regular","false","2231","Fort Hays State","14","2122","Central Oklahoma","24"
"401309874","2021","7","regular","false","264","Washington","17","26","UCLA","24"
"401282230","2021","7","regular","false","2638","UTEP","19","2348","Louisiana Tech","3"
"401310718","2021","7","regular","false","68","Boise State","17","2005","Air Force","24"
"401327982","2021","7","regular","false","3101","Utah Tech","20","2627","Tarleton State","41"
"401309876","2021","7","regular","false","254","Utah","35","9","Arizona State","21"
"401310722","2021","7","regular","false","2440","Nevada","34","62","Hawai'i","17"
"401309623","2021","8","regular","false","2026","App State","30","324","Coastal Carolina","27"
"401309624","2021","8","regular","false","2032","Arkansas State","27","309","Louisiana","28"
"401301025","2021","8","regular","false","2567","SMU","55","2655","Tulane","26"
"401282235","2021","8","regular","false","2429","Charlotte","9","2226","Florida Atlantic","38"
"401310729","2021","8","regular","false","2439","UNLV","20","23","San José State","27"
"401328243","2021","8","regular","false","159","Dartmouth","0","171","Columbia","19"
"401282239","2021","8","regular","false","41","UConn","13","2393","Middle Tennessee","44"
"401301026","2021","8","regular","false","2116","UCF","24","235","Memphis","7"
"401310725","2021","8","regular","false","328","Utah State","26","36","Colorado State","24"
"401309877","2021","8","regular","false","12","Arizona","16","264","Washington","21"
"401282663","2021","8","regular","false","52","Florida State","59","113","Massachusetts","3"
"401287928","2021","8","regular","false","2641","Texas Tech","24","2306","Kansas State","25"
"401341489","2021","8","regular","false","2477","Ohio Dominican","56","2682","Walsh","17"
"401282717","2021","8","regular","false","213","Penn State","18","356","Illinois","20"
"401282779","2021","8","regular","false","130","Michigan","33","77","Northwestern","7"
"401282662","2021","8","regular","false","349","Army","56","154","Wake Forest","70"
"401329362","2021","8","regular","false","2974","Shepherd","42","223","West Chester","38"
"401309574","2021","8","regular","false","189","Bowling Green","24","2199","Eastern Michigan","55"
"401329197","2021","8","regular","false","2134","Clarion","0","611","Seton Hill","49"
"401301027","2021","8","regular","false","2426","Navy","20","2132","Cincinnati","27"
"401332312","2021","8","regular","false","2681","Wagner","10","2803","Bryant","31"
"401309577","2021","8","regular","false","2117","Central Michigan","38","2459","Northern Illinois","39"
"401287926","2021","8","regular","false","2305","Kansas","23","201","Oklahoma","35"
"401329483","2021","8","regular","false","2316","Kentucky Wesleyan","28","2838","Tiffin","34"
"401332294","2021","8","regular","false","2529","Sacred Heart","31","2184","Duquesne","13"
"401328517","2021","8","regular","false","2368","Marist","24","2413","Morehead State","27"
"401328272","2021","8","regular","false","43","Yale","42","219","Pennsylvania","28"
"401333440","2021","8","regular","false","2115","Central Connecticut","13","2341","Long Island University","30"
"401332014","2021","8","regular","false","2224","Findlay","29","2273","Hillsdale","34"
"401331764","2021","8","regular","false","367","Gannon","21","2205","Edinboro University","18"
"401329690","2021","8","regular","false","568","Minot State","17","389","Upper Iowa University","14"
"401329639","2021","8","regular","false","2842","UVA Wise","21","351","Wingate","48"
"401282112","2021","8","regular","false","8","Arkansas","45","2029","Arkansas-Pine Bluff","3"
"401329415","2021","8","regular","false","2385","Mercyhurst","17","215","Slippery Rock","20"
"401282668","2021","8","regular","false","259","Virginia Tech","36","183","Syracuse","41"
"401328105","2021","8","regular","false","2551","Shaw","20","2304","Johnson C Smith","14"
"401328261","2021","8","regular","false","2736","Winston-Salem","21","2940","Livingstone","0"
"401328719","2021","8","regular","false","308","Ashland","42","437","Lake Erie","41"
"401327921","2021","8","regular","false","2676","Virginia Union","7","2075","Bowie State","27"
"401329074","2021","8","regular","false","3066","Concordia University St Paul","17","425","Northern State","38"
"401329044","2021","8","regular","false","2817","Minnesota State Moorhead","35","559","University of Mary","31"
"401328929","2021","8","regular","false","284","Stonehill","20","2441","New Haven","42"
"401328088","2021","8","regular","false","395","St. Augustine's","12","2220","Fayetteville State","40"
"401328729","2021","8","regular","false","2886","Northwood (MI)","14","110254","Davenport","21"
"401328772","2021","8","regular","false","2392","Michigan Tech","10","2222","Ferris State","38"
"401328965","2021","8","regular","false","2310","Kentucky State","21","2396","Miles College","28"
"401328941","2021","8","regular","false","128","Northern Michigan","24","125","Grand Valley State University","28"
"401329657","2021","8","regular","false","2369","Mars Hill","31","2107","Catawba","14"
"401328511","2021","8","regular","false","2674","Valparaiso","45","2168","Dayton","28"
"401328503","2021","8","regular","false","2086","Butler","35","2166","Davidson","49"
"401328481","2021","8","regular","false","2083","Bucknell","21","46","Georgetown","29"
"401328342","2021","8","regular","false","282","Indiana State","28","2754","Youngstown State","17"
"401328301","2021","8","regular","false","2415","Morgan State","17","2428","North Carolina Central","28"
"401328253","2021","8","regular","false","172","Cornell","45","225","Brown","49"
"401328187","2021","8","regular","false","2210","Elon","24","160","New Hampshire","10"
"401328164","2021","8","regular","false","399","UAlbany","16","311","Maine","19"
"401329368","2021","8","regular","false","2559","Shippensburg","38","210","Millersville","7"
"401332028","2021","8","regular","false","455","West Virginia Wesleyan","20","2017","Alderson-Broaddus","49"
"401334765","2021","8","regular","false","2148","Concord University","32","2707","West Virginia State","34"
"401334783","2021","8","regular","false","112334","Franklin Pierce","24","2583","Southern Connecticut State","43"
"401335305","2021","8","regular","false","112335","Wheeling","26","2699","West Liberty","20"
"401341942","2021","8","regular","false","2986","Fairmont State","14","341","Frostburg State","49"
"401347696","2021","8","regular","false","2038","Assumption","42","2022","American International","21"
"401328306","2021","8","regular","false","47","Howard","31","2450","Norfolk State","45"
"401309576","2021","8","regular","false","195","Ohio","27","2309","Kent State","34"
"401336487","2021","8","regular","false","2230","Fordham","35","2329","Lehigh","28"
"401334822","2021","8","regular","false","2506","Presbyterian","28","301","San Diego","69"
"401344316","2021","8","regular","false","163","Princeton","18","108","Harvard","16"
"401332317","2021","8","regular","false","2181","Drake","0","56","Stetson","1"
"401328590","2021","8","regular","false","2377","McNeese","28","2916","Incarnate Word","20"
"401328540","2021","8","regular","false","2535","Samford","13","236","Chattanooga","55"
"401329186","2021","8","regular","false","2188","East Stroudsburg University","35","2071","Bloomsburg","14"
"401329390","2021","8","regular","false","2249","Glenville State","14","587","Notre Dame College","34"
"401328128","2021","8","regular","false","2241","Gardner-Webb","28","2523","Robert Morris","17"
"401327931","2021","8","regular","false","2207","Elizabeth City State","32","2804","Chowan","28"
"401329142","2021","8","regular","false","2657","Tuskegee","17","2323","Lane College","21"
"401329136","2021","8","regular","false","2206","Edward Waters","56","2119","Central State (OH)","19"
"401329116","2021","8","regular","false","2232","Fort Valley State","40","2805","Clark Atlanta","7"
"401332384","2021","8","regular","false","2839","Greeneville","41","122666","Wilson","17"
"401329089","2021","8","regular","false","490","Benedict College","5","60","Morehouse College","20"
"401329064","2021","8","regular","false","2894","Sioux Falls","10","2851","Winona State","14"
"401328951","2021","8","regular","false","2013","Albany State GA","30","2542","Savannah St","0"
"401328654","2021","8","regular","false","2816","McKendree","31","2402","Missouri S&T","37"
"401334773","2021","8","regular","false","2882","UNC Pembroke","21","2128","University Of Charleston (WV)","14"
"401328612","2021","8","regular","false","2815","Lindenwood","48","2586","Southwest Baptist","24"
"401328534","2021","8","regular","false","2888","Ouachita Baptist","42","2568","Southern Arkansas","7"
"401328332","2021","8","regular","false","233","South Dakota","14","2287","Illinois State","20"
"401327959","2021","8","regular","false","330","Virginia St","23","2339","Lincoln (PA)","3"
"401328135","2021","8","regular","false","2261","Hampton","30","2448","North Carolina A&T","9"
"401309625","2021","8","regular","false","2247","Georgia State","28","326","Texas State","16"
"401328292","2021","8","regular","false","2169","Delaware State","7","2569","South Carolina State","13"
"401329501","2021","8","regular","false","196","Northeastern State","7","138","Northwest Missouri St","59"
"401329148","2021","8","regular","false","2364","Minnesota State Mankato","35","2043","Augustana University (SD)","45"
"401329710","2021","8","regular","false","2825","Quincy","21","2292","Indianapolis","70"
"401330260","2021","8","regular","false","2830","St. Anselm","24","2487","Pace","16"
"401329694","2021","8","regular","false","2331","Lenoir-Rhyne","45","2336","Limestone","3"
"401329352","2021","8","regular","false","613","South Dakota Mines","21","2714","Western Colorado","42"
"401329310","2021","8","regular","false","2123","Chadron St","60","2237","Fort Lewis","7"
"401329465","2021","8","regular","false","2703","Western New Mexico","19","2658","Texas A&M-Kingsville","28"
"401329235","2021","8","regular","false","209","Lock Haven University","15","2315","Kutztown University","32"
"401329206","2021","8","regular","false","2291","Indiana-Pennsylvania","34","2858","PennWest California","38"
"401328550","2021","8","regular","false","2643","The Citadel","31","2717","Western Carolina","45"
"401328644","2021","8","regular","false","2296","Jackson State","42","2065","Bethune-Cookman","12"
"401328557","2021","8","regular","false","231","Furman","13","2193","East Tennessee State","17"
"401328461","2021","8","regular","false","2635","Tennessee Tech","56","2355","Virginia University Of Lynchburg","13"
"401329347","2021","8","regular","false","2118","Central Missouri","17","2231","Fort Hays State","21"
"401328351","2021","8","regular","false","2927","Southwestern Oklahoma State","34","2191","East Central (OK)","44"
"401328283","2021","8","regular","false","2033","Arkansas Tech","38","2271","Henderson State","41"
"401328710","2021","8","regular","false","2654","Truman State","52","2911","William Jewell","0"
"401328980","2021","8","regular","false","129","Saginaw Valley State","41","131","Wayne State (MI)","25"
"401328985","2021","8","regular","false","2401","Mississippi College","14","2673","Valdosta State","41"
"401329301","2021","8","regular","false","2069","Black Hills State","10","2424","New Mexico Highlands","24"
"401329316","2021","8","regular","false","11","Colorado Mesa","26","2146","Colorado School Of Mines","21"
"401329381","2021","8","regular","false","2122","Central Oklahoma","17","2687","Washburn","29"
"401329400","2021","8","regular","false","2214","Emporia State University","24","2403","Missouri Southern State","21"
"401328123","2021","8","regular","false","2453","North Alabama","45","2127","Charleston Southern","22"
"401282821","2021","8","regular","false","2509","Purdue","13","275","Wisconsin","30"
"401328001","2021","8","regular","false","2534","Sam Houston","42","55","Jacksonville State","7"
"401328062","2021","8","regular","false","147","Montana State","27","304","Idaho State","9"
"401328179","2021","8","regular","false","48","Delaware","10","256","James Madison","22"
"401328364","2021","8","regular","false","155","North Dakota","34","2710","Western Illinois","10"
"401328375","2021","8","regular","false","2571","South Dakota State","17","2460","Northern Iowa","26"
"401328408","2021","8","regular","false","93","Murray State","6","2046","Austin Peay","47"
"401328417","2021","8","regular","false","2197","Eastern Illinois","0","2634","Tennessee State","28"
"401328465","2021","8","regular","false","2630","UT Martin","38","2546","Southeast Missouri State","30"
"401333046","2021","8","regular","false","134","Minnesota Duluth","35","132","Bemidji State","42"
"401309878","2021","8","regular","false","25","California","26","38","Colorado","3"
"401309879","2021","8","regular","false","26","UCLA","31","2483","Oregon","34"
"401287925","2021","8","regular","false","66","Iowa State","24","197","Oklahoma State","21"
"401308838","2021","8","regular","false","2050","Ball State","17","193","Miami (OH)","24"
"401309881","2021","8","regular","false","265","Washington State","19","252","BYU","21"
"401309573","2021","8","regular","false","2649","Toledo","34","2711","Western Michigan","15"
"401309575","2021","8","regular","false","2006","Akron","10","2084","Buffalo","45"
"401310726","2021","8","regular","false","2751","Wyoming","3","167","New Mexico","14"
"401282238","2021","8","regular","false","5","UAB","24","242","Rice","30"
"401282767","2021","8","regular","false","135","Minnesota","34","120","Maryland","16"
"401328356","2021","8","regular","false","2449","North Dakota State","27","2623","Missouri State","20"
"401282113","2021","8","regular","false","145","Ole Miss","31","99","LSU","17"
"401328214","2021","8","regular","false","222","Villanova","44","227","Rhode Island","0"
"401282666","2021","8","regular","false","221","Pittsburgh","27","228","Clemson","17"
"401328223","2021","8","regular","false","2619","Stony Brook","27","257","Richmond","14"
"401328232","2021","8","regular","false","2729","William & Mary","40","119","Towson","14"
"401328660","2021","8","regular","false","2400","Mississippi Valley State","28","50","Florida A&M","31"
"401328602","2021","8","regular","false","2466","Northwestern State","14","2545","SE Louisiana","51"
"401328113","2021","8","regular","false","2097","Campbell","7","338","Kennesaw State","30"
"401328044","2021","8","regular","false","331","Eastern Washington","34","2692","Weber State","35"
"401282664","2021","8","regular","false","97","Louisville","28","103","Boston College","14"
"401282240","2021","8","regular","false","249","North Texas","26","2335","Liberty","35"
"401328315","2021","8","regular","false","2264","Harding University","64","2028","Arkansas-Monticello","7"
"401282115","2021","8","regular","false","238","Vanderbilt","6","344","Mississippi State","45"
"401341493","2021","8","regular","false","101784","ERSKINE","47","2019","Allen","40"
"401329647","2021","8","regular","false","2444","Newberry","34","2105","Carson-Newman College","3"
"401329030","2021","8","regular","false","2570","CSU Pueblo","35","2001","Adams State","28"
"401301028","2021","8","regular","false","248","Houston","31","151","East Carolina","24"
"401329472","2021","8","regular","false","137","Missouri Western","14","90","Pittsburg St","34"
"401329004","2021","8","regular","false","2695","West Alabama","30","2170","Delta State","35"
"401328474","2021","8","regular","false","107","Holy Cross","42","2142","Colgate","10"
"401328575","2021","8","regular","false","2382","Mercer","45","2747","Wofford","14"
"401329014","2021","8","regular","false","2698","West Georgia","34","2822","North Greenville","12"
"401329687","2021","8","regular","false","2587","Southwest Minnesota State","16","2844","Wayne State (NE)","38"
"401329157","2021","8","regular","false","2704","West Texas A&M","3","2837","East Texas A&M","15"
"401329098","2021","8","regular","false","2025","Angelo State","51","2829","Simon Fraser","10"
"401328468","2021","8","regular","false","319","Oklahoma Baptist","43","199","Southeastern Oklahoma State","37"
"401310727","2021","8","regular","false","278","Fresno State","34","2440","Nevada","32"
"401310724","2021","8","regular","false","2005","Air Force","14","21","San Diego State","20"
"401301029","2021","8","regular","false","58","South Florida","34","218","Temple","14"
"401309626","2021","8","regular","false","2433","UL Monroe","41","6","South Alabama","31"
"401282237","2021","8","regular","false","2348","Louisiana Tech","16","2636","UTSA","45"
"401282236","2021","8","regular","false","2229","Florida International","19","98","Western Kentucky","34"
"401327972","2021","8","regular","false","2320","Lamar","38","2110","Central Arkansas","49"
"401328026","2021","8","regular","false","2627","Tarleton State","17","2395","Midwestern State","14"
"401328580","2021","8","regular","false","2277","Houston Christian","14","2447","Nicholls","44"
"401330248","2021","8","regular","false","110243","UT Permian Basin","44","2201","Eastern New Mexico","21"
"401328680","2021","8","regular","false","2582","Southern","21","2504","Prairie View A&M","48"
"401282111","2021","8","regular","false","333","Alabama","52","2633","Tennessee","24"
"401328052","2021","8","regular","false","70","Idaho","14","149","Montana","34"
"401282667","2021","8","regular","false","258","Virginia","48","59","Georgia Tech","40"
"401282709","2021","8","regular","false","87","Notre Dame","31","30","USC","16"
"401282730","2021","8","regular","false","84","Indiana","7","194","Ohio State","54"
"401282665","2021","8","regular","false","2390","Miami","31","152","NC State","30"
"401309880","2021","8","regular","false","204","Oregon State","42","254","Utah","34"
"401282114","2021","8","regular","false","245","Texas A&M","44","2579","South Carolina","14"
"401287927","2021","8","regular","false","2628","TCU","17","277","West Virginia","29"
"401328082","2021","8","regular","false","253","Southern Utah","9","2458","Northern Colorado","17"
"401328033","2021","8","regular","false","13","Cal Poly","13","302","UC Davis","24"
"401328629","2021","8","regular","false","2640","Texas Southern","27","2016","Alcorn State","44"
"401329053","2021","8","regular","false","2120","Central Washington","53","2848","Western Oregon","21"
"401327983","2021","8","regular","false","3101","Utah Tech","20","2617","Stephen F. Austin","37"
"401328078","2021","8","regular","false","16","Sacramento State","44","2464","Northern Arizona","0"
"401310728","2021","8","regular","false","62","Hawai'i","48","166","New Mexico State","34"
"401334778","2021","9","regular","false","2128","University Of Charleston (WV)","45","455","West Virginia Wesleyan","6"
"401309627","2021","9","regular","false","324","Coastal Carolina","35","2653","Troy","28"
"401301033","2021","9","regular","false","151","East Carolina","29","58","South Florida","14"
"401328254","2021","9","regular","false","172","Cornell","16","163","Princeton","34"
"401301030","2021","9","regular","false","202","Tulsa","17","2426","Navy","20"
"401310734","2021","9","regular","false","2440","Nevada","51","2439","UNLV","20"
"401328489","2021","9","regular","false","2329","Lehigh","12","107","Holy Cross","31"
"401328266","2021","9","regular","false","108","Harvard","17","159","Dartmouth","20"
"401328244","2021","9","regular","false","43","Yale","37","171","Columbia","30"
"401328136","2021","9","regular","false","2523","Robert Morris","38","2261","Hampton","35"
"401282726","2021","9","regular","false","120","Maryland","38","84","Indiana","35"
"401309631","2021","9","regular","false","309","Louisiana","45","326","Texas State","0"
"401301031","2021","9","regular","false","218","Temple","7","2116","UCF","49"
"401282763","2021","9","regular","false","275","Wisconsin","27","2294","Iowa","7"
"401309578","2021","9","regular","false","2084","Buffalo","44","189","Bowling Green","56"
"401286297","2021","9","regular","false","2335","Liberty","62","113","Massachusetts","17"
"401282674","2021","9","regular","false","221","Pittsburgh","34","2390","Miami","38"
"401282777","2021","9","regular","false","127","Michigan State","37","130","Michigan","33"
"401287929","2021","9","regular","false","239","Baylor","31","251","Texas","24"
"401301032","2021","9","regular","false","2655","Tulane","12","2132","Cincinnati","31"
"401282671","2021","9","regular","false","59","Georgia Tech","17","259","Virginia Tech","26"
"401334774","2021","9","regular","false","2699","West Liberty","17","2882","UNC Pembroke","27"
"401282719","2021","9","regular","false","356","Illinois","14","164","Rutgers","20"
"401328730","2021","9","regular","false","110254","Davenport","3","129","Saginaw Valley State","24"
"401334766","2021","9","regular","false","112335","Wheeling","15","2148","Concord University","14"
"401347699","2021","9","regular","false","2487","Pace","8","284","Stonehill","19"
"401329416","2021","9","regular","false","367","Gannon","21","215","Slippery Rock","63"
"401329438","2021","9","regular","false","587","Notre Dame College","45","2986","Fairmont State","0"
"401332015","2021","9","regular","false","2682","Walsh","0","2224","Findlay","49"
"401329005","2021","9","regular","false","2822","North Greenville","14","2695","West Alabama","31"
"401329198","2021","9","regular","false","2134","Clarion","20","2385","Mercyhurst","38"
"401328482","2021","9","regular","false","46","Georgetown","23","322","Lafayette","24"
"401328933","2021","9","regular","false","2222","Ferris State","44","128","Northern Michigan","24"
"401329691","2021","9","regular","false","389","Upper Iowa University","42","2844","Wayne State (NE)","41"
"401332029","2021","9","regular","false","2017","Alderson-Broaddus","7","341","Frostburg State","45"
"401334784","2021","9","regular","false","2060","Bentley","24","112334","Franklin Pierce","14"
"401348194","2021","9","regular","false","101784","ERSKINE","10","2444","Newberry","48"
"401329391","2021","9","regular","false","2707","West Virginia State","38","2249","Glenville State","27"
"401329137","2021","9","regular","false","2119","Central State (OH)","14","2323","Lane College","16"
"401329045","2021","9","regular","false","2817","Minnesota State Moorhead","27","425","Northern State","33"
"401330261","2021","9","regular","false","2830","St. Anselm","21","2022","American International","16"
"401328930","2021","9","regular","false","2441","New Haven","16","2038","Assumption","10"
"401328720","2021","9","regular","false","308","Ashland","28","2273","Hillsdale","17"
"401328711","2021","9","regular","false","2654","Truman State","49","2825","Quincy","28"
"401328219","2021","9","regular","false","2551","Shaw","38","2736","Winston-Salem","14"
"401327984","2021","9","regular","false","48","Delaware","17","3101","Utah Tech","10"
"401331761","2021","9","regular","false","2107","Catawba","31","2839","Greeneville","28"
"401328475","2021","9","regular","false","2142","Colgate","33","2083","Bucknell","10"
"401328596","2021","9","regular","false","2447","Nicholls","42","2466","Northwestern State","21"
"401329329","2021","9","regular","false","2771","Merrimack","21","2115","Central Connecticut","49"
"401332313","2021","9","regular","false","2341","Long Island University","28","2681","Wagner","14"
"401337370","2021","9","regular","false","2506","Presbyterian","14","56","Stetson","56"
"401327922","2021","9","regular","false","2339","Lincoln (PA)","7","2075","Bowie State","31"
"401327932","2021","9","regular","false","2207","Elizabeth City State","14","2676","Virginia Union","44"
"401328106","2021","9","regular","false","2304","Johnson C Smith","34","395","St. Augustine's","13"
"401328114","2021","9","regular","false","2127","Charleston Southern","27","2097","Campbell","14"
"401328235","2021","9","regular","false","222","Villanova","18","2729","William & Mary","31"
"401328273","2021","9","regular","false","219","Pennsylvania","45","225","Brown","17"
"401328504","2021","9","regular","false","2168","Dayton","38","2086","Butler","31"
"401328129","2021","9","regular","false","338","Kennesaw State","34","2241","Gardner-Webb","30"
"401328154","2021","9","regular","false","2448","North Carolina A&T","16","2405","Monmouth","35"
"401328201","2021","9","regular","false","227","Rhode Island","24","311","Maine","45"
"401328208","2021","9","regular","false","160","New Hampshire","21","257","Richmond","35"
"401329369","2021","9","regular","false","2188","East Stroudsburg University","23","2559","Shippensburg","24"
"401328572","2021","9","regular","false","2747","Wofford","21","2717","Western Carolina","41"
"401328565","2021","9","regular","false","2678","VMI","46","2535","Samford","45"
"401328541","2021","9","regular","false","236","Chattanooga","13","231","Furman","3"
"401328072","2021","9","regular","false","149","Montana","20","253","Southern Utah","19"
"401328293","2021","9","regular","false","2169","Delaware State","30","47","Howard","23"
"401328302","2021","9","regular","false","2450","Norfolk State","31","2415","Morgan State","20"
"401328321","2021","9","regular","false","2428","North Carolina Central","24","2569","South Carolina State","27"
"401328382","2021","9","regular","false","2754","Youngstown State","16","2571","South Dakota State","47"
"401328418","2021","9","regular","false","2546","Southeast Missouri State","38","2197","Eastern Illinois","15"
"401328518","2021","9","regular","false","2900","St. Thomas (MN)","27","2368","Marist","7"
"401328523","2021","9","regular","false","2413","Morehead State","22","2166","Davidson","29"
"401328551","2021","9","regular","false","2643","The Citadel","7","2382","Mercer","34"
"401327973","2021","9","regular","false","55","Jacksonville State","14","2110","Central Arkansas","38"
"401328188","2021","9","regular","false","256","James Madison","45","2210","Elon","21"
"401328165","2021","9","regular","false","119","Towson","38","399","UAlbany","24"
"401329335","2021","9","regular","false","2237","Fort Lewis","0","2570","CSU Pueblo","73"
"401287933","2021","9","regular","false","277","West Virginia","38","66","Iowa State","31"
"401282246","2021","9","regular","false","242","Rice","24","249","North Texas","30"
"401327993","2021","9","regular","false","2198","Eastern Kentucky","42","2320","Lamar","10"
"401327965","2021","9","regular","false","330","Virginia St","30","2804","Chowan","38"
"401328089","2021","9","regular","false","2220","Fayetteville State","34","2940","Livingstone","0"
"401328613","2021","9","regular","false","2911","William Jewell","10","2815","Lindenwood","53"
"401328655","2021","9","regular","false","2586","Southwest Baptist","42","2816","McKendree","45"
"401328687","2021","9","regular","false","2402","Missouri S&T","31","2292","Indianapolis","28"
"401328952","2021","9","regular","false","2232","Fort Valley State","6","2542","Savannah St","24"
"401329065","2021","9","regular","false","2043","Augustana University (SD)","38","2851","Winona State","20"
"401329083","2021","9","regular","false","60","Morehouse College","10","2013","Albany State GA","14"
"401329090","2021","9","regular","false","2805","Clark Atlanta","21","490","Benedict College","24"
"401329187","2021","9","regular","false","2071","Bloomsburg","18","2974","Shepherd","62"
"401329207","2021","9","regular","false","2291","Indiana-Pennsylvania","17","2205","Edinboro University","21"
"401329311","2021","9","regular","false","2146","Colorado School Of Mines","34","2123","Chadron St","7"
"401329382","2021","9","regular","false","90","Pittsburg St","26","2122","Central Oklahoma","20"
"401329401","2021","9","regular","false","2231","Fort Hays State","12","2214","Emporia State University","15"
"401329497","2021","9","regular","false","2364","Minnesota State Mankato","35","2894","Sioux Falls","45"
"401329502","2021","9","regular","false","2687","Washburn","35","196","Northeastern State","0"
"401329688","2021","9","regular","false","132","Bemidji State","48","2587","Southwest Minnesota State","14"
"401332327","2021","9","regular","false","568","Minot State","21","134","Minnesota Duluth","34"
"401332381","2021","9","regular","false","2657","Tuskegee","35","2310","Kentucky State","42"
"401332388","2021","9","regular","false","122666","Wilson","62","124180","Bluefield State","7"
"401329236","2021","9","regular","false","2315","Kutztown University","30","210","Millersville","7"
"401329317","2021","9","regular","false","2714","Western Colorado","23","11","Colorado Mesa","9"
"401329348","2021","9","regular","false","2876","Lincoln (MO)","35","2118","Central Missouri","77"
"401328395","2021","9","regular","false","2823","Northwestern Oklahoma State","14","2264","Harding University","73"
"401328352","2021","9","regular","false","2191","East Central (OK)","28","2888","Ouachita Baptist","43"
"401328316","2021","9","regular","false","199","Southeastern Oklahoma State","34","2028","Arkansas-Monticello","14"
"401329031","2021","9","regular","false","2424","New Mexico Highlands","58","2001","Adams State","28"
"401329130","2021","9","regular","false","559","University of Mary","42","3066","Concordia University St Paul","17"
"401329478","2021","9","regular","false","437","Lake Erie","38","2316","Kentucky Wesleyan","28"
"401329489","2021","9","regular","false","138","Northwest Missouri St","66","2438","Nebraska-Kearney","13"
"401329648","2021","9","regular","false","2105","Carson-Newman College","23","2369","Mars Hill","49"
"401328469","2021","9","regular","false","2568","Southern Arkansas","40","319","Oklahoma Baptist","44"
"401329459","2021","9","regular","false","2403","Missouri Southern State","28","137","Missouri Western","45"
"401309885","2021","9","regular","false","9","Arizona State","21","265","Washington State","34"
"401328942","2021","9","regular","false","125","Grand Valley State University","14","2392","Michigan Tech","9"
"401329302","2021","9","regular","false","2069","Black Hills State","10","613","South Dakota Mines","13"
"401282119","2021","9","regular","false","238","Vanderbilt","28","142","Missouri","37"
"401328997","2021","9","regular","false","2170","Delta State","14","2560","Shorter","13"
"401310731","2021","9","regular","false","328","Utah State","51","62","Hawai'i","31"
"401329022","2021","9","regular","false","2401","Mississippi College","28","110242","West Florida","63"
"401328401","2021","9","regular","false","2271","Henderson State","34","200","Southern Nazarene","3"
"401328083","2021","9","regular","false","2458","Northern Colorado","24","16","Sacramento State","27"
"401328357","2021","9","regular","false","2623","Missouri State","32","155","North Dakota","28"
"401328063","2021","9","regular","false","304","Idaho State","17","2692","Weber State","40"
"401332295","2021","9","regular","false","2184","Duquesne","10","2598","St. Francis (PA)","17"
"401328637","2021","9","regular","false","2640","Texas Southern","59","2029","Arkansas-Pine Bluff","17"
"401328409","2021","9","regular","false","2630","UT Martin","17","2046","Austin Peay","16"
"401328343","2021","9","regular","false","2449","North Dakota State","44","282","Indiana State","2"
"401328621","2021","9","regular","false","2010","Alabama A&M","42","2011","Alabama State","28"
"401282795","2021","9","regular","false","77","Northwestern","14","135","Minnesota","41"
"401282245","2021","9","regular","false","2393","Middle Tennessee","35","2572","Southern Miss","10"
"401282117","2021","9","regular","true","57","Florida","7","61","Georgia","34"
"401282675","2021","9","regular","false","183","Syracuse","21","103","Boston College","6"
"401309628","2021","9","regular","false","2026","App State","59","2433","UL Monroe","28"
"401282670","2021","9","regular","false","228","Clemson","30","52","Florida State","20"
"401282244","2021","9","regular","false","295","Old Dominion","23","2348","Louisiana Tech","20"
"401282801","2021","9","regular","false","158","Nebraska","23","2509","Purdue","28"
"401287930","2021","9","regular","false","2306","Kansas State","31","2628","TCU","12"
"401309884","2021","9","regular","false","2483","Oregon","52","38","Colorado","29"
"401282242","2021","9","regular","false","276","Marshall","38","2229","Florida International","0"
"401287931","2021","9","regular","false","201","Oklahoma","52","2641","Texas Tech","21"
"401282241","2021","9","regular","false","98","Western Kentucky","45","2429","Charlotte","13"
"401310732","2021","9","regular","false","23","San José State","27","2751","Wyoming","21"
"401329054","2021","9","regular","false","2848","Western Oregon","42","2829","Simon Fraser","3"
"401329355","2021","9","regular","false","2858","PennWest California","42","611","Seton Hill","14"
"401329423","2021","9","regular","false","209","Lock Haven University","13","223","West Chester","35"
"401329484","2021","9","regular","false","2838","Tiffin","34","2477","Ohio Dominican","21"
"401282676","2021","9","regular","false","154","Wake Forest","45","150","Duke","7"
"401328669","2021","9","regular","false","2400","Mississippi Valley State","19","2296","Jackson State","28"
"401328581","2021","9","regular","false","2916","Incarnate Word","49","2277","Houston Christian","21"
"401328530","2021","9","regular","false","301","San Diego","21","2674","Valparaiso","14"
"401328333","2021","9","regular","false","2710","Western Illinois","38","2287","Illinois State","31"
"401328053","2021","9","regular","false","70","Idaho","31","2464","Northern Arizona","38"
"401329640","2021","9","regular","false","2336","Limestone","24","2842","UVA Wise","28"
"401328661","2021","9","regular","false","50","Florida A&M","26","2755","Grambling","3"
"401329158","2021","9","regular","false","2837","East Texas A&M","41","110243","UT Permian Basin","0"
"401328376","2021","9","regular","false","2460","Northern Iowa","23","79","Southern Illinois","16"
"401328034","2021","9","regular","false","2502","Portland State","42","13","Cal Poly","21"
"401328705","2021","9","regular","false","2617","Stephen F. Austin","41","2000","Abilene Christian","27"
"401309629","2021","9","regular","false","6","South Alabama","31","2032","Arkansas State","13"
"401282243","2021","9","regular","false","2226","Florida Atlantic","28","2638","UTEP","25"
"401309630","2021","9","regular","false","290","Georgia Southern","14","2247","Georgia State","21"
"401329695","2021","9","regular","false","351","Wingate","6","2331","Lenoir-Rhyne","31"
"401328966","2021","9","regular","false","2206","Edward Waters","9","2396","Miles College","16"
"401328976","2021","9","regular","false","131","Wayne State (MI)","56","2886","Northwood (MI)","21"
"401328423","2021","9","regular","false","2634","Tennessee State","27","93","Murray State","21"
"401328284","2021","9","regular","false","2927","Southwestern Oklahoma State","14","2033","Arkansas Tech","15"
"401328986","2021","9","regular","false","2673","Valdosta State","36","2698","West Georgia","34"
"401328591","2021","9","regular","false","2545","SE Louisiana","23","2377","McNeese","20"
"401328013","2021","9","regular","false","2627","Tarleton State","27","2534","Sam Houston","45"
"401328630","2021","9","regular","false","2582","Southern","38","2016","Alcorn State","35"
"401309882","2021","9","regular","false","25","California","39","204","Oregon State","25"
"401282118","2021","9","regular","false","344","Mississippi State","31","96","Kentucky","17"
"401310730","2021","9","regular","false","36","Colorado State","19","68","Boise State","28"
"401287932","2021","9","regular","false","197","Oklahoma State","55","2305","Kansas","3"
"401301034","2021","9","regular","false","248","Houston","44","2567","SMU","37"
"401282116","2021","9","regular","false","2","Auburn","31","145","Ole Miss","20"
"401309886","2021","9","regular","false","30","USC","41","12","Arizona","34"
"401282814","2021","9","regular","false","194","Ohio State","33","213","Penn State","24"
"401282672","2021","9","regular","false","152","NC State","28","97","Louisville","13"
"401282673","2021","9","regular","false","87","Notre Dame","44","153","North Carolina","34"
"401329110","2021","9","regular","false","2395","Midwestern State","52","2703","Western New Mexico","10"
"401329454","2021","9","regular","false","2658","Texas A&M-Kingsville","23","2704","West Texas A&M","35"
"401329099","2021","9","regular","false","2201","Eastern New Mexico","7","2025","Angelo State","59"
"401332020","2021","9","regular","false","2120","Central Washington","92","124179","Lincoln (CA)","0"
"401309887","2021","9","regular","false","254","Utah","44","26","UCLA","24"
"401282669","2021","9","regular","false","252","BYU","66","258","Virginia","49"
"401310733","2021","9","regular","false","21","San Diego State","20","278","Fresno State","30"
"401309883","2021","9","regular","false","24","Stanford","13","264","Washington","20"
"401309579","2021","10","regular","false","2006","Akron","25","2050","Ball State","31"
"401309580","2021","10","regular","false","2649","Toledo","49","2199","Eastern Michigan","52"
"401308839","2021","10","regular","false","195","Ohio","35","193","Miami (OH)","33"
"401309581","2021","10","regular","false","2711","Western Michigan","30","2117","Central Michigan","42"
"401309582","2021","10","regular","false","2309","Kent State","52","2459","Northern Illinois","47"
"401309632","2021","10","regular","false","309","Louisiana","21","2247","Georgia State","17"
"401328294","2021","10","regular","false","2415","Morgan State","20","2169","Delaware State","14"
"401328267","2021","10","regular","false","159","Dartmouth","31","163","Princeton","7"
"401282677","2021","10","regular","false","103","Boston College","17","259","Virginia Tech","3"
"401309888","2021","10","regular","false","24","Stanford","7","254","Utah","52"
"401310253","2021","10","regular","true","2005","Air Force","14","349","Army","21"
"401282678","2021","10","regular","false","150","Duke","29","221","Pittsburgh","54"
"401328631","2021","10","regular","false","2065","Bethune-Cookman","35","2016","Alcorn State","31"
"401347700","2021","10","regular","false","2487","Pace","18","2583","Southern Connecticut State","16"
"401329439","2021","10","regular","false","2882","UNC Pembroke","7","587","Notre Dame College","45"
"401329479","2021","10","regular","false","2477","Ohio Dominican","31","437","Lake Erie","0"
"401329485","2021","10","regular","false","2682","Walsh","16","2838","Tiffin","56"
"401282799","2021","10","regular","false","158","Nebraska","17","194","Ohio State","26"
"401301039","2021","10","regular","false","235","Memphis","28","2567","SMU","25"
"401282250","2021","10","regular","false","5","UAB","52","2348","Louisiana Tech","38"
"401282124","2021","10","regular","false","145","Ole Miss","27","2335","Liberty","14"
"401282122","2021","10","regular","false","61","Georgia","43","142","Missouri","6"
"401287935","2021","10","regular","false","2305","Kansas","10","2306","Kansas State","35"
"401282720","2021","10","regular","false","135","Minnesota","6","356","Illinois","14"
"401282682","2021","10","regular","false","153","North Carolina","58","154","Wake Forest","55"
"401335306","2021","10","regular","false","2128","University Of Charleston (WV)","38","112335","Wheeling","20"
"401341495","2021","10","regular","false","2385","Mercyhurst","24","367","Gannon","13"
"401329199","2021","10","regular","false","2205","Edinboro University","17","2134","Clarion","10"
"401329188","2021","10","regular","false","210","Millersville","35","2071","Bloomsburg","38"
"401328731","2021","10","regular","false","110254","Davenport","14","2222","Ferris State","50"
"401328721","2021","10","regular","false","2224","Findlay","20","308","Ashland","17"
"401328141","2021","10","regular","false","2523","Robert Morris","21","338","Kennesaw State","45"
"401328202","2021","10","regular","false","311","Maine","17","2619","Stony Brook","22"
"401328519","2021","10","regular","false","2368","Marist","7","2181","Drake","0"
"401329330","2021","10","regular","false","2681","Wagner","26","2771","Merrimack","35"
"401332296","2021","10","regular","false","2341","Long Island University","28","2184","Duquesne","34"
"401332303","2021","10","regular","false","2598","St. Francis (PA)","13","2529","Sacred Heart","14"
"401333441","2021","10","regular","false","2115","Central Connecticut","30","2803","Bryant","15"
"401344145","2021","10","regular","false","225","Brown","38","43","Yale","63"
"401329363","2021","10","regular","false","2974","Shepherd","55","2188","East Stroudsburg University","7"
"401329237","2021","10","regular","false","223","West Chester","14","2315","Kutztown University","21"
"401329208","2021","10","regular","false","611","Seton Hill","3","2291","Indiana-Pennsylvania","38"
"401328490","2021","10","regular","false","107","Holy Cross","35","322","Lafayette","10"
"401282681","2021","10","regular","false","2390","Miami","33","59","Georgia Tech","30"
"401328483","2021","10","regular","false","46","Georgetown","20","2230","Fordham","41"
"401328174","2021","10","regular","false","395","St. Augustine's","21","2551","Shaw","17"
"401327960","2021","10","regular","false","2804","Chowan","28","2339","Lincoln (PA)","12"
"401327923","2021","10","regular","false","2075","Bowie State","79","2207","Elizabeth City State","6"
"401328124","2021","10","regular","false","2127","Charleston Southern","18","2448","North Carolina A&T","21"
"401328130","2021","10","regular","false","2261","Hampton","27","2241","Gardner-Webb","21"
"401328149","2021","10","regular","false","2405","Monmouth","45","2453","North Alabama","33"
"401328378","2021","10","regular","false","2710","Western Illinois","21","233","South Dakota","42"
"401327985","2021","10","regular","false","2534","Sam Houston","59","3101","Utah Tech","10"
"401328245","2021","10","regular","false","171","Columbia","21","108","Harvard","49"
"401328180","2021","10","regular","false","48","Delaware","24","2729","William & Mary","3"
"401328255","2021","10","regular","false","219","Pennsylvania","12","172","Cornell","15"
"401328166","2021","10","regular","false","399","UAlbany","20","160","New Hampshire","7"
"401328512","2021","10","regular","false","56","Stetson","13","2168","Dayton","41"
"401328569","2021","10","regular","false","2193","East Tennessee State","27","2678","VMI","20"
"401328592","2021","10","regular","false","2377","McNeese","14","2447","Nicholls","24"
"401332323","2021","10","regular","false","2166","Davidson","42","2900","St. Thomas (MN)","15"
"401336486","2021","10","regular","false","2083","Bucknell","6","2329","Lehigh","38"
"401328365","2021","10","regular","false","155","North Dakota","24","2754","Youngstown State","21"
"401328358","2021","10","regular","false","79","Southern Illinois","28","2623","Missouri State","38"
"401328931","2021","10","regular","false","2441","New Haven","31","2060","Bentley","14"
"401328943","2021","10","regular","false","131","Wayne State (MI)","13","125","Grand Valley State University","62"
"401328958","2021","10","regular","false","2886","Northwood (MI)","0","2392","Michigan Tech","34"
"401328971","2021","10","regular","false","129","Saginaw Valley State","33","128","Northern Michigan","21"
"401328998","2021","10","regular","false","2560","Shorter","38","101784","ERSKINE","7"
"401329046","2021","10","regular","false","3066","Concordia University St Paul","3","2817","Minnesota State Moorhead","24"
"401329138","2021","10","regular","false","2310","Kentucky State","63","2119","Central State (OH)","0"
"401329370","2021","10","regular","false","2559","Shippensburg","52","209","Lock Haven University","14"
"401329392","2021","10","regular","false","2249","Glenville State","14","2986","Fairmont State","24"
"401329417","2021","10","regular","false","215","Slippery Rock","38","2858","PennWest California","26"
"401329641","2021","10","regular","false","2107","Catawba","7","2842","UVA Wise","30"
"401329649","2021","10","regular","false","2105","Carson-Newman College","27","2336","Limestone","21"
"401329658","2021","10","regular","false","2369","Mars Hill","20","2839","Greeneville","7"
"401330262","2021","10","regular","false","2038","Assumption","44","2830","St. Anselm","35"
"401331753","2021","10","regular","false","2444","Newberry","41","351","Wingate","35"
"401332017","2021","10","regular","false","2273","Hillsdale","31","2316","Kentucky Wesleyan","12"
"401334779","2021","10","regular","false","341","Frostburg State","55","455","West Virginia Wesleyan","14"
"401334785","2021","10","regular","false","284","Stonehill","34","112334","Franklin Pierce","7"
"401328334","2021","10","regular","false","2287","Illinois State","17","2460","Northern Iowa","10"
"401328542","2021","10","regular","false","2747","Wofford","10","236","Chattanooga","35"
"401328558","2021","10","regular","false","2717","Western Carolina","43","231","Furman","42"
"401328002","2021","10","regular","false","55","Jacksonville State","40","2000","Abilene Christian","25"
"401328073","2021","10","regular","false","2458","Northern Colorado","0","149","Montana","35"
"401328189","2021","10","regular","false","2210","Elon","0","222","Villanova","35"
"401328224","2021","10","regular","false","257","Richmond","28","119","Towson","17"
"401328307","2021","10","regular","false","2428","North Carolina Central","38","2450","Norfolk State","36"
"401328326","2021","10","regular","false","2569","South Carolina State","15","47","Howard","12"
"401328424","2021","10","regular","false","93","Murray State","32","2635","Tennessee Tech","27"
"401328531","2021","10","regular","false","2674","Valparaiso","65","2506","Presbyterian","55"
"401328670","2021","10","regular","false","2296","Jackson State","41","2640","Texas Southern","21"
"401328675","2021","10","regular","false","2010","Alabama A&M","42","2400","Mississippi Valley State","14"
"401309633","2021","10","regular","false","2032","Arkansas State","14","2026","App State","48"
"401337873","2021","10","regular","false","2699","West Liberty","28","2707","West Virginia State","33"
"401327966","2021","10","regular","false","2676","Virginia Union","20","330","Virginia St","13"
"401328090","2021","10","regular","false","2220","Fayetteville State","10","2736","Winston-Salem","3"
"401328496","2021","10","regular","false","2888","Ouachita Baptist","21","199","Southeastern Oklahoma State","35"
"401328536","2021","10","regular","false","200","Southern Nazarene","10","2568","Southern Arkansas","31"
"401328614","2021","10","regular","false","2402","Missouri S&T","16","2815","Lindenwood","43"
"401328656","2021","10","regular","false","2816","McKendree","13","2654","Truman State","44"
"401328702","2021","10","regular","false","2825","Quincy","31","2586","Southwest Baptist","47"
"401328967","2021","10","regular","false","2396","Miles College","52","2657","Tuskegee","23"
"401329006","2021","10","regular","false","2695","West Alabama","7","110242","West Florida","47"
"401329055","2021","10","regular","false","2123","Chadron St","45","2848","Western Oregon","7"
"401329066","2021","10","regular","false","2851","Winona State","40","389","Upper Iowa University","12"
"401329075","2021","10","regular","false","425","Northern State","34","132","Bemidji State","36"
"401329084","2021","10","regular","false","2232","Fort Valley State","0","2013","Albany State GA","57"
"401329091","2021","10","regular","false","490","Benedict College","34","2323","Lane College","30"
"401329117","2021","10","regular","false","2805","Clark Atlanta","26","60","Morehouse College","35"
"401329349","2021","10","regular","false","137","Missouri Western","59","2118","Central Missouri","28"
"401329373","2021","10","regular","false","2424","New Mexico Highlands","17","613","South Dakota Mines","40"
"401329402","2021","10","regular","false","2214","Emporia State University","56","2876","Lincoln (MO)","21"
"401329410","2021","10","regular","false","196","Northeastern State","6","2231","Fort Hays State","64"
"401329466","2021","10","regular","false","2703","Western New Mexico","29","2120","Central Washington","54"
"401329498","2021","10","regular","false","2587","Southwest Minnesota State","0","2364","Minnesota State Mankato","52"
"401329506","2021","10","regular","false","2844","Wayne State (NE)","17","2894","Sioux Falls","38"
"401329534","2021","10","regular","false","90","Pittsburg St","26","2687","Washburn","28"
"401329711","2021","10","regular","false","2292","Indianapolis","45","2911","William Jewell","14"
"401332030","2021","10","regular","false","2017","Alderson-Broaddus","10","2148","Concord University","23"
"401329149","2021","10","regular","false","134","Minnesota Duluth","41","2043","Augustana University (SD)","15"
"401329032","2021","10","regular","false","2001","Adams State","37","2237","Fort Lewis","14"
"401329131","2021","10","regular","false","559","University of Mary","49","568","Minot State","31"
"401329303","2021","10","regular","false","11","Colorado Mesa","52","2069","Black Hills State","9"
"401328987","2021","10","regular","false","2673","Valdosta State","31","2822","North Greenville","21"
"401329018","2021","10","regular","false","2170","Delta State","24","2401","Mississippi College","21"
"401330255","2021","10","regular","false","110243","UT Permian Basin","22","2658","Texas A&M-Kingsville","29"
"401330265","2021","10","regular","false","2714","Western Colorado","72","124179","Lincoln (CA)","6"
"401329460","2021","10","regular","false","2403","Missouri Southern State","7","138","Northwest Missouri St","49"
"401329383","2021","10","regular","false","2122","Central Oklahoma","22","2438","Nebraska-Kearney","37"
"401328317","2021","10","regular","false","2028","Arkansas-Monticello","10","2191","East Central (OK)","35"
"401328285","2021","10","regular","false","2033","Arkansas Tech","56","2823","Northwestern Oklahoma State","21"
"401328402","2021","10","regular","false","319","Oklahoma Baptist","34","2271","Henderson State","36"
"401328396","2021","10","regular","false","2264","Harding University","55","2927","Southwestern Oklahoma State","7"
"401328093","2021","10","regular","false","2692","Weber State","18","2502","Portland State","30"
"401309889","2021","10","regular","false","12","Arizona","10","25","California","3"
"401309635","2021","10","regular","false","326","Texas State","27","2433","UL Monroe","19"
"401301035","2021","10","regular","false","151","East Carolina","45","218","Temple","3"
"401328369","2021","10","regular","false","2571","South Dakota State","27","2449","North Dakota State","19"
"401328410","2021","10","regular","false","2046","Austin Peay","42","2197","Eastern Illinois","26"
"401328431","2021","10","regular","false","2630","UT Martin","41","2634","Tennessee State","20"
"401328552","2021","10","regular","false","2535","Samford","35","2643","The Citadel","14"
"401328604","2021","10","regular","false","2916","Incarnate Word","55","2545","SE Louisiana","52"
"401328622","2021","10","regular","false","2504","Prairie View A&M","24","2011","Alabama State","20"
"401282252","2021","10","regular","false","2572","Southern Miss","14","249","North Texas","38"
"401328638","2021","10","regular","false","2029","Arkansas-Pine Bluff","33","2755","Grambling","26"
"401310736","2021","10","regular","false","2751","Wyoming","31","36","Colorado State","17"
"401328115","2021","10","regular","false","256","James Madison","51","2097","Campbell","14"
"401301037","2021","10","regular","false","2132","Cincinnati","28","202","Tulsa","20"
"401282710","2021","10","regular","false","87","Notre Dame","34","2426","Navy","6"
"401282768","2021","10","regular","false","120","Maryland","14","213","Penn State","31"
"401287936","2021","10","regular","false","2628","TCU","30","239","Baylor","28"
"401287937","2021","10","regular","false","277","West Virginia","3","197","Oklahoma State","24"
"401282247","2021","10","regular","false","2429","Charlotte","31","242","Rice","24"
"401282824","2021","10","regular","false","164","Rutgers","3","275","Wisconsin","52"
"401282251","2021","10","regular","false","98","Western Kentucky","48","2393","Middle Tennessee","21"
"401282126","2021","10","regular","false","245","Texas A&M","20","2","Auburn","3"
"401309636","2021","10","regular","false","2653","Troy","31","6","South Alabama","24"
"401282787","2021","10","regular","false","2509","Purdue","40","127","Michigan State","29"
"401309914","2021","10","regular","false","252","BYU","59","304","Idaho State","14"
"401286303","2021","10","regular","false","113","Massachusetts","22","227","Rhode Island","35"
"401329324","2021","10","regular","false","2570","CSU Pueblo","12","2146","Colorado School Of Mines","28"
"401329696","2021","10","regular","false","122666","Wilson","20","2331","Lenoir-Rhyne","56"
"401328079","2021","10","regular","false","2464","Northern Arizona","24","302","UC Davis","40"
"401328582","2021","10","regular","false","2466","Northwestern State","28","2277","Houston Christian","24"
"401301036","2021","10","regular","false","2116","UCF","14","2655","Tulane","10"
"401282679","2021","10","regular","false","52","Florida State","14","152","NC State","28"
"401328045","2021","10","regular","false","331","Eastern Washington","20","147","Montana State","23"
"401328054","2021","10","regular","false","70","Idaho","42","253","Southern Utah","24"
"401328524","2021","10","regular","false","301","San Diego","10","2413","Morehead State","3"
"401310738","2021","10","regular","false","166","New Mexico State","13","328","Utah State","35"
"401282121","2021","10","regular","false","8","Arkansas","31","344","Mississippi State","28"
"401327974","2021","10","regular","false","2110","Central Arkansas","63","102626","Texas Wesleyan","3"
"401327994","2021","10","regular","false","2617","Stephen F. Austin","31","2198","Eastern Kentucky","17"
"401328953","2021","10","regular","false","2542","Savannah St","24","2206","Edward Waters","0"
"401329100","2021","10","regular","false","2025","Angelo State","30","2837","East Texas A&M","3"
"401282249","2021","10","regular","false","2226","Florida Atlantic","13","276","Marshall","28"
"401309634","2021","10","regular","false","290","Georgia Southern","8","324","Coastal Carolina","28"
"401310737","2021","10","regular","false","167","New Mexico","17","2439","UNLV","31"
"401282757","2021","10","regular","false","77","Northwestern","12","2294","Iowa","17"
"401328009","2021","10","regular","false","2627","Tarleton State","42","2320","Lamar","21"
"401328662","2021","10","regular","false","2582","Southern","17","50","Florida A&M","29"
"401282123","2021","10","regular","false","96","Kentucky","42","2633","Tennessee","45"
"401282120","2021","10","regular","false","333","Alabama","20","99","LSU","14"
"401309891","2021","10","regular","false","38","Colorado","37","204","Oregon State","34"
"401282248","2021","10","regular","false","2229","Florida International","24","295","Old Dominion","47"
"401310735","2021","10","regular","false","278","Fresno State","14","68","Boise State","40"
"401329111","2021","10","regular","false","2704","West Texas A&M","15","2395","Midwestern State","12"
"401282125","2021","10","regular","false","2579","South Carolina","40","57","Florida","17"
"401282727","2021","10","regular","false","130","Michigan","29","84","Indiana","7"
"401287934","2021","10","regular","false","66","Iowa State","30","251","Texas","7"
"401309890","2021","10","regular","false","264","Washington","16","2483","Oregon","26"
"401282680","2021","10","regular","false","97","Louisville","24","228","Clemson","30"
"401301038","2021","10","regular","false","58","South Florida","42","248","Houston","54"
"401328035","2021","10","regular","false","16","Sacramento State","41","13","Cal Poly","9"
"401310740","2021","10","regular","false","2440","Nevada","27","23","San José State","24"
"401282253","2021","10","regular","false","2638","UTEP","23","2636","UTSA","44"
"401309892","2021","10","regular","false","9","Arizona State","31","30","USC","16"
"401310739","2021","10","regular","false","62","Hawai'i","10","21","San Diego State","17"
"401309584","2021","11","regular","false","2711","Western Michigan","45","2006","Akron","40"
"401308840","2021","11","regular","false","193","Miami (OH)","45","2084","Buffalo","18"
"401309583","2021","11","regular","false","2199","Eastern Michigan","26","195","Ohio","34"
"401309587","2021","11","regular","false","2459","Northern Illinois","30","2050","Ball State","29"
"401309585","2021","11","regular","false","189","Bowling Green","17","2649","Toledo","49"
"401309586","2021","11","regular","false","2117","Central Michigan","54","2309","Kent State","30"
"401282683","2021","11","regular","false","221","Pittsburgh","30","153","North Carolina","23"
"401301040","2021","11","regular","false","58","South Florida","28","2132","Cincinnati","45"
"401341943","2021","11","regular","false","2986","Fairmont State","29","112335","Wheeling","14"
"401310742","2021","11","regular","false","68","Boise State","23","2751","Wyoming","13"
"401282806","2021","11","regular","false","275","Wisconsin","35","77","Northwestern","7"
"401282128","2021","11","regular","false","2","Auburn","34","344","Mississippi State","43"
"401282780","2021","11","regular","false","213","Penn State","17","130","Michigan","21"
"401282684","2021","11","regular","false","228","Clemson","44","41","UConn","7"
"401287938","2021","11","regular","false","239","Baylor","27","201","Oklahoma","14"
"401301043","2021","11","regular","false","218","Temple","8","248","Houston","37"
"401301041","2021","11","regular","false","2567","SMU","55","2116","UCF","28"
"401282687","2021","11","regular","false","97","Louisville","41","183","Syracuse","3"
"401282728","2021","11","regular","false","84","Indiana","3","164","Rutgers","38"
"401328999","2021","11","regular","false","2822","North Greenville","56","2560","Shorter","0"
"401286304","2021","11","regular","false","113","Massachusetts","10","311","Maine","35"
"401282129","2021","11","regular","false","57","Florida","70","2535","Samford","52"
"401329178","2021","11","regular","false","568","Minot State","28","3066","Concordia University St Paul","20"
"401310254","2021","11","regular","false","349","Army","63","2083","Bucknell","10"
"401301042","2021","11","regular","false","235","Memphis","29","151","East Carolina","30"
"401337826","2021","11","regular","false","2168","Dayton","38","2166","Davidson","29"
"401332304","2021","11","regular","false","2529","Sacred Heart","27","2681","Wagner","0"
"401332297","2021","11","regular","false","2184","Duquesne","31","2115","Central Connecticut","27"
"401329331","2021","11","regular","false","2598","St. Francis (PA)","22","2771","Merrimack","6"
"401328645","2021","11","regular","false","2755","Grambling","14","2065","Bethune-Cookman","31"
"401282127","2021","11","regular","false","333","Alabama","59","166","New Mexico State","3"
"401329189","2021","11","regular","false","2071","Bloomsburg","9","2858","PennWest California","24"
"401329429","2021","11","regular","false","210","Millersville","21","2205","Edinboro University","42"
"401329440","2021","11","regular","false","587","Notre Dame College","72","2017","Alderson-Broaddus","7"
"401329455","2021","11","regular","false","2704","West Texas A&M","52","121754","Bethel Col","9"
"401329486","2021","11","regular","false","2224","Findlay","26","2838","Tiffin","21"
"401387493","2021","11","regular","false","2315","Kutztown University","38","215","Slippery Rock","32"
"401347697","2021","11","regular","false","2022","American International","14","2487","Pace","7"
"401344443","2021","11","regular","false","2060","Bentley","48","2038","Assumption","23"
"401287939","2021","11","regular","false","2306","Kansas State","34","277","West Virginia","17"
"401341946","2021","11","regular","false","2707","West Virginia State","13","2128","University Of Charleston (WV)","38"
"401387494","2021","11","regular","false","2974","Shepherd","55","2134","Clarion","0"
"401328274","2021","11","regular","false","108","Harvard","23","219","Pennsylvania","7"
"401328158","2021","11","regular","false","2405","Monmouth","44","2523","Robert Morris","7"
"401328370","2021","11","regular","false","2754","Youngstown State","17","2449","North Dakota State","49"
"401328484","2021","11","regular","false","2329","Lehigh","23","46","Georgetown","9"
"401328505","2021","11","regular","false","2086","Butler","3","2674","Valparaiso","47"
"401329209","2021","11","regular","false","223","West Chester","24","2291","Indiana-Pennsylvania","31"
"401328476","2021","11","regular","false","322","Lafayette","13","2142","Colgate","20"
"401328116","2021","11","regular","false","2097","Campbell","21","2261","Hampton","28"
"401328167","2021","11","regular","false","399","UAlbany","41","2415","Morgan State","14"
"401328295","2021","11","regular","false","2169","Delaware State","28","2450","Norfolk State","26"
"401328520","2021","11","regular","false","2506","Presbyterian","32","2368","Marist","57"
"401328491","2021","11","regular","false","2230","Fordham","24","107","Holy Cross","52"
"401328322","2021","11","regular","false","47","Howard","27","2428","North Carolina Central","45"
"401328209","2021","11","regular","false","227","Rhode Island","28","160","New Hampshire","3"
"401327995","2021","11","regular","false","2534","Sam Houston","42","2198","Eastern Kentucky","28"
"401328344","2021","11","regular","false","282","Indiana State","21","79","Southern Illinois","47"
"401328246","2021","11","regular","false","171","Columbia","23","225","Brown","17"
"401328229","2021","11","regular","false","222","Villanova","33","2619","Stony Brook","14"
"401329371","2021","11","regular","false","2559","Shippensburg","17","2385","Mercyhurst","13"
"401328712","2021","11","regular","false","2654","Truman State","10","2292","Indianapolis","13"
"401328722","2021","11","regular","false","2316","Kentucky Wesleyan","0","308","Ashland","17"
"401328732","2021","11","regular","false","125","Grand Valley State University","42","110254","Davenport","0"
"401328932","2021","11","regular","false","112334","Franklin Pierce","20","2441","New Haven","34"
"401328934","2021","11","regular","false","2222","Ferris State","35","131","Wayne State (MI)","13"
"401328959","2021","11","regular","false","2392","Michigan Tech","21","129","Saginaw Valley State","20"
"401328972","2021","11","regular","false","128","Northern Michigan","34","2886","Northwood (MI)","26"
"401329007","2021","11","regular","false","2695","West Alabama","24","2401","Mississippi College","28"
"401329019","2021","11","regular","false","2698","West Georgia","44","2170","Delta State","7"
"401329047","2021","11","regular","false","2817","Minnesota State Moorhead","21","2844","Wayne State (NE)","24"
"401329356","2021","11","regular","false","209","Lock Haven University","7","611","Seton Hill","59"
"401329393","2021","11","regular","false","455","West Virginia Wesleyan","13","2249","Glenville State","43"
"401329480","2021","11","regular","false","437","Lake Erie","7","2682","Walsh","24"
"401329490","2021","11","regular","false","2438","Nebraska-Kearney","56","196","Northeastern State","10"
"401329697","2021","11","regular","false","2331","Lenoir-Rhyne","56","2107","Catawba","3"
"401332018","2021","11","regular","false","2273","Hillsdale","21","2477","Ohio Dominican","17"
"401334767","2021","11","regular","false","2148","Concord University","28","2882","UNC Pembroke","25"
"401337874","2021","11","regular","false","341","Frostburg State","56","2699","West Liberty","3"
"401341494","2021","11","regular","false","101784","ERSKINE","17","2310","Kentucky State","41"
"401347705","2021","11","regular","false","2583","Southern Connecticut State","6","284","Stonehill","42"
"401328525","2021","11","regular","false","2413","Morehead State","36","56","Stetson","35"
"401332318","2021","11","regular","false","2181","Drake","14","2900","St. Thomas (MN)","21"
"401344146","2021","11","regular","false","163","Princeton","35","43","Yale","20"
"401388831","2021","11","regular","false","2075","Bowie State","17","2220","Fayetteville State","7"
"401339817","2021","11","regular","false","2803","Bryant","52","2341","Long Island University","7"
"401329663","2021","11","regular","false","2188","East Stroudsburg University","10","367","Gannon","13"
"401329650","2021","11","regular","false","2839","Greeneville","48","2105","Carson-Newman College","13"
"401328125","2021","11","regular","false","2241","Gardner-Webb","24","2127","Charleston Southern","32"
"401386511","2021","11","regular","false","2019","Allen","34","2206","Edward Waters","51"
"401328155","2021","11","regular","false","2569","South Carolina State","17","2448","North Carolina A&T","27"
"401328256","2021","11","regular","false","159","Dartmouth","41","172","Cornell","7"
"401309639","2021","11","regular","false","324","Coastal Carolina","40","2247","Georgia State","42"
"401328190","2021","11","regular","false","119","Towson","14","2210","Elon","37"
"401282259","2021","11","regular","false","242","Rice","21","98","Western Kentucky","42"
"401328181","2021","11","regular","false","257","Richmond","51","48","Delaware","27"
"401328027","2021","11","regular","false","2000","Abilene Christian","29","2627","Tarleton State","3"
"401328623","2021","11","regular","false","2400","Mississippi Valley State","44","2011","Alabama State","31"
"401328379","2021","11","regular","false","233","South Dakota","23","2571","South Dakota State","20"
"401328573","2021","11","regular","false","2717","Western Carolina","35","2193","East Tennessee State","56"
"401328559","2021","11","regular","false","231","Furman","37","2678","VMI","31"
"401328553","2021","11","regular","false","2643","The Citadel","45","2747","Wofford","44"
"401328425","2021","11","regular","false","93","Murray State","28","2546","Southeast Missouri State","10"
"401309896","2021","11","regular","false","12","Arizona","29","254","Utah","38"
"401329461","2021","11","regular","false","2687","Washburn","38","2403","Missouri Southern State","28"
"401329449","2021","11","regular","false","2876","Lincoln (MO)","12","137","Missouri Western","41"
"401329411","2021","11","regular","false","2231","Fort Hays State","24","90","Pittsburg St","34"
"401329350","2021","11","regular","false","2118","Central Missouri","30","2122","Central Oklahoma","29"
"401329318","2021","11","regular","false","613","South Dakota Mines","10","11","Colorado Mesa","13"
"401329150","2021","11","regular","false","2043","Augustana University (SD)","55","2587","Southwest Minnesota State","0"
"401329112","2021","11","regular","false","2395","Midwestern State","36","110243","UT Permian Basin","30"
"401329067","2021","11","regular","false","2851","Winona State","18","2364","Minnesota State Mankato","16"
"401329033","2021","11","regular","false","2146","Colorado School Of Mines","63","2001","Adams State","0"
"401328688","2021","11","regular","false","2586","Southwest Baptist","41","2402","Missouri S&T","42"
"401328615","2021","11","regular","false","2815","Lindenwood","45","2816","McKendree","30"
"401328403","2021","11","regular","false","2888","Ouachita Baptist","31","2271","Henderson State","28"
"401329132","2021","11","regular","false","132","Bemidji State","62","559","University of Mary","40"
"401332009","2021","11","regular","false","2911","William Jewell","17","2825","Quincy","51"
"401329642","2021","11","regular","false","2842","UVA Wise","24","122666","Wilson","36"
"401329507","2021","11","regular","false","2894","Sioux Falls","42","389","Upper Iowa University","21"
"401329076","2021","11","regular","false","134","Minnesota Duluth","49","425","Northern State","35"
"401329403","2021","11","regular","false","138","Northwest Missouri St","35","2214","Emporia State University","7"
"401309637","2021","11","regular","false","2026","App State","31","6","South Alabama","7"
"401328462","2021","11","regular","false","2635","Tennessee Tech","3","2630","UT Martin","42"
"401328074","2021","11","regular","false","2464","Northern Arizona","3","149","Montana","30"
"401309640","2021","11","regular","false","326","Texas State","30","290","Georgia Southern","38"
"401328583","2021","11","regular","false","2277","Houston Christian","3","2377","McNeese","44"
"401328543","2021","11","regular","false","2382","Mercer","10","236","Chattanooga","6"
"401328411","2021","11","regular","false","2634","Tennessee State","7","2046","Austin Peay","36"
"401328359","2021","11","regular","false","2623","Missouri State","34","2460","Northern Iowa","27"
"401328335","2021","11","regular","false","155","North Dakota","14","2287","Illinois State","7"
"401328142","2021","11","regular","false","2453","North Alabama","24","338","Kennesaw State","28"
"401328055","2021","11","regular","false","147","Montana State","20","70","Idaho","13"
"401329659","2021","11","regular","false","351","Wingate","26","2369","Mars Hill","19"
"401328286","2021","11","regular","false","2033","Arkansas Tech","0","2264","Harding University","31"
"401328318","2021","11","regular","false","2568","Southern Arkansas","37","2028","Arkansas-Monticello","73"
"401328632","2021","11","regular","false","2016","Alcorn State","31","2504","Prairie View A&M","29"
"401329336","2021","11","regular","false","2714","Western Colorado","14","2570","CSU Pueblo","7"
"401329304","2021","11","regular","false","2069","Black Hills State","6","2123","Chadron St","57"
"401328470","2021","11","regular","false","200","Southern Nazarene","14","319","Oklahoma Baptist","42"
"401328353","2021","11","regular","false","199","Southeastern Oklahoma State","28","2191","East Central (OK)","30"
"401328639","2021","11","regular","false","2029","Arkansas-Pine Bluff","7","50","Florida A&M","37"
"401328693","2021","11","regular","false","2640","Texas Southern","49","2010","Alabama A&M","52"
"401328197","2021","11","regular","false","2729","William & Mary","22","256","James Madison","32"
"401282689","2021","11","regular","false","259","Virginia Tech","48","150","Duke","17"
"401282257","2021","11","regular","false","276","Marshall","14","5","UAB","21"
"401282260","2021","11","regular","false","2636","UTSA","27","2572","Southern Miss","17"
"401282254","2021","11","regular","false","2348","Louisiana Tech","42","2429","Charlotte","32"
"401309641","2021","11","regular","false","2653","Troy","21","309","Louisiana","35"
"401282762","2021","11","regular","false","2294","Iowa","27","135","Minnesota","22"
"401282133","2021","11","regular","false","2633","Tennessee","17","61","Georgia","41"
"401282685","2021","11","regular","false","52","Florida State","31","2390","Miami","28"
"401282256","2021","11","regular","false","295","Old Dominion","30","2226","Florida Atlantic","16"
"401282812","2021","11","regular","false","194","Ohio State","59","2509","Purdue","31"
"401282255","2021","11","regular","false","2393","Middle Tennessee","50","2229","Florida International","10"
"401282686","2021","11","regular","false","59","Georgia Tech","30","103","Boston College","41"
"401287942","2021","11","regular","false","2641","Texas Tech","41","66","Iowa State","38"
"401282771","2021","11","regular","false","127","Michigan State","40","120","Maryland","21"
"401282258","2021","11","regular","false","249","North Texas","20","2638","UTEP","17"
"401282132","2021","11","regular","false","142","Missouri","31","2579","South Carolina","28"
"401310745","2021","11","regular","false","2439","UNLV","27","62","Hawai'i","13"
"401301044","2021","11","regular","false","2655","Tulane","13","202","Tulsa","20"
"401332021","2021","11","regular","false","2120","Central Washington","70","2829","Simon Fraser","0"
"401328597","2021","11","regular","false","2447","Nicholls","23","2916","Incarnate Word","27"
"401328098","2021","11","regular","false","253","Southern Utah","0","2692","Weber State","62"
"401328457","2021","11","regular","false","2823","Northwestern Oklahoma State","31","2927","Southwestern Oklahoma State","28"
"401331757","2021","11","regular","false","2336","Limestone","7","2444","Newberry","42"
"401368010","2021","11","regular","false","2848","Western Oregon","55","124179","Lincoln (CA)","16"
"401328988","2021","11","regular","false","110242","West Florida","61","2673","Valdosta State","42"
"401328003","2021","11","regular","false","2320","Lamar","7","55","Jacksonville State","38"
"401329159","2021","11","regular","false","2837","East Texas A&M","30","2201","Eastern New Mexico","10"
"401309638","2021","11","regular","false","2433","UL Monroe","24","2032","Arkansas State","27"
"401327975","2021","11","regular","false","2110","Central Arkansas","14","2617","Stephen F. Austin","27"
"401309894","2021","11","regular","false","204","Oregon State","35","24","Stanford","14"
"401310741","2021","11","regular","false","36","Colorado State","21","2005","Air Force","35"
"401310743","2021","11","regular","false","278","Fresno State","34","167","New Mexico","7"
"401282134","2021","11","regular","false","238","Vanderbilt","17","96","Kentucky","34"
"401282131","2021","11","regular","false","145","Ole Miss","29","245","Texas A&M","19"
"401309897","2021","11","regular","false","264","Washington","30","9","Arizona State","35"
"401328600","2021","11","regular","false","2545","SE Louisiana","56","2466","Northwestern State","28"
"401328671","2021","11","regular","false","2582","Southern","17","2296","Jackson State","21"
"401287941","2021","11","regular","false","251","Texas","56","2305","Kansas","57"
"401282130","2021","11","regular","false","99","LSU","13","8","Arkansas","16"
"401282690","2021","11","regular","false","154","Wake Forest","45","152","NC State","42"
"401282688","2021","11","regular","false","258","Virginia","3","87","Notre Dame","28"
"401328046","2021","11","regular","false","302","UC Davis","20","331","Eastern Washington","38"
"401329101","2021","11","regular","false","2658","Texas A&M-Kingsville","19","2025","Angelo State","58"
"401287940","2021","11","regular","false","197","Oklahoma State","63","2628","TCU","17"
"401328036","2021","11","regular","false","13","Cal Poly","32","304","Idaho State","29"
"401328094","2021","11","regular","false","16","Sacramento State","49","2502","Portland State","20"
"401327986","2021","11","regular","false","3101","Utah Tech","62","2237","Fort Lewis","21"
"401309898","2021","11","regular","false","26","UCLA","44","38","Colorado","20"
"401310746","2021","11","regular","false","21","San Diego State","23","2440","Nevada","21"
"401309895","2021","11","regular","false","2483","Oregon","38","265","Washington State","24"
"401310744","2021","11","regular","false","23","San José State","17","328","Utah State","48"
"401309589","2021","12","regular","false","195","Ohio","23","2649","Toledo","35"
"401309588","2021","12","regular","false","2199","Eastern Michigan","22","2711","Western Michigan","21"
"401308841","2021","12","regular","false","193","Miami (OH)","34","189","Bowling Green","7"
"401309591","2021","12","regular","false","2050","Ball State","17","2117","Central Michigan","37"
"401309590","2021","12","regular","false","2084","Buffalo","27","2459","Northern Illinois","33"
"401328598","2021","12","regular","false","2545","SE Louisiana","42","2447","Nicholls","45"
"401282691","2021","12","regular","false","150","Duke","22","97","Louisville","62"
"401282264","2021","12","regular","false","2348","Louisiana Tech","19","2572","Southern Miss","35"
"401301045","2021","12","regular","false","248","Houston","31","235","Memphis","13"
"401309899","2021","12","regular","false","265","Washington State","44","12","Arizona","18"
"401310747","2021","12","regular","false","2440","Nevada","39","2005","Air Force","41"
"401310751","2021","12","regular","false","2439","UNLV","20","21","San Diego State","28"
"401387854","2021","12","regular","false","2974","Shepherd","38","2224","Findlay","31"
"401282696","2021","12","regular","false","153","North Carolina","34","2747","Wofford","14"
"401387856","2021","12","regular","false","587","Notre Dame College","33","215","Slippery Rock","25"
"401282144","2021","12","regular","false","245","Texas A&M","52","2504","Prairie View A&M","3"
"401344147","2021","12","regular","false","43","Yale","31","108","Harvard","34"
"401287944","2021","12","regular","false","201","Oklahoma","28","66","Iowa State","21"
"401328303","2021","12","regular","false","2415","Morgan State","28","46","Georgetown","21"
"401328477","2021","12","regular","false","2142","Colgate","45","2230","Fordham","31"
"401328506","2021","12","regular","false","2368","Marist","21","2086","Butler","28"
"401332298","2021","12","regular","false","2681","Wagner","0","2184","Duquesne","44"
"401287947","2021","12","regular","false","277","West Virginia","31","251","Texas","23"
"401332305","2021","12","regular","false","2341","Long Island University","14","2529","Sacred Heart","38"
"401332309","2021","12","regular","false","2115","Central Connecticut","24","2598","St. Francis (PA)","21"
"401335303","2021","12","regular","false","2329","Lehigh","17","322","Lafayette","10"
"401301048","2021","12","regular","false","2655","Tulane","45","58","South Florida","14"
"401282818","2021","12","regular","false","213","Penn State","28","164","Rutgers","0"
"401282808","2021","12","regular","true","77","Northwestern","14","2509","Purdue","32"
"401282786","2021","12","regular","false","194","Ohio State","56","127","Michigan State","7"
"401309592","2021","12","regular","false","2006","Akron","0","2309","Kent State","38"
"401282693","2021","12","regular","false","228","Clemson","48","154","Wake Forest","27"
"401282136","2021","12","regular","false","61","Georgia","56","2127","Charleston Southern","7"
"401282140","2021","12","regular","false","344","Mississippi State","55","2634","Tennessee State","10"
"401282137","2021","12","regular","false","96","Kentucky","56","166","New Mexico State","16"
"401282263","2021","12","regular","false","98","Western Kentucky","52","2226","Florida Atlantic","17"
"401282692","2021","12","regular","false","103","Boston College","23","52","Florida State","26"
"401286305","2021","12","regular","false","349","Army","33","113","Massachusetts","17"
"401328117","2021","12","regular","false","2523","Robert Morris","20","2097","Campbell","17"
"401328268","2021","12","regular","false","225","Brown","31","159","Dartmouth","52"
"401328570","2021","12","regular","false","2678","VMI","24","2717","Western Carolina","52"
"401328168","2021","12","regular","false","2619","Stony Brook","36","399","UAlbany","14"
"401328182","2021","12","regular","false","48","Delaware","13","222","Villanova","21"
"401328203","2021","12","regular","false","160","New Hampshire","20","311","Maine","33"
"401328247","2021","12","regular","false","172","Cornell","26","171","Columbia","34"
"401328275","2021","12","regular","false","219","Pennsylvania","14","163","Princeton","34"
"401328336","2021","12","regular","false","2287","Illinois State","10","282","Indiana State","15"
"401387850","2021","12","regular","false","125","Grand Valley State University","20","2815","Lindenwood","3"
"401387851","2021","12","regular","false","2043","Augustana University (SD)","24","132","Bemidji State","28"
"401387852","2021","12","regular","false","2441","New Haven","38","2060","Bentley","13"
"401387859","2021","12","regular","false","2013","Albany State GA","7","2698","West Georgia","23"
"401328593","2021","12","regular","false","2377","McNeese","20","2466","Northwestern State","24"
"401328695","2021","12","regular","false","2193","East Tennessee State","38","2382","Mercer","35"
"401329332","2021","12","regular","false","2771","Merrimack","14","2803","Bryant","58"
"401332319","2021","12","regular","false","2166","Davidson","45","2181","Drake","14"
"401334823","2021","12","regular","false","56","Stetson","16","301","San Diego","41"
"401328131","2021","12","regular","false","2448","North Carolina A&T","27","2241","Gardner-Webb","35"
"401328137","2021","12","regular","false","2261","Hampton","27","2453","North Alabama","35"
"401328143","2021","12","regular","false","338","Kennesaw State","49","2405","Monmouth","17"
"401328492","2021","12","regular","false","2083","Bucknell","6","107","Holy Cross","45"
"401387860","2021","12","regular","false","2075","Bowie State","31","2331","Lenoir-Rhyne","10"
"401328560","2021","12","regular","false","2535","Samford","34","231","Furman","41"
"401309644","2021","12","regular","false","324","Coastal Carolina","35","326","Texas State","21"
"401341488","2021","12","regular","false","47","Howard","56","2355","Virginia University Of Lynchburg","6"
"401328419","2021","12","regular","false","2197","Eastern Illinois","13","93","Murray State","20"
"401387861","2021","12","regular","false","110242","West Florida","30","2444","Newberry","33"
"401328386","2021","12","regular","false","79","Southern Illinois","18","2754","Youngstown State","35"
"401328544","2021","12","regular","false","236","Chattanooga","21","2643","The Citadel","24"
"401328198","2021","12","regular","false","256","James Madison","56","119","Towson","10"
"401387855","2021","12","regular","false","2025","Angelo State","48","134","Minnesota Duluth","14"
"401332324","2021","12","regular","false","2900","St. Thomas (MN)","54","2506","Presbyterian","15"
"401332314","2021","12","regular","false","2546","Southeast Missouri State","31","2630","UT Martin","14"
"401328640","2021","12","regular","false","2010","Alabama A&M","52","2029","Arkansas-Pine Bluff","24"
"401328633","2021","12","regular","false","2296","Jackson State","24","2016","Alcorn State","10"
"401328526","2021","12","regular","false","2674","Valparaiso","38","2413","Morehead State","51"
"401328377","2021","12","regular","false","2460","Northern Iowa","41","2710","Western Illinois","3"
"401327996","2021","12","regular","false","2198","Eastern Kentucky","39","55","Jacksonville State","31"
"401328308","2021","12","regular","false","2450","Norfolk State","21","2569","South Carolina State","31"
"401328014","2021","12","regular","false","2000","Abilene Christian","9","2534","Sam Houston","35"
"401328069","2021","12","regular","false","149","Montana","29","147","Montana State","10"
"401328191","2021","12","regular","false","2210","Elon","43","227","Rhode Island","28"
"401328296","2021","12","regular","false","2428","North Carolina Central","34","2169","Delaware State","28"
"401387857","2021","12","regular","false","138","Northwest Missouri St","50","2120","Central Washington","21"
"401282721","2021","12","regular","false","2294","Iowa","33","356","Illinois","23"
"401329467","2021","12","regular","false","2703","Western New Mexico","28","2424","New Mexico Highlands","31"
"401387853","2021","12","regular","false","2264","Harding University","30","2687","Washburn","14"
"401309643","2021","12","regular","false","2247","Georgia State","28","2032","Arkansas State","20"
"401282697","2021","12","regular","false","87","Notre Dame","55","59","Georgia Tech","0"
"401387858","2021","12","regular","false","2714","Western Colorado","24","2438","Nebraska-Kearney","31"
"401328584","2021","12","regular","false","2277","Houston Christian","14","2916","Incarnate Word","55"
"401328412","2021","12","regular","false","2046","Austin Peay","48","2635","Tennessee Tech","20"
"401328366","2021","12","regular","false","2571","South Dakota State","24","155","North Dakota","21"
"401328084","2021","12","regular","false","2692","Weber State","48","2458","Northern Colorado","17"
"401328056","2021","12","regular","false","304","Idaho State","0","70","Idaho","14"
"401309903","2021","12","regular","false","38","Colorado","20","264","Washington","17"
"401328624","2021","12","regular","false","2011","Alabama State","24","2640","Texas Southern","21"
"401328371","2021","12","regular","false","2449","North Dakota State","52","233","South Dakota","24"
"401328225","2021","12","regular","false","2729","William & Mary","17","257","Richmond","20"
"401282732","2021","12","regular","false","84","Indiana","14","135","Minnesota","35"
"401282135","2021","12","regular","false","333","Alabama","42","8","Arkansas","35"
"401282803","2021","12","regular","false","275","Wisconsin","35","158","Nebraska","28"
"401301046","2021","12","regular","false","2132","Cincinnati","48","2567","SMU","14"
"401301047","2021","12","regular","false","2426","Navy","35","151","East Carolina","38"
"401282265","2021","12","regular","false","2393","Middle Tennessee","17","295","Old Dominion","24"
"401282261","2021","12","regular","false","2429","Charlotte","28","276","Marshall","49"
"401328646","2021","12","regular","false","50","Florida A&M","46","2065","Bethune-Cookman","21"
"401309642","2021","12","regular","false","2653","Troy","7","2026","App State","45"
"401282267","2021","12","regular","false","2636","UTSA","34","5","UAB","31"
"401282698","2021","12","regular","false","221","Pittsburgh","48","258","Virginia","38"
"401282770","2021","12","regular","false","120","Maryland","18","130","Michigan","59"
"401301049","2021","12","regular","false","202","Tulsa","44","218","Temple","10"
"401286298","2021","12","regular","false","2335","Liberty","14","309","Louisiana","42"
"401282141","2021","12","regular","false","142","Missouri","24","57","Florida","23"
"401287945","2021","12","regular","false","2628","TCU","31","2305","Kansas","28"
"401282695","2021","12","regular","false","152","NC State","41","183","Syracuse","17"
"401286293","2021","12","regular","false","2116","UCF","49","41","UConn","17"
"401282266","2021","12","regular","false","2638","UTEP","38","242","Rice","28"
"401309645","2021","12","regular","false","290","Georgia Southern","17","252","BYU","34"
"401309904","2021","12","regular","false","30","USC","33","26","UCLA","62"
"401328097","2021","12","regular","false","302","UC Davis","7","16","Sacramento State","27"
"401328010","2021","12","regular","false","2320","Lamar","6","2617","Stephen F. Austin","42"
"401328047","2021","12","regular","false","2502","Portland State","28","331","Eastern Washington","42"
"401287943","2021","12","regular","false","2306","Kansas State","10","239","Baylor","20"
"401309900","2021","12","regular","false","24","Stanford","11","25","California","41"
"401282262","2021","12","regular","false","2229","Florida International","7","249","North Texas","49"
"401282142","2021","12","regular","false","2579","South Carolina","21","2","Auburn","17"
"401327976","2021","12","regular","false","2627","Tarleton State","24","2110","Central Arkansas","3"
"401309901","2021","12","regular","false","254","Utah","38","2483","Oregon","7"
"401282694","2021","12","regular","false","2390","Miami","38","259","Virginia Tech","26"
"401282143","2021","12","regular","false","2633","Tennessee","60","6","South Alabama","14"
"401282139","2021","12","regular","false","145","Ole Miss","31","238","Vanderbilt","17"
"401287946","2021","12","regular","false","2641","Texas Tech","0","197","Oklahoma State","23"
"401310750","2021","12","regular","false","328","Utah State","17","2751","Wyoming","44"
"401328037","2021","12","regular","false","13","Cal Poly","21","2464","Northern Arizona","45"
"401327987","2021","12","regular","false","3101","Utah Tech","24","2623","Missouri State","55"
"401282138","2021","12","regular","false","99","LSU","27","2433","UL Monroe","14"
"401310748","2021","12","regular","false","68","Boise State","37","167","New Mexico","0"
"401309902","2021","12","regular","false","204","Oregon State","24","9","Arizona State","10"
"401310749","2021","12","regular","false","62","Hawai'i","50","36","Colorado State","45"
"401309594","2021","13","regular","false","2459","Northern Illinois","21","2711","Western Michigan","42"
"401309593","2021","13","regular","false","2050","Ball State","20","2084","Buffalo","3"
"401328625","2021","13","regular","false","2011","Alabama State","43","2657","Tuskegee","9"
"401310757","2021","13","regular","false","23","San José State","9","278","Fresno State","40"
"401282151","2021","13","regular","false","344","Mississippi State","21","145","Ole Miss","31"
"401309595","2021","13","regular","false","2117","Central Michigan","31","2199","Eastern Michigan","10"
"401310753","2021","13","regular","false","21","San Diego State","27","68","Boise State","16"
"401287952","2021","13","regular","false","251","Texas","22","2306","Kansas State","17"
"401309596","2021","13","regular","false","189","Bowling Green","21","195","Ohio","10"
"401310755","2021","13","regular","false","167","New Mexico","10","328","Utah State","35"
"401282761","2021","13","regular","false","158","Nebraska","21","2294","Iowa","28"
"401282274","2021","13","regular","false","5","UAB","42","2638","UTEP","25"
"401301050","2021","13","regular","false","2116","UCF","17","58","South Florida","13"
"401301051","2021","13","regular","false","151","East Carolina","13","2132","Cincinnati","35"
"401309648","2021","13","regular","false","6","South Alabama","21","324","Coastal Carolina","27"
"401282145","2021","13","regular","false","8","Arkansas","34","142","Missouri","17"
"401310752","2021","13","regular","false","2005","Air Force","48","2439","UNLV","14"
"401309906","2021","13","regular","false","254","Utah","28","38","Colorado","13"
"401287949","2021","13","regular","false","66","Iowa State","48","2628","TCU","14"
"401282699","2021","13","regular","false","152","NC State","34","153","North Carolina","30"
"401309905","2021","13","regular","false","264","Washington","13","265","Washington State","40"
"401308842","2021","13","regular","false","2309","Kent State","48","193","Miami (OH)","47"
"401286299","2021","13","regular","false","2335","Liberty","16","349","Army","31"
"401287948","2021","13","regular","false","239","Baylor","27","2641","Texas Tech","24"
"401301052","2021","13","regular","false","41","UConn","17","248","Houston","45"
"401309597","2021","13","regular","false","2649","Toledo","49","2006","Akron","14"
"401282766","2021","13","regular","false","164","Rutgers","16","120","Maryland","40"
"401282700","2021","13","regular","false","103","Boston College","10","154","Wake Forest","41"
"401282781","2021","13","regular","false","130","Michigan","42","194","Ohio State","27"
"401301054","2021","13","regular","false","218","Temple","14","2426","Navy","38"
"401282147","2021","13","regular","false","57","Florida","24","52","Florida State","21"
"401282148","2021","13","regular","false","59","Georgia Tech","0","61","Georgia","45"
"401389032","2021","13","regular","false","107","Holy Cross","13","2529","Sacred Heart","10"
"401282701","2021","13","regular","false","150","Duke","10","2390","Miami","47"
"401388894","2021","13","regular","false","2222","Ferris State","54","125","Grand Valley State University","20"
"401388893","2021","13","regular","false","2075","Bowie State","13","2444","Newberry","10"
"401388892","2021","13","regular","false","2974","Shepherd","38","587","Notre Dame College","34"
"401388890","2021","13","regular","false","2315","Kutztown University","10","2441","New Haven","7"
"401282271","2021","13","regular","false","242","Rice","35","2348","Louisiana Tech","31"
"401388891","2021","13","regular","false","2673","Valdosta State","66","2698","West Georgia","35"
"401389036","2021","13","regular","false","338","Kennesaw State","48","2166","Davidson","21"
"401282273","2021","13","regular","false","249","North Texas","45","2636","UTSA","23"
"401388897","2021","13","regular","false","2025","Angelo State","20","2438","Nebraska-Kearney","7"
"401282268","2021","13","regular","false","295","Old Dominion","56","2429","Charlotte","34"
"401388896","2021","13","regular","false","2264","Harding University","9","138","Northwest Missouri St","28"
"401309649","2021","13","regular","false","2247","Georgia State","37","2653","Troy","10"
"401309647","2021","13","regular","false","2032","Arkansas State","22","326","Texas State","24"
"401309646","2021","13","regular","false","2026","App State","27","290","Georgia Southern","3"
"401286306","2021","13","regular","false","166","New Mexico State","44","113","Massachusetts","27"
"401388895","2021","13","regular","false","2146","Colorado School Of Mines","55","132","Bemidji State","6"
"401310756","2021","13","regular","false","2751","Wyoming","14","62","Hawai'i","38"
"401282269","2021","13","regular","false","2572","Southern Miss","37","2229","Florida International","17"
"401328676","2021","13","regular","false","2504","Prairie View A&M","19","2400","Mississippi Valley State","24"
"401389033","2021","13","regular","false","2571","South Dakota State","56","302","UC Davis","24"
"401389030","2021","13","regular","false","2916","Incarnate Word","35","2617","Stephen F. Austin","28"
"401282722","2021","13","regular","false","356","Illinois","47","77","Northwestern","14"
"401282146","2021","13","regular","false","2","Auburn","22","333","Alabama","24"
"401309908","2021","13","regular","false","2483","Oregon","38","204","Oregon State","29"
"401282753","2021","13","regular","false","2509","Purdue","44","84","Indiana","7"
"401282785","2021","13","regular","false","127","Michigan State","30","213","Penn State","27"
"401282272","2021","13","regular","false","276","Marshall","21","98","Western Kentucky","53"
"401282153","2021","13","regular","false","2633","Tennessee","45","238","Vanderbilt","21"
"401282703","2021","13","regular","false","258","Virginia","24","259","Virginia Tech","29"
"401309909","2021","13","regular","false","9","Arizona State","38","12","Arizona","15"
"401389035","2021","13","regular","false","331","Eastern Washington","19","2460","Northern Iowa","9"
"401282794","2021","13","regular","false","135","Minnesota","23","275","Wisconsin","13"
"401309650","2021","13","regular","false","309","Louisiana","21","2433","UL Monroe","16"
"401301055","2021","13","regular","false","2567","SMU","31","202","Tulsa","34"
"401389031","2021","13","regular","false","2623","Missouri State","31","2630","UT Martin","32"
"401328666","2021","13","regular","true","2755","Grambling","29","2582","Southern","26"
"401389037","2021","13","regular","false","233","South Dakota","10","79","Southern Illinois","22"
"401287950","2021","13","regular","false","2305","Kansas","28","277","West Virginia","34"
"401282270","2021","13","regular","false","2226","Florida Atlantic","17","2393","Middle Tennessee","27"
"401389034","2021","13","regular","false","2545","SE Louisiana","38","50","Florida A&M","14"
"401282150","2021","13","regular","false","99","LSU","27","245","Texas A&M","24"
"401282149","2021","13","regular","false","97","Louisville","21","96","Kentucky","52"
"401282702","2021","13","regular","false","183","Syracuse","14","221","Pittsburgh","31"
"401282152","2021","13","regular","false","2579","South Carolina","0","228","Clemson","30"
"401301053","2021","13","regular","false","235","Memphis","33","2655","Tulane","28"
"401287951","2021","13","regular","false","197","Oklahoma State","37","201","Oklahoma","33"
"401282711","2021","13","regular","false","24","Stanford","14","87","Notre Dame","45"
"401310754","2021","13","regular","false","36","Colorado State","10","2440","Nevada","52"
"401309910","2021","13","regular","false","30","USC","31","252","BYU","35"
"401309907","2021","13","regular","false","26","UCLA","42","25","California","14"
"401389821","2021","14","regular","false","222","Villanova","21","107","Holy Cross","16"
"401282156","2021","14","regular","false","2636","UTSA","49","98","Western Kentucky","41"
"401331159","2021","14","regular","true","254","Utah","38","2483","Oregon","10"
"401389822","2021","14","regular","false","149","Montana","57","331","Eastern Washington","41"
"401287953","2021","14","regular","true","197","Oklahoma State","16","239","Baylor","21"
"401331160","2021","14","regular","true","2459","Northern Illinois","41","2309","Kent State","23"
"401389824","2021","14","regular","false","2315","Kutztown University","28","2974","Shepherd","30"
"401389825","2021","14","regular","false","2673","Valdosta State","41","2075","Bowie State","17"
"401389826","2021","14","regular","false","2222","Ferris State","41","138","Northwest Missouri St","20"
"401389820","2021","14","regular","false","2193","East Tennessee State","32","338","Kennesaw State","31"
"401389827","2021","14","regular","false","2146","Colorado School Of Mines","34","2025","Angelo State","26"
"401389818","2021","14","regular","false","2534","Sam Houston","49","2916","Incarnate Word","42"
"401310676","2021","14","regular","false","21","San Diego State","13","328","Utah State","46"
"401331161","2021","14","regular","false","309","Louisiana","24","2026","App State","16"
"401389850","2021","14","regular","false","2449","North Dakota State","38","79","Southern Illinois","7"
"401331162","2021","14","regular","false","2132","Cincinnati","35","248","Houston","20"
"401282154","2021","14","regular","true","333","Alabama","41","61","Georgia","24"
"401389819","2021","14","regular","false","147","Montana State","26","2630","UT Martin","7"
"401388990","2021","14","regular","false","2296","Jackson State","27","2504","Prairie View A&M","10"
"401331447","2021","14","regular","true","2294","Iowa","3","130","Michigan","42"
"401331163","2021","14","regular","true","154","Wake Forest","21","221","Pittsburgh","45"
"401389823","2021","14","regular","false","16","Sacramento State","19","2571","South Dakota State","24"
"401387250","2021","14","regular","false","25","California","24","30","USC","14"
"401391131","2021","15","regular","false","2449","North Dakota State","27","2193","East Tennessee State","3"
"401391050","2021","15","regular","false","2673","Valdosta State","34","2146","Colorado School Of Mines","31"
"401391133","2021","15","regular","false","222","Villanova","21","2571","South Dakota State","35"
"401301056","2021","15","regular","false","349","Army","13","2426","Navy","17"
"401391051","2021","15","regular","false","2222","Ferris State","55","2974","Shepherd","7"
"401391132","2021","15","regular","false","2534","Sam Houston","19","147","Montana State","42"
"401389870","2021","1","postseason","false","256","James Madison","59","2545","SE Louisiana","20"
"401391130","2021","1","postseason","false","256","James Madison","28","149","Montana","6"
"401331164","2021","1","postseason","true","2649","Toledo","24","2393","Middle Tennessee","31"
"401331165","2021","1","postseason","true","324","Coastal Carolina","47","2459","Northern Illinois","41"
"401392090","2021","1","postseason","true","3071","North Central College","24","2371","Mary Hardin-Baylor","57"
"401391353","2021","1","postseason","false","2449","North Dakota State","20","256","James Madison","14"
"401331166","2021","1","postseason","true","2026","App State","38","98","Western Kentucky","59"
"401391091","2021","1","postseason","true","2296","Jackson State","10","2569","South Carolina State","31"
"401391354","2021","1","postseason","false","147","Montana State","31","2571","South Dakota State","17"
"401331167","2021","1","postseason","true","278","Fresno State","31","2638","UTEP","24"
"401331168","2021","1","postseason","true","252","BYU","28","5","UAB","31"
"401331169","2021","1","postseason","true","2335","Liberty","56","2199","Eastern Michigan","20"
"401331170","2021","1","postseason","true","204","Oregon State","13","328","Utah State","24"
"401392130","2021","1","postseason","true","2222","Ferris State","58","2673","Valdosta State","17"
"401331171","2021","1","postseason","true","276","Marshall","21","309","Louisiana","36"
"401331172","2021","1","postseason","true","202","Tulsa","30","295","Old Dominion","17"
"401331213","2021","1","postseason","true","2751","Wyoming","52","2309","Kent State","38"
"401331214","2021","1","postseason","true","21","San Diego State","38","2636","UTSA","24"
"401331215","2021","1","postseason","true","349","Army","24","142","Missouri","22"
"401391158","2021","1","postseason","true","193","Miami (OH)","27","249","North Texas","14"
"401331216","2021","1","postseason","true","57","Florida","17","2116","UCF","29"
"401331218","2021","1","postseason","true","2050","Ball State","20","2247","Georgia State","51"
"401331219","2021","1","postseason","true","2440","Nevada","24","2711","Western Michigan","52"
"401331221","2021","1","postseason","true","2","Auburn","13","248","Houston","17"
"401331222","2021","1","postseason","true","97","Louisville","28","2005","Air Force","31"
"401331223","2021","1","postseason","true","2641","Texas Tech","34","344","Mississippi State","7"
"401331224","2021","1","postseason","true","135","Minnesota","18","277","West Virginia","6"
"401331226","2021","1","postseason","true","259","Virginia Tech","10","120","Maryland","54"
"401331227","2021","1","postseason","true","66","Iowa State","13","228","Clemson","20"
"401331228","2021","1","postseason","true","201","Oklahoma","47","2483","Oregon","32"
"401331229","2021","1","postseason","true","2579","South Carolina","38","153","North Carolina","21"
"401331230","2021","1","postseason","true","2509","Purdue","48","2633","Tennessee","45"
"401331231","2021","1","postseason","true","127","Michigan State","31","221","Pittsburgh","21"
"401331232","2021","1","postseason","true","9","Arizona State","13","275","Wisconsin","20"
"401331233","2021","1","postseason","true","164","Rutgers","10","154","Wake Forest","38"
"401331654","2021","1","postseason","true","2117","Central Michigan","24","265","Washington State","21"
"401331235","2021","1","postseason","true","333","Alabama","27","2132","Cincinnati","6"
"401331234","2021","1","postseason","true","130","Michigan","11","61","Georgia","34"
"401331236","2021","1","postseason","true","8","Arkansas","24","213","Penn State","10"
"401331238","2021","1","postseason","true","87","Notre Dame","35","197","Oklahoma State","37"
"401331237","2021","1","postseason","true","96","Kentucky","20","2294","Iowa","17"
"401331239","2021","1","postseason","true","194","Ohio State","48","254","Utah","45"
"401331240","2021","1","postseason","true","145","Ole Miss","7","239","Baylor","21"
"401331241","2021","1","postseason","true","2306","Kansas State","42","99","LSU","20"
"401391352","2021","1","postseason","true","2449","North Dakota State","38","147","Montana State","10"
"401331242","2021","1","postseason","true","333","Alabama","18","61","Georgia","33"
