"Id","Season","Week","NeutralSite","HomeId","HomeTeam","HomePoints","AwayId","AwayTeam","AwayPoints"
"401525434","2023","1","true","87","Notre Dame","42","2426","Navy","3"
"401540199","2023","1","true","2382","Mercer","17","2453","North Alabama","7"
"401520145","2023","1","false","55","Jacksonville State","17","2638","UTEP","14"
"401525450","2023","1","false","166","New Mexico State","30","113","Massachusetts","41"
"401540628","2023","1","false","399","UAlbany","34","2230","Fordham","13"
"401532392","2023","1","false","21","San Diego State","20","195","Ohio","13"
"401539999","2023","1","true","2296","Jackson State","37","2569","South Carolina State","7"
"401520147","2023","1","false","238","Vanderbilt","35","62","Hawai'i","28"
"401523986","2023","1","false","30","USC","56","23","San José State","28"
"401520146","2023","1","false","2348","Louisiana Tech","22","2229","Florida International","17"
"401540244","2023","1","false","2320","Lamar","17","70","Idaho","42"
"401545743","2023","1","false","2441","New Haven","24","341","Frostburg State","27"
"401540288","2023","1","false","2837","East Texas A&M","10","302","UC Davis","48"
"401540527","2023","1","false","2413","Morehead State","37","2707","West Virginia State","35"
"401550265","2023","1","false","2274","Hiram College","14","191","Heidelberg","68"
"401540607","2023","1","false","338","Kennesaw State","38","2839","Greeneville","7"
"401553950","2023","1","false","2886","Northwood (MI)","9","2249","Glenville State","44"
"401545860","2023","1","false","2017","Alderson-Broaddus","0","2858","PennWest California","0"
"401540990","2023","1","false","2882","UNC Pembroke","19","2220","Fayetteville State","17"
"401544917","2023","1","false","351","Wingate","30","2013","Albany State GA","7"
"401541838","2023","1","false","122666","Wilson","41","2804","Chowan","0"
"401540470","2023","1","false","2127","Charleston Southern","13","2822","North Greenville","10"
"401540802","2023","1","false","129","Saginaw Valley State","34","2851","Winona State","24"
"401549697","2023","1","true","126110","Keiser University","14","2401","Mississippi College","17"
"401550193","2023","1","false","2827","Rowan","17","471","Stevenson","20"
"401531834","2023","1","false","2247","Georgia State","42","227","Rhode Island","35"
"401545791","2023","1","false","210","Millersville","33","2830","St. Anselm","7"
"401541787","2023","1","false","2568","Southern Arkansas","34","199","Southeastern Oklahoma State","19"
"401540323","2023","1","false","2619","Stony Brook","13","48","Delaware","37"
"401540311","2023","1","false","2097","Campbell","24","2729","William & Mary","34"
"401545869","2023","1","false","2339","Lincoln (PA)","20","2134","Clarion","30"
"401540775","2023","1","false","2823","Northwestern Oklahoma State","24","2028","Arkansas-Monticello","49"
"401540299","2023","1","false","282","Indiana State","0","2197","Eastern Illinois","27"
"401545751","2023","1","false","2825","Quincy","34","2123","Chadron St","35"
"401545810","2023","1","false","132","Bemidji State","49","425","Northern State","13"
"401545847","2023","1","false","568","Minot State","23","2587","Southwest Minnesota State","28"
"401541782","2023","1","false","2927","Southwestern Oklahoma State","14","2888","Ouachita Baptist","38"
"401550240","2023","1","false","6353","Lakeland","13","272","Wisconsin-Platteville","80"
"401541949","2023","1","false","196","Northeastern State","0","2231","Fort Hays State","56"
"401550360","2023","1","false","2056","Belhaven","47","2398","Millsaps","7"
"401541855","2023","1","false","2535","Samford","69","2560","Shorter","14"
"401547053","2023","1","false","2310","Kentucky State","34","2805","Clark Atlanta","20"
"401558399","2023","1","true","2347","Louisiana College","34","2194","East Texas Baptist University","14"
"401541872","2023","1","false","2695","West Alabama","14","2025","Angelo State","38"
"401541801","2023","1","false","2291","Indiana-Pennsylvania","24","308","Ashland","17"
"401541033","2023","1","false","2105","Carson-Newman College","35","2355","Virginia University Of Lynchburg","3"
"401541751","2023","1","false","200","Southern Nazarene","20","2264","Harding University","53"
"401541001","2023","1","false","2986","Fairmont State","34","2071","Bloomsburg","30"
"401540794","2023","1","false","134","Minnesota Duluth","47","128","Northern Michigan","10"
"401541881","2023","1","false","2698","West Georgia","21","2336","Limestone","19"
"401541833","2023","1","false","2682","Walsh","24","2699","West Liberty","21"
"401540728","2023","1","false","2402","Missouri S&T","20","2170","Delta State","48"
"401554814","2023","1","false","2085","Buffalo State","6","2781","Brockport","42"
"401525816","2023","1","false","2116","UCF","56","2309","Kent State","6"
"401532393","2023","1","false","2711","Western Michigan","35","2598","St. Francis (PA)","17"
"401525461","2023","1","false","154","Wake Forest","37","2210","Elon","17"
"401541012","2023","1","false","2128","University Of Charleston (WV)","22","367","Gannon","13"
"401540534","2023","1","false","231","Furman","45","2635","Tennessee Tech","10"
"401547175","2023","1","true","241","McMurry","19","3","Birmingham-Southern","20"
"401545779","2023","1","false","112335","Wheeling","35","611","Seton Hill","24"
"401545842","2023","1","false","2894","Sioux Falls","26","2364","Minnesota State Mankato","54"
"401545835","2023","1","false","2844","Wayne State (NE)","31","2817","Minnesota State Moorhead","23"
"401551497","2023","1","false","2188","East Stroudsburg University","62","2487","Pace","9"
"401520174","2023","1","false","41","UConn","14","152","NC State","24"
"401540451","2023","1","false","2754","Youngstown State","52","2674","Valparaiso","10"
"401545819","2023","1","false","3066","Concordia University St Paul","43","389","Upper Iowa University","20"
"401549695","2023","1","false","2222","Ferris State","54","2385","Mercyhurst","12"
"401550428","2023","1","false","2815","Lindenwood","77","2743","Wisconsin-Stevens Pt","9"
"401551490","2023","1","false","2201","Eastern New Mexico","28","2424","New Mexico Highlands","26"
"401541939","2023","1","false","2122","Central Oklahoma","24","2438","Nebraska-Kearney","21"
"401541958","2023","1","false","2403","Missouri Southern State","24","138","Northwest Missouri St","31"
"401540463","2023","1","false","2571","South Dakota State","45","2848","Western Oregon","7"
"401549650","2023","1","false","266","Beloit","34","2524","Rockford","27"
"401540278","2023","1","false","2000","Abilene Christian","31","2458","Northern Colorado","11"
"401550414","2023","1","true","512","Dakota State University","6","2740","Wisconsin-Lacrosse","31"
"401531377","2023","1","false","5","UAB","35","2448","North Carolina A&T","6"
"401520165","2023","1","false","142","Missouri","35","233","South Dakota","10"
"401541760","2023","1","false","2271","Henderson State","41","2191","East Central (OK)","13"
"401520148","2023","1","false","135","Minnesota","13","158","Nebraska","10"
"401540745","2023","1","false","2146","Colorado School Of Mines","31","125","Grand Valley State University","28"
"401520176","2023","1","false","254","Utah","24","57","Florida","11"
"401531337","2023","1","false","202","Tulsa","42","2029","Arkansas-Pine Bluff","7"
"401541923","2023","1","false","2692","Weber State","35","2120","Central Washington","10"
"401544875","2023","1","false","2214","Emporia State University","56","2876","Lincoln (MO)","10"
"401541775","2023","1","false","319","Oklahoma Baptist","23","2033","Arkansas Tech","21"
"401541984","2023","1","false","90","Pittsburg St","34","2687","Washburn","7"
"401541928","2023","1","false","137","Missouri Western","38","2118","Central Missouri","45"
"401523987","2023","1","false","9","Arizona State","24","253","Southern Utah","21"
"401541826","2023","1","true","110242","West Florida","35","2316","Kentucky Wesleyan","3"
"401550131","2023","1","false","2884","Nichols College","6","379","UMass Dartmouth","57"
"401532394","2023","1","false","2199","Eastern Michigan","33","47","Howard","23"
"401553027","2023","1","false","2108","Catholic","34","2700","McDaniel College","7"
"401549580","2023","1","false","365","Alfred University","9","174","Hobart College","31"
"401552881","2023","1","false","2749","Worcester Polytechnic Institute","44","402","Worcester St","13"
"401550079","2023","1","false","40","Curry College","0","2776","Salve Regina","48"
"401549629","2023","1","false","2422","Muhlenberg","53","323","Moravian","12"
"401550109","2023","1","false","388","Lebanon Valley","12","2234","Franklin & Marshall","16"
"401525463","2023","1","false","2390","Miami","38","193","Miami (OH)","3"
"401520163","2023","1","false","127","Michigan State","31","2117","Central Michigan","7"
"401525462","2023","1","true","59","Georgia Tech","34","97","Louisville","39"
"401552447","2023","1","false","2667","Ursinus","38","111674","Reading","6"
"401546011","2023","1","false","613","South Dakota Mines","31","628","Valley City State","14"
"401525815","2023","1","false","2305","Kansas","48","2623","Missouri State","17"
"401553008","2023","1","false","2810","Hardin-Simmons","47","2015","Albright","3"
"401523988","2023","1","false","62","Hawai'i","24","24","Stanford","37"
"401549784","2023","1","false","2258","Guilford College","36","2256","Greensboro College","21"
"401540078","2023","1","false","2329","Lehigh","10","222","Villanova","38"
"401540285","2023","1","false","2447","Nicholls","24","16","Sacramento State","38"
"401540225","2023","1","false","13","Cal Poly","27","301","San Diego","10"
"401540219","2023","1","false","147","Montana State","63","3101","Utah Tech","20"
"401540003","2023","1","false","2115","Central Connecticut","44","2022","American International","0"
"401540396","2023","1","false","2678","VMI","12","2166","Davidson","7"
"401550253","2023","1","false","424","Capital","35","2171","Denison University","45"
"401544077","2023","1","true","101161","LYONCOLL","18","65","Grinnell","12"
"401544096","2023","1","false","317","Marietta","31","374","St John Fisher University","7"
"401540166","2023","1","false","2640","Texas Southern","34","2504","Prairie View A&M","37"
"401539993","2023","1","false","2428","North Carolina Central","47","2736","Winston-Salem","21"
"401540163","2023","1","true","2400","Mississippi Valley State","21","2119","Central State (OH)","24"
"401545706","2023","1","false","2148","Concord University","10","2213","Emory & Henry College","56"
"401545759","2023","1","false","587","Notre Dame College","23","2477","Ohio Dominican","21"
"401550454","2023","1","false","433","Westminster College (MO)","0","2519","Rhodes College","47"
"401541905","2023","1","false","110243","UT Permian Basin","96","2637","Texas College","0"
"401546995","2023","1","false","437","Lake Erie","10","112334","Franklin Pierce","26"
"401540065","2023","1","false","107","Holy Cross","42","2771","Merrimack","20"
"401540012","2023","1","false","2184","Duquesne","49","2205","Edinboro University","7"
"401540562","2023","1","false","2900","St. Thomas (MN)","36","2069","Black Hills State","26"
"401541912","2023","1","false","2714","Western Colorado","28","2704","West Texas A&M","6"
"401540737","2023","1","false","2224","Findlay","10","2654","Truman State","20"
"401550282","2023","1","false","359","Otterbein","21","2980","Ohio Wesleyan","35"
"401545782","2023","1","false","2038","Assumption","31","2315","Kutztown University","20"
"401545963","2023","1","false","2559","Shippensburg","10","2444","Newberry","14"
"401545971","2023","1","false","2060","Bentley","19","223","West Chester","20"
"401550056","2023","1","false","2782","Cortland","42","2808","Delaware Valley","13"
"401549737","2023","1","false","109","MIT","41","18","Bridgewater State","27"
"401546992","2023","1","false","110254","Davenport","31","2646","Thomas More College","17"
"401520160","2023","1","false","2335","Liberty","34","189","Bowling Green","24"
"401525822","2023","1","false","201","Oklahoma","73","2032","Arkansas State","0"
"401525464","2023","1","false","103","Boston College","24","2459","Northern Illinois","27"
"401544051","2023","1","false","184","University of Rochester (NY)","17","390","Utica","20"
"401552473","2023","1","false","110438","Dean College","33","114","Fitchburg State","17"
"401549730","2023","1","false","2843","Western Connecticut St","35","2383","Merchant Marine Academy","52"
"401540708","2023","1","false","2838","Tiffin","79","2816","McKendree","14"
"401541110","2023","1","false","286","North Carolina Wesleyan","9","2516","Randolph-Macon","51"
"401551929","2023","1","false","122774","Keystone","27","417","Gallaudet","6"
"401549310","2023","1","true","125974","Hilbert College","0","237","Union (NY)","65"
"401550292","2023","1","false","2800","Alma","52","427","Ohio Northern","7"
"401558747","2023","1","false","2442","College Of New Jersey","41","127954","Eastern University","21"
"401547185","2023","1","false","118","Johns Hopkins University","27","175","Ithaca College","17"
"401520170","2023","1","false","2509","Purdue","35","278","Fresno State","39"
"401549622","2023","1","false","452","Endicott College","31","2779","St. Lawrence","0"
"401550145","2023","1","false","126","Kalamazoo","42","391","Oberlin","10"
"401520179","2023","1","true","2633","Tennessee","49","258","Virginia","13"
"401520157","2023","1","false","2294","Iowa","24","328","Utah State","14"
"401545891","2023","1","false","2974","Shepherd","27","2583","Southern Connecticut State","26"
"401520172","2023","1","false","2567","SMU","38","2348","Louisiana Tech","14"
"401523994","2023","1","false","2628","TCU","42","38","Colorado","45"
"401520159","2023","1","false","96","Kentucky","44","2050","Ball State","14"
"401541053","2023","1","false","2871","Kean","14","3110","SUNY Morrisville","24"
"401553021","2023","1","false","398","Wilkes","23","247","Kings College (PA)","27"
"401520162","2023","1","false","130","Michigan","30","151","East Carolina","3"
"401540057","2023","1","false","46","Georgetown","49","2368","Marist","7"
"401544060","2023","1","false","2970","William Paterson","29","2221","FDU-Florham","33"
"401544871","2023","1","false","2207","Elizabeth City State","23","2107","Catawba","31"
"401550366","2023","1","false","2553","Sewanee","8","2373","Maryville College (TN)","28"
"401550025","2023","1","false","2845","Waynesburg","36","2018","Allegheny","39"
"401553000","2023","1","false","2725","Widener","42","2354","Lycoming","21"
"401544115","2023","1","false","2614","Saint Vincent","0","2686","Washington & Jefferson","51"
"401550061","2023","1","false","293","Castleton","25","2972","Plymouth State","21"
"401550187","2023","1","false","2600","Saint John's (MN)","34","386","Trinity University TX","31"
"401550289","2023","1","false","297","Hampden-Sydney","28","89","Wabash College","29"
"401549802","2023","1","false","2828","Shenandoah","44","291","Methodist","29"
"401540508","2023","1","false","284","Stonehill","17","160","New Hampshire","51"
"401540099","2023","1","false","2287","Illinois State","41","2168","Dayton","0"
"401552992","2023","1","false","2248","Gettysburg","40","246","Juniata College","20"
"401550309","2023","1","false","3111","Apprentice School","14","2047","Averett","34"
"401549752","2023","1","false","332","Muskingum University","31","366","Ferrum","20"
"401549615","2023","1","false","2175","Dickinson (PA)","27","2528","Rensselaer","38"
"401540684","2023","1","false","455","West Virginia Wesleyan","6","2304","Johnson C Smith","49"
"401544954","2023","1","false","188","Baldwin Wallace","33","2419","Mount St. Joseph","46"
"401550391","2023","1","false","146","Grove City College","17","2849","Westminster (PA)","7"
"401547204","2023","1","false","111675","Biddeford","44","2557","Coast Guard","28"
"401547195","2023","1","false","2280","Husson","28","2467","Norwich","14"
"401541101","2023","1","false","2702","Western New England","14","81","Springfield","28"
"401549817","2023","1","false","2079","Bridgewater (VA)","19","216","Susquehanna","51"
"401541092","2023","1","false","2733","Wilmington (OH)","63","2748","Wooster","43"
"401549810","2023","1","false","2913","Brevard College","23","2683","Warner University","29"
"401550226","2023","1","false","2688","Washington and Lee","7","2532","Salisbury","28"
"401539970","2023","1","false","2169","Delaware State","11","2075","Bowie State","22"
"401551917","2023","1","false","2969","Misericordia","14","3162","Alfred State","24"
"401532570","2023","1","false","2005","Air Force","42","2523","Robert Morris","7"
"401544962","2023","1","false","2233","Franklin","32","354","Olivet College","35"
"401544106","2023","1","false","190","Defiance College","6","426","University of Mount Union","45"
"401550091","2023","1","false","2121","Centre College Kentucky","7","2262","Hanover College","10"
"401549644","2023","1","false","418","Hendrix College","27","143","Washington University (St. Louis)","44"
"401554953","2023","1","true","127991","Roosevelt","7","3071","North Central College","41"
"401547148","2023","1","false","2723","Wisconsin-River Falls","45","2371","Mary Hardin-Baylor","22"
"401550451","2023","1","true","2591","St Ambrose University  Iowa","7","2744","Wisconsin-Stout","35"
"401547080","2023","1","false","2968","Gustavus Adolphus","51","63","Buena Vista","7"
"401546947","2023","1","true","2911","William Jewell","42","2237","Fort Lewis","6"
"401532395","2023","1","false","195","Ohio","27","2341","Long Island University","10"
"401541120","2023","1","false","2151","Concordia University Chicago","14","2257","Greenville","41"
"401547090","2023","1","false","133","St. Olaf","24","2964","Central College","34"
"401547107","2023","1","false","49","Dubuque","27","2746","Wittenberg","28"
"401544069","2023","1","false","72","Elmhurst","14","2003","Adrian","3"
"401539986","2023","1","false","2450","Norfolk State","24","330","Virginia St","33"
"401547125","2023","1","false","2045","Austin","7","6845","Nebraska Wesleyan","19"
"401547099","2023","1","false","2155","Cornell College (IA)","6","2141","Coe College","56"
"401520158","2023","1","false","55","Jacksonville State","49","2193","East Tennessee State","3"
"401531387","2023","1","false","218","Temple","24","2006","Akron","21"
"401550212","2023","1","false","80","Chicago","15","17","Claremont-Mudd-Scripps College","24"
"401525820","2023","1","false","66","Iowa State","30","2460","Northern Iowa","9"
"401550219","2023","1","false","2044","Aurora","38","2812","Hope College","17"
"401550286","2023","1","false","2302","John Carroll University","23","2745","Wisconsin-Whitewater","27"
"401550179","2023","1","false","162","Hamline University","45","509","Crown College","13"
"401549638","2023","1","false","2106","Carthage","20","2790","Albion","41"
"401550153","2023","1","false","124","Augsburg","52","583","Northwestern (MN)","10"
"401550207","2023","1","false","2832","St. Norbert","23","2891","Ripon","7"
"401545800","2023","1","false","2043","Augustana University (SD)","38","559","University of Mary","7"
"401520168","2023","1","false","145","Ole Miss","73","2382","Mercer","7"
"401549767","2023","1","false","409","Concordia-Wisconsin","55","446","Martin Luther","14"
"401549776","2023","1","false","2738","Wisconsin-Eau Claire","31","2152","Concordia Moorhead","28"
"401540258","2023","1","false","149","Montana","35","2086","Butler","20"
"401541043","2023","1","false","271","Wisconsin-Oshkosh","48","2639","Texas Lutheran","31"
"401540155","2023","1","true","2261","Hampton","35","2755","Grambling","31"
"401523992","2023","1","false","2483","Oregon","81","2502","Portland State","7"
"401541898","2023","1","false","11","Colorado Mesa","10","2658","Texas A&M-Kingsville","30"
"401544926","2023","1","false","2323","Lane College","24","2396","Miles College","37"
"401525824","2023","1","false","251","Texas","37","242","Rice","10"
"401525465","2023","1","false","221","Pittsburgh","45","2747","Wofford","7"
"401531835","2023","1","false","2026","App State","45","2241","Gardner-Webb","24"
"401520156","2023","1","false","84","Indiana","3","194","Ohio State","23"
"401523997","2023","1","false","264","Washington","56","68","Boise State","19"
"401520181","2023","1","false","98","Western Kentucky","41","58","South Florida","24"
"401525818","2023","1","false","2132","Cincinnati","66","2198","Eastern Kentucky","13"
"401520161","2023","1","false","120","Maryland","38","119","Towson","6"
"401525435","2023","1","false","87","Notre Dame","56","2634","Tennessee State","3"
"401520151","2023","1","false","2","Auburn","59","113","Massachusetts","14"
"401520180","2023","1","false","275","Wisconsin","38","2084","Buffalo","17"
"401540235","2023","1","true","2449","North Dakota State","35","331","Eastern Washington","10"
"401551509","2023","1","false","2094","California Lutheran University","41","2588","Southwestern University","35"
"401544144","2023","1","false","2486","Pacific Lutheran","14","29","Redlands","24"
"401540369","2023","1","false","155","North Dakota","55","2181","Drake","7"
"401532572","2023","1","false","2439","UNLV","44","2803","Bryant","14"
"401550874","2023","1","false","2508","Puget Sound","42","2333","Lewis & Clark College","38"
"401520150","2023","1","true","8","Arkansas","56","2717","Western Carolina","13"
"401558977","2023","1","false","2951","SUNY Maritime","34","173","Hartwick","11"
"401520164","2023","1","false","344","Mississippi State","48","2545","SE Louisiana","7"
"401525466","2023","1","false","183","Syracuse","65","2142","Colgate","0"
"401553004","2023","1","false","2318","La Verne","21","2930","Willamette","24"
"401523991","2023","1","false","249","North Texas","21","25","California","58"
"401549743","2023","1","false","3112","Christopher Newport","45","2896","Southern Virginia","0"
"401520154","2023","1","false","61","Georgia","48","2630","UT Martin","7"
"401547013","2023","1","false","2019","Allen","24","101784","ERSKINE","17"
"401540565","2023","1","false","56","Stetson","34","125730","St. Thomas University (Fl)","33"
"401550046","2023","1","false","2362","Manchester","0","75","North Park","27"
"401540115","2023","1","false","2011","Alabama State","14","2582","Southern","10"
"401541797","2023","1","false","215","Slippery Rock","28","131","Wayne State (MI)","17"
"401540698","2023","1","false","2292","Indianapolis","39","2273","Hillsdale","20"
"401541885","2023","1","false","2940","Livingstone","7","124180","Bluefield State","41"
"401531837","2023","1","false","256","James Madison","38","2083","Bucknell","3"
"401547020","2023","1","false","2331","Lenoir-Rhyne","45","395","St. Augustine's","7"
"401550150","2023","1","false","2023","Anderson (IN)","0","2651","Trine University","61"
"401531418","2023","1","false","2226","Florida Atlantic","42","2405","Monmouth","20"
"401540693","2023","1","false","490","Benedict College","52","2551","Shaw","0"
"401544134","2023","1","false","2757","Berry College","67","2938","Huntingdon College (AL)","34"
"401547031","2023","1","false","2206","Edward Waters","21","125762","Florida Memorial University","38"
"401540043","2023","1","false","2230","Fordham","46","2681","Wagner","16"
"401541023","2023","1","false","209","Lock Haven University","58","126086","Post University","7"
"401539978","2023","1","false","257","Richmond","10","2415","Morgan State","17"
"401531836","2023","1","false","290","Georgia Southern","34","2643","The Citadel","0"
"401531402","2023","1","false","2429","Charlotte","24","2569","South Carolina State","3"
"401540027","2023","1","false","2529","Sacred Heart","14","322","Lafayette","19"
"401531838","2023","1","false","276","Marshall","21","399","UAlbany","17"
"401523996","2023","1","false","30","USC","66","2440","Nevada","14"
"401520153","2023","1","false","2229","Florida International","14","311","Maine","12"
"401553015","2023","1","false","15","Anna Maria College","51","2909","Westfield State","27"
"401525817","2023","1","false","239","Baylor","31","326","Texas State","42"
"401520173","2023","1","false","245","Texas A&M","52","167","New Mexico","10"
"401573283","2023","1","false","263","Loras College","42","2283","Benedictine University","41"
"401540200","2023","1","false","2453","North Alabama","41","236","Chattanooga","27"
"401544125","2023","1","false","2644","Thiel","0","2963","Case Western Reserve","14"
"401525821","2023","1","false","2306","Kansas State","45","2546","Southeast Missouri State","0"
"401541063","2023","1","false","2074","Bluffton","51","352","Kenyon","35"
"401550216","2023","1","false","101","Eureka College","41","255","Knox College","16"
"401525823","2023","1","false","197","Oklahoma State","27","2110","Central Arkansas","13"
"401541864","2023","1","false","2673","Valdosta State","63","3179","Point University","10"
"401520178","2023","1","false","238","Vanderbilt","47","2010","Alabama A&M","13"
"401549705","2023","1","false","2842","UVA Wise","48","2841","Union College","0"
"401540363","2023","1","false","93","Murray State","41","2506","Presbyterian","10"
"401549666","2023","1","false","2741","Wisconsin-Lutheran","0","262","Lake Forest College","24"
"401531840","2023","1","false","2572","Southern Miss","40","2016","Alcorn State","14"
"401540354","2023","1","false","2277","Houston Christian","66","124386","Little Rock","0"
"401523990","2023","1","false","36","Colorado State","24","265","Washington State","50"
"401550184","2023","1","false","2359","Macalester","44","2399","Minnesota Morris","30"
"401547078","2023","1","true","267","LAKELAND","20","2542","Savannah St","23"
"401551481","2023","1","true","2824","Oklahoma Panhandle St","7","2586","Southwest Baptist","65"
"401531426","2023","1","false","235","Memphis","56","2065","Bethune-Cookman","14"
"401531841","2023","1","false","2653","Troy","48","2617","Stephen F. Austin","30"
"401540173","2023","1","false","79","Southern Illinois","49","2046","Austin Peay","23"
"401520175","2023","1","false","2433","UL Monroe","17","349","Army","13"
"401541082","2023","1","false","86","Rose-Hulman","21","83","Depauw","33"
"401544935","2023","1","false","2564","Simpson College (IA)","27","2042","Augustana (IL)","49"
"401525819","2023","1","false","248","Houston","17","2636","UTSA","14"
"401544945","2023","1","false","2286","Illinois College","31","74","Millikin","0"
"401550373","2023","1","false","2242","Geneva","0","2102","Carnegie Mellon","31"
"401531839","2023","1","false","309","Louisiana","38","2466","Northwestern State","13"
"401520169","2023","1","false","213","Penn State","38","277","West Virginia","15"
"401520155","2023","1","false","356","Illinois","30","2649","Toledo","28"
"401525825","2023","1","false","2751","Wyoming","35","2641","Texas Tech","33"
"401520167","2023","1","true","153","North Carolina","31","2579","South Carolina","17"
"401520149","2023","1","false","333","Alabama","56","2393","Middle Tennessee","7"
"401531347","2023","1","false","2655","Tulane","37","6","South Alabama","17"
"401525467","2023","1","false","259","Virginia Tech","36","295","Old Dominion","17"
"401547129","2023","1","false","2685","Wartburg","62","2919","Monmouth (IL)","35"
"401540213","2023","1","false","2377","McNeese","34","2627","Tarleton State","52"
"401544898","2023","1","false","2001","Adams State","35","124179","Lincoln (CA)","16"
"401541918","2023","1","false","2703","Western New Mexico","42","2834","Sul Ross State","28"
"401547140","2023","1","false","415","NEWBERG","3","2758","Howard Payne","17"
"401540980","2023","1","false","2570","CSU Pueblo","37","2395","Midwestern State","8"
"401520166","2023","1","false","166","New Mexico State","58","2710","Western Illinois","21"
"401520177","2023","1","false","2638","UTEP","28","2916","Incarnate Word","14"
"401550329","2023","1","false","205","Pacific (OR)","0","411","Chapman","0"
"401523989","2023","1","false","12","Arizona","38","2464","Northern Arizona","3"
"401520152","2023","1","false","252","BYU","14","2534","Sam Houston","0"
"401532571","2023","1","false","21","San Diego State","36","304","Idaho State","28"
"401523995","2023","1","false","26","UCLA","27","324","Coastal Carolina","13"
"401520171","2023","1","false","164","Rutgers","24","77","Northwestern","7"
"401540148","2023","1","true","50","Florida A&M","28","2296","Jackson State","10"
"401532573","2023","1","false","23","San José State","17","204","Oregon State","42"
"401540667","2023","1","true","60","Morehouse College","13","2676","Virginia Union","45"
"401547061","2023","1","true","2657","Tuskegee","37","2232","Fort Valley State","31"
"401520182","2023","1","true","52","Florida State","45","99","LSU","24"
"401525468","2023","1","false","150","Duke","28","228","Clemson","7"
"401545752","2023","2","false","2017","Alderson-Broaddus","0","2249","Glenville State","0"
"401541791","2023","2","false","2191","East Central (OK)","17","2568","Southern Arkansas","24"
"401544918","2023","2","false","2369","Mars Hill","15","351","Wingate","10"
"401541959","2023","2","false","2687","Washburn","23","2403","Missouri Southern State","30"
"401525469","2023","2","false","97","Louisville","56","93","Murray State","0"
"401541950","2023","2","false","2231","Fort Hays State","14","90","Pittsburg St","40"
"401544876","2023","2","false","138","Northwest Missouri St","13","2214","Emporia State University","33"
"401564630","2023","2","false","2234","Franklin & Marshall","0","2442","College Of New Jersey","0"
"401550120","2023","2","false","110","Mass Maritime","7","2951","SUNY Maritime","14"
"401552466","2023","2","false","18","Bridgewater State","21","2749","Worcester Polytechnic Institute","24"
"401540397","2023","2","false","2166","Davidson","31","122666","Wilson","33"
"401551516","2023","2","false","2909","Westfield State","0","2702","Western New England","46"
"401549623","2023","2","false","2779","St. Lawrence","14","2467","Norwich","7"
"401540548","2023","2","false","227","Rhode Island","35","2619","Stony Brook","14"
"401520193","2023","2","false","84","Indiana","41","282","Indiana State","7"
"401520195","2023","2","false","2305","Kansas","34","356","Illinois","23"
"401545735","2023","2","false","2699","West Liberty","29","2986","Fairmont State","42"
"401564661","2023","2","false","2776","Salve Regina","29","2967","Framingham State","0"
"401520216","2023","2","false","154","Wake Forest","36","238","Vanderbilt","20"
"401550050","2023","2","false","246","Juniata College","0","365","Alfred University","34"
"401549753","2023","2","false","359","Otterbein","14","332","Muskingum University","27"
"401525436","2023","2","false","152","NC State","24","87","Notre Dame","45"
"401520185","2023","2","false","349","Army","57","2169","Delaware State","0"
"401554817","2023","2","false","2969","Misericordia","10","247","Kings College (PA)","42"
"401540650","2023","2","false","110254","Davenport","24","2075","Bowie State","19"
"401520215","2023","2","false","259","Virginia Tech","17","2509","Purdue","24"
"401541811","2023","2","false","2487","Pace","25","2224","Findlay","40"
"401549722","2023","2","false","2557","Coast Guard","93","15","Anna Maria College","24"
"401547205","2023","2","false","2972","Plymouth State","21","111675","Biddeford","31"
"401525490","2023","2","false","103","Boston College","31","107","Holy Cross","28"
"401541873","2023","2","false","2336","Limestone","13","2695","West Alabama","27"
"401523999","2023","2","false","239","Baylor","13","254","Utah","20"
"401551511","2023","2","false","110438","Dean College","7","2884","Nichols College","70"
"401540004","2023","2","false","2115","Central Connecticut","30","284","Stonehill","33"
"401520209","2023","2","false","213","Penn State","63","48","Delaware","7"
"401520191","2023","2","false","61","Georgia","45","2050","Ball State","3"
"401549630","2023","2","false","2422","Muhlenberg","29","2532","Salisbury","17"
"401545861","2023","2","false","2858","PennWest California","31","2315","Kutztown University","20"
"401520208","2023","2","false","194","Ohio State","35","2754","Youngstown State","7"
"401541102","2023","2","false","81","Springfield","45","2280","Husson","20"
"401544955","2023","2","false","2419","Mount St. Joseph","62","2274","Hiram College","21"
"401553009","2023","2","false","2015","Albright","10","2808","Delaware Valley","41"
"401549706","2023","2","true","2646","Thomas More College","37","2842","UVA Wise","0"
"401520188","2023","2","false","38","Colorado","36","158","Nebraska","14"
"401549588","2023","2","false","452","Endicott College","17","175","Ithaca College","20"
"401545892","2023","2","false","2205","Edinboro University","28","2974","Shepherd","35"
"401605489","2023","2","false","2120","Central Washington","29","148","Montana Tech","37"
"401541856","2023","2","false","2560","Shorter","28","101784","ERSKINE","7"
"401525498","2023","2","false","258","Virginia","35","256","James Madison","36"
"401525829","2023","2","false","2306","Kansas State","42","2653","Troy","13"
"401545783","2023","2","false","2583","Southern Connecticut State","29","2038","Assumption","42"
"401549616","2023","2","false","2528","Rensselaer","38","398","Wilkes","14"
"401545964","2023","2","false","611","Seton Hill","28","2559","Shippensburg","23"
"401541013","2023","2","false","367","Gannon","21","210","Millersville","28"
"401545760","2023","2","false","587","Notre Dame College","87","455","West Virginia Wesleyan","9"
"401540028","2023","2","false","46","Georgetown","27","2529","Sacred Heart","10"
"401549731","2023","2","false","2383","Merchant Marine Academy","30","417","Gallaudet","13"
"401550316","2023","2","false","2896","Southern Virginia","9","2079","Bridgewater (VA)","35"
"401549811","2023","2","false","297","Hampden-Sydney","31","2913","Brevard College","17"
"401541002","2023","2","false","2134","Clarion","7","2071","Bloomsburg","21"
"401544070","2023","2","false","2003","Adrian","17","190","Defiance College","34"
"401550146","2023","2","false","352","Kenyon","16","126","Kalamazoo","48"
"401540465","2023","2","false","2168","Dayton","62","2119","Central State (OH)","24"
"401550057","2023","2","false","2354","Lycoming","7","2782","Cortland","62"
"401541121","2023","2","false","2257","Greenville","14","101","Eureka College","23"
"401558398","2023","2","true","126086","Post University","32","2339","Lincoln (PA)","48"
"401549571","2023","2","false","402","Worcester St","0","237","Union (NY)","63"
"401541886","2023","2","false","124180","Bluefield State","14","2213","Emory & Henry College","37"
"401540685","2023","2","false","2304","Johnson C Smith","9","2682","Walsh","14"
"401540668","2023","2","false","2551","Shaw","13","2676","Virginia Union","26"
"401541054","2023","2","false","174","Hobart College","27","3110","SUNY Morrisville","10"
"401541083","2023","2","false","83","Depauw","68","2023","Anderson (IN)","19"
"401540785","2023","2","false","2392","Michigan Tech","45","2273","Hillsdale","20"
"401544872","2023","2","true","2207","Elizabeth City State","13","395","St. Augustine's","0"
"401540729","2023","2","false","131","Wayne State (MI)","31","2402","Missouri S&T","24"
"401541093","2023","2","false","2748","Wooster","24","354","Olivet College","22"
"401544116","2023","2","false","2102","Carnegie Mellon","38","2614","Saint Vincent","0"
"401552997","2023","2","false","374","St John Fisher University","62","125974","Hilbert College","7"
"401544126","2023","2","false","2849","Westminster (PA)","28","2644","Thiel","7"
"401540553","2023","2","false","2506","Presbyterian","48","2355","Virginia University Of Lynchburg","17"
"401549818","2023","2","false","216","Susquehanna","6","2781","Brockport","5"
"401525494","2023","2","false","59","Georgia Tech","48","2569","South Carolina State","13"
"401545744","2023","2","false","112335","Wheeling","16","341","Frostburg State","20"
"401553861","2023","2","false","2175","Dickinson (PA)","29","2970","William Paterson","17"
"401549711","2023","2","false","2310","Kentucky State","10","2657","Tuskegee","36"
"401552993","2023","2","false","2248","Gettysburg","21","2818","Montclair State","32"
"401550026","2023","2","false","2018","Allegheny","21","2242","Geneva","27"
"401541839","2023","2","false","2804","Chowan","18","2170","Delta State","42"
"401550194","2023","2","false","2700","McDaniel College","28","2827","Rowan","49"
"401550395","2023","2","false","2062","Bethany (WV)","7","2686","Washington & Jefferson","42"
"401550283","2023","2","false","2980","Ohio Wesleyan","10","2723","Wisconsin-River Falls","37"
"401552448","2023","2","false","2667","Ursinus","30","2871","Kean","14"
"401540738","2023","2","false","2654","Truman State","28","613","South Dakota Mines","24"
"401541111","2023","2","false","2516","Randolph-Macon","59","2108","Catholic","14"
"401547115","2023","2","false","2812","Hope College","42","263","Loras College","28"
"401545973","2023","2","false","2586","Southwest Baptist","33","2069","Black Hills State","39"
"401544061","2023","2","false","2725","Widener","30","2221","FDU-Florham","20"
"401551930","2023","2","false","173","Hartwick","31","122774","Keystone","21"
"401550392","2023","2","false","2845","Waynesburg","27","146","Grove City College","43"
"401550110","2023","2","false","471","Stevenson","38","388","Lebanon Valley","45"
"401544881","2023","2","false","559","University of Mary","17","2894","Sioux Falls","36"
"401544052","2023","2","false","390","Utica","35","323","Moravian","20"
"401541636","2023","2","false","2086","Butler","41","620","Taylor","13"
"401547181","2023","2","false","2834","Sul Ross State","12","2201","Eastern New Mexico","51"
"401554815","2023","2","false","2085","Buffalo State","23","3111","Apprentice School","37"
"401545836","2023","2","false","2817","Minnesota State Moorhead","56","568","Minot State","14"
"401540795","2023","2","false","128","Northern Michigan","21","437","Lake Erie","24"
"401550436","2023","2","false","433","Westminster College (MO)","14","2553","Sewanee","32"
"401550261","2023","2","false","427","Ohio Northern","40","424","Capital","7"
"401532396","2023","2","false","2117","Central Michigan","45","160","New Hampshire","42"
"401550086","2023","2","false","2233","Franklin","30","2044","Aurora","45"
"401544991","2023","2","false","188","Baldwin Wallace","61","2733","Wilmington (OH)","25"
"401550452","2023","2","false","2744","Wisconsin-Stout","21","316","Dickinson State University","24"
"401547132","2023","2","false","2519","Rhodes College","19","2045","Austin","17"
"401547054","2023","2","false","2805","Clark Atlanta","17","2232","Fort Valley State","40"
"401550230","2023","2","false","583","Northwestern (MN)","26","409","Concordia-Wisconsin","10"
"401541929","2023","2","false","2118","Central Missouri","41","2122","Central Oklahoma","17"
"401540441","2023","2","false","233","South Dakota","24","2900","St. Thomas (MN)","0"
"401550188","2023","2","false","2745","Wisconsin-Whitewater","56","2600","Saint John's (MN)","28"
"401549651","2023","2","false","255","Knox College","31","266","Beloit","14"
"401541919","2023","2","false","2424","New Mexico Highlands","48","2703","Western New Mexico","41"
"401544078","2023","2","false","65","Grinnell","12","2891","Ripon","31"
"401552395","2023","2","false","2123","Chadron St","3","2043","Augustana University (SD)","27"
"401541130","2023","2","false","396","Wheaton","30","271","Wisconsin-Oshkosh","21"
"401545820","2023","2","false","2851","Winona State","33","3066","Concordia University St Paul","8"
"401549682","2023","2","false","2524","Rockford","38","375","St. Scholastica","37"
"401541073","2023","2","false","2101","Carleton","45","2923","Pomona Pitzer","24"
"401550213","2023","2","false","2919","Monmouth (IL)","39","80","Chicago","6"
"401532400","2023","2","false","189","Bowling Green","38","2197","Eastern Illinois","15"
"401549690","2023","2","false","2825","Quincy","89","127078","Madonna University (Mich.)","0"
"401547176","2023","2","false","2398","Millsaps","2","241","McMurry","53"
"401547126","2023","2","true","6845","Nebraska Wesleyan","33","561","Mayville State","30"
"401550415","2023","2","false","2740","Wisconsin-Lacrosse","21","2810","Hardin-Simmons","28"
"401541827","2023","2","true","2911","William Jewell","34","2316","Kentucky Wesleyan","41"
"401549673","2023","2","false","391","Oberlin","37","2151","Concordia University Chicago","35"
"401550201","2023","2","false","2155","Cornell College (IA)","31","268","Lawrence University","7"
"401549768","2023","2","false","446","Martin Luther","27","2359","Macalester","56"
"401550244","2023","2","false","2743","Wisconsin-Stevens Pt","31","2832","St. Norbert","28"
"401540659","2023","2","false","330","Virginia St","21","2839","Greeneville","17"
"401547100","2023","2","false","2141","Coe College","44","2738","Wisconsin-Eau Claire","14"
"401550411","2023","2","false","2802","Bethel (MN)","2","2685","Wartburg","16"
"401550367","2023","2","false","2373","Maryville College (TN)","34","2121","Centre College Kentucky","23"
"401540709","2023","2","false","2816","McKendree","3","110242","West Florida","35"
"401547091","2023","2","false","306","Illinois Wesleyan","13","2964","Central College","38"
"401549659","2023","2","false","2286","Illinois College","6","262","Lake Forest College","37"
"401549628","2023","2","false","509","Crown College","46","2564","Simpson College (IA)","48"
"401525491","2023","2","false","228","Clemson","66","2127","Charleston Southern","17"
"401540625","2023","2","false","2717","Western Carolina","30","2535","Samford","7"
"401520196","2023","2","false","96","Kentucky","28","2198","Eastern Kentucky","17"
"401525828","2023","2","false","252","BYU","41","253","Southern Utah","16"
"401547120","2023","2","false","67","Luther","21","133","St. Olaf","52"
"401540312","2023","2","false","2643","The Citadel","7","2097","Campbell","56"
"401550062","2023","2","false","114","Fitchburg State","3","293","Castleton","32"
"401541906","2023","2","false","2714","Western Colorado","35","110243","UT Permian Basin","27"
"401525497","2023","2","false","183","Syracuse","48","2711","Western Michigan","7"
"401532397","2023","2","false","2459","Northern Illinois","11","79","Southern Illinois","14"
"401532398","2023","2","false","2649","Toledo","71","2640","Texas Southern","3"
"401520202","2023","2","false","130","Michigan","35","2439","UNLV","7"
"401540383","2023","2","false","2449","North Dakota State","44","311","Maine","7"
"401520214","2023","2","false","2655","Tulane","20","145","Ole Miss","37"
"401520201","2023","2","false","2390","Miami","48","245","Texas A&M","33"
"401531432","2023","2","false","2426","Navy","24","2681","Wagner","0"
"401526833","2023","2","false","113","Massachusetts","28","193","Miami (OH)","41"
"401520194","2023","2","false","66","Iowa State","13","2294","Iowa","20"
"401531395","2023","2","false","2636","UTSA","20","326","Texas State","13"
"401520203","2023","2","false","127","Michigan State","45","257","Richmond","14"
"401551486","2023","2","false","2477","Ohio Dominican","26","2736","Winston-Salem","14"
"401520207","2023","2","false","77","Northwestern","38","2638","UTEP","7"
"401540970","2023","2","false","2830","St. Anselm","7","2838","Tiffin","42"
"401550875","2023","2","false","2333","Lewis & Clark College","38","2930","Willamette","7"
"401520184","2023","2","false","8","Arkansas","28","2309","Kent State","6"
"401540079","2023","2","false","2771","Merrimack","12","2329","Lehigh","14"
"401540279","2023","2","false","2458","Northern Colorado","7","2916","Incarnate Word","42"
"401540141","2023","2","false","2065","Bethune-Cookman","31","2542","Savannah St","6"
"401540558","2023","2","false","301","San Diego","21","11","Colorado Mesa","28"
"401540100","2023","2","false","2710","Western Illinois","18","2287","Illinois State","34"
"401547032","2023","2","false","2206","Edward Waters","0","490","Benedict College","34"
"401532578","2023","2","false","23","San José State","59","13","Cal Poly","3"
"401553972","2023","2","false","389","Upper Iowa University","45","2591","St Ambrose University  Iowa","26"
"401550168","2023","2","false","2152","Concordia Moorhead","26","2486","Pacific Lutheran","21"
"401544087","2023","2","true","2202","Eastern Oregon","28","2721","Whitworth","42"
"401544890","2023","2","false","2291","Indiana-Pennsylvania","12","2188","East Stroudsburg University","13"
"401532580","2023","2","false","2751","Wyoming","31","2502","Portland State","17"
"401531411","2023","2","false","151","East Carolina","13","276","Marshall","31"
"401550470","2023","2","false","205","Pacific (OR)","9","415","NEWBERG","14"
"401540272","2023","2","false","155","North Dakota","37","2464","Northern Arizona","22"
"401541926","2023","2","false","2848","Western Oregon","29","124179","Lincoln (CA)","14"
"401524004","2023","2","false","264","Washington","43","202","Tulsa","10"
"401531844","2023","2","false","6","South Alabama","35","2545","SE Louisiana","17"
"401550080","2023","2","false","379","UMass Dartmouth","28","40","Curry College","14"
"401540310","2023","2","false","2460","Northern Iowa","17","2692","Weber State","34"
"401520213","2023","2","false","2633","Tennessee","30","2046","Austin Peay","13"
"401525495","2023","2","false","153","North Carolina","40","2026","App State","34"
"401540590","2023","2","false","2193","East Tennessee State","42","2105","Carson-Newman College","0"
"401540454","2023","2","true","111756","Indiana Wesleyan","24","2674","Valparaiso","22"
"401549803","2023","2","false","291","Methodist","21","2258","Guilford College","39"
"401540503","2023","2","false","119","Towson","23","2405","Monmouth","42"
"401550361","2023","2","true","101161","LYONCOLL","15","2056","Belhaven","48"
"401544135","2023","2","false","548","Lagrange College","3","2757","Berry College","70"
"401540581","2023","2","false","236","Chattanooga","27","338","Kennesaw State","20"
"401541865","2023","2","false","2013","Albany State GA","16","2673","Valdosta State","21"
"401540020","2023","2","false","2803","Bryant","21","2341","Long Island University","10"
"401540616","2023","2","false","2729","William & Mary","23","2747","Wofford","6"
"401540676","2023","2","false","2220","Fayetteville State","10","2331","Lenoir-Rhyne","24"
"401539987","2023","2","false","2261","Hampton","23","2450","Norfolk State","31"
"401541064","2023","2","false","2074","Bluffton","20","2790","Albion","42"
"401550323","2023","2","false","366","Ferrum","34","286","North Carolina Wesleyan","0"
"401545811","2023","2","false","2587","Southwest Minnesota State","14","132","Bemidji State","34"
"401532401","2023","2","false","2084","Buffalo","37","2230","Fordham","40"
"401541024","2023","2","false","2385","Mercyhurst","41","209","Lock Haven University","29"
"401532399","2023","2","false","2006","Akron","24","2415","Morgan State","21"
"401540410","2023","2","false","2241","Gardner-Webb","34","2210","Elon","27"
"401525492","2023","2","false","150","Duke","42","322","Lafayette","7"
"401550074","2023","2","false","2362","Manchester","0","2800","Alma","68"
"401531419","2023","2","false","2226","Florida Atlantic","10","195","Ohio","17"
"401540033","2023","2","false","2523","Robert Morris","31","2598","St. Francis (PA)","21"
"401552431","2023","2","false","2019","Allen","49","127946","Columbus State","0"
"401547186","2023","2","false","118","Johns Hopkins University","20","3112","Christopher Newport","14"
"401540605","2023","2","false","222","Villanova","42","2142","Colgate","19"
"401525830","2023","2","false","201","Oklahoma","28","2567","SMU","11"
"401531842","2023","2","false","295","Old Dominion","38","309","Louisiana","31"
"401540803","2023","2","false","129","Saginaw Valley State","31","2886","Northwood (MI)","8"
"401547006","2023","2","false","2107","Catawba","55","2940","Livingstone","15"
"401531378","2023","2","false","290","Georgia Southern","49","5","UAB","35"
"401545967","2023","2","false","215","Slippery Rock","49","223","West Chester","24"
"401540047","2023","2","false","2083","Bucknell","21","2678","VMI","13"
"401549785","2023","2","false","2047","Averett","34","2256","Greensboro College","7"
"401520198","2023","2","false","2335","Liberty","33","166","New Mexico State","17"
"401540991","2023","2","false","2707","West Virginia State","37","2882","UNC Pembroke","35"
"401525833","2023","2","false","277","West Virginia","56","2184","Duquesne","17"
"401540116","2023","2","false","2011","Alabama State","17","2396","Miles College","21"
"401520189","2023","2","false","2229","Florida International","46","249","North Texas","39"
"401525496","2023","2","false","221","Pittsburgh","21","2132","Cincinnati","27"
"401549698","2023","2","false","2060","Bentley","13","2441","New Haven","14"
"401540776","2023","2","false","2028","Arkansas-Monticello","58","2927","Southwestern Oklahoma State","21"
"401525827","2023","2","false","68","Boise State","16","2116","UCF","18"
"401520218","2023","2","false","98","Western Kentucky","52","2277","Houston Christian","22"
"401520197","2023","2","false","2348","Louisiana Tech","51","2466","Northwestern State","21"
"401520187","2023","2","false","324","Coastal Carolina","30","55","Jacksonville State","16"
"401540160","2023","2","false","2582","Southern","14","2296","Jackson State","27"
"401540566","2023","2","false","56","Stetson","38","2691","Webber International","28"
"401540513","2023","2","false","2181","Drake","24","2471","Northwestern (IA)","27"
"401540718","2023","2","false","2033","Arkansas Tech","31","200","Southern Nazarene","38"
"401540133","2023","2","true","2634","Tennessee State","24","2029","Arkansas-Pine Bluff","14"
"401555473","2023","2","true","127954","Eastern University","30","111674","Reading","23"
"401545707","2023","2","false","2128","University Of Charleston (WV)","54","2148","Concord University","14"
"401541802","2023","2","false","308","Ashland","28","2222","Ferris State","38"
"401552542","2023","2","false","2022","American International","27","112334","Franklin Pierce","24"
"401545843","2023","2","false","2364","Minnesota State Mankato","31","2844","Wayne State (NE)","14"
"401546999","2023","2","false","2444","Newberry","14","2822","North Greenville","24"
"401540746","2023","2","false","125","Grand Valley State University","57","2570","CSU Pueblo","49"
"401550254","2023","2","false","2171","Denison University","14","203","Linfield College","28"
"401547108","2023","2","false","49","Dubuque","19","272","Wisconsin-Platteville","35"
"401547141","2023","2","false","2758","Howard Payne","42","2904","Southwestern Assemblies Of God","10"
"401549759","2023","2","false","2938","Huntingdon College (AL)","16","3","Birmingham-Southern","0"
"401550180","2023","2","false","2399","Minnesota Morris","28","162","Hamline University","49"
"401541768","2023","2","false","2888","Ouachita Baptist","66","2823","Northwestern Oklahoma State","0"
"401541761","2023","2","false","199","Southeastern Oklahoma State","28","2271","Henderson State","38"
"401524002","2023","2","false","2641","Texas Tech","30","2483","Oregon","38"
"401540528","2023","2","false","2382","Mercer","48","2413","Morehead State","22"
"401540346","2023","2","false","2630","UT Martin","38","2623","Missouri State","31"
"401539994","2023","2","false","2448","North Carolina A&T","16","2428","North Carolina Central","30"
"401540266","2023","2","false","2571","South Dakota State","20","147","Montana State","16"
"401540183","2023","2","false","2110","Central Arkansas","70","2637","Texas College","2"
"401531422","2023","2","false","58","South Florida","38","50","Florida A&M","24"
"401531427","2023","2","false","2032","Arkansas State","3","235","Memphis","37"
"401540494","2023","2","false","2546","Southeast Missouri State","45","2815","Lindenwood","7"
"401520192","2023","2","false","2247","Georgia State","35","41","UConn","14"
"401520183","2023","2","false","333","Alabama","24","251","Texas","34"
"401547213","2023","2","false","32","Carroll University (WI)","51","2741","Wisconsin-Lutheran","7"
"401551918","2023","2","false","184","University of Rochester (NY)","49","3162","Alfred State","7"
"401541890","2023","2","false","2025","Angelo State","21","2146","Colorado School Of Mines","31"
"401540201","2023","2","false","2627","Tarleton State","52","2453","North Alabama","31"
"401520206","2023","2","false","142","Missouri","23","2393","Middle Tennessee","19"
"401540085","2023","2","false","2010","Alabama A&M","51","2323","Lane College","13"
"401547081","2023","2","false","63","Buena Vista","16","6353","Lakeland","34"
"401525831","2023","2","false","242","Rice","43","248","Houston","41"
"401545828","2023","2","false","425","Northern State","21","134","Minnesota Duluth","41"
"401550095","2023","2","false","2651","Trine University","28","86","Rose-Hulman","30"
"401547149","2023","2","false","386","Trinity University TX","35","2371","Mary Hardin-Baylor","16"
"401541966","2023","2","false","2876","Lincoln (MO)","14","137","Missouri Western","68"
"401540125","2023","2","false","2617","Stephen F. Austin","38","2016","Alcorn State","10"
"401532576","2023","2","false","2440","Nevada","6","70","Idaho","33"
"401534850","2023","2","false","47","Howard","65","60","Morehouse College","19"
"401540167","2023","2","false","2504","Prairie View A&M","16","2000","Abilene Christian","45"
"401520204","2023","2","false","135","Minnesota","25","2199","Eastern Michigan","6"
"401520217","2023","2","false","265","Washington State","31","275","Wisconsin","22"
"401520190","2023","2","false","57","Florida","49","2377","McNeese","7"
"401520212","2023","2","false","2579","South Carolina","47","231","Furman","21"
"401520205","2023","2","false","344","Mississippi State","31","12","Arizona","24"
"401520199","2023","2","false","99","LSU","72","2755","Grambling","10"
"401524001","2023","2","false","21","San Diego State","10","26","UCLA","35"
"401520200","2023","2","false","120","Maryland","38","2429","Charlotte","20"
"401520210","2023","2","false","164","Rutgers","36","218","Temple","7"
"401531843","2023","2","false","2433","UL Monroe","24","2320","Lamar","14"
"401532577","2023","2","false","167","New Mexico","56","2635","Tennessee Tech","10"
"401532579","2023","2","false","328","Utah State","78","304","Idaho State","28"
"401520211","2023","2","true","2534","Sam Houston","3","2005","Air Force","13"
"401541973","2023","2","false","2438","Nebraska-Kearney","31","196","Northeastern State","17"
"401541913","2023","2","false","2704","West Texas A&M","28","2001","Adams State","7"
"401525832","2023","2","false","2628","TCU","41","2447","Nicholls","6"
"401541882","2023","2","false","2658","Texas A&M-Kingsville","20","2698","West Georgia","17"
"401550406","2023","2","false","2194","East Texas Baptist University","38","418","Hendrix College","37"
"401541044","2023","2","false","2588","Southwestern University","7","2639","Texas Lutheran","39"
"401540981","2023","2","false","2395","Midwestern State","30","2401","Mississippi College","17"
"401541752","2023","2","false","2264","Harding University","49","319","Oklahoma Baptist","10"
"401525493","2023","2","false","52","Florida State","66","2572","Southern Miss","13"
"401540220","2023","2","false","3101","Utah Tech","13","149","Montana","43"
"401524000","2023","2","false","204","Oregon State","55","302","UC Davis","7"
"401546005","2023","2","true","108358","Phoenix","49","2237","Fort Lewis","25"
"401532574","2023","2","false","278","Fresno State","34","331","Eastern Washington","31"
"401540286","2023","2","false","16","Sacramento State","34","2837","East Texas A&M","6"
"401524003","2023","2","false","30","USC","56","24","Stanford","10"
"401523998","2023","2","false","9","Arizona State","15","197","Oklahoma State","27"
"401520186","2023","2","false","25","California","10","2","Auburn","14"
"401532575","2023","2","false","62","Hawai'i","31","399","UAlbany","20"
"401525499","2023","3","false","2390","Miami","48","2065","Bethune-Cookman","7"
"401531428","2023","3","false","235","Memphis","28","2426","Navy","24"
"401520231","2023","3","false","120","Maryland","42","258","Virginia","14"
"401549572","2023","3","false","237","Union (NY)","34","81","Springfield","7"
"401531396","2023","3","false","2636","UTSA","29","349","Army","37"
"401552479","2023","3","false","2843","Western Connecticut St","42","2909","Westfield State","0"
"401532581","2023","3","false","2005","Air Force","39","328","Utah State","21"
"401550132","2023","3","false","2967","Framingham State","7","379","UMass Dartmouth","33"
"401540066","2023","3","false","43","Yale","24","107","Holy Cross","49"
"401520249","2023","3","false","275","Wisconsin","35","290","Georgia Southern","14"
"401544062","2023","3","false","2221","FDU-Florham","21","471","Stevenson","24"
"401549713","2023","3","false","348","Hamilton","12","340","Bowdoin","26"
"401554816","2023","3","false","110438","Dean College","7","2085","Buffalo State","41"
"401541055","2023","3","false","3110","SUNY Morrisville","20","2108","Catholic","31"
"401552459","2023","3","false","398","Wilkes","7","2781","Brockport","31"
"401540080","2023","3","false","2329","Lehigh","20","172","Cornell","23"
"401525504","2023","3","false","295","Old Dominion","24","154","Wake Forest","27"
"401547206","2023","3","false","417","Gallaudet","10","111675","Biddeford","31"
"401525838","2023","3","false","195","Ohio","10","66","Iowa State","7"
"401545753","2023","3","false","2249","Glenville State","24","587","Notre Dame College","21"
"401541034","2023","3","false","2336","Limestone","45","2105","Carson-Newman College","14"
"401541840","2023","3","false","2560","Shorter","57","2804","Chowan","20"
"401540992","2023","3","false","2882","UNC Pembroke","29","2128","University Of Charleston (WV)","37"
"401525834","2023","3","false","239","Baylor","30","2341","Long Island University","7"
"401532582","2023","3","false","68","Boise State","42","155","North Dakota","18"
"401525500","2023","3","false","103","Boston College","29","52","Florida State","31"
"401520235","2023","3","false","344","Mississippi State","14","99","LSU","41"
"401532404","2023","3","false","2309","Kent State","38","2115","Central Connecticut","10"
"401541014","2023","3","false","223","West Chester","38","367","Gannon","31"
"401520236","2023","3","false","142","Missouri","30","2306","Kansas State","27"
"401550324","2023","3","false","366","Ferrum","13","548","Lagrange College","10"
"401551931","2023","3","false","122774","Keystone","20","374","St John Fisher University","35"
"401552474","2023","3","false","402","Worcester St","33","114","Fitchburg State","13"
"401549819","2023","3","false","2782","Cortland","35","216","Susquehanna","38"
"401549723","2023","3","false","2557","Coast Guard","49","2884","Nichols College","42"
"401558978","2023","3","false","2951","SUNY Maritime","0","452","Endicott College","27"
"401553019","2023","3","false","2776","Salve Regina","10","184","University of Rochester (NY)","17"
"401552467","2023","3","false","18","Bridgewater State","41","2972","Plymouth State","19"
"401545875","2023","3","false","2315","Kutztown University","47","2385","Mercyhurst","14"
"401552543","2023","3","false","2487","Pace","2","112334","Franklin Pierce","41"
"401544053","2023","3","false","2354","Lycoming","35","390","Utica","38"
"401545862","2023","3","false","2858","PennWest California","34","2974","Shepherd","44"
"401550096","2023","3","false","2790","Albion","48","86","Rose-Hulman","19"
"401520230","2023","3","true","84","Indiana","14","97","Louisville","21"
"401520226","2023","3","false","356","Illinois","13","213","Penn State","30"
"401547196","2023","3","false","3162","Alfred State","13","2280","Husson","31"
"401520222","2023","3","false","2084","Buffalo","27","2335","Liberty","55"
"401540039","2023","3","false","46","Georgetown","20","284","Stonehill","23"
"401540072","2023","3","false","322","Lafayette","24","171","Columbia","3"
"401540466","2023","3","false","2168","Dayton","52","620","Taylor","20"
"401549738","2023","3","false","40","Curry College","20","109","MIT","16"
"401549795","2023","3","false","2938","Huntingdon College (AL)","40","2258","Guilford College","14"
"401553028","2023","3","false","2970","William Paterson","35","2700","McDaniel College","14"
"401547182","2023","3","false","2834","Sul Ross State","27","630","Wayland Baptist","7"
"401550063","2023","3","false","293","Castleton","14","2467","Norwich","28"
"401545745","2023","3","false","341","Frostburg State","37","2699","West Liberty","7"
"401545736","2023","3","false","2986","Fairmont State","37","112335","Wheeling","43"
"401553853","2023","3","false","246","Juniata College","31","173","Hartwick","21"
"401545708","2023","3","false","2148","Concord University","27","2707","West Virginia State","47"
"401547150","2023","3","false","2371","Mary Hardin-Baylor","14","2745","Wisconsin-Whitewater","17"
"401540747","2023","3","false","125","Grand Valley State University","43","2038","Assumption","7"
"401555474","2023","3","false","111674","Reading","7","2725","Widener","57"
"401540651","2023","3","false","2075","Bowie State","21","2551","Shaw","7"
"401544117","2023","3","false","2614","Saint Vincent","23","2018","Allegheny","19"
"401549804","2023","3","false","2688","Washington and Lee","54","291","Methodist","14"
"401550294","2023","3","false","121","Bates","17","336","Wesleyan University (CT)","28"
"401540398","2023","3","false","2368","Marist","21","2166","Davidson","49"
"401544963","2023","3","false","354","Olivet College","17","2262","Hanover College","67"
"401549200","2023","3","false","2142","Colgate","6","219","Pennsylvania","20"
"401551493","2023","3","false","2441","New Haven","34","2583","Southern Connecticut State","7"
"401549786","2023","3","false","2256","Greensboro College","28","297","Hampden-Sydney","58"
"401564651","2023","3","false","2818","Montclair State","25","2234","Franklin & Marshall","31"
"401540710","2023","3","false","2817","Minnesota State Moorhead","38","2816","McKendree","17"
"401553010","2023","3","false","247","Kings College (PA)","56","2015","Albright","0"
"401540044","2023","3","false","2529","Sacred Heart","10","2681","Wagner","17"
"401540971","2023","3","false","2886","Northwood (MI)","27","2838","Tiffin","34"
"401544956","2023","3","false","2812","Hope College","40","2419","Mount St. Joseph","35"
"401544127","2023","3","false","2644","Thiel","22","2062","Bethany (WV)","14"
"401540341","2023","3","false","108","Harvard","45","2900","St. Thomas (MN)","13"
"401545776","2023","3","false","455","West Virginia Wesleyan","0","2017","Alderson-Broaddus","0"
"401550068","2023","3","false","126","Kalamazoo","42","190","Defiance College","35"
"401549760","2023","3","false","3","Birmingham-Southern","3","386","Trinity University TX","38"
"401552012","2023","3","false","2731","Williams","25","33","Colby College","22"
"401549589","2023","3","false","365","Alfred University","0","175","Ithaca College","22"
"401541084","2023","3","false","83","Depauw","49","2274","Hiram College","0"
"401550396","2023","3","false","2686","Washington & Jefferson","48","2849","Westminster (PA)","3"
"401550255","2023","3","false","391","Oberlin","0","2171","Denison University","70"
"401550087","2023","3","false","2651","Trine University","58","2233","Franklin","43"
"401549624","2023","3","false","2702","Western New England","42","2779","St. Lawrence","21"
"401550111","2023","3","false","388","Lebanon Valley","31","2969","Misericordia","3"
"401554812","2023","3","false","2871","Kean","13","2175","Dickinson (PA)","24"
"401540313","2023","3","false","2405","Monmouth","31","2097","Campbell","45"
"401550374","2023","3","false","2102","Carnegie Mellon","41","2845","Waynesburg","10"
"401541960","2023","3","false","2438","Nebraska-Kearney","13","2403","Missouri Southern State","18"
"401541025","2023","3","false","2134","Clarion","20","209","Lock Haven University","21"
"401550101","2023","3","false","323","Moravian","29","3111","Apprentice School","28"
"401545792","2023","3","false","2830","St. Anselm","24","2022","American International","14"
"401550346","2023","3","false","2828","Shenandoah","20","2373","Maryville College (TN)","27"
"401550401","2023","3","false","2519","Rhodes College","26","2121","Centre College Kentucky","28"
"401549699","2023","3","true","126086","Post University","13","2060","Bentley","40"
"401558742","2023","3","true","127954","Eastern University","6","2808","Delaware Valley","29"
"401541112","2023","3","false","2896","Southern Virginia","10","2516","Randolph-Macon","51"
"401547004","2023","3","false","2188","East Stroudsburg University","55","611","Seton Hill","21"
"401544097","2023","3","false","317","Marietta","0","426","University of Mount Union","28"
"401552023","2023","3","false","2977","Trinity (CT)","44","112","Tufts","19"
"401549754","2023","3","false","424","Capital","38","332","Muskingum University","45"
"401550248","2023","3","false","188","Baldwin Wallace","7","2302","John Carroll University","30"
"401551482","2023","3","false","2586","Southwest Baptist","7","110243","UT Permian Basin","86"
"401541122","2023","3","false","2362","Manchester","7","2257","Greenville","59"
"401544891","2023","3","false","2291","Indiana-Pennsylvania","49","2559","Shippensburg","14"
"401550882","2023","3","false","375","St. Scholastica","38","509","Crown College","18"
"401552877","2023","3","false","2394","Middlebury","21","7","Amherst","7"
"401544079","2023","3","false","266","Beloit","23","65","Grinnell","33"
"401547214","2023","3","false","75","North Park","27","32","Carroll University (WI)","41"
"401526834","2023","3","false","2199","Eastern Michigan","19","113","Massachusetts","17"
"401540796","2023","3","false","128","Northern Michigan","3","2740","Wisconsin-Lacrosse","34"
"401549660","2023","3","false","2891","Ripon","21","2286","Illinois College","52"
"401549667","2023","3","false","262","Lake Forest College","41","2155","Cornell College (IA)","7"
"401550231","2023","3","false","6353","Lakeland","28","409","Concordia-Wisconsin","31"
"401550317","2023","3","false","2079","Bridgewater (VA)","41","286","North Carolina Wesleyan","12"
"401549777","2023","3","false","2738","Wisconsin-Eau Claire","0","2802","Bethel (MN)","24"
"401540730","2023","3","false","389","Upper Iowa University","38","2402","Missouri S&T","26"
"401540452","2023","3","false","2754","Youngstown State","48","2523","Robert Morris","28"
"401550173","2023","3","false","2744","Wisconsin-Stout","24","2968","Gustavus Adolphus","7"
"401549769","2023","3","false","124","Augsburg","62","446","Martin Luther","0"
"401540375","2023","3","false","233","South Dakota","35","2320","Lamar","6"
"401531388","2023","3","false","218","Temple","41","2450","Norfolk State","9"
"401541003","2023","3","false","2071","Bloomsburg","13","2205","Edinboro University","23"
"401541930","2023","3","false","2118","Central Missouri","37","90","Pittsburg St","38"
"401550431","2023","3","false","2553","Sewanee","27","2398","Millsaps","21"
"401525502","2023","3","false","152","NC State","45","2678","VMI","7"
"401541131","2023","3","false","2194","East Texas Baptist University","7","271","Wisconsin-Oshkosh","60"
"401544899","2023","3","false","2146","Colorado School Of Mines","70","2001","Adams State","7"
"401547071","2023","3","false","2657","Tuskegee","27","2119","Central State (OH)","21"
"401550407","2023","3","false","418","Hendrix College","51","2588","Southwestern University","38"
"401547116","2023","3","false","263","Loras College","44","67","Luther","29"
"401547142","2023","3","false","2758","Howard Payne","85","101161","LYONCOLL","0"
"401550202","2023","3","false","268","Lawrence University","13","2919","Monmouth (IL)","70"
"401547187","2023","3","false","2532","Salisbury","7","118","Johns Hopkins University","42"
"401547127","2023","3","true","6845","Nebraska Wesleyan","21","2564","Simpson College (IA)","13"
"401547082","2023","3","false","2685","Wartburg","47","63","Buena Vista","0"
"401549639","2023","3","false","3071","North Central College","70","2106","Carthage","0"
"401547092","2023","3","false","2964","Central College","11","2141","Coe College","19"
"401545844","2023","3","false","568","Minot State","25","2364","Minnesota State Mankato","52"
"401547220","2023","3","false","306","Illinois Wesleyan","16","396","Wheaton","47"
"401549691","2023","3","false","2825","Quincy","49","124110","UFTL","0"
"401524012","2023","3","false","254","Utah","31","2692","Weber State","7"
"401532402","2023","3","false","2050","Ball State","45","282","Indiana State","7"
"401549683","2023","3","false","101","Eureka College","35","2524","Rockford","28"
"401550220","2023","3","false","2283","Benedictine University","7","2044","Aurora","63"
"401544946","2023","3","false","74","Millikin","13","143","Washington University (St. Louis)","63"
"401550459","2023","3","false","583","Northwestern (MN)","3","2723","Wisconsin-River Falls","75"
"401550245","2023","3","false","2832","St. Norbert","37","2741","Wisconsin-Lutheran","32"
"401540786","2023","3","false","272","Wisconsin-Platteville","20","2392","Michigan Tech","24"
"401541927","2023","3","false","2201","Eastern New Mexico","30","2848","Western Oregon","29"
"401525437","2023","3","false","87","Notre Dame","41","2117","Central Michigan","17"
"401550121","2023","3","false","15","Anna Maria College","37","110","Mass Maritime","30"
"401547040","2023","3","true","60","Morehouse College","14","2013","Albany State GA","24"
"401544992","2023","3","false","359","Otterbein","21","2733","Wilmington (OH)","47"
"401540156","2023","3","false","2755","Grambling","58","125762","Florida Memorial University","22"
"401540101","2023","3","false","2197","Eastern Illinois","14","2287","Illinois State","13"
"401549631","2023","3","false","2442","College Of New Jersey","10","2422","Muhlenberg","38"
"401545989","2023","3","false","613","South Dakota Mines","30","11","Colorado Mesa","38"
"401544882","2023","3","false","134","Minnesota Duluth","42","2894","Sioux Falls","34"
"401541074","2023","3","false","2399","Minnesota Morris","12","2101","Carleton","38"
"401541065","2023","3","false","2003","Adrian","23","2074","Bluffton","15"
"401540739","2023","3","false","2654","Truman State","21","129","Saginaw Valley State","7"
"401540267","2023","3","false","147","Montana State","57","56","Stetson","20"
"401544927","2023","3","false","2323","Lane College","7","490","Benedict College","54"
"401541940","2023","3","false","2122","Central Oklahoma","31","137","Missouri Western","34"
"401550214","2023","3","false","80","Chicago","63","255","Knox College","0"
"401545812","2023","3","false","132","Bemidji State","36","2851","Winona State","10"
"401551728","2023","3","false","2486","Pacific Lutheran","37","2094","California Lutheran University","27"
"401539971","2023","3","false","257","Richmond","38","2169","Delaware State","6"
"401524009","2023","3","false","204","Oregon State","26","21","San Diego State","9"
"401534851","2023","3","true","47","Howard","34","2261","Hampton","35"
"401550341","2023","3","false","17","Claremont-Mudd-Scripps College","16","415","NEWBERG","7"
"401520243","2023","3","false","164","Rutgers","35","259","Virginia Tech","16"
"401540464","2023","3","true","2571","South Dakota State","70","2181","Drake","7"
"401520225","2023","3","false","61","Georgia","24","2579","South Carolina","14"
"401520227","2023","3","false","2294","Iowa","41","2711","Western Michigan","10"
"401520239","2023","3","false","153","North Carolina","31","135","Minnesota","13"
"401531412","2023","3","false","2026","App State","43","151","East Carolina","28"
"401520244","2023","3","false","58","South Florida","3","333","Alabama","17"
"401520246","2023","3","false","41","UConn","17","2229","Florida International","24"
"401540184","2023","3","false","2449","North Dakota State","49","2110","Central Arkansas","31"
"401520223","2023","3","false","150","Duke","38","77","Northwestern","14"
"401540488","2023","3","false","311","Maine","17","227","Rhode Island","34"
"401525842","2023","3","false","202","Tulsa","17","201","Oklahoma","66"
"401524006","2023","3","false","25","California","31","70","Idaho","17"
"401540471","2023","3","false","2127","Charleston Southern","7","2729","William & Mary","15"
"401540236","2023","3","false","331","Eastern Washington","40","2545","SE Louisiana","29"
"401531348","2023","3","false","2572","Southern Miss","3","2655","Tulane","21"
"401550699","2023","3","false","2800","Alma","60","2023","Anderson (IN)","14"
"401540559","2023","3","false","301","San Diego","12","163","Princeton","23"
"401520245","2023","3","false","245","Texas A&M","47","2433","UL Monroe","3"
"401546006","2023","3","false","2237","Fort Lewis","17","2424","New Mexico Highlands","31"
"401540290","2023","3","false","2803","Bryant","25","225","Brown","29"
"401568379","2023","3","false","2508","Puget Sound","21","2318","La Verne","26"
"401520240","2023","3","false","194","Ohio State","63","98","Western Kentucky","10"
"401550876","2023","3","true","2701","Montana-Western","48","2333","Lewis & Clark College","13"
"401546000","2023","3","false","2714","Western Colorado","30","2570","CSU Pueblo","14"
"401549744","2023","3","false","3112","Christopher Newport","49","2248","Gettysburg","17"
"401540283","2023","3","false","2502","Portland State","91","123086","North American University","0"
"401540221","2023","3","false","2464","Northern Arizona","36","3101","Utah Tech","50"
"401544908","2023","3","false","122666","Wilson","28","2842","UVA Wise","24"
"401524013","2023","3","false","265","Washington State","64","2458","Northern Colorado","21"
"401540134","2023","3","false","2029","Arkansas-Pine Bluff","21","2396","Miles College","20"
"401520233","2023","3","false","127","Michigan State","7","264","Washington","41"
"401549617","2023","3","false","2749","Worcester Polytechnic Institute","0","2528","Rensselaer","25"
"401524011","2023","3","false","26","UCLA","59","2428","North Carolina Central","7"
"401540598","2023","3","false","338","Kennesaw State","28","231","Furman","31"
"401544199","2023","3","false","2771","Merrimack","44","2355","Virginia University Of Lynchburg","0"
"401540582","2023","3","false","236","Chattanooga","48","2643","The Citadel","3"
"401540484","2023","3","false","2634","Tennessee State","27","2241","Gardner-Webb","25"
"401540251","2023","3","false","304","Idaho State","17","2460","Northern Iowa","41"
"401540192","2023","3","false","2198","Eastern Kentucky","24","2717","Western Carolina","27"
"401540699","2023","3","false","2292","Indianapolis","21","131","Wayne State (MI)","7"
"401540669","2023","3","false","2940","Livingstone","20","2676","Virginia Union","28"
"401544873","2023","3","false","2736","Winston-Salem","24","2207","Elizabeth City State","7"
"401550195","2023","3","false","2827","Rowan","21","2667","Ursinus","44"
"401540554","2023","3","false","2747","Wofford","20","2506","Presbyterian","23"
"401540411","2023","3","false","2210","Elon","27","2448","North Carolina A&T","3"
"401547014","2023","3","false","2331","Lenoir-Rhyne","62","101784","ERSKINE","0"
"401540034","2023","3","false","48","Delaware","42","2598","St. Francis (PA)","14"
"401540149","2023","3","false","50","Florida A&M","31","110242","West Florida","10"
"401550276","2023","3","false","427","Ohio Northern","14","191","Heidelberg","35"
"401545885","2023","3","false","215","Slippery Rock","42","210","Millersville","21"
"401539979","2023","3","false","2415","Morgan State","10","119","Towson","20"
"401540677","2023","3","false","2220","Fayetteville State","20","2339","Lincoln (PA)","17"
"401550272","2023","3","false","2746","Wittenberg","56","352","Kenyon","17"
"401531403","2023","3","false","2429","Charlotte","25","2247","Georgia State","41"
"401547055","2023","3","false","2542","Savannah St","28","2805","Clark Atlanta","21"
"401540660","2023","3","false","395","St. Augustine's","12","330","Virginia St","55"
"401547025","2023","3","false","2444","Newberry","25","2213","Emory & Henry College","23"
"401547007","2023","3","false","2107","Catawba","20","2369","Mars Hill","35"
"401540334","2023","3","false","160","New Hampshire","24","159","Dartmouth","7"
"401549812","2023","3","false","2913","Brevard College","14","2047","Averett","17"
"401541637","2023","3","false","2086","Butler","47","89","Wabash College","21"
"401549712","2023","3","false","2019","Allen","34","2310","Kentucky State","30"
"401547033","2023","3","false","2232","Fort Valley State","34","2206","Edward Waters","31"
"401540686","2023","3","false","2304","Johnson C Smith","30","124180","Bluefield State","13"
"401544919","2023","3","false","351","Wingate","21","2839","Greeneville","23"
"401525843","2023","3","false","2116","UCF","48","222","Villanova","14"
"401541985","2023","3","false","2876","Lincoln (MO)","10","2687","Washburn","24"
"401541866","2023","3","false","2673","Valdosta State","49","126110","Keiser University","25"
"401541094","2023","3","false","2980","Ohio Wesleyan","49","2748","Wooster","20"
"401541045","2023","3","false","2639","Texas Lutheran","14","3178","Ave Maria University","27"
"401532403","2023","3","false","2649","Toledo","21","23","San José State","17"
"401541769","2023","3","false","2823","Northwestern Oklahoma State","29","200","Southern Nazarene","42"
"401520247","2023","3","false","2439","UNLV","40","238","Vanderbilt","37"
"401520224","2023","3","false","57","Florida","29","2633","Tennessee","16"
"401520229","2023","3","false","2348","Louisiana Tech","37","249","North Texas","40"
"401531441","2023","3","false","242","Rice","59","2640","Texas Southern","7"
"401541979","2023","3","false","196","Northeastern State","0","2214","Emporia State University","38"
"401541796","2023","3","false","2927","Southwestern Oklahoma State","13","2191","East Central (OK)","24"
"401544936","2023","3","false","2042","Augustana (IL)","74","72","Elmhurst","6"
"401531379","2023","3","false","5","UAB","21","309","Louisiana","41"
"401540719","2023","3","false","2033","Arkansas Tech","24","2271","Henderson State","27"
"401545856","2023","3","false","2844","Wayne State (NE)","49","2587","Southwest Minnesota State","10"
"401540355","2023","3","false","2630","UT Martin","66","2277","Houston Christian","7"
"401520234","2023","3","false","2393","Middle Tennessee","35","93","Murray State","14"
"401553005","2023","3","true","2584","Southern Oregon","49","2930","Willamette","7"
"401541812","2023","3","false","437","Lake Erie","3","2224","Findlay","45"
"401541828","2023","3","false","2316","Kentucky Wesleyan","31","2682","Walsh","28"
"401525839","2023","3","false","197","Oklahoma State","7","6","South Alabama","33"
"401531848","2023","3","false","2653","Troy","14","256","James Madison","16"
"401541874","2023","3","false","2822","North Greenville","23","2695","West Alabama","16"
"401550380","2023","3","false","2963","Case Western Reserve","24","146","Grove City College","27"
"401551487","2023","3","true","2646","Thomas More College","18","2477","Ohio Dominican","17"
"401525835","2023","3","false","2132","Cincinnati","24","193","Miami (OH)","31"
"401525841","2023","3","false","2641","Texas Tech","41","2627","Tarleton State","3"
"401545852","2023","3","true","425","Northern State","41","559","University of Mary","10"
"401520237","2023","3","false","158","Nebraska","35","2459","Northern Illinois","11"
"401531846","2023","3","false","2032","Arkansas State","31","2619","Stony Brook","7"
"401540389","2023","3","false","2016","Alcorn State","17","2377","McNeese","3"
"401540446","2023","3","false","2546","Southeast Missouri State","25","79","Southern Illinois","26"
"401540202","2023","3","false","2635","Tennessee Tech","7","2453","North Alabama","20"
"401520221","2023","3","false","2","Auburn","45","2535","Samford","13"
"401531845","2023","3","false","324","Coastal Carolina","66","2184","Duquesne","7"
"401540450","2023","3","false","2710","Western Illinois","40","2815","Lindenwood","43"
"401540409","2023","3","false","2466","Northwestern State","7","2617","Stephen F. Austin","41"
"401540164","2023","3","false","2170","Delta State","35","2400","Mississippi Valley State","7"
"401531438","2023","3","false","2567","SMU","69","2504","Prairie View A&M","0"
"401540086","2023","3","false","2582","Southern","20","2010","Alabama A&M","10"
"401540174","2023","3","false","2046","Austin Peay","63","2193","East Tennessee State","3"
"401540777","2023","3","false","2264","Harding University","59","2028","Arkansas-Monticello","19"
"401541803","2023","3","false","308","Ashland","38","2273","Hillsdale","14"
"401541783","2023","3","false","2888","Ouachita Baptist","52","2568","Southern Arkansas","24"
"401520220","2023","3","false","8","Arkansas","31","252","BYU","38"
"401520228","2023","3","false","96","Kentucky","35","2006","Akron","3"
"401545801","2023","3","false","3066","Concordia University St Paul","16","2043","Augustana University (SD)","24"
"401520241","2023","3","false","145","Ole Miss","48","59","Georgia Tech","23"
"401520242","2023","3","false","2509","Purdue","20","183","Syracuse","35"
"401520232","2023","3","false","130","Michigan","31","189","Bowling Green","6"
"401525503","2023","3","false","277","West Virginia","17","221","Pittsburgh","6"
"401541883","2023","3","false","2401","Mississippi College","35","2698","West Georgia","38"
"401540982","2023","3","false","2704","West Texas A&M","23","2395","Midwestern State","0"
"401524010","2023","3","false","24","Stanford","23","16","Sacramento State","30"
"401541776","2023","3","false","319","Oklahoma Baptist","36","199","Southeastern Oklahoma State","3"
"401540226","2023","3","false","13","Cal Poly","41","124179","Lincoln (CA)","20"
"401525501","2023","3","false","228","Clemson","48","2226","Florida Atlantic","14"
"401524008","2023","3","false","2483","Oregon","55","62","Hawai'i","10"
"401545974","2023","3","false","2069","Black Hills State","55","2123","Chadron St","19"
"401525840","2023","3","false","251","Texas","31","2751","Wyoming","10"
"401540259","2023","3","false","149","Montana","17","2222","Ferris State","10"
"401541951","2023","3","false","2231","Fort Hays State","17","138","Northwest Missouri St","6"
"401541630","2023","3","false","2000","Abilene Christian","20","2916","Incarnate Word","27"
"401541899","2023","3","false","2703","Western New Mexico","9","2658","Texas A&M-Kingsville","30"
"401525836","2023","3","false","248","Houston","13","2628","TCU","36"
"401520238","2023","3","false","167","New Mexico","17","166","New Mexico State","27"
"401531847","2023","3","false","326","Texas State","77","2296","Jackson State","34"
"401541891","2023","3","false","2120","Central Washington","27","2025","Angelo State","24"
"401552870","2023","3","false","2923","Pomona Pitzer","24","205","Pacific (OR)","17"
"401524007","2023","3","false","38","Colorado","43","36","Colorado State","35"
"401544145","2023","3","false","29","Redlands","10","203","Linfield College","17"
"401544088","2023","3","false","411","Chapman","17","2721","Whitworth","24"
"401540206","2023","3","false","302","UC Davis","23","253","Southern Utah","21"
"401525837","2023","3","false","2440","Nevada","24","2305","Kansas","31"
"401524005","2023","3","false","9","Arizona State","0","278","Fresno State","29"
"401520219","2023","3","false","12","Arizona","31","2638","UTEP","10"
"401597649","2023","4","false","2234","Franklin & Marshall","34","2442","College Of New Jersey","9"
"401540087","2023","4","false","2010","Alabama A&M","31","2029","Arkansas-Pine Bluff","24"
"401531849","2023","4","false","324","Coastal Carolina","17","2247","Georgia State","30"
"401520266","2023","4","false","2509","Purdue","17","275","Wisconsin","38"
"401540291","2023","4","false","108","Harvard","34","225","Brown","31"
"401568378","2023","4","false","452","Endicott College","37","2810","Hardin-Simmons","10"
"401525505","2023","4","false","258","Virginia","21","152","NC State","24"
"401532584","2023","4","false","23","San José State","20","2005","Air Force","45"
"401532583","2023","4","false","21","San Diego State","31","68","Boise State","34"
"401525507","2023","4","false","228","Clemson","24","52","Florida State","31"
"401540029","2023","4","false","2598","St. Francis (PA)","34","2529","Sacred Heart","37"
"401531338","2023","4","false","2459","Northern Illinois","14","202","Tulsa","22"
"401549739","2023","4","false","109","MIT","7","2776","Salve Regina","34"
"401520274","2023","4","false","238","Vanderbilt","28","96","Kentucky","45"
"401520270","2023","4","false","245","Texas A&M","27","2","Auburn","10"
"401520271","2023","4","false","2653","Troy","27","98","Western Kentucky","24"
"401525845","2023","4","false","2132","Cincinnati","6","201","Oklahoma","20"
"401544054","2023","4","false","390","Utica","31","40","Curry College","7"
"401545886","2023","4","false","210","Millersville","23","223","West Chester","14"
"401540567","2023","4","false","56","Stetson","18","2086","Butler","28"
"401545876","2023","4","false","2974","Shepherd","3","2315","Kutztown University","20"
"401550460","2023","4","false","2812","Hope College","54","583","Northwestern (MN)","17"
"401544063","2023","4","false","2015","Albright","6","2221","FDU-Florham","14"
"401553017","2023","4","false","2967","Framingham State","9","2909","Westfield State","8"
"401525849","2023","4","false","2628","TCU","34","2567","SMU","17"
"401545737","2023","4","false","587","Notre Dame College","14","2986","Fairmont State","17"
"401545863","2023","4","false","2205","Edinboro University","10","2858","PennWest California","31"
"401545709","2023","4","false","112335","Wheeling","44","2148","Concord University","27"
"401550140","2023","4","false","2790","Albion","30","2743","Wisconsin-Stevens Pt","7"
"401552460","2023","4","false","2781","Brockport","59","2354","Lycoming","3"
"401546948","2023","4","false","110254","Davenport","55","2911","William Jewell","27"
"401540422","2023","4","false","163","Princeton","13","2803","Bryant","16"
"401550291","2023","4","false","2746","Wittenberg","28","2800","Alma","48"
"401520268","2023","4","false","183","Syracuse","29","349","Army","16"
"401541834","2023","4","false","2682","Walsh","10","2646","Thomas More College","26"
"401540307","2023","4","false","43","Yale","21","172","Cornell","23"
"401550256","2023","4","false","2274","Hiram College","24","2171","Denison University","55"
"401550133","2023","4","false","379","UMass Dartmouth","59","402","Worcester St","0"
"401549732","2023","4","false","2383","Merchant Marine Academy","36","2951","SUNY Maritime","19"
"401520260","2023","4","false","130","Michigan","31","164","Rutgers","7"
"401549787","2023","4","false","2056","Belhaven","34","2256","Greensboro College","0"
"401525511","2023","4","false","276","Marshall","24","259","Virginia Tech","17"
"401549700","2023","4","false","2583","Southern Connecticut State","6","2060","Bentley","13"
"401540058","2023","4","false","171","Columbia","30","46","Georgetown","0"
"401540455","2023","4","false","2674","Valparaiso","30","2368","Marist","36"
"401549573","2023","4","false","237","Union (NY)","43","2818","Montclair State","7"
"401540652","2023","4","false","2075","Bowie State","10","395","St. Augustine's","7"
"401541085","2023","4","false","83","Depauw","28","2980","Ohio Wesleyan","7"
"401544878","2023","4","false","138","Northwest Missouri St","59","2876","Lincoln (MO)","0"
"401540599","2023","4","false","231","Furman","38","2382","Mercer","14"
"401549796","2023","4","false","548","Lagrange College","6","2938","Huntingdon College (AL)","41"
"401540040","2023","4","false","2230","Fordham","44","284","Stonehill","0"
"401550027","2023","4","false","2018","Allegheny","31","2062","Bethany (WV)","20"
"401550302","2023","4","false","7","Amherst","17","348","Hamilton","14"
"401550203","2023","4","false","268","Lawrence University","22","2399","Minnesota Morris","38"
"401544892","2023","4","false","2385","Mercyhurst","13","2291","Indiana-Pennsylvania","30"
"401545777","2023","4","false","2128","University Of Charleston (WV)","76","455","West Virginia Wesleyan","16"
"401550398","2023","4","false","2845","Waynesburg","20","2849","Westminster (PA)","31"
"401541015","2023","4","false","367","Gannon","27","2134","Clarion","20"
"401541026","2023","4","false","209","Lock Haven University","21","2188","East Stroudsburg University","35"
"401547072","2023","4","false","2119","Central State (OH)","28","2019","Allen","34"
"401549714","2023","4","false","340","Bowdoin","20","2731","Williams","0"
"401540993","2023","4","false","2699","West Liberty","19","2882","UNC Pembroke","37"
"401547207","2023","4","false","111675","Biddeford","27","184","University of Rochester (NY)","29"
"401549805","2023","4","false","291","Methodist","27","2896","Southern Virginia","21"
"401550051","2023","4","false","2108","Catholic","6","365","Alfred University","9"
"401541004","2023","4","false","2559","Shippensburg","7","2071","Bloomsburg","0"
"401554818","2023","4","false","2969","Misericordia","35","111674","Reading","15"
"401541095","2023","4","false","2748","Wooster","70","352","Kenyon","21"
"401547062","2023","4","false","2310","Kentucky State","9","2232","Fort Valley State","31"
"401552018","2023","4","false","336","Wesleyan University (CT)","24","2394","Middlebury","21"
"401545746","2023","4","false","2017","Alderson-Broaddus","0","341","Frostburg State","0"
"401544909","2023","4","false","2369","Mars Hill","16","122666","Wilson","14"
"401544920","2023","4","false","2213","Emory & Henry College","10","351","Wingate","31"
"401549820","2023","4","false","216","Susquehanna","26","2702","Western New England","18"
"401551919","2023","4","false","3162","Alfred State","48","125974","Hilbert College","7"
"401552874","2023","4","false","33","Colby College","7","2977","Trinity (CT)","48"
"401553038","2023","4","false","388","Lebanon Valley","45","127954","Eastern University","7"
"401540102","2023","4","false","2287","Illinois State","48","2815","Lindenwood","17"
"401540740","2023","4","false","131","Wayne State (MI)","7","2654","Truman State","41"
"401550122","2023","4","false","110","Mass Maritime","21","114","Fitchburg State","3"
"401558400","2023","4","false","2808","Delaware Valley","28","247","Kings College (PA)","0"
"401541035","2023","4","false","2105","Carson-Newman College","7","2331","Lenoir-Rhyne","24"
"401544136","2023","4","false","2121","Centre College Kentucky","16","2757","Berry College","49"
"401546996","2023","4","false","2886","Northwood (MI)","68","437","Lake Erie","14"
"401541123","2023","4","false","2257","Greenville","38","2003","Adrian","35"
"401547133","2023","4","false","509","Crown College","23","2045","Austin","34"
"401541952","2023","4","false","137","Missouri Western","28","2231","Fort Hays State","7"
"401544128","2023","4","false","2686","Washington & Jefferson","56","2644","Thiel","14"
"401540081","2023","4","false","159","Dartmouth","34","2329","Lehigh","17"
"401544107","2023","4","false","426","University of Mount Union","74","332","Muskingum University","7"
"401550277","2023","4","false","191","Heidelberg","7","2302","John Carroll University","34"
"401532406","2023","4","false","2649","Toledo","49","2711","Western Michigan","31"
"401540622","2023","4","false","2678","VMI","17","2747","Wofford","14"
"401550092","2023","4","false","2262","Hanover College","38","2651","Trine University","14"
"401550249","2023","4","false","427","Ohio Northern","21","188","Baldwin Wallace","31"
"401544098","2023","4","false","317","Marietta","50","359","Otterbein","0"
"401547131","2023","4","false","2564","Simpson College (IA)","0","2685","Wartburg","63"
"401549761","2023","4","false","2588","Southwestern University","43","3","Birmingham-Southern","20"
"401531871","2023","4","false","2050","Ball State","3","290","Georgia Southern","40"
"401550236","2023","4","false","101","Eureka College","21","2832","St. Norbert","17"
"401541075","2023","4","false","2101","Carleton","31","162","Hamline University","27"
"401540787","2023","4","false","389","Upper Iowa University","31","2392","Michigan Tech","34"
"401550162","2023","4","false","2600","Saint John's (MN)","27","2802","Bethel (MN)","7"
"401547101","2023","4","false","2141","Coe College","56","6845","Nebraska Wesleyan","6"
"401547093","2023","4","false","67","Luther","16","2964","Central College","41"
"401544947","2023","4","false","75","North Park","38","74","Millikin","0"
"401545982","2023","4","false","2123","Chadron St","17","2714","Western Colorado","35"
"401541931","2023","4","false","2687","Washburn","28","2118","Central Missouri","58"
"401540700","2023","4","false","129","Saginaw Valley State","10","2292","Indianapolis","35"
"401550279","2023","4","false","89","Wabash College","59","391","Oberlin","6"
"401550232","2023","4","false","409","Concordia-Wisconsin","41","2741","Wisconsin-Lutheran","0"
"401549692","2023","4","false","2825","Quincy","45","128","Northern Michigan","27"
"401550456","2023","4","true","101161","LYONCOLL","30","433","Westminster College (MO)","7"
"401547034","2023","4","false","2206","Edward Waters","44","60","Morehouse College","13"
"401545853","2023","4","false","2851","Winona State","39","425","Northern State","16"
"401549684","2023","4","false","2524","Rockford","20","6353","Lakeland","41"
"401545802","2023","4","false","2043","Augustana University (SD)","31","2817","Minnesota State Moorhead","27"
"401546009","2023","4","false","2424","New Mexico Highlands","7","613","South Dakota Mines","42"
"401540067","2023","4","false","107","Holy Cross","47","2142","Colgate","7"
"401550185","2023","4","false","133","St. Olaf","38","2359","Macalester","13"
"401544883","2023","4","false","2894","Sioux Falls","7","568","Minot State","0"
"401544928","2023","4","false","2657","Tuskegee","28","2323","Lane College","22"
"401549625","2023","4","false","2779","St. Lawrence","28","293","Castleton","0"
"401545829","2023","4","false","2587","Southwest Minnesota State","0","134","Minnesota Duluth","33"
"401550021","2023","4","false","2467","Norwich","17","2749","Worcester Polytechnic Institute","38"
"401541941","2023","4","false","2214","Emporia State University","38","2122","Central Oklahoma","27"
"401547109","2023","4","false","49","Dubuque","35","263","Loras College","23"
"401550154","2023","4","false","2968","Gustavus Adolphus","31","124","Augsburg","33"
"401540529","2023","4","false","2900","St. Thomas (MN)","35","2413","Morehead State","28"
"401545821","2023","4","false","2364","Minnesota State Mankato","42","3066","Concordia University St Paul","10"
"401541056","2023","4","false","323","Moravian","19","3110","SUNY Morrisville","20"
"401547215","2023","4","false","32","Carroll University (WI)","70","306","Illinois Wesleyan","23"
"401549707","2023","4","false","2842","UVA Wise","17","2336","Limestone","38"
"401549674","2023","4","false","2283","Benedictine University","48","2151","Concordia University Chicago","14"
"401550169","2023","4","false","375","St. Scholastica","16","2152","Concordia Moorhead","49"
"401549640","2023","4","false","143","Washington University (St. Louis)","38","2106","Carthage","7"
"401540549","2023","4","false","222","Villanova","35","227","Rhode Island","9"
"401540472","2023","4","false","2717","Western Carolina","77","2127","Charleston Southern","21"
"401550347","2023","4","false","2828","Shenandoah","48","246","Juniata College","7"
"401541974","2023","4","false","90","Pittsburg St","33","2438","Nebraska-Kearney","14"
"401545975","2023","4","false","11","Colorado Mesa","23","2069","Black Hills State","25"
"401539995","2023","4","true","2428","North Carolina Central","45","2400","Mississippi Valley State","3"
"401541794","2023","4","false","200","Southern Nazarene","41","2927","Southwestern Oklahoma State","7"
"401550408","2023","4","false","2398","Millsaps","42","418","Hendrix College","53"
"401540222","2023","4","false","2623","Missouri State","59","3101","Utah Tech","14"
"401540583","2023","4","false","2535","Samford","24","236","Chattanooga","47"
"401541961","2023","4","false","2403","Missouri Southern State","42","196","Northeastern State","0"
"401547041","2023","4","true","2013","Albany State GA","15","2542","Savannah St","12"
"401540157","2023","4","false","2755","Grambling","35","2640","Texas Southern","23"
"401551512","2023","4","false","2884","Nichols College","52","173","Hartwick","3"
"401545813","2023","4","false","559","University of Mary","10","132","Bemidji State","41"
"401540390","2023","4","false","2197","Eastern Illinois","31","2377","McNeese","28"
"401540499","2023","4","false","2523","Robert Morris","46","2355","Virginia University Of Lynchburg","0"
"401550043","2023","4","false","72","Elmhurst","6","3071","North Central College","59"
"401545968","2023","4","false","611","Seton Hill","14","215","Slippery Rock","35"
"401551140","2023","4","false","2804","Chowan","3","490","Benedict College","31"
"401525509","2023","4","false","218","Temple","7","2390","Miami","41"
"401540073","2023","4","false","322","Lafayette","28","2405","Monmouth","20"
"401541104","2023","4","false","81","Springfield","63","2557","Coast Guard","14"
"401540048","2023","4","false","2083","Bucknell","21","219","Pennsylvania","37"
"401540573","2023","4","false","2619","Stony Brook","19","257","Richmond","20"
"401520250","2023","4","false","333","Alabama","24","145","Ole Miss","10"
"401531873","2023","4","false","295","Old Dominion","10","2837","East Texas A&M","9"
"401547197","2023","4","false","2280","Husson","50","15","Anna Maria College","49"
"401532408","2023","4","false","193","Miami (OH)","62","2169","Delaware State","20"
"401532405","2023","4","false","189","Bowling Green","7","195","Ohio","38"
"401526835","2023","4","false","113","Massachusetts","31","167","New Mexico","34"
"401540489","2023","4","false","2729","William & Mary","28","311","Maine","3"
"401524015","2023","4","false","2483","Oregon","42","38","Colorado","6"
"401520263","2023","4","false","158","Nebraska","28","2348","Louisiana Tech","14"
"401524017","2023","4","false","254","Utah","14","26","UCLA","7"
"401525847","2023","4","false","2305","Kansas","38","252","BYU","27"
"401520255","2023","4","false","356","Illinois","23","2226","Florida Atlantic","17"
"401520261","2023","4","false","127","Michigan State","9","120","Maryland","31"
"401525850","2023","4","false","277","West Virginia","20","2641","Texas Tech","13"
"401520272","2023","4","false","41","UConn","7","150","Duke","41"
"401525506","2023","4","false","97","Louisville","56","103","Boston College","28"
"401539988","2023","4","false","119","Towson","14","2450","Norfolk State","21"
"401520269","2023","4","false","2633","Tennessee","45","2636","UTSA","14"
"401525846","2023","4","false","66","Iowa State","34","197","Oklahoma State","27"
"401531423","2023","4","false","58","South Florida","42","242","Rice","29"
"401552868","2023","4","false","2022","American International","14","2487","Pace","24"
"401540260","2023","4","false","2464","Northern Arizona","28","149","Montana","14"
"401540045","2023","4","false","2681","Wagner","30","2771","Merrimack","27"
"401552468","2023","4","false","18","Bridgewater State","35","2843","Western Connecticut St","28"
"401540972","2023","4","false","2838","Tiffin","55","308","Ashland","30"
"401541813","2023","4","false","2273","Hillsdale","21","2224","Findlay","31"
"401540227","2023","4","false","2502","Portland State","59","13","Cal Poly","21"
"401550342","2023","4","false","17","Claremont-Mudd-Scripps College","49","2094","California Lutheran University","28"
"401545995","2023","4","false","2570","CSU Pueblo","14","2146","Colorado School Of Mines","55"
"401552998","2023","4","false","374","St John Fisher University","29","398","Wilkes","20"
"401540245","2023","4","false","70","Idaho","36","16","Sacramento State","27"
"401547008","2023","4","false","2839","Greeneville","35","2107","Catawba","21"
"401541924","2023","4","false","2848","Western Oregon","7","2120","Central Washington","17"
"401545793","2023","4","false","2830","St. Anselm","42","126086","Post University","21"
"401520257","2023","4","false","55","Jacksonville State","21","2199","Eastern Michigan","0"
"401549813","2023","4","false","2913","Brevard College","37","2373","Maryville College (TN)","35"
"401531876","2023","4","false","6","South Alabama","30","2117","Central Michigan","34"
"401540467","2023","4","false","301","San Diego","40","2168","Dayton","25"
"401550349","2023","4","false","386","Trinity University TX","63","2519","Rhodes College","14"
"401549618","2023","4","false","2528","Rensselaer","63","110438","Dean College","0"
"401547056","2023","4","false","2396","Miles College","55","2805","Clark Atlanta","14"
"401545754","2023","4","false","2707","West Virginia State","31","2249","Glenville State","21"
"401541887","2023","4","false","2736","Winston-Salem","30","124180","Bluefield State","0"
"401540670","2023","4","false","2676","Virginia Union","7","2220","Fayetteville State","10"
"401540324","2023","4","false","48","Delaware","29","160","New Hampshire","25"
"401540661","2023","4","false","330","Virginia St","33","2940","Livingstone","0"
"401540000","2023","4","false","2569","South Carolina State","31","2643","The Citadel","10"
"401539980","2023","4","false","2415","Morgan State","17","399","UAlbany","23"
"401540252","2023","4","false","304","Idaho State","35","2458","Northern Colorado","21"
"401540314","2023","4","false","2097","Campbell","24","2210","Elon","28"
"401540193","2023","4","false","2198","Eastern Kentucky","41","2546","Southeast Missouri State","38"
"401540117","2023","4","false","50","Florida A&M","23","2011","Alabama State","10"
"401549581","2023","4","false","174","Hobart College","43","122774","Keystone","10"
"401547015","2023","4","false","101784","ERSKINE","17","2444","Newberry","24"
"401551494","2023","4","true","112334","Franklin Pierce","14","2441","New Haven","41"
"401531413","2023","4","false","151","East Carolina","44","2241","Gardner-Webb","0"
"401541878","2023","4","true","110242","West Florida","49","2698","West Georgia","21"
"401520275","2023","4","false","2229","Florida International","6","2335","Liberty","38"
"401525508","2023","4","false","154","Wake Forest","16","59","Georgia Tech","30"
"401550295","2023","4","false","112","Tufts","44","121","Bates","16"
"401531874","2023","4","false","2032","Arkansas State","44","2572","Southern Miss","37"
"401541848","2023","4","false","2170","Delta State","56","2560","Shorter","20"
"401541777","2023","4","false","2191","East Central (OK)","15","319","Oklahoma Baptist","23"
"401541867","2023","4","false","2673","Valdosta State","28","2822","North Greenville","3"
"401524019","2023","4","false","265","Washington State","38","204","Oregon State","35"
"401520262","2023","4","false","2393","Middle Tennessee","23","36","Colorado State","31"
"401540778","2023","4","false","2028","Arkansas-Monticello","25","2888","Ouachita Baptist","45"
"401540214","2023","4","false","2627","Tarleton State","27","2586","Southwest Baptist","13"
"401541892","2023","4","false","2025","Angelo State","62","2703","Western New Mexico","9"
"401544937","2023","4","false","396","Wheaton","41","2042","Augustana (IL)","34"
"401540399","2023","4","false","2166","Davidson","84","111610","Laurinburg","6"
"401540376","2023","4","false","2320","Lamar","38","124179","Lincoln (CA)","0"
"401531870","2023","4","false","2751","Wyoming","22","2026","App State","19"
"401541907","2023","4","false","110243","UT Permian Basin","41","2704","West Texas A&M","40"
"401541770","2023","4","false","199","Southeastern Oklahoma State","41","2823","Northwestern Oklahoma State","2"
"401541829","2023","4","false","2316","Kentucky Wesleyan","13","2477","Ohio Dominican","10"
"401540175","2023","4","false","2617","Stephen F. Austin","20","2046","Austin Peay","22"
"401550381","2023","4","false","2963","Case Western Reserve","42","2242","Geneva","7"
"401540142","2023","4","false","2296","Jackson State","22","2065","Bethune-Cookman","16"
"401541753","2023","4","false","2271","Henderson State","16","2264","Harding University","27"
"401544201","2023","4","false","2916","Incarnate Word","63","123086","North American University","3"
"401540687","2023","4","false","2339","Lincoln (PA)","20","2304","Johnson C Smith","27"
"401540720","2023","4","false","2568","Southern Arkansas","49","2033","Arkansas Tech","3"
"401540203","2023","4","false","2453","North Alabama","21","2630","UT Martin","37"
"401544993","2023","4","false","2733","Wilmington (OH)","49","424","Capital","24"
"401550375","2023","4","false","146","Grove City College","21","2102","Carnegie Mellon","14"
"401524016","2023","4","false","24","Stanford","20","12","Arizona","21"
"401531349","2023","4","false","2655","Tulane","36","2447","Nicholls","7"
"401520251","2023","4","false","57","Florida","22","2429","Charlotte","7"
"401520254","2023","4","false","248","Houston","38","2534","Sam Houston","7"
"401540731","2023","4","false","2402","Missouri S&T","35","2844","Wayne State (NE)","38"
"401547171","2023","4","false","2371","Mary Hardin-Baylor","50","241","McMurry","9"
"401540126","2023","4","false","2016","Alcorn State","20","2504","Prairie View A&M","23"
"401531877","2023","4","false","326","Texas State","35","2440","Nevada","24"
"401540356","2023","4","false","2545","SE Louisiana","19","2277","Houston Christian","34"
"401541875","2023","4","false","2695","West Alabama","10","2401","Mississippi College","7"
"401540535","2023","4","false","2635","Tennessee Tech","17","338","Kennesaw State","7"
"401540185","2023","4","false","2110","Central Arkansas","52","2000","Abilene Christian","17"
"401520258","2023","4","false","99","LSU","34","8","Arkansas","31"
"401520256","2023","4","false","84","Indiana","29","2006","Akron","27"
"401520259","2023","4","true","142","Missouri","34","235","Memphis","27"
"401525844","2023","4","false","239","Baylor","6","251","Texas","38"
"401520267","2023","4","false","2579","South Carolina","37","344","Mississippi State","30"
"401520265","2023","4","false","213","Penn State","31","2294","Iowa","0"
"401520252","2023","4","false","61","Georgia","49","5","UAB","21"
"401531875","2023","4","false","309","Louisiana","45","2084","Buffalo","38"
"401520264","2023","4","false","77","Northwestern","37","135","Minnesota","34"
"401521330","2023","4","false","87","Notre Dame","14","194","Ohio State","17"
"401525848","2023","4","false","2306","Kansas State","44","2116","UCF","31"
"401531872","2023","4","false","328","Utah State","38","256","James Madison","45"
"401525510","2023","4","false","221","Pittsburgh","24","153","North Carolina","41"
"401540983","2023","4","false","2395","Midwestern State","34","2201","Eastern New Mexico","31"
"401540207","2023","4","false","253","Southern Utah","37","2710","Western Illinois","17"
"401544900","2023","4","false","2001","Adams State","25","2237","Fort Lewis","24"
"401540268","2023","4","false","2692","Weber State","0","147","Montana State","40"
"401520273","2023","4","false","2638","UTEP","28","2439","UNLV","45"
"401552871","2023","4","false","2923","Pomona Pitzer","34","2318","La Verne","7"
"401544146","2023","4","false","411","Chapman","21","29","Redlands","38"
"401540237","2023","4","false","302","UC Davis","24","331","Eastern Washington","27"
"401532407","2023","4","false","278","Fresno State","53","2309","Kent State","10"
"401524014","2023","4","false","9","Arizona State","28","30","USC","42"
"401524018","2023","4","false","264","Washington","59","25","California","32"
"401520253","2023","4","false","62","Hawai'i","20","166","New Mexico State","17"
"401553855","2023","4","false","471","Stevenson","49","2725","Widener","7"
"401540694","2023","4","false","2207","Elizabeth City State","17","2551","Shaw","20"
"401550024","2023","4","false","3111","Apprentice School","9","2688","Washington and Lee","28"
"401531339","2023","5","false","202","Tulsa","48","218","Temple","26"
"401520277","2023","5","false","98","Western Kentucky","31","2393","Middle Tennessee","10"
"401520276","2023","5","false","2534","Sam Houston","28","55","Jacksonville State","35"
"401547198","2023","5","false","2280","Husson","75","110438","Dean College","17"
"401554813","2023","5","false","2175","Dickinson (PA)","19","2234","Franklin & Marshall","17"
"401549632","2023","5","false","2667","Ursinus","20","2422","Muhlenberg","28"
"401525512","2023","5","false","152","NC State","10","97","Louisville","13"
"401551495","2023","5","false","2022","American International","14","2441","New Haven","33"
"401541632","2023","5","false","163","Princeton","10","171","Columbia","7"
"401520278","2023","5","false","2638","UTEP","10","2348","Louisiana Tech","24"
"401524020","2023","5","false","204","Oregon State","21","254","Utah","7"
"401525851","2023","5","false","252","BYU","35","2132","Cincinnati","27"
"401564662","2023","5","false","2972","Plymouth State","14","2967","Framingham State","24"
"401531880","2023","5","false","256","James Madison","31","6","South Alabama","23"
"401531370","2023","5","false","2655","Tulane","35","5","UAB","23"
"401520287","2023","5","false","77","Northwestern","13","213","Penn State","41"
"401539981","2023","5","false","43","Yale","45","2415","Morgan State","3"
"401550022","2023","5","false","2951","SUNY Maritime","24","2467","Norwich","21"
"401540400","2023","5","false","2166","Davidson","55","301","San Diego","33"
"401520282","2023","5","false","96","Kentucky","33","57","Florida","14"
"401520292","2023","5","false","41","UConn","33","328","Utah State","34"
"401520284","2023","5","false","135","Minnesota","35","309","Louisiana","24"
"401545784","2023","5","false","2038","Assumption","36","2487","Pace","22"
"401549733","2023","5","false","2776","Salve Regina","35","2383","Merchant Marine Academy","17"
"401541027","2023","5","false","210","Millersville","31","209","Lock Haven University","38"
"401551506","2023","5","false","2336","Limestone","27","2369","Mars Hill","23"
"401532412","2023","5","false","2006","Akron","10","2084","Buffalo","13"
"401552469","2023","5","false","114","Fitchburg State","14","18","Bridgewater State","38"
"401553022","2023","5","false","398","Wilkes","63","246","Juniata College","14"
"401544964","2023","5","false","354","Olivet College","40","3162","Alfred State","19"
"401524023","2023","5","false","38","Colorado","41","30","USC","48"
"401550123","2023","5","false","2909","Westfield State","17","110","Mass Maritime","10"
"401525514","2023","5","false","183","Syracuse","14","228","Clemson","31"
"401545893","2023","5","false","2974","Shepherd","30","2559","Shippensburg","23"
"401534852","2023","5","false","2523","Robert Morris","10","47","Howard","35"
"401541105","2023","5","false","2749","Worcester Polytechnic Institute","10","81","Springfield","42"
"401550362","2023","5","false","286","North Carolina Wesleyan","14","2056","Belhaven","35"
"401541857","2023","5","false","2560","Shorter","14","2401","Mississippi College","30"
"401545864","2023","5","false","2858","PennWest California","37","2134","Clarion","7"
"401545794","2023","5","false","2583","Southern Connecticut State","6","2830","St. Anselm","3"
"401540994","2023","5","false","2882","UNC Pembroke","41","112335","Wheeling","20"
"401540005","2023","5","false","225","Brown","42","2115","Central Connecticut","20"
"401520279","2023","5","true","8","Arkansas","22","245","Texas A&M","34"
"401540013","2023","5","false","2341","Long Island University","28","2184","Duquesne","31"
"401545877","2023","5","false","2315","Kutztown University","34","2188","East Stroudsburg University","27"
"401549582","2023","5","false","175","Ithaca College","24","174","Hobart College","14"
"401540468","2023","5","false","2168","Dayton","14","2900","St. Thomas (MN)","20"
"401540082","2023","5","false","2405","Monmouth","49","2329","Lehigh","7"
"401540671","2023","5","false","395","St. Augustine's","7","2676","Virginia Union","47"
"401552875","2023","5","false","2977","Trinity (CT)","49","7","Amherst","0"
"401540522","2023","5","false","2368","Marist","34","56","Stetson","24"
"401544055","2023","5","false","390","Utica","48","173","Hartwick","7"
"401540423","2023","5","false","227","Rhode Island","49","2803","Bryant","26"
"401541784","2023","5","false","2888","Ouachita Baptist","34","199","Southeastern Oklahoma State","7"
"401541124","2023","5","false","2257","Greenville","10","2399","Minnesota Morris","24"
"401540591","2023","5","false","2535","Samford","42","2193","East Tennessee State","28"
"401541113","2023","5","false","2258","Guilford College","14","2516","Randolph-Macon","70"
"401540678","2023","5","false","124180","Bluefield State","18","2220","Fayetteville State","28"
"401551513","2023","5","false","2884","Nichols College","55","417","Gallaudet","28"
"401550141","2023","5","false","2790","Albion","44","126","Kalamazoo","17"
"401550284","2023","5","false","2980","Ohio Wesleyan","13","89","Wabash College","31"
"401540335","2023","5","false","219","Pennsylvania","20","159","Dartmouth","23"
"401546944","2023","5","false","2339","Lincoln (PA)","30","2736","Winston-Salem","27"
"401545755","2023","5","false","2249","Glenville State","17","2128","University Of Charleston (WV)","52"
"401547073","2023","5","false","2119","Central State (OH)","7","2396","Miles College","40"
"401541820","2023","5","false","2273","Hillsdale","40","2886","Northwood (MI)","18"
"401544137","2023","5","false","2757","Berry College","37","386","Trinity University TX","46"
"401540662","2023","5","false","2551","Shaw","19","330","Virginia St","38"
"401539972","2023","5","false","2169","Delaware State","48","2355","Virginia University Of Lynchburg","10"
"401549821","2023","5","false","216","Susquehanna","50","2108","Catholic","21"
"401547188","2023","5","false","2827","Rowan","20","118","Johns Hopkins University","55"
"401545822","2023","5","false","3066","Concordia University St Paul","37","559","University of Mary","34"
"401545830","2023","5","false","134","Minnesota Duluth","38","2851","Winona State","14"
"401541057","2023","5","false","3110","SUNY Morrisville","15","2782","Cortland","52"
"401545747","2023","5","false","341","Frostburg State","21","587","Notre Dame College","24"
"401541841","2023","5","false","2804","Chowan","36","2673","Valdosta State","51"
"401547042","2023","5","false","2310","Kentucky State","27","2013","Albany State GA","33"
"401540555","2023","5","false","2086","Butler","27","2506","Presbyterian","17"
"401550266","2023","5","false","352","Kenyon","40","2274","Hiram College","16"
"401545710","2023","5","false","2148","Concord University","21","2699","West Liberty","23"
"401549715","2023","5","false","2394","Middlebury","34","340","Bowdoin","27"
"401549797","2023","5","false","2938","Huntingdon College (AL)","52","291","Methodist","7"
"401550102","2023","5","false","323","Moravian","58","122774","Keystone","34"
"401545837","2023","5","false","2817","Minnesota State Moorhead","45","425","Northern State","26"
"401550318","2023","5","false","297","Hampden-Sydney","38","2079","Bridgewater (VA)","39"
"401550457","2023","5","false","509","Crown College","25","433","Westminster College (MO)","17"
"401540035","2023","5","false","284","Stonehill","10","2598","St. Francis (PA)","15"
"401552994","2023","5","false","2700","McDaniel College","20","2248","Gettysburg","27"
"401550303","2023","5","false","336","Wesleyan University (CT)","35","348","Hamilton","14"
"401550412","2023","5","false","2896","Southern Virginia","52","548","Lagrange College","26"
"401545772","2023","5","false","455","West Virginia Wesleyan","16","2707","West Virginia State","51"
"401540688","2023","5","false","2207","Elizabeth City State","20","2304","Johnson C Smith","21"
"401540788","2023","5","false","2392","Michigan Tech","0","110254","Davenport","28"
"401549574","2023","5","false","237","Union (NY)","34","2779","St. Lawrence","0"
"401541804","2023","5","false","2477","Ohio Dominican","6","308","Ashland","20"
"401553862","2023","5","false","2970","William Paterson","21","2871","Kean","9"
"401540030","2023","5","false","2529","Sacred Heart","7","2771","Merrimack","17"
"401541086","2023","5","false","391","Oberlin","7","83","Depauw","66"
"401549724","2023","5","false","2557","Coast Guard","36","109","MIT","14"
"401550262","2023","5","false","424","Capital","35","359","Otterbein","31"
"401550069","2023","5","false","2262","Hanover College","21","190","Defiance College","27"
"401541066","2023","5","false","2233","Franklin","31","2074","Bluffton","24"
"401549755","2023","5","false","332","Muskingum University","17","191","Heidelberg","20"
"401552013","2023","5","false","112","Tufts","28","2731","Williams","10"
"401532410","2023","5","false","2117","Central Michigan","26","2199","Eastern Michigan","23"
"401544994","2023","5","false","2302","John Carroll University","59","2733","Wilmington (OH)","7"
"401544957","2023","5","false","2419","Mount St. Joseph","69","2362","Manchester","14"
"401540412","2023","5","false","2210","Elon","14","2729","William & Mary","6"
"401540417","2023","5","false","257","Richmond","14","2261","Hampton","31"
"401547083","2023","5","false","63","Buena Vista","28","2564","Simpson College (IA)","55"
"401540308","2023","5","false","172","Cornell","25","2142","Colgate","35"
"401540176","2023","5","false","2815","Lindenwood","10","2046","Austin Peay","52"
"401544108","2023","5","false","426","University of Mount Union","35","427","Ohio Northern","0"
"401540618","2023","5","false","2643","The Citadel","14","2717","Western Carolina","49"
"401549745","2023","5","false","3112","Christopher Newport","24","2532","Salisbury","14"
"401540456","2023","5","false","2674","Valparaiso","16","2587","Southwest Minnesota State","15"
"401545738","2023","5","false","2986","Fairmont State","0","2017","Alderson-Broaddus","0"
"401550241","2023","5","false","6353","Lakeland","21","2832","St. Norbert","24"
"401544938","2023","5","false","2042","Augustana (IL)","23","32","Carroll University (WI)","19"
"401541932","2023","5","false","2118","Central Missouri","41","138","Northwest Missouri St","38"
"401540711","2023","5","false","2816","McKendree","24","2654","Truman State","56"
"401550186","2023","5","false","2359","Macalester","17","375","St. Scholastica","23"
"401547121","2023","5","true","6845","Nebraska Wesleyan","35","67","Luther","10"
"401544080","2023","5","false","65","Grinnell","34","268","Lawrence University","16"
"401544884","2023","5","false","2894","Sioux Falls","29","2043","Augustana University (SD)","49"
"401549685","2023","5","false","2741","Wisconsin-Lutheran","52","2524","Rockford","20"
"401550208","2023","5","false","2891","Ripon","33","2155","Cornell College (IA)","36"
"401545848","2023","5","false","568","Minot State","22","2844","Wayne State (NE)","48"
"401550044","2023","5","false","396","Wheaton","35","3071","North Central College","54"
"401549788","2023","5","false","2256","Greensboro College","24","2913","Brevard College","34"
"401539989","2023","5","false","2450","Norfolk State","26","2448","North Carolina A&T","28"
"401549661","2023","5","false","2286","Illinois College","20","2919","Monmouth (IL)","17"
"401550257","2023","5","false","2171","Denison University","24","2746","Wittenberg","27"
"401541005","2023","5","false","223","West Chester","24","2071","Bloomsburg","21"
"401544929","2023","5","false","2805","Clark Atlanta","24","2323","Lane College","34"
"401540059","2023","5","false","46","Georgetown","28","2230","Fordham","24"
"401549693","2023","5","false","2825","Quincy","38","2586","Southwest Baptist","33"
"401540407","2023","5","false","2460","Northern Iowa","44","2754","Youngstown State","41"
"401547002","2023","5","false","2205","Edinboro University","40","2385","Mercyhurst","24"
"401549645","2023","5","false","143","Washington University (St. Louis)","41","75","North Park","7"
"401547102","2023","5","false","2685","Wartburg","27","2141","Coe College","21"
"401550221","2023","5","false","2044","Aurora","70","101","Eureka College","10"
"401550163","2023","5","false","2802","Bethel (MN)","37","2968","Gustavus Adolphus","28"
"401540514","2023","5","false","2413","Morehead State","9","2181","Drake","16"
"401540384","2023","5","false","2449","North Dakota State","19","233","South Dakota","24"
"401544948","2023","5","false","74","Millikin","17","306","Illinois Wesleyan","45"
"401549770","2023","5","false","446","Martin Luther","38","583","Northwestern (MN)","42"
"401525513","2023","5","false","103","Boston College","27","258","Virginia","24"
"401550409","2023","5","false","418","Hendrix College","19","2553","Sewanee","20"
"401549778","2023","5","false","2743","Wisconsin-Stevens Pt","17","2738","Wisconsin-Eau Claire","24"
"401547177","2023","5","false","241","McMurry","52","101161","LYONCOLL","14"
"401550181","2023","5","false","162","Hamline University","25","133","St. Olaf","49"
"401550393","2023","5","false","146","Grove City College","31","2686","Washington & Jefferson","24"
"401550097","2023","5","false","86","Rose-Hulman","64","2023","Anderson (IN)","3"
"401544099","2023","5","false","188","Baldwin Wallace","21","317","Marietta","42"
"401550325","2023","5","false","366","Ferrum","3","2828","Shenandoah","38"
"401546001","2023","5","false","2237","Fort Lewis","7","2570","CSU Pueblo","85"
"401549652","2023","5","false","266","Beloit","7","80","Chicago","48"
"401550151","2023","5","false","2800","Alma","70","2651","Trine University","30"
"401550155","2023","5","false","124","Augsburg","24","2600","Saint John's (MN)","27"
"401547094","2023","5","false","2964","Central College","55","49","Dubuque","16"
"401544910","2023","5","false","2839","Greeneville","14","122666","Wilson","17"
"401549641","2023","5","false","2106","Carthage","27","72","Elmhurst","20"
"401545983","2023","5","false","2146","Colorado School Of Mines","35","2123","Chadron St","7"
"401547021","2023","5","false","2331","Lenoir-Rhyne","56","2842","UVA Wise","3"
"401541076","2023","5","false","2152","Concordia Moorhead","35","2101","Carleton","36"
"401547143","2023","5","false","2810","Hardin-Simmons","40","2758","Howard Payne","33"
"401550421","2023","5","false","2723","Wisconsin-River Falls","27","272","Wisconsin-Platteville","16"
"401541132","2023","5","false","271","Wisconsin-Oshkosh","21","2745","Wisconsin-Whitewater","37"
"401532413","2023","5","false","2309","Kent State","3","193","Miami (OH)","23"
"401550382","2023","5","false","2062","Bethany (WV)","12","2963","Case Western Reserve","34"
"401553024","2023","5","true","125974","Hilbert College","0","452","Endicott College","66"
"401540370","2023","5","false","2571","South Dakota State","42","155","North Dakota","21"
"401549668","2023","5","false","255","Knox College","0","262","Lake Forest College","50"
"401544901","2023","5","false","2424","New Mexico Highlands","14","2001","Adams State","21"
"401540797","2023","5","false","2222","Ferris State","78","128","Northern Michigan","3"
"401544071","2023","5","false","2003","Adrian","21","2812","Hope College","30"
"401541980","2023","5","false","196","Northeastern State","7","90","Pittsburg St","42"
"401540280","2023","5","false","2458","Northern Colorado","21","2692","Weber State","28"
"401544129","2023","5","false","2644","Thiel","15","2845","Waynesburg","14"
"401551510","2023","5","false","2519","Rhodes College","31","2588","Southwestern University","7"
"401550416","2023","5","false","2740","Wisconsin-Lacrosse","45","2744","Wisconsin-Stout","40"
"401541792","2023","5","false","200","Southern Nazarene","21","2568","Southern Arkansas","28"
"401545990","2023","5","false","2714","Western Colorado","43","11","Colorado Mesa","7"
"401524022","2023","5","false","25","California","24","9","Arizona State","21"
"401545814","2023","5","false","132","Bemidji State","24","2364","Minnesota State Mankato","27"
"401541975","2023","5","false","2438","Nebraska-Kearney","27","2687","Washburn","21"
"401547208","2023","5","false","111675","Biddeford","31","293","Castleton","14"
"401541942","2023","5","false","2122","Central Oklahoma","30","2403","Missouri Southern State","27"
"401540172","2023","5","true","2640","Texas Southern","52","124179","Lincoln (CA)","7"
"401540509","2023","5","false","160","New Hampshire","51","119","Towson","54"
"401540779","2023","5","false","2028","Arkansas-Monticello","28","2191","East Central (OK)","35"
"401540088","2023","5","false","2010","Alabama A&M","58","2657","Tuskegee","3"
"401549675","2023","5","false","2151","Concordia University Chicago","42","409","Concordia-Wisconsin","57"
"401531424","2023","5","false","2426","Navy","30","58","South Florida","44"
"401540606","2023","5","false","399","UAlbany","31","222","Villanova","10"
"401520286","2023","5","false","158","Nebraska","7","130","Michigan","45"
"401540049","2023","5","false","322","Lafayette","56","2083","Bucknell","22"
"401525856","2023","5","false","2116","UCF","35","239","Baylor","36"
"401525855","2023","5","false","2641","Texas Tech","49","248","Houston","28"
"401520283","2023","5","false","120","Maryland","44","84","Indiana","17"
"401540490","2023","5","false","311","Maine","56","2619","Stony Brook","28"
"401520280","2023","5","false","2","Auburn","20","61","Georgia","27"
"401526836","2023","5","false","113","Massachusetts","28","2032","Arkansas State","52"
"401531881","2023","5","false","276","Marshall","41","295","Old Dominion","35"
"401525515","2023","5","false","59","Georgia Tech","27","189","Bowling Green","38"
"401520290","2023","5","false","164","Rutgers","52","2681","Wagner","3"
"401525854","2023","5","false","251","Texas","40","2305","Kansas","14"
"401532411","2023","5","false","2649","Toledo","35","2459","Northern Illinois","33"
"401532409","2023","5","false","2711","Western Michigan","42","2050","Ball State","24"
"401520289","2023","5","false","2509","Purdue","44","356","Illinois","19"
"401540215","2023","5","false","2545","SE Louisiana","13","2627","Tarleton State","14"
"401541814","2023","5","false","2224","Findlay","27","2316","Kentucky Wesleyan","21"
"401540238","2023","5","false","331","Eastern Washington","36","70","Idaho","44"
"401544089","2023","5","false","2721","Whitworth","42","2486","Pacific Lutheran","13"
"401520293","2023","5","false","238","Vanderbilt","21","142","Missouri","38"
"401532588","2023","5","false","2751","Wyoming","35","167","New Mexico","26"
"401539996","2023","5","false","2428","North Carolina Central","49","2097","Campbell","48"
"401540653","2023","5","false","2940","Livingstone","31","2075","Bowie State","18"
"401540253","2023","5","false","149","Montana","28","304","Idaho State","20"
"401532586","2023","5","false","2439","UNLV","44","62","Hawai'i","20"
"401550343","2023","5","false","17","Claremont-Mudd-Scripps College","30","2923","Pomona Pitzer","20"
"401550464","2023","5","false","203","Linfield College","70","2930","Willamette","14"
"401544147","2023","5","false","2318","La Verne","7","29","Redlands","24"
"401568380","2023","5","false","205","Pacific (OR)","28","2508","Puget Sound","14"
"401531429","2023","5","false","235","Memphis","35","68","Boise State","32"
"401541016","2023","5","false","611","Seton Hill","6","367","Gannon","23"
"401540611","2023","5","false","2382","Mercer","38","2678","VMI","3"
"401540269","2023","5","false","147","Montana State","38","2502","Portland State","22"
"401553020","2023","5","false","2085","Buffalo State","22","184","University of Rochester (NY)","29"
"401540347","2023","5","false","79","Southern Illinois","33","2623","Missouri State","20"
"401541967","2023","5","false","137","Missouri Western","34","2214","Emporia State University","31"
"401550310","2023","5","false","2047","Averett","20","2688","Washington and Lee","25"
"401540068","2023","5","true","107","Holy Cross","28","108","Harvard","38"
"401550134","2023","5","false","2843","Western Connecticut St","52","379","UMass Dartmouth","21"
"401546949","2023","5","true","2911","William Jewell","30","389","Upper Iowa University","13"
"401549762","2023","5","false","3","Birmingham-Southern","8","2398","Millsaps","14"
"401541849","2023","5","false","2695","West Alabama","17","2170","Delta State","47"
"401540135","2023","5","false","2029","Arkansas-Pine Bluff","0","2582","Southern","27"
"401547009","2023","5","false","2107","Catawba","30","2213","Emory & Henry College","13"
"401550868","2023","5","false","2818","Montclair State","42","2442","College Of New Jersey","7"
"401540118","2023","5","false","2011","Alabama State","20","2016","Alcorn State","23"
"401540748","2023","5","false","129","Saginaw Valley State","14","125","Grand Valley State University","55"
"401547047","2023","5","false","490","Benedict College","27","60","Morehouse College","3"
"401544893","2023","5","false","215","Slippery Rock","42","2291","Indiana-Pennsylvania","21"
"401541798","2023","5","false","131","Wayne State (MI)","23","2985","Concordia-Michigan","24"
"401520288","2023","5","false","145","Ole Miss","55","99","LSU","49"
"401541835","2023","5","false","437","Lake Erie","16","2682","Walsh","30"
"401547035","2023","5","false","2542","Savannah St","25","2206","Edward Waters","26"
"401540473","2023","5","false","2127","Charleston Southern","13","338","Kennesaw State","10"
"401550296","2023","5","false","121","Bates","24","33","Colby College","30"
"401540584","2023","5","false","2747","Wofford","13","236","Chattanooga","23"
"401541036","2023","5","false","2444","Newberry","21","2105","Carson-Newman College","34"
"401552461","2023","5","false","374","St John Fisher University","18","2781","Brockport","35"
"401544921","2023","5","false","351","Wingate","45","101784","ERSKINE","0"
"401524024","2023","5","false","24","Stanford","6","2483","Oregon","42"
"401540701","2023","5","false","2402","Missouri S&T","13","2292","Indianapolis","26"
"401541900","2023","5","false","110243","UT Permian Basin","29","2658","Texas A&M-Kingsville","17"
"401540721","2023","5","false","2033","Arkansas Tech","44","2823","Northwestern Oklahoma State","21"
"401550491","2023","5","false","415","NEWBERG","31","2333","Lewis & Clark College","37"
"401541893","2023","5","false","2201","Eastern New Mexico","14","2025","Angelo State","23"
"401531878","2023","5","false","290","Georgia Southern","38","324","Coastal Carolina","28"
"401540150","2023","5","false","2400","Mississippi Valley State","7","50","Florida A&M","31"
"401540158","2023","5","true","2504","Prairie View A&M","20","2755","Grambling","35"
"401532585","2023","5","false","36","Colorado State","41","3101","Utah Tech","20"
"401544118","2023","5","false","2242","Geneva","19","2614","Saint Vincent","28"
"401547134","2023","5","false","2194","East Texas Baptist University","35","2045","Austin","7"
"401540973","2023","5","true","2646","Thomas More College","9","2838","Tiffin","47"
"401540194","2023","5","false","2453","North Alabama","22","2198","Eastern Kentucky","32"
"401540438","2023","5","false","2617","Stephen F. Austin","56","2837","East Texas A&M","27"
"401540300","2023","5","false","93","Murray State","30","282","Indiana State","28"
"401541879","2023","5","false","2822","North Greenville","24","110242","West Florida","48"
"401541046","2023","5","false","2834","Sul Ross State","37","2639","Texas Lutheran","34"
"401540542","2023","5","false","2630","UT Martin","20","2634","Tennessee State","10"
"401541754","2023","5","false","2264","Harding University","64","2927","Southwestern Oklahoma State","0"
"401531883","2023","5","false","2572","Southern Miss","36","326","Texas State","50"
"401547063","2023","5","false","2019","Allen","21","2232","Fort Valley State","49"
"401531879","2023","5","false","2247","Georgia State","7","2653","Troy","28"
"401525852","2023","5","false","201","Oklahoma","50","66","Iowa State","20"
"401531414","2023","5","false","242","Rice","24","151","East Carolina","17"
"401540357","2023","5","false","2277","Houston Christian","19","2320","Lamar","21"
"401540430","2023","5","false","2466","Northwestern State","10","2197","Eastern Illinois","19"
"401550028","2023","5","false","2018","Allegheny","3","2102","Carnegie Mellon","19"
"401531436","2023","5","false","249","North Texas","45","2000","Abilene Christian","31"
"401520291","2023","5","false","2633","Tennessee","41","2579","South Carolina","20"
"401531404","2023","5","false","2567","SMU","34","2429","Charlotte","16"
"401525438","2023","5","false","150","Duke","14","87","Notre Dame","21"
"401520281","2023","5","false","2294","Iowa","26","127","Michigan State","16"
"401541920","2023","5","false","2703","Western New Mexico","17","2120","Central Washington","55"
"401540391","2023","5","false","2377","McNeese","10","2447","Nicholls","31"
"401532589","2023","5","false","2005","Air Force","49","21","San Diego State","10"
"401540186","2023","5","false","253","Southern Utah","27","2110","Central Arkansas","29"
"401541953","2023","5","false","2231","Fort Hays State","71","2876","Lincoln (MO)","3"
"401541762","2023","5","false","319","Oklahoma Baptist","14","2271","Henderson State","27"
"401540228","2023","5","false","13","Cal Poly","13","302","UC Davis","31"
"401541914","2023","5","false","2704","West Texas A&M","36","2848","Western Oregon","37"
"401531882","2023","5","false","2433","UL Monroe","40","2026","App State","41"
"401525516","2023","5","false","259","Virginia Tech","38","221","Pittsburgh","21"
"401525853","2023","5","false","2628","TCU","21","277","West Virginia","24"
"401545976","2023","5","false","2069","Black Hills State","14","613","South Dakota Mines","49"
"401540273","2023","5","false","16","Sacramento State","31","2464","Northern Arizona","30"
"401520285","2023","5","false","344","Mississippi State","17","333","Alabama","40"
"401550330","2023","5","false","2094","California Lutheran University","24","411","Chapman","21"
"401524021","2023","5","false","12","Arizona","24","264","Washington","31"
"401532587","2023","5","false","278","Fresno State","27","2440","Nevada","9"
"401520294","2023","6","false","2393","Middle Tennessee","30","55","Jacksonville State","45"
"401520297","2023","6","false","166","New Mexico State","34","2229","Florida International","17"
"401520296","2023","6","false","2335","Liberty","21","2534","Sam Houston","16"
"401545731","2023","6","false","2986","Fairmont State","42","2148","Concord University","9"
"401520295","2023","6","false","2348","Louisiana Tech","28","98","Western Kentucky","35"
"401547189","2023","6","false","118","Johns Hopkins University","49","2248","Gettysburg","28"
"401552470","2023","6","false","402","Worcester St","7","18","Bridgewater State","35"
"401540309","2023","6","false","108","Harvard","41","172","Cornell","23"
"401525857","2023","6","false","197","Oklahoma State","29","2306","Kansas State","21"
"401520301","2023","6","false","356","Illinois","7","158","Nebraska","20"
"401540292","2023","6","false","225","Brown","30","227","Rhode Island","34"
"401541106","2023","6","false","109","MIT","10","81","Springfield","38"
"401553011","2023","6","false","2015","Albright","0","471","Stevenson","38"
"401547022","2023","6","false","2336","Limestone","28","2331","Lenoir-Rhyne","31"
"401553001","2023","6","false","2354","Lycoming","35","398","Wilkes","48"
"401520307","2023","6","false","194","Ohio State","37","120","Maryland","17"
"401544064","2023","6","false","247","Kings College (PA)","17","2221","FDU-Florham","14"
"401554819","2023","6","false","2969","Misericordia","25","127954","Eastern University","8"
"401552475","2023","6","false","114","Fitchburg State","7","2967","Framingham State","40"
"401541067","2023","6","false","2074","Bluffton","0","2262","Hanover College","21"
"401550350","2023","6","false","386","Trinity University TX","31","2121","Centre College Kentucky","3"
"401549725","2023","6","false","2776","Salve Regina","38","2557","Coast Guard","7"
"401544138","2023","6","false","2588","Southwestern University","10","2757","Berry College","52"
"401549590","2023","6","false","2528","Rensselaer","17","175","Ithaca College","20"
"401540974","2023","6","false","2838","Tiffin","35","2273","Hillsdale","21"
"401540021","2023","6","false","2341","Long Island University","23","2529","Sacred Heart","13"
"401549798","2023","6","false","2056","Belhaven","29","2938","Huntingdon College (AL)","3"
"401550103","2023","6","false","2108","Catholic","28","323","Moravian","36"
"401545761","2023","6","false","587","Notre Dame College","31","2707","West Virginia State","24"
"401545785","2023","6","false","2038","Assumption","38","2022","American International","14"
"401520304","2023","6","false","344","Mississippi State","41","2711","Western Michigan","28"
"401520305","2023","6","false","142","Missouri","39","99","LSU","49"
"401558740","2023","6","false","2487","Pace","38","126086","Post University","7"
"401541017","2023","6","false","367","Gannon","23","2205","Edinboro University","12"
"401525522","2023","6","false","258","Virginia","27","2729","William & Mary","13"
"401520311","2023","6","false","275","Wisconsin","24","164","Rutgers","13"
"401550081","2023","6","false","40","Curry College","47","110438","Dean College","14"
"401551920","2023","6","false","3162","Alfred State","41","101161","LYONCOLL","15"
"401525861","2023","6","true","251","Texas","30","201","Oklahoma","34"
"401526837","2023","6","false","113","Massachusetts","24","2649","Toledo","41"
"401520298","2023","6","false","349","Army","24","103","Boston College","27"
"401552463","2023","6","false","417","Gallaudet","34","125974","Hilbert College","20"
"401540523","2023","6","false","171","Columbia","16","2368","Marist","0"
"401549789","2023","6","false","2373","Maryville College (TN)","35","2256","Greensboro College","7"
"401539982","2023","6","false","2415","Morgan State","0","2619","Stony Brook","0"
"401540469","2023","6","false","2413","Morehead State","31","2168","Dayton","7"
"401540556","2023","6","false","2506","Presbyterian","24","56","Stetson","28"
"401546945","2023","6","false","2736","Winston-Salem","21","2940","Livingstone","23"
"401552544","2023","6","true","112334","Franklin Pierce","17","2583","Southern Connecticut State","14"
"401550227","2023","6","false","2532","Salisbury","36","2970","William Paterson","19"
"401540789","2023","6","false","131","Wayne State (MI)","23","2392","Michigan Tech","21"
"401550142","2023","6","false","2812","Hope College","14","2790","Albion","6"
"401546997","2023","6","false","2477","Ohio Dominican","41","437","Lake Erie","17"
"401541815","2023","6","false","2886","Northwood (MI)","33","2224","Findlay","30"
"401550267","2023","6","false","2746","Wittenberg","21","2274","Hiram College","7"
"401549575","2023","6","false","184","University of Rochester (NY)","17","237","Union (NY)","21"
"401549734","2023","6","false","2467","Norwich","21","2383","Merchant Marine Academy","28"
"401550463","2023","6","false","2441","New Haven","38","124179","Lincoln (CA)","0"
"401541842","2023","6","false","2804","Chowan","16","2822","North Greenville","31"
"401550884","2023","6","false","548","Lagrange College","14","286","North Carolina Wesleyan","35"
"401540804","2023","6","false","2222","Ferris State","38","129","Saginaw Valley State","17"
"401545965","2023","6","false","2559","Shippensburg","28","223","West Chester","38"
"401549583","2023","6","false","174","Hobart College","45","2085","Buffalo State","21"
"401541087","2023","6","false","83","Depauw","17","2171","Denison University","6"
"401545781","2023","6","false","2017","Alderson-Broaddus","0","2128","University Of Charleston (WV)","0"
"401539973","2023","6","false","2115","Central Connecticut","51","2169","Delaware State","44"
"401550297","2023","6","false","121","Bates","7","7","Amherst","17"
"401540041","2023","6","false","2771","Merrimack","45","284","Stonehill","34"
"401540083","2023","6","false","2230","Fordham","38","2329","Lehigh","35"
"401549771","2023","6","false","433","Westminster College (MO)","28","446","Martin Luther","14"
"401550400","2023","6","false","2849","Westminster (PA)","42","2062","Bethany (WV)","7"
"401545756","2023","6","false","2699","West Liberty","48","2249","Glenville State","40"
"401545795","2023","6","false","2830","St. Anselm","24","2060","Bentley","17"
"401550326","2023","6","false","297","Hampden-Sydney","48","366","Ferrum","10"
"401549746","2023","6","false","2175","Dickinson (PA)","27","3112","Christopher Newport","24"
"401545778","2023","6","false","112335","Wheeling","58","455","West Virginia Wesleyan","3"
"401550112","2023","6","false","2725","Widener","24","388","Lebanon Valley","27"
"401547048","2023","6","false","2396","Miles College","24","490","Benedict College","27"
"401540563","2023","6","false","2900","St. Thomas (MN)","17","2086","Butler","10"
"401540672","2023","6","false","2207","Elizabeth City State","20","2676","Virginia Union","42"
"401540679","2023","6","false","395","St. Augustine's","0","2220","Fayetteville State","7"
"401540689","2023","6","false","2551","Shaw","21","2304","Johnson C Smith","10"
"401541037","2023","6","false","2105","Carson-Newman College","21","2839","Greeneville","27"
"401551517","2023","6","false","2702","Western New England","33","15","Anna Maria College","17"
"401544119","2023","6","false","2614","Saint Vincent","0","2963","Case Western Reserve","19"
"401549814","2023","6","false","2913","Brevard College","49","2896","Southern Virginia","28"
"401540050","2023","6","false","2083","Bucknell","27","107","Holy Cross","55"
"401555475","2023","6","false","111674","Reading","12","2808","Delaware Valley","28"
"401541028","2023","6","false","209","Lock Haven University","10","2974","Shepherd","27"
"401552019","2023","6","false","33","Colby College","20","336","Wesleyan University (CT)","13"
"401552449","2023","6","false","2234","Franklin & Marshall","20","2667","Ursinus","16"
"401544072","2023","6","false","2651","Trine University","34","2003","Adrian","14"
"401544056","2023","6","false","2782","Cortland","56","390","Utica","3"
"401550304","2023","6","false","348","Hamilton","21","2977","Trinity (CT)","34"
"401540995","2023","6","false","341","Frostburg State","31","2882","UNC Pembroke","21"
"401540060","2023","6","false","219","Pennsylvania","42","46","Georgetown","39"
"401540074","2023","6","false","163","Princeton","9","322","Lafayette","12"
"401541114","2023","6","false","2516","Randolph-Macon","59","2047","Averett","7"
"401549822","2023","6","false","122774","Keystone","0","216","Susquehanna","69"
"401544885","2023","6","false","3066","Concordia University St Paul","28","2894","Sioux Falls","35"
"401558980","2023","6","false","2871","Kean","14","2818","Montclair State","27"
"401552462","2023","6","false","2781","Brockport","63","173","Hartwick","0"
"401540336","2023","6","false","159","Dartmouth","24","43","Yale","31"
"401544958","2023","6","false","190","Defiance College","21","2419","Mount St. Joseph","62"
"401540627","2023","6","false","2747","Wofford","10","2535","Samford","31"
"401544100","2023","6","false","317","Marietta","28","2302","John Carroll University","31"
"401544109","2023","6","false","191","Heidelberg","3","426","University of Mount Union","41"
"401550088","2023","6","false","2023","Anderson (IN)","28","2233","Franklin","36"
"401550075","2023","6","false","2362","Manchester","7","86","Rose-Hulman","44"
"401531389","2023","6","false","218","Temple","34","2636","UTSA","49"
"401540600","2023","6","false","231","Furman","28","2643","The Citadel","14"
"401545870","2023","6","false","2134","Clarion","17","611","Seton Hill","24"
"401550273","2023","6","false","2980","Ohio Wesleyan","48","352","Kenyon","7"
"401550417","2023","6","false","2745","Wisconsin-Whitewater","34","2740","Wisconsin-Lacrosse","37"
"401544939","2023","6","false","2042","Augustana (IL)","42","74","Millikin","3"
"401541058","2023","6","false","365","Alfred University","14","3110","SUNY Morrisville","10"
"401549633","2023","6","false","2422","Muhlenberg","50","2700","McDaniel College","6"
"401549779","2023","6","false","2738","Wisconsin-Eau Claire","7","2723","Wisconsin-River Falls","49"
"401552014","2023","6","false","2731","Williams","10","2394","Middlebury","12"
"401545977","2023","6","false","2069","Black Hills State","34","2424","New Mexico Highlands","24"
"401540654","2023","6","false","2075","Bowie State","16","330","Virginia St","44"
"401540001","2023","6","false","2569","South Carolina State","56","2355","Virginia University Of Lynchburg","6"
"401541933","2023","6","false","2118","Central Missouri","38","2438","Nebraska-Kearney","14"
"401546012","2023","6","false","613","South Dakota Mines","20","2714","Western Colorado","43"
"401547122","2023","6","false","67","Luther","0","2685","Wartburg","54"
"401550242","2023","6","false","2741","Wisconsin-Lutheran","34","6353","Lakeland","14"
"401547144","2023","6","false","2758","Howard Payne","28","2194","East Texas Baptist University","14"
"401550156","2023","6","false","162","Hamline University","7","124","Augsburg","41"
"401550422","2023","6","false","272","Wisconsin-Platteville","51","2743","Wisconsin-Stevens Pt","10"
"401525521","2023","6","false","152","NC State","48","276","Marshall","41"
"401550233","2023","6","false","409","Concordia-Wisconsin","28","2283","Benedictine University","0"
"401545831","2023","6","false","2844","Wayne State (NE)","28","134","Minnesota Duluth","18"
"401550029","2023","6","false","2686","Washington & Jefferson","35","2018","Allegheny","28"
"401544965","2023","6","false","126","Kalamazoo","14","354","Olivet College","42"
"401541850","2023","6","false","2673","Valdosta State","25","2170","Delta State","49"
"401550174","2023","6","false","375","St. Scholastica","12","2968","Gustavus Adolphus","63"
"401544894","2023","6","false","2291","Indiana-Pennsylvania","20","2858","PennWest California","30"
"401548495","2023","6","false","306","Illinois Wesleyan","10","143","Washington University (St. Louis)","38"
"401540371","2023","6","false","155","North Dakota","49","2710","Western Illinois","10"
"401549708","2023","6","false","2842","UVA Wise","24","2213","Emory & Henry College","41"
"401549686","2023","6","false","2832","St. Norbert","58","2524","Rockford","6"
"401549676","2023","6","false","2151","Concordia University Chicago","0","2044","Aurora","91"
"401545803","2023","6","false","2043","Augustana University (SD)","38","2587","Southwest Minnesota State","6"
"401549662","2023","6","false","80","Chicago","20","2286","Illinois College","41"
"401540457","2023","6","false","2181","Drake","20","2674","Valparaiso","14"
"401540712","2023","6","false","2586","Southwest Baptist","24","2816","McKendree","17"
"401550170","2023","6","false","2600","Saint John's (MN)","42","2152","Concordia Moorhead","23"
"401541047","2023","6","false","2639","Texas Lutheran","21","2371","Mary Hardin-Baylor","55"
"401545984","2023","6","false","2123","Chadron St","57","2237","Fort Lewis","20"
"401545969","2023","6","false","2385","Mercyhurst","31","215","Slippery Rock","75"
"401547095","2023","6","false","263","Loras College","14","2964","Central College","38"
"401540798","2023","6","false","110254","Davenport","28","128","Northern Michigan","12"
"401541096","2023","6","false","89","Wabash College","45","2748","Wooster","35"
"401544930","2023","6","false","2206","Edward Waters","37","2323","Lane College","30"
"401540315","2023","6","false","2261","Hampton","27","2097","Campbell","30"
"401547084","2023","6","false","2141","Coe College","52","63","Buena Vista","7"
"401540741","2023","6","false","2654","Truman State","33","2825","Quincy","27"
"401549642","2023","6","false","2106","Carthage","20","75","North Park","35"
"401532415","2023","6","false","2084","Buffalo","37","2117","Central Michigan","13"
"401541077","2023","6","false","2101","Carleton","33","133","St. Olaf","31"
"401541006","2023","6","false","2071","Bloomsburg","3","2315","Kutztown University","24"
"401547110","2023","6","false","49","Dubuque","56","6845","Nebraska Wesleyan","28"
"401539997","2023","6","false","2210","Elon","23","2428","North Carolina Central","34"
"401550209","2023","6","false","255","Knox College","3","2891","Ripon","10"
"401540495","2023","6","false","2815","Lindenwood","23","2635","Tennessee Tech","0"
"401547135","2023","6","false","2045","Austin","7","2834","Sul Ross State","49"
"401553865","2023","6","false","2749","Worcester Polytechnic Institute","21","2951","SUNY Maritime","28"
"401547016","2023","6","false","2369","Mars Hill","38","101784","ERSKINE","3"
"401541943","2023","6","false","138","Northwest Missouri St","34","2122","Central Oklahoma","21"
"401520306","2023","6","false","77","Northwestern","23","47","Howard","20"
"401540780","2023","6","false","199","Southeastern Oklahoma State","22","2028","Arkansas-Monticello","21"
"401540608","2023","6","false","338","Kennesaw State","20","2634","Tennessee State","27"
"401549653","2023","6","false","2155","Cornell College (IA)","36","266","Beloit","24"
"401545991","2023","6","false","11","Colorado Mesa","0","2146","Colorado School Of Mines","52"
"401549669","2023","6","false","262","Lake Forest College","76","268","Lawrence University","0"
"401545858","2023","6","false","559","University of Mary","7","2851","Winona State","17"
"401540014","2023","6","false","48","Delaware","43","2184","Duquesne","17"
"401541954","2023","6","false","2403","Missouri Southern State","22","2231","Fort Hays State","35"
"401541981","2023","6","false","2876","Lincoln (MO)","13","196","Northeastern State","28"
"401544877","2023","6","false","90","Pittsburg St","33","2214","Emporia State University","25"
"401541888","2023","6","false","124180","Bluefield State","44","2339","Lincoln (PA)","52"
"401550386","2023","6","false","2242","Geneva","21","146","Grove City College","48"
"401541785","2023","6","false","2191","East Central (OK)","14","2888","Ouachita Baptist","31"
"401544081","2023","6","false","2919","Monmouth (IL)","69","65","Grinnell","6"
"401524028","2023","6","false","26","UCLA","25","265","Washington State","17"
"401550196","2023","6","false","2442","College Of New Jersey","7","2827","Rowan","9"
"401545838","2023","6","false","2364","Minnesota State Mankato","24","2817","Minnesota State Moorhead","21"
"401541133","2023","6","false","2744","Wisconsin-Stout","46","271","Wisconsin-Oshkosh","48"
"401540364","2023","6","false","233","South Dakota","38","93","Murray State","7"
"401540348","2023","6","false","2623","Missouri State","10","2449","North Dakota State","38"
"401540479","2023","6","false","2197","Eastern Illinois","27","2630","UT Martin","28"
"401549763","2023","6","false","2553","Sewanee","32","3","Birmingham-Southern","38"
"401541763","2023","6","false","2271","Henderson State","42","200","Southern Nazarene","28"
"401550461","2023","6","false","583","Northwestern (MN)","47","509","Crown College","23"
"401540119","2023","6","false","2011","Alabama State","19","2065","Bethune-Cookman","14"
"401531433","2023","6","false","2426","Navy","27","249","North Texas","24"
"401525518","2023","6","false","52","Florida State","39","259","Virginia Tech","17"
"401525520","2023","6","false","153","North Carolina","40","183","Syracuse","7"
"401545849","2023","6","false","425","Northern State","46","568","Minot State","9"
"401532416","2023","6","false","193","Miami (OH)","27","189","Bowling Green","0"
"401540127","2023","6","false","2016","Alcorn State","25","2755","Grambling","24"
"401525517","2023","6","false","228","Clemson","17","154","Wake Forest","12"
"401520310","2023","6","false","245","Texas A&M","20","333","Alabama","26"
"401532417","2023","6","false","195","Ohio","42","2309","Kent State","17"
"401520302","2023","6","false","2294","Iowa","20","2509","Purdue","14"
"401540491","2023","6","false","257","Richmond","42","311","Maine","31"
"401541778","2023","6","false","2568","Southern Arkansas","63","319","Oklahoma Baptist","24"
"401532418","2023","6","false","2006","Akron","14","2459","Northern Illinois","55"
"401531884","2023","6","false","309","Louisiana","34","326","Texas State","30"
"401532414","2023","6","false","2199","Eastern Michigan","24","2050","Ball State","10"
"401540592","2023","6","false","2193","East Tennessee State","6","2382","Mercer","24"
"401531380","2023","6","false","5","UAB","56","58","South Florida","35"
"401531887","2023","6","false","2653","Troy","37","2032","Arkansas State","3"
"401541968","2023","6","false","2687","Washburn","21","137","Missouri Western","61"
"401540377","2023","6","false","2320","Lamar","27","2466","Northwestern State","13"
"401540578","2023","6","false","119","Towson","17","399","UAlbany","24"
"401540485","2023","6","false","2241","Gardner-Webb","31","2523","Robert Morris","16"
"401547043","2023","6","false","2013","Albany State GA","48","2119","Central State (OH)","0"
"401525860","2023","6","false","2305","Kansas","51","2116","UCF","22"
"401540358","2023","6","false","2447","Nicholls","38","2277","Houston Christian","7"
"401550465","2023","6","false","2333","Lewis & Clark College","15","203","Linfield College","57"
"401550492","2023","6","false","2508","Puget Sound","29","415","NEWBERG","27"
"401550432","2023","6","false","2398","Millsaps","7","2519","Rhodes College","37"
"401552480","2023","6","false","2843","Western Connecticut St","55","2972","Plymouth State","20"
"401540089","2023","6","true","2010","Alabama A&M","30","2296","Jackson State","45"
"401550124","2023","6","false","379","UMass Dartmouth","26","110","Mass Maritime","0"
"401541858","2023","6","true","110242","West Florida","42","2560","Shorter","3"
"401550336","2023","6","false","2688","Washington and Lee","48","2258","Guilford College","25"
"401520299","2023","6","false","57","Florida","38","238","Vanderbilt","14"
"401551729","2023","6","false","2486","Pacific Lutheran","17","205","Pacific (OR)","10"
"401540544","2023","6","false","2448","North Carolina A&T","14","222","Villanova","37"
"401544902","2023","6","false","2570","CSU Pueblo","43","2001","Adams State","10"
"401544911","2023","6","false","122666","Wilson","34","2444","Newberry","17"
"401540585","2023","6","false","236","Chattanooga","50","2717","Western Carolina","52"
"401544090","2023","6","false","2930","Willamette","7","2721","Whitworth","59"
"401541921","2023","6","false","2848","Western Oregon","31","2703","Western New Mexico","10"
"401520309","2023","6","false","242","Rice","31","41","UConn","38"
"401540187","2023","6","false","2110","Central Arkansas","38","2546","Southeast Missouri State","33"
"401541755","2023","6","false","2823","Northwestern Oklahoma State","0","2264","Harding University","62"
"401540435","2023","6","false","2916","Incarnate Word","33","2545","SE Louisiana","26"
"401531340","2023","6","false","2226","Florida Atlantic","20","202","Tulsa","17"
"401547064","2023","6","false","2232","Fort Valley State","38","2542","Savannah St","24"
"401541876","2023","6","false","2698","West Georgia","24","2695","West Alabama","6"
"401544922","2023","6","false","2107","Catawba","13","351","Wingate","31"
"401540702","2023","6","false","2292","Indianapolis","59","2911","William Jewell","17"
"401540447","2023","6","false","2754","Youngstown State","31","79","Southern Illinois","3"
"401547057","2023","6","false","2019","Allen","35","2805","Clark Atlanta","27"
"401545887","2023","6","false","2188","East Stroudsburg University","38","210","Millersville","17"
"401540722","2023","6","false","2927","Southwestern Oklahoma State","7","2033","Arkansas Tech","9"
"401524026","2023","6","false","9","Arizona State","24","38","Colorado","27"
"401549716","2023","6","false","340","Bowdoin","10","112","Tufts","24"
"401540732","2023","6","false","2402","Missouri S&T","31","389","Upper Iowa University","6"
"401544130","2023","6","false","2102","Carnegie Mellon","80","2644","Thiel","22"
"401547216","2023","6","false","3071","North Central College","69","32","Carroll University (WI)","24"
"401540261","2023","6","false","302","UC Davis","23","149","Montana","31"
"401531886","2023","6","false","2572","Southern Miss","13","295","Old Dominion","17"
"401550049","2023","6","false","72","Elmhurst","6","396","Wheaton","61"
"401550319","2023","6","false","2828","Shenandoah","10","2079","Bridgewater (VA)","24"
"401531885","2023","6","false","2433","UL Monroe","7","6","South Alabama","55"
"401540103","2023","6","false","2287","Illinois State","21","2571","South Dakota State","40"
"401541805","2023","6","false","308","Ashland","21","2682","Walsh","7"
"401520300","2023","6","false","61","Georgia","51","96","Kentucky","13"
"401540208","2023","6","false","2627","Tarleton State","26","253","Southern Utah","27"
"401540151","2023","6","false","2582","Southern","19","50","Florida A&M","26"
"401540165","2023","6","false","2504","Prairie View A&M","31","2400","Mississippi Valley State","12"
"401541830","2023","6","false","2316","Kentucky Wesleyan","28","2646","Thomas More College","36"
"401540749","2023","6","false","125","Grand Valley State University","65","2310","Kentucky State","7"
"401547178","2023","6","false","241","McMurry","16","2810","Hardin-Simmons","19"
"401540301","2023","6","false","282","Indiana State","20","2460","Northern Iowa","27"
"401520308","2023","6","false","145","Ole Miss","27","8","Arkansas","20"
"401520303","2023","6","false","135","Minnesota","10","130","Michigan","52"
"401525439","2023","6","false","97","Louisville","33","87","Notre Dame","20"
"401540274","2023","6","false","2692","Weber State","10","2464","Northern Arizona","27"
"401532590","2023","6","false","328","Utah State","44","36","Colorado State","24"
"401550164","2023","6","false","2359","Macalester","14","2802","Bethel (MN)","49"
"401525519","2023","6","false","2390","Miami","20","59","Georgia Tech","23"
"401532592","2023","6","false","68","Boise State","35","23","San José State","27"
"401525859","2023","6","false","66","Iowa State","27","2628","TCU","14"
"401525858","2023","6","false","239","Baylor","14","2641","Texas Tech","39"
"401540984","2023","6","false","2395","Midwestern State","13","110243","UT Permian Basin","21"
"401532591","2023","6","false","2751","Wyoming","24","278","Fresno State","19"
"401547068","2023","6","true","2657","Tuskegee","40","60","Morehouse College","28"
"401540392","2023","6","false","2837","East Texas A&M","41","2377","McNeese","10"
"401541901","2023","6","false","2658","Texas A&M-Kingsville","28","2704","West Texas A&M","21"
"401540229","2023","6","false","13","Cal Poly","14","70","Idaho","42"
"401540223","2023","6","false","3101","Utah Tech","37","2617","Stephen F. Austin","31"
"401541925","2023","6","false","2120","Central Washington","38","2201","Eastern New Mexico","35"
"401553867","2023","6","false","2094","California Lutheran University","55","2318","La Verne","0"
"401524027","2023","6","false","25","California","40","204","Oregon State","52"
"401544148","2023","6","false","29","Redlands","9","2923","Pomona Pitzer","10"
"401550331","2023","6","false","411","Chapman","20","17","Claremont-Mudd-Scripps College","7"
"401524025","2023","6","false","30","USC","43","12","Arizona","41"
"401520313","2023","7","false","2393","Middle Tennessee","31","2348","Louisiana Tech","23"
"401531888","2023","7","false","2026","App State","24","324","Coastal Carolina","27"
"401520312","2023","7","false","55","Jacksonville State","13","2335","Liberty","31"
"401520314","2023","7","false","2229","Florida International","14","2638","UTEP","27"
"401520315","2023","7","false","166","New Mexico State","27","2534","Sam Houston","13"
"401525862","2023","7","false","248","Houston","41","277","West Virginia","39"
"401540036","2023","7","false","2598","St. Francis (PA)","31","2681","Wagner","7"
"401550125","2023","7","false","110","Mass Maritime","22","402","Worcester St","19"
"401547049","2023","7","false","490","Benedict College","48","2232","Fort Valley State","6"
"401531415","2023","7","false","151","East Carolina","10","2567","SMU","31"
"401531371","2023","7","false","235","Memphis","21","2655","Tulane","31"
"401532594","2023","7","false","328","Utah State","32","278","Fresno State","37"
"401524029","2023","7","false","38","Colorado","43","24","Stanford","46"
"401545871","2023","7","false","2134","Clarion","35","2385","Mercyhurst","36"
"401520323","2023","7","false","2509","Purdue","7","194","Ohio State","41"
"401520327","2023","7","false","238","Vanderbilt","20","61","Georgia","37"
"401550113","2023","7","false","388","Lebanon Valley","21","247","Kings College (PA)","35"
"401541018","2023","7","false","367","Gannon","24","215","Slippery Rock","49"
"401544065","2023","7","false","2221","FDU-Florham","0","2808","Delaware Valley","20"
"401549634","2023","7","false","2248","Gettysburg","13","2422","Muhlenberg","41"
"401545762","2023","7","false","2128","University Of Charleston (WV)","52","587","Notre Dame College","27"
"401545878","2023","7","false","2315","Kutztown University","9","2559","Shippensburg","6"
"401540996","2023","7","false","2882","UNC Pembroke","49","2986","Fairmont State","7"
"401549735","2023","7","false","2383","Merchant Marine Academy","28","109","MIT","14"
"401552481","2023","7","false","2967","Framingham State","34","2843","Western Connecticut St","56"
"401541836","2023","7","false","2682","Walsh","10","2477","Ohio Dominican","12"
"401520316","2023","7","false","333","Alabama","24","8","Arkansas","21"
"401532422","2023","7","false","2199","Eastern Michigan","28","2309","Kent State","14"
"401541816","2023","7","false","2224","Findlay","38","2646","Thomas More College","10"
"401545972","2023","7","false","223","West Chester","14","2188","East Stroudsburg University","28"
"401540524","2023","7","false","2368","Marist","30","301","San Diego","16"
"401551921","2023","7","false","3162","Alfred State","46","15","Anna Maria College","20"
"401531890","2023","7","false","256","James Madison","41","290","Georgia Southern","13"
"401525524","2023","7","false","52","Florida State","41","183","Syracuse","3"
"401540293","2023","7","false","225","Brown","28","163","Princeton","27"
"401541859","2023","7","false","2560","Shorter","19","2805","Clark Atlanta","13"
"401520324","2023","7","false","164","Rutgers","27","127","Michigan State","24"
"401540061","2023","7","false","2329","Lehigh","7","46","Georgetown","17"
"401540031","2023","7","false","43","Yale","31","2529","Sacred Heart","3"
"401540006","2023","7","false","2184","Duquesne","44","2115","Central Connecticut","20"
"401541059","2023","7","false","390","Utica","24","3110","SUNY Morrisville","6"
"401525863","2023","7","false","2132","Cincinnati","10","66","Iowa State","30"
"401550064","2023","7","false","293","Castleton","23","417","Gallaudet","24"
"401531390","2023","7","false","249","North Texas","45","218","Temple","14"
"401552476","2023","7","false","2972","Plymouth State","40","114","Fitchburg State","21"
"401520321","2023","7","false","130","Michigan","52","84","Indiana","7"
"401551932","2023","7","false","398","Wilkes","42","122774","Keystone","7"
"401551518","2023","7","false","452","Endicott College","24","2702","Western New England","21"
"401549584","2023","7","false","174","Hobart College","49","125974","Hilbert College","3"
"401540703","2023","7","false","2654","Truman State","17","2292","Indianapolis","38"
"401547199","2023","7","false","2280","Husson","28","40","Curry College","7"
"401547209","2023","7","false","111675","Biddeford","62","2884","Nichols College","26"
"401544073","2023","7","false","126","Kalamazoo","45","2003","Adrian","23"
"401550869","2023","7","false","2871","Kean","0","2442","College Of New Jersey","27"
"401544120","2023","7","false","2845","Waynesburg","24","2614","Saint Vincent","0"
"401541125","2023","7","false","446","Martin Luther","31","2257","Greenville","29"
"401553029","2023","7","false","2700","McDaniel College","20","2175","Dickinson (PA)","40"
"401545796","2023","7","false","2441","New Haven","9","2830","St. Anselm","13"
"401549619","2023","7","false","2528","Rensselaer","51","2085","Buffalo State","28"
"401545832","2023","7","false","134","Minnesota Duluth","46","559","University of Mary","0"
"401549626","2023","7","false","2779","St. Lawrence","27","184","University of Rochester (NY)","37"
"401550402","2023","7","false","2121","Centre College Kentucky","45","2588","Southwestern University","21"
"401553002","2023","7","false","2108","Catholic","25","2354","Lycoming","28"
"401541806","2023","7","false","2886","Northwood (MI)","3","308","Ashland","35"
"401544131","2023","7","false","2644","Thiel","9","2242","Geneva","20"
"401550443","2023","7","false","2399","Minnesota Morris","45","433","Westminster College (MO)","0"
"401550228","2023","7","false","2818","Montclair State","12","2532","Salisbury","31"
"401544886","2023","7","false","2817","Minnesota State Moorhead","53","2894","Sioux Falls","40"
"401545815","2023","7","false","2844","Wayne State (NE)","23","132","Bemidji State","33"
"401549823","2023","7","false","246","Juniata College","0","216","Susquehanna","56"
"401549576","2023","7","false","175","Ithaca College","17","237","Union (NY)","9"
"401550268","2023","7","false","2274","Hiram College","18","2980","Ohio Wesleyan","19"
"401552876","2023","7","false","2977","Trinity (CT)","15","2394","Middlebury","20"
"401541821","2023","7","false","2273","Hillsdale","44","2316","Kentucky Wesleyan","14"
"401550258","2023","7","false","2171","Denison University","28","89","Wabash College","24"
"401545773","2023","7","false","2707","West Virginia State","0","2017","Alderson-Broaddus","0"
"401553856","2023","7","false","111674","Reading","6","471","Stevenson","42"
"401554822","2023","7","false","7","Amherst","16","33","Colby College","19"
"401540337","2023","7","false","2142","Colgate","27","159","Dartmouth","24"
"401540530","2023","7","false","160","New Hampshire","38","399","UAlbany","31"
"401534853","2023","7","false","108","Harvard","48","47","Howard","7"
"401540418","2023","7","false","2405","Monmouth","61","2261","Hampton","10"
"401540510","2023","7","false","2168","Dayton","17","2506","Presbyterian","20"
"401547074","2023","7","false","2119","Central State (OH)","21","2542","Savannah St","10"
"401550052","2023","7","false","2782","Cortland","59","365","Alfred University","21"
"401547190","2023","7","false","2234","Franklin & Marshall","27","118","Johns Hopkins University","34"
"401540695","2023","7","false","2551","Shaw","20","2736","Winston-Salem","41"
"401540690","2023","7","false","2304","Johnson C Smith","14","395","St. Augustine's","6"
"401540022","2023","7","false","311","Maine","24","2341","Long Island University","13"
"401554820","2023","7","false","2725","Widener","31","2969","Misericordia","27"
"401540619","2023","7","false","2643","The Citadel","13","2678","VMI","17"
"401540655","2023","7","false","2676","Virginia Union","52","2075","Bowie State","3"
"401553974","2023","7","true","2615","St. Xavier IL","10","129","Saginaw Valley State","32"
"401540601","2023","7","false","2535","Samford","21","231","Furman","27"
"401540051","2023","7","false","172","Cornell","13","2083","Bucknell","21"
"401545732","2023","7","false","2148","Concord University","3","341","Frostburg State","34"
"401551507","2023","7","false","2213","Emory & Henry College","14","2369","Mars Hill","24"
"401550337","2023","7","false","2258","Guilford College","20","2828","Shenandoah","31"
"401544966","2023","7","false","2651","Trine University","28","354","Olivet College","14"
"401544874","2023","7","false","2339","Lincoln (PA)","27","2207","Elizabeth City State","21"
"401550376","2023","7","false","2062","Bethany (WV)","7","2102","Carnegie Mellon","41"
"401545786","2023","7","true","112334","Franklin Pierce","17","2038","Assumption","21"
"401540570","2023","7","false","227","Rhode Island","17","257","Richmond","24"
"401552450","2023","7","false","2667","Ursinus","39","2970","William Paterson","15"
"401549806","2023","7","false","291","Methodist","20","2913","Brevard College","52"
"401550363","2023","7","false","548","Lagrange College","20","2056","Belhaven","42"
"401540401","2023","7","false","2086","Butler","33","2166","Davidson","35"
"401545767","2023","7","false","455","West Virginia Wesleyan","7","2699","West Liberty","24"
"401540515","2023","7","false","2181","Drake","52","2900","St. Thomas (MN)","21"
"401540413","2023","7","false","222","Villanova","21","2210","Elon","0"
"401540002","2023","7","false","2569","South Carolina State","7","2635","Tennessee Tech","28"
"401550070","2023","7","false","190","Defiance College","21","2233","Franklin","35"
"401541633","2023","7","false","171","Columbia","17","219","Pennsylvania","20"
"401545757","2023","7","false","2249","Glenville State","27","112335","Wheeling","13"
"401541068","2023","7","false","86","Rose-Hulman","52","2074","Bluffton","28"
"401550305","2023","7","false","348","Hamilton","17","2731","Williams","24"
"401544959","2023","7","false","2419","Mount St. Joseph","77","2023","Anderson (IN)","14"
"401544110","2023","7","false","426","University of Mount Union","76","424","Capital","0"
"401550076","2023","7","false","2262","Hanover College","34","2362","Manchester","0"
"401547117","2023","7","true","6845","Nebraska Wesleyan","38","263","Loras College","41"
"401541088","2023","7","false","2748","Wooster","7","83","Depauw","53"
"401544912","2023","7","false","2331","Lenoir-Rhyne","47","122666","Wilson","3"
"401550136","2023","7","false","2909","Westfield State","23","379","UMass Dartmouth","26"
"401550175","2023","7","false","2968","Gustavus Adolphus","55","2359","Macalester","18"
"401547179","2023","7","false","2194","East Texas Baptist University","14","241","McMurry","13"
"401540458","2023","7","false","2674","Valparaiso","21","2413","Morehead State","24"
"401550157","2023","7","false","124","Augsburg","7","2802","Bethel (MN)","38"
"401550418","2023","7","false","272","Wisconsin-Platteville","17","2740","Wisconsin-Lacrosse","21"
"401540663","2023","7","false","330","Virginia St","39","124180","Bluefield State","23"
"401549717","2023","7","false","340","Bowdoin","35","121","Bates","20"
"401541078","2023","7","false","2600","Saint John's (MN)","63","2101","Carleton","7"
"401531405","2023","7","false","2429","Charlotte","0","2426","Navy","14"
"401541969","2023","7","false","137","Missouri Western","23","138","Northwest Missouri St","27"
"401541007","2023","7","false","2071","Bloomsburg","13","209","Lock Haven University","21"
"401544895","2023","7","false","2291","Indiana-Pennsylvania","20","2205","Edinboro University","10"
"401540733","2023","7","false","2586","Southwest Baptist","19","2402","Missouri S&T","45"
"401547217","2023","7","false","32","Carroll University (WI)","62","72","Elmhurst","14"
"401550287","2023","7","false","2302","John Carroll University","44","427","Ohio Northern","14"
"401547103","2023","7","false","2564","Simpson College (IA)","0","2141","Coe College","28"
"401544949","2023","7","false","74","Millikin","3","3071","North Central College","75"
"401540372","2023","7","false","155","North Dakota","49","2449","North Dakota State","24"
"401549747","2023","7","false","2827","Rowan","18","3112","Christopher Newport","21"
"401541955","2023","7","false","2231","Fort Hays State","31","2438","Nebraska-Kearney","17"
"401550327","2023","7","false","2688","Washington and Lee","41","366","Ferrum","16"
"401547044","2023","7","false","2013","Albany State GA","27","2019","Allen","39"
"401541986","2023","7","false","2214","Emporia State University","38","2687","Washburn","23"
"401547028","2023","7","false","2839","Greeneville","35","2842","UVA Wise","7"
"401546950","2023","7","true","2911","William Jewell","28","2825","Quincy","41"
"401532419","2023","7","false","2050","Ball State","6","2649","Toledo","13"
"401549677","2023","7","false","6353","Lakeland","17","2151","Concordia University Chicago","9"
"401549663","2023","7","false","2286","Illinois College","61","255","Knox College","7"
"401550429","2023","7","false","2744","Wisconsin-Stout","51","2743","Wisconsin-Stevens Pt","14"
"401546002","2023","7","false","2424","New Mexico Highlands","7","2570","CSU Pueblo","56"
"401552879","2023","7","false","2919","Monmouth (IL)","43","2155","Cornell College (IA)","6"
"401552880","2023","7","false","2812","Hope College","17","2800","Alma","35"
"401541115","2023","7","false","2079","Bridgewater (VA)","3","2516","Randolph-Macon","38"
"401549687","2023","7","false","2524","Rockford","7","2283","Benedictine University","19"
"401547172","2023","7","false","2371","Mary Hardin-Baylor","37","2834","Sul Ross State","13"
"401545888","2023","7","false","210","Millersville","17","2974","Shepherd","33"
"401552372","2023","7","false","2364","Minnesota State Mankato","45","2848","Western Oregon","14"
"401545996","2023","7","false","2146","Colorado School Of Mines","45","613","South Dakota Mines","22"
"401541048","2023","7","false","2810","Hardin-Simmons","27","2639","Texas Lutheran","22"
"401550192","2023","7","false","375","St. Scholastica","17","133","St. Olaf","37"
"401547085","2023","7","false","63","Buena Vista","17","67","Luther","10"
"401549799","2023","7","false","2938","Huntingdon College (AL)","28","2373","Maryville College (TN)","21"
"401547036","2023","7","false","2657","Tuskegee","38","2206","Edward Waters","41"
"401550171","2023","7","false","2152","Concordia Moorhead","58","162","Hamline University","14"
"401545823","2023","7","false","568","Minot State","17","3066","Concordia University St Paul","10"
"401545992","2023","7","false","2237","Fort Lewis","14","11","Colorado Mesa","62"
"401550222","2023","7","false","2832","St. Norbert","9","2044","Aurora","37"
"401552547","2023","7","false","2583","Southern Connecticut State","21","2022","American International","27"
"401544940","2023","7","false","143","Washington University (St. Louis)","17","2042","Augustana (IL)","35"
"401540442","2023","7","false","233","South Dakota","34","2754","Youngstown State","31"
"401540177","2023","7","false","2046","Austin Peay","41","2241","Gardner-Webb","14"
"401550425","2023","7","false","2723","Wisconsin-River Falls","14","2745","Wisconsin-Whitewater","21"
"401544101","2023","7","false","2733","Wilmington (OH)","15","317","Marietta","45"
"401540680","2023","7","false","2220","Fayetteville State","19","2940","Livingstone","14"
"401544082","2023","7","false","262","Lake Forest College","47","65","Grinnell","0"
"401550383","2023","7","false","2963","Case Western Reserve","31","2849","Westminster (PA)","6"
"401547222","2023","7","false","75","North Park","20","306","Illinois Wesleyan","18"
"401550437","2023","7","false","2519","Rhodes College","30","2553","Sewanee","10"
"401549654","2023","7","false","268","Lawrence University","14","266","Beloit","34"
"401541134","2023","7","false","271","Wisconsin-Oshkosh","35","2738","Wisconsin-Eau Claire","7"
"401552999","2023","7","false","173","Hartwick","21","374","St John Fisher University","38"
"401547111","2023","7","false","2685","Wartburg","31","49","Dubuque","10"
"401524033","2023","7","false","254","Utah","34","25","California","14"
"401541944","2023","7","false","2122","Central Oklahoma","59","2876","Lincoln (MO)","17"
"401544903","2023","7","false","2001","Adams State","14","2123","Chadron St","53"
"401541771","2023","7","false","2823","Northwestern Oklahoma State","7","2191","East Central (OK)","42"
"401541868","2023","7","false","2401","Mississippi College","10","2673","Valdosta State","21"
"401549764","2023","7","false","3","Birmingham-Southern","16","418","Hendrix College","15"
"401541962","2023","7","false","2403","Missouri Southern State","21","90","Pittsburg St","31"
"401541764","2023","7","false","2271","Henderson State","34","2568","Southern Arkansas","35"
"401550210","2023","7","false","80","Chicago","21","2891","Ripon","6"
"401540325","2023","7","false","48","Delaware","21","2448","North Carolina A&T","6"
"401547136","2023","7","false","2758","Howard Payne","35","2045","Austin","11"
"401549701","2023","7","false","2060","Bentley","27","2487","Pace","9"
"401540195","2023","7","false","2198","Eastern Kentucky","41","2627","Tarleton State","35"
"401540365","2023","7","false","93","Murray State","6","79","Southern Illinois","27"
"401540136","2023","7","false","2400","Mississippi Valley State","42","2029","Arkansas-Pine Bluff","17"
"401540480","2023","7","false","2546","Southeast Missouri State","35","2197","Eastern Illinois","28"
"401541788","2023","7","false","200","Southern Nazarene","19","199","Southeastern Oklahoma State","20"
"401541934","2023","7","false","196","Northeastern State","24","2118","Central Missouri","63"
"401540120","2023","7","false","2296","Jackson State","19","2011","Alabama State","24"
"401540143","2023","7","false","2065","Bethune-Cookman","31","2640","Texas Southern","34"
"401544931","2023","7","false","2323","Lane College","14","2310","Kentucky State","21"
"401547069","2023","7","false","60","Morehouse College","22","2396","Miles College","36"
"401540770","2023","7","false","125","Grand Valley State University","49","2222","Ferris State","28"
"401545978","2023","7","false","2714","Western Colorado","35","2069","Black Hills State","20"
"401541779","2023","7","false","2927","Southwestern Oklahoma State","13","319","Oklahoma Baptist","20"
"401540723","2023","7","false","2033","Arkansas Tech","24","2028","Arkansas-Monticello","10"
"401540110","2023","7","false","2755","Grambling","24","2010","Alabama A&M","45"
"401544923","2023","7","false","351","Wingate","10","2336","Limestone","17"
"401545804","2023","7","false","2851","Winona State","28","2043","Augustana University (SD)","48"
"401540281","2023","7","false","2458","Northern Colorado","13","16","Sacramento State","21"
"401540104","2023","7","false","2287","Illinois State","44","282","Indiana State","7"
"401540408","2023","7","false","2571","South Dakota State","41","2460","Northern Iowa","6"
"401525527","2023","7","false","259","Virginia Tech","30","154","Wake Forest","13"
"401520322","2023","7","false","213","Penn State","63","113","Massachusetts","0"
"401520320","2023","7","false","120","Maryland","24","356","Illinois","27"
"401524034","2023","7","false","264","Washington","36","2483","Oregon","33"
"401531420","2023","7","false","58","South Florida","14","2226","Florida Atlantic","56"
"401550466","2023","7","false","203","Linfield College","41","415","NEWBERG","13"
"401540575","2023","7","false","2619","Stony Brook","7","2230","Fordham","26"
"401540593","2023","7","false","2193","East Tennessee State","41","2747","Wofford","10"
"401532421","2023","7","false","2084","Buffalo","14","189","Bowling Green","24"
"401532420","2023","7","false","2117","Central Michigan","17","2006","Akron","10"
"401520317","2023","7","false","349","Army","0","2653","Troy","19"
"401520326","2023","7","false","2633","Tennessee","20","245","Texas A&M","13"
"401520325","2023","7","false","2579","South Carolina","39","57","Florida","41"
"401545865","2023","7","false","2858","PennWest California","41","611","Seton Hill","14"
"401525865","2023","7","false","2628","TCU","44","252","BYU","11"
"401532423","2023","7","false","2711","Western Michigan","21","193","Miami (OH)","34"
"401525864","2023","7","false","197","Oklahoma State","39","2305","Kansas","32"
"401540975","2023","7","false","437","Lake Erie","0","2838","Tiffin","50"
"401540474","2023","7","false","2127","Charleston Southern","24","2815","Lindenwood","10"
"401540349","2023","7","false","2710","Western Illinois","7","2623","Missouri State","48"
"401532424","2023","7","false","2459","Northern Illinois","23","195","Ohio","13"
"401540586","2023","7","false","2382","Mercer","10","236","Chattanooga","22"
"401550280","2023","7","false","391","Oberlin","7","2746","Wittenberg","72"
"401551730","2023","7","false","2930","Willamette","7","2486","Pacific Lutheran","62"
"401540713","2023","7","false","389","Upper Iowa University","34","2816","McKendree","41"
"401540431","2023","7","false","2447","Nicholls","1","2466","Northwestern State","0"
"401541038","2023","7","false","101784","ERSKINE","10","2105","Carson-Newman College","14"
"401540378","2023","7","false","2545","SE Louisiana","24","2320","Lamar","30"
"401550030","2023","7","false","2018","Allegheny","7","146","Grove City College","31"
"401547010","2023","7","false","2444","Newberry","38","2107","Catawba","31"
"401540275","2023","7","false","2464","Northern Arizona","21","2502","Portland State","45"
"401520328","2023","7","false","275","Wisconsin","6","2294","Iowa","15"
"401550311","2023","7","false","2047","Averett","28","297","Hampden-Sydney","31"
"401540204","2023","7","false","2000","Abilene Christian","30","2453","North Alabama","13"
"401544091","2023","7","false","2721","Whitworth","63","2508","Puget Sound","21"
"401540424","2023","7","false","2803","Bryant","43","2523","Robert Morris","24"
"401550344","2023","7","false","2318","La Verne","17","17","Claremont-Mudd-Scripps College","30"
"401540170","2023","7","false","2582","Southern","45","124179","Lincoln (CA)","18"
"401545854","2023","7","false","2587","Southwest Minnesota State","17","425","Northern State","24"
"401540439","2023","7","false","2916","Incarnate Word","28","2837","East Texas A&M","11"
"401532597","2023","7","false","2440","Nevada","27","2439","UNLV","45"
"401550278","2023","7","false","191","Heidelberg","28","359","Otterbein","8"
"401550237","2023","7","false","101","Eureka College","14","2741","Wisconsin-Lutheran","42"
"401540188","2023","7","false","2110","Central Arkansas","24","2617","Stephen F. Austin","21"
"401541877","2023","7","false","2695","West Alabama","10","110242","West Florida","6"
"401541843","2023","7","false","2698","West Georgia","35","2804","Chowan","24"
"401539990","2023","7","false","2634","Tennessee State","24","2450","Norfolk State","17"
"401532596","2023","7","false","167","New Mexico","24","23","San José State","52"
"401544139","2023","7","false","2757","Berry College","64","2398","Millsaps","7"
"401541799","2023","7","false","131","Wayne State (MI)","3","110254","Davenport","32"
"401549790","2023","7","false","286","North Carolina Wesleyan","34","2256","Greensboro College","28"
"401540239","2023","7","false","304","Idaho State","42","331","Eastern Washington","41"
"401525525","2023","7","false","221","Pittsburgh","38","97","Louisville","21"
"401552020","2023","7","false","112","Tufts","49","336","Wesleyan University (CT)","14"
"401550877","2023","7","false","205","Pacific (OR)","35","2333","Lewis & Clark College","51"
"401531889","2023","7","false","2247","Georgia State","41","276","Marshall","24"
"401541908","2023","7","false","110243","UT Permian Basin","52","2201","Eastern New Mexico","29"
"401525866","2023","7","false","2641","Texas Tech","21","2306","Kansas State","38"
"401520319","2023","7","false","99","LSU","48","2","Auburn","18"
"401540790","2023","7","false","128","Northern Michigan","0","2392","Michigan Tech","62"
"401549643","2023","7","false","396","Wheaton","50","2106","Carthage","13"
"401540168","2023","7","false","2277","Houston Christian","30","2504","Prairie View A&M","0"
"401541851","2023","7","false","2170","Delta State","49","2822","North Greenville","27"
"401541756","2023","7","false","2264","Harding University","41","2888","Ouachita Baptist","10"
"401558744","2023","7","true","127954","Eastern University","21","2015","Albright","9"
"401531891","2023","7","false","326","Texas State","21","2433","UL Monroe","20"
"401549756","2023","7","false","332","Muskingum University","22","188","Baldwin Wallace","34"
"401524030","2023","7","false","265","Washington State","6","12","Arizona","44"
"401532598","2023","7","false","2005","Air Force","34","2751","Wyoming","27"
"401524031","2023","7","false","87","Notre Dame","48","30","USC","20"
"401520318","2023","7","false","96","Kentucky","21","142","Missouri","38"
"401525526","2023","7","false","153","North Carolina","41","2390","Miami","31"
"401525523","2023","7","false","150","Duke","24","152","NC State","3"
"401540230","2023","7","false","147","Montana State","59","13","Cal Poly","19"
"401540289","2023","7","false","2692","Weber State","16","302","UC Davis","17"
"401541915","2023","7","false","2704","West Texas A&M","49","2703","Western New Mexico","27"
"401541894","2023","7","false","2658","Texas A&M-Kingsville","16","2025","Angelo State","38"
"401540985","2023","7","false","2395","Midwestern State","7","2120","Central Washington","10"
"401524032","2023","7","false","204","Oregon State","36","26","UCLA","24"
"401531381","2023","7","false","2636","UTSA","41","5","UAB","20"
"401532593","2023","7","false","36","Colorado State","31","68","Boise State","30"
"401550332","2023","7","false","2923","Pomona Pitzer","0","411","Chapman","21"
"401544149","2023","7","false","29","Redlands","20","2094","California Lutheran University","10"
"401540246","2023","7","false","70","Idaho","21","149","Montana","23"
"401532595","2023","7","false","62","Hawai'i","34","21","San Diego State","41"
"401520330","2023","8","false","2335","Liberty","42","2393","Middle Tennessee","35"
"401531892","2023","8","false","6","South Alabama","55","2572","Southern Miss","3"
"401520329","2023","8","false","55","Jacksonville State","20","98","Western Kentucky","17"
"401520331","2023","8","false","2534","Sam Houston","27","2229","Florida International","33"
"401520332","2023","8","false","2638","UTEP","7","166","New Mexico State","28"
"401531341","2023","8","false","202","Tulsa","10","242","Rice","42"
"401531893","2023","8","false","276","Marshall","9","256","James Madison","20"
"401545749","2023","8","false","2707","West Virginia State","14","341","Frostburg State","28"
"401539983","2023","8","false","2415","Morgan State","10","2428","North Carolina Central","16"
"401540432","2023","8","false","2466","Northwestern State","20","2545","SE Louisiana","37"
"401531391","2023","8","false","218","Temple","0","2567","SMU","55"
"401550126","2023","8","false","2843","Western Connecticut St","28","110","Mass Maritime","0"
"401549791","2023","8","false","2256","Greensboro College","8","2938","Huntingdon College (AL)","56"
"401520343","2023","8","false","194","Ohio State","20","213","Penn State","12"
"401549740","2023","8","false","2951","SUNY Maritime","28","109","MIT","35"
"401541107","2023","8","false","81","Springfield","31","2776","Salve Regina","21"
"401550413","2023","8","false","286","North Carolina Wesleyan","34","2896","Southern Virginia","7"
"401541822","2023","8","true","2646","Thomas More College","33","2273","Hillsdale","35"
"401544057","2023","8","false","365","Alfred University","0","390","Utica","28"
"401551514","2023","8","false","2884","Nichols College","0","452","Endicott College","48"
"401549702","2023","8","false","2022","American International","12","2060","Bentley","62"
"401545787","2023","8","false","2038","Assumption","0","2830","St. Anselm","14"
"401520334","2023","8","false","8","Arkansas","3","344","Mississippi State","7"
"401553012","2023","8","false","2015","Albright","3","2725","Widener","48"
"401550274","2023","8","false","352","Kenyon","18","89","Wabash College","67"
"401550104","2023","8","false","246","Juniata College","13","323","Moravian","44"
"401525528","2023","8","false","59","Georgia Tech","23","103","Boston College","38"
"401549736","2023","8","false","2383","Merchant Marine Academy","40","2749","Worcester Polytechnic Institute","28"
"401549664","2023","8","false","268","Lawrence University","0","2286","Illinois College","72"
"401553031","2023","8","false","110438","Dean College","20","15","Anna Maria College","52"
"401520337","2023","8","false","84","Indiana","14","164","Rutgers","31"
"401544066","2023","8","false","2221","FDU-Florham","41","111674","Reading","16"
"401539974","2023","8","false","2169","Delaware State","7","2569","South Carolina State","35"
"401545872","2023","8","false","2205","Edinboro University","20","2134","Clarion","34"
"401558401","2023","8","false","247","Kings College (PA)","28","127954","Eastern University","18"
"401550058","2023","8","false","374","St John Fisher University","14","2782","Cortland","42"
"401549577","2023","8","false","237","Union (NY)","27","174","Hobart College","10"
"401549611","2023","8","false","184","University of Rochester (NY)","10","175","Ithaca College","24"
"401545894","2023","8","false","2974","Shepherd","59","223","West Chester","21"
"401553857","2023","8","false","471","Stevenson","33","2969","Misericordia","21"
"401525868","2023","8","false","2132","Cincinnati","29","239","Baylor","32"
"401531434","2023","8","false","2426","Navy","6","2005","Air Force","17"
"401531382","2023","8","false","5","UAB","21","235","Memphis","45"
"401540007","2023","8","false","2681","Wagner","3","2115","Central Connecticut","17"
"401552882","2023","8","false","2972","Plymouth State","35","402","Worcester St","0"
"401540023","2023","8","false","2341","Long Island University","0","2771","Merrimack","39"
"401549807","2023","8","false","2056","Belhaven","45","291","Methodist","10"
"401534854","2023","8","false","47","Howard","27","2450","Norfolk State","23"
"401525871","2023","8","false","201","Oklahoma","31","2116","UCF","29"
"401544197","2023","8","false","43","Yale","17","219","Pennsylvania","27"
"401532428","2023","8","false","195","Ohio","20","2711","Western Michigan","17"
"401550250","2023","8","false","359","Otterbein","0","188","Baldwin Wallace","24"
"401541817","2023","8","false","2682","Walsh","0","2224","Findlay","23"
"401550444","2023","8","false","433","Westminster College (MO)","13","2399","Minnesota Morris","34"
"401547191","2023","8","false","118","Johns Hopkins University","42","2667","Ursinus","14"
"401541039","2023","8","false","2105","Carson-Newman College","17","2369","Mars Hill","21"
"401550339","2023","8","false","297","Hampden-Sydney","17","2688","Washington and Lee","21"
"401544121","2023","8","false","146","Grove City College","49","2614","Saint Vincent","0"
"401550306","2023","8","false","33","Colby College","6","348","Hamilton","17"
"401550114","2023","8","false","2808","Delaware Valley","21","388","Lebanon Valley","17"
"401549718","2023","8","false","336","Wesleyan University (CT)","35","340","Bowdoin","30"
"401540294","2023","8","false","172","Cornell","36","225","Brown","14"
"401550298","2023","8","false","2394","Middlebury","48","121","Bates","7"
"401540587","2023","8","false","236","Chattanooga","34","2193","East Tennessee State","3"
"401540032","2023","8","false","284","Stonehill","22","2529","Sacred Heart","19"
"401541970","2023","8","false","2438","Nebraska-Kearney","17","137","Missouri Western","20"
"401546993","2023","8","false","559","University of Mary","34","110254","Davenport","44"
"401540402","2023","8","false","2166","Davidson","42","2674","Valparaiso","21"
"401541807","2023","8","false","308","Ashland","31","437","Lake Erie","19"
"401545780","2023","8","false","112335","Wheeling","0","2017","Alderson-Broaddus","0"
"401550143","2023","8","false","2790","Albion","28","2651","Trine University","35"
"401545889","2023","8","false","2559","Shippensburg","13","210","Millersville","7"
"401552024","2023","8","false","7","Amherst","14","112","Tufts","34"
"401550403","2023","8","false","2398","Millsaps","20","2121","Centre College Kentucky","59"
"401550197","2023","8","false","2827","Rowan","20","2532","Salisbury","35"
"401540673","2023","8","false","2676","Virginia Union","57","2339","Lincoln (PA)","0"
"401540069","2023","8","false","107","Holy Cross","35","322","Lafayette","38"
"401552545","2023","8","true","112334","Franklin Pierce","13","126086","Post University","16"
"401540771","2023","8","false","128","Northern Michigan","14","125","Grand Valley State University","73"
"401551488","2023","8","false","2477","Ohio Dominican","15","2886","Northwood (MI)","0"
"401541126","2023","8","false","2257","Greenville","12","583","Northwestern (MN)","32"
"401541060","2023","8","false","3110","SUNY Morrisville","0","2781","Brockport","49"
"401545866","2023","8","false","215","Slippery Rock","42","2858","PennWest California","21"
"401541116","2023","8","false","2516","Randolph-Macon","48","2828","Shenandoah","13"
"401547200","2023","8","false","2702","Western New England","10","2280","Husson","9"
"401540791","2023","8","false","2392","Michigan Tech","21","2222","Ferris State","35"
"401551922","2023","8","false","417","Gallaudet","38","3162","Alfred State","24"
"401551933","2023","8","false","122774","Keystone","7","2354","Lycoming","34"
"401553863","2023","8","false","2970","William Paterson","13","2818","Montclair State","14"
"401550269","2023","8","false","2274","Hiram College","27","391","Oberlin","19"
"401540564","2023","8","false","56","Stetson","6","2900","St. Thomas (MN)","38"
"401540302","2023","8","false","282","Indiana State","3","233","South Dakota","17"
"401540342","2023","8","false","163","Princeton","21","108","Harvard","14"
"401540545","2023","8","false","2448","North Carolina A&T","10","257","Richmond","33"
"401540511","2023","8","false","2168","Dayton","10","2086","Butler","37"
"401550147","2023","8","false","2800","Alma","43","126","Kalamazoo","10"
"401549748","2023","8","false","3112","Christopher Newport","34","2871","Kean","10"
"401547029","2023","8","false","2213","Emory & Henry College","27","2839","Greeneville","24"
"401540656","2023","8","false","124180","Bluefield State","11","2075","Bowie State","40"
"401540052","2023","8","false","2083","Bucknell","18","2329","Lehigh","27"
"401550368","2023","8","false","2373","Maryville College (TN)","26","548","Lagrange College","6"
"401540997","2023","8","false","455","West Virginia Wesleyan","0","2882","UNC Pembroke","56"
"401549824","2023","8","false","216","Susquehanna","34","398","Wilkes","7"
"401547183","2023","8","false","2834","Sul Ross State","7","2810","Hardin-Simmons","55"
"401545740","2023","8","false","2128","University Of Charleston (WV)","30","2986","Fairmont State","33"
"401553030","2023","8","false","2700","McDaniel College","17","2234","Franklin & Marshall","27"
"401540015","2023","8","false","2184","Duquesne","38","2598","St. Francis (PA)","35"
"401547210","2023","8","false","40","Curry College","13","111675","Biddeford","19"
"401549635","2023","8","false","2175","Dickinson (PA)","21","2422","Muhlenberg","42"
"401545733","2023","8","false","2249","Glenville State","44","2148","Concord University","7"
"401540525","2023","8","false","2506","Presbyterian","10","2368","Marist","19"
"401558741","2023","8","false","2487","Pace","23","2583","Southern Connecticut State","25"
"401549620","2023","8","false","2779","St. Lawrence","7","2528","Rensselaer","37"
"401541029","2023","8","false","209","Lock Haven University","3","2315","Kutztown University","7"
"401541008","2023","8","false","2188","East Stroudsburg University","21","2071","Bloomsburg","16"
"401544111","2023","8","false","2733","Wilmington (OH)","0","426","University of Mount Union","69"
"401541069","2023","8","false","2074","Bluffton","50","2362","Manchester","12"
"401550089","2023","8","false","2233","Franklin","35","86","Rose-Hulman","50"
"401550071","2023","8","false","2023","Anderson (IN)","6","190","Defiance College","36"
"401552015","2023","8","false","2731","Williams","14","2977","Trinity (CT)","41"
"401544960","2023","8","false","2419","Mount St. Joseph","52","2262","Hanover College","27"
"401546946","2023","8","false","2736","Winston-Salem","24","395","St. Augustine's","17"
"401540623","2023","8","false","2678","VMI","14","2535","Samford","27"
"401540338","2023","8","false","159","Dartmouth","20","171","Columbia","9"
"401550263","2023","8","false","424","Capital","17","2302","John Carroll University","63"
"401540696","2023","8","false","2940","Livingstone","27","2551","Shaw","26"
"401549726","2023","8","false","2557","Coast Guard","52","2467","Norwich","17"
"401532429","2023","8","false","189","Bowling Green","41","2006","Akron","14"
"401545833","2023","8","false","568","Minot State","7","134","Minnesota Duluth","42"
"401549772","2023","8","false","509","Crown College","3","446","Martin Luther","13"
"401550384","2023","8","false","2963","Case Western Reserve","35","2845","Waynesburg","0"
"401540326","2023","8","false","2261","Hampton","3","48","Delaware","47"
"401547123","2023","8","false","67","Luther","14","2564","Simpson College (IA)","56"
"401540105","2023","8","false","2754","Youngstown State","41","2287","Illinois State","38"
"401547118","2023","8","false","263","Loras College","7","2685","Wartburg","62"
"401545805","2023","8","false","2043","Augustana University (SD)","28","2364","Minnesota State Mankato","10"
"401531406","2023","8","false","151","East Carolina","7","2429","Charlotte","10"
"401544083","2023","8","false","65","Grinnell","7","255","Knox College","14"
"401550351","2023","8","false","2588","Southwestern University","7","386","Trinity University TX","57"
"401547065","2023","8","false","2232","Fort Valley State","31","60","Morehouse College","3"
"401541079","2023","8","false","2101","Carleton","42","375","St. Scholastica","21"
"401545712","2023","8","false","132","Bemidji State","38","3066","Concordia University St Paul","3"
"401547145","2023","8","false","241","McMurry","45","2758","Howard Payne","21"
"401545985","2023","8","false","2123","Chadron St","3","2570","CSU Pueblo","28"
"401550234","2023","8","false","409","Concordia-Wisconsin","7","2832","St. Norbert","13"
"401547218","2023","8","false","32","Carroll University (WI)","6","396","Wheaton","52"
"401549655","2023","8","false","266","Beloit","3","2919","Monmouth (IL)","59"
"401550215","2023","8","false","2155","Cornell College (IA)","47","80","Chicago","34"
"401544913","2023","8","false","122666","Wilson","24","351","Wingate","38"
"401540414","2023","8","false","2210","Elon","28","2405","Monmouth","26"
"401550223","2023","8","false","2044","Aurora","70","2741","Wisconsin-Lutheran","7"
"401541135","2023","8","false","2740","Wisconsin-Lacrosse","31","271","Wisconsin-Oshkosh","28"
"401550165","2023","8","false","2802","Bethel (MN)","49","162","Hamline University","7"
"401544140","2023","8","false","2553","Sewanee","23","2757","Berry College","61"
"401550312","2023","8","false","2047","Averett","24","2079","Bridgewater (VA)","53"
"401550176","2023","8","false","2968","Gustavus Adolphus","38","2600","Saint John's (MN)","35"
"401541956","2023","8","false","2687","Washburn","28","2231","Fort Hays State","31"
"401540664","2023","8","false","330","Virginia St","16","2207","Elizabeth City State","17"
"401531894","2023","8","false","290","Georgia Southern","38","2433","UL Monroe","28"
"401550158","2023","8","false","133","St. Olaf","36","124","Augsburg","56"
"401544941","2023","8","false","2042","Augustana (IL)","42","75","North Park","28"
"401547058","2023","8","false","2805","Clark Atlanta","21","2119","Central State (OH)","48"
"401550426","2023","8","false","2743","Wisconsin-Stevens Pt","14","2723","Wisconsin-River Falls","75"
"401547017","2023","8","false","2842","UVA Wise","34","101784","ERSKINE","23"
"401544887","2023","8","false","2894","Sioux Falls","35","2851","Winona State","42"
"401540805","2023","8","false","129","Saginaw Valley State","17","131","Wayne State (MI)","10"
"401541089","2023","8","false","2746","Wittenberg","35","83","Depauw","41"
"401545839","2023","8","false","2587","Southwest Minnesota State","17","2817","Minnesota State Moorhead","34"
"401544967","2023","8","false","354","Olivet College","7","2812","Hope College","45"
"401549646","2023","8","false","3071","North Central College","49","143","Washington University (St. Louis)","3"
"401540704","2023","8","false","2825","Quincy","14","2292","Indianapolis","24"
"401549757","2023","8","false","332","Muskingum University","17","427","Ohio Northern","27"
"401540714","2023","8","false","2816","McKendree","20","2402","Missouri S&T","17"
"401546007","2023","8","false","613","South Dakota Mines","48","2237","Fort Lewis","10"
"401551483","2023","8","false","389","Upper Iowa University","35","2586","Southwest Baptist","13"
"401549678","2023","8","false","2151","Concordia University Chicago","28","101","Eureka College","27"
"401550172","2023","8","false","2152","Concordia Moorhead","49","2359","Macalester","8"
"401540724","2023","8","false","2888","Ouachita Baptist","31","2033","Arkansas Tech","24"
"401547096","2023","8","false","2964","Central College","72","6845","Nebraska Wesleyan","0"
"401549670","2023","8","false","2891","Ripon","12","262","Lake Forest College","0"
"401550243","2023","8","false","2283","Benedictine University","31","6353","Lakeland","6"
"401544950","2023","8","false","72","Elmhurst","29","74","Millikin","27"
"401547223","2023","8","false","2106","Carthage","7","306","Illinois Wesleyan","34"
"401547137","2023","8","false","2045","Austin","14","2371","Mary Hardin-Baylor","49"
"401549780","2023","8","false","2738","Wisconsin-Eau Claire","14","272","Wisconsin-Platteville","47"
"401547050","2023","8","false","490","Benedict College","63","2310","Kentucky State","14"
"401541935","2023","8","false","2118","Central Missouri","77","2214","Emporia State University","27"
"401540681","2023","8","false","2220","Fayetteville State","14","2304","Johnson C Smith","7"
"401540500","2023","8","false","2635","Tennessee Tech","3","2546","Southeast Missouri State","28"
"401540602","2023","8","false","2717","Western Carolina","17","231","Furman","29"
"401544102","2023","8","false","317","Marietta","37","191","Heidelberg","14"
"401541789","2023","8","false","199","Southeastern Oklahoma State","32","2927","Southwestern Oklahoma State","13"
"401544932","2023","8","false","2323","Lane College","42","2355","Virginia University Of Lynchburg","45"
"401547086","2023","8","false","49","Dubuque","41","63","Buena Vista","0"
"401546010","2023","8","false","2714","Western Colorado","62","2424","New Mexico Highlands","0"
"401544904","2023","8","false","11","Colorado Mesa","42","2001","Adams State","7"
"401541795","2023","8","false","2191","East Central (OK)","13","200","Southern Nazarene","27"
"401544879","2023","8","false","138","Northwest Missouri St","7","90","Pittsburg St","28"
"401541097","2023","8","false","2171","Denison University","35","2748","Wooster","31"
"401540781","2023","8","false","2028","Arkansas-Monticello","14","2271","Henderson State","42"
"401540742","2023","8","false","2654","Truman State","31","2911","William Jewell","10"
"401541757","2023","8","true","2568","Southern Arkansas","20","2264","Harding University","54"
"401547079","2023","8","false","2542","Savannah St","14","2657","Tuskegee","21"
"401545979","2023","8","false","2069","Black Hills State","17","2146","Colorado School Of Mines","42"
"401541963","2023","8","false","2876","Lincoln (MO)","5","2403","Missouri Southern State","63"
"401544896","2023","8","false","611","Seton Hill","35","2291","Indiana-Pennsylvania","28"
"401540475","2023","8","false","2630","UT Martin","17","2127","Charleston Southern","0"
"401540425","2023","8","false","2197","Eastern Illinois","25","2803","Bryant","24"
"401540161","2023","8","false","2400","Mississippi Valley State","6","2296","Jackson State","21"
"401540350","2023","8","false","2623","Missouri State","28","93","Murray State","24"
"401550870","2023","8","false","2442","College Of New Jersey","30","2248","Gettysburg","13"
"401550453","2023","8","false","2745","Wisconsin-Whitewater","37","2744","Wisconsin-Stout","20"
"401540128","2023","8","false","2029","Arkansas-Pine Bluff","7","2016","Alcorn State","31"
"401541019","2023","8","false","2385","Mercyhurst","28","367","Gannon","31"
"401541860","2023","8","false","2673","Valdosta State","42","2560","Shorter","14"
"401540630","2023","8","false","2634","Tennessee State","54","124179","Lincoln (CA)","0"
"401540062","2023","8","false","46","Georgetown","18","2142","Colgate","28"
"401540448","2023","8","false","79","Southern Illinois","10","2571","South Dakota State","17"
"401520336","2023","8","false","356","Illinois","21","275","Wisconsin","25"
"401520342","2023","8","false","158","Nebraska","17","77","Northwestern","9"
"401540579","2023","8","false","2729","William & Mary","24","119","Towson","34"
"401520338","2023","8","false","2294","Iowa","10","135","Minnesota","12"
"401525532","2023","8","false","154","Wake Forest","21","221","Pittsburgh","17"
"401532426","2023","8","false","2459","Northern Illinois","20","2199","Eastern Michigan","13"
"401550328","2023","8","false","366","Ferrum","28","2258","Guilford College","0"
"401520344","2023","8","false","41","UConn","21","58","South Florida","24"
"401525872","2023","8","false","277","West Virginia","34","197","Oklahoma State","48"
"401520333","2023","8","false","333","Alabama","34","2633","Tennessee","20"
"401540385","2023","8","false","2449","North Dakota State","52","2710","Western Illinois","7"
"401540571","2023","8","false","399","UAlbany","35","227","Rhode Island","10"
"401531372","2023","8","false","2655","Tulane","35","249","North Texas","28"
"401540531","2023","8","false","2619","Stony Brook","14","160","New Hampshire","45"
"401524035","2023","8","false","2483","Oregon","38","265","Washington State","24"
"401520341","2023","8","false","142","Missouri","34","2579","South Carolina","12"
"401532430","2023","8","false","2309","Kent State","6","2084","Buffalo","24"
"401532425","2023","8","false","2050","Ball State","24","2117","Central Michigan","17"
"401540254","2023","8","false","2502","Portland State","24","304","Idaho State","38"
"401547023","2023","8","false","2444","Newberry","10","2331","Lenoir-Rhyne","24"
"401541852","2023","8","false","2170","Delta State","21","110242","West Florida","24"
"401550467","2023","8","false","2508","Puget Sound","6","203","Linfield College","55"
"401550878","2023","8","false","2486","Pacific Lutheran","49","2333","Lewis & Clark College","14"
"401550137","2023","8","false","379","UMass Dartmouth","42","114","Fitchburg State","7"
"401544150","2023","8","false","17","Claremont-Mudd-Scripps College","31","29","Redlands","17"
"401544092","2023","8","false","2721","Whitworth","42","205","Pacific (OR)","20"
"401540612","2023","8","false","2382","Mercer","31","2747","Wofford","17"
"401552872","2023","8","false","2318","La Verne","7","2923","Pomona Pitzer","20"
"401532427","2023","8","false","193","Miami (OH)","17","2649","Toledo","21"
"401540316","2023","8","false","2097","Campbell","34","311","Maine","28"
"401540144","2023","8","true","2065","Bethune-Cookman","18","2582","Southern","28"
"401552471","2023","8","false","18","Bridgewater State","21","2909","Westfield State","0"
"401525869","2023","8","false","248","Houston","24","251","Texas","31"
"401540976","2023","8","false","2838","Tiffin","37","2316","Kentucky Wesleyan","12"
"401540986","2023","8","false","2848","Western Oregon","6","2395","Midwestern State","33"
"401540440","2023","8","false","2837","East Texas A&M","7","2447","Nicholls","27"
"401545763","2023","8","false","2699","West Liberty","35","587","Notre Dame College","40"
"401541049","2023","8","false","2639","Texas Lutheran","6","2194","East Texas Baptist University","16"
"401547076","2023","8","false","2396","Miles College","28","2019","Allen","21"
"401540516","2023","8","false","301","San Diego","20","2181","Drake","25"
"401540373","2023","8","false","2460","Northern Iowa","27","155","North Dakota","0"
"401541631","2023","8","false","2617","Stephen F. Austin","27","2000","Abilene Christian","34"
"401553025","2023","8","false","2085","Buffalo State","44","125974","Hilbert College","12"
"401531397","2023","8","false","2226","Florida Atlantic","10","2636","UTSA","36"
"401532600","2023","8","false","167","New Mexico","42","62","Hawai'i","21"
"401541884","2023","8","false","2698","West Georgia","38","2822","North Greenville","14"
"401540196","2023","8","false","2241","Gardner-Webb","35","2198","Eastern Kentucky","32"
"401547037","2023","8","false","2206","Edward Waters","31","2013","Albany State GA","27"
"401525531","2023","8","false","153","North Carolina","27","258","Virginia","31"
"401540216","2023","8","false","2627","Tarleton State","42","2413","Morehead State","0"
"401550387","2023","8","false","2242","Geneva","45","2062","Bethany (WV)","20"
"401547011","2023","8","false","2336","Limestone","27","2107","Catawba","16"
"401531896","2023","8","false","2032","Arkansas State","17","324","Coastal Carolina","27"
"401550410","2023","8","false","418","Hendrix College","50","2519","Rhodes College","49"
"401532602","2023","8","false","23","San José State","42","328","Utah State","21"
"401520335","2023","8","false","2","Auburn","21","145","Ole Miss","28"
"401532599","2023","8","false","2439","UNLV","25","36","Colorado State","23"
"401540205","2023","8","false","2453","North Alabama","31","3101","Utah Tech","30"
"401525870","2023","8","false","2306","Kansas State","41","2628","TCU","3"
"401541844","2023","8","false","2401","Mississippi College","38","2804","Chowan","21"
"401531895","2023","8","false","295","Old Dominion","28","2026","App State","21"
"401550371","2023","8","false","2849","Westminster (PA)","27","2018","Allegheny","17"
"401541945","2023","8","false","196","Northeastern State","21","2122","Central Oklahoma","37"
"401540240","2023","8","false","331","Eastern Washington","31","2692","Weber State","23"
"401545855","2023","8","false","425","Northern State","28","2844","Wayne State (NE)","26"
"401541895","2023","8","false","2025","Angelo State","23","110243","UT Permian Basin","28"
"401550377","2023","8","false","2102","Carnegie Mellon","35","2686","Washington & Jefferson","14"
"401525867","2023","8","false","252","BYU","27","2641","Texas Tech","14"
"401520340","2023","8","false","127","Michigan State","0","130","Michigan","49"
"401520339","2023","8","false","99","LSU","62","349","Army","0"
"401525530","2023","8","false","52","Florida State","38","150","Duke","20"
"401540231","2023","8","false","13","Cal Poly","24","2458","Northern Colorado","17"
"401541772","2023","8","false","319","Oklahoma Baptist","28","2823","Northwestern Oklahoma State","7"
"401531897","2023","8","false","309","Louisiana","17","2247","Georgia State","20"
"401540178","2023","8","false","253","Southern Utah","45","2046","Austin Peay","48"
"401540152","2023","8","false","2640","Texas Southern","21","50","Florida A&M","31"
"401540393","2023","8","false","2377","McNeese","24","2916","Incarnate Word","35"
"401525529","2023","8","false","2390","Miami","28","228","Clemson","20"
"401541902","2023","8","false","2201","Eastern New Mexico","14","2658","Texas A&M-Kingsville","35"
"401524037","2023","8","false","30","USC","32","254","Utah","34"
"401541916","2023","8","false","2120","Central Washington","30","2704","West Texas A&M","14"
"401532601","2023","8","false","21","San Diego State","0","2440","Nevada","6"
"401550333","2023","8","false","411","Chapman","38","2094","California Lutheran University","10"
"401550493","2023","8","false","415","NEWBERG","63","2930","Willamette","10"
"401524036","2023","8","false","24","Stanford","7","26","UCLA","42"
"401540270","2023","8","false","16","Sacramento State","30","147","Montana State","42"
"401524038","2023","8","false","264","Washington","15","9","Arizona State","7"
"401520345","2023","9","false","2348","Louisiana Tech","24","166","New Mexico State","27"
"401520346","2023","9","false","98","Western Kentucky","29","2335","Liberty","42"
"401520347","2023","9","false","2229","Florida International","16","55","Jacksonville State","41"
"401520348","2023","9","false","2534","Sam Houston","34","2638","UTEP","37"
"401540008","2023","9","false","2115","Central Connecticut","23","2341","Long Island University","24"
"401541786","2023","9","false","200","Southern Nazarene","28","2888","Ouachita Baptist","49"
"401541861","2023","9","false","2560","Shorter","35","2698","West Georgia","41"
"401547001","2023","9","false","2876","Lincoln (MO)","17","2201","Eastern New Mexico","62"
"401531929","2023","9","false","290","Georgia Southern","44","2247","Georgia State","27"
"401539998","2023","9","false","2428","North Carolina Central","62","2569","South Carolina State","28"
"401525533","2023","9","false","259","Virginia Tech","38","183","Syracuse","10"
"401540295","2023","9","false","219","Pennsylvania","26","225","Brown","30"
"401531407","2023","9","false","2429","Charlotte","16","2226","Florida Atlantic","38"
"401553026","2023","9","true","125974","Hilbert College","27","101161","LYONCOLL","43"
"401520358","2023","9","false","213","Penn State","33","84","Indiana","24"
"401540042","2023","9","false","2681","Wagner","28","284","Stonehill","17"
"401540977","2023","9","false","2838","Tiffin","40","2682","Walsh","13"
"401534855","2023","9","false","2169","Delaware State","10","47","Howard","17"
"401551934","2023","9","false","122774","Keystone","14","2108","Catholic","26"
"401553018","2023","9","false","2909","Westfield State","19","2972","Plymouth State","20"
"401541090","2023","9","false","83","Depauw","58","352","Kenyon","7"
"401520349","2023","9","false","349","Army","14","113","Massachusetts","21"
"401549741","2023","9","false","109","MIT","29","2467","Norwich","26"
"401550127","2023","9","false","110","Mass Maritime","3","2967","Framingham State","28"
"401547003","2023","9","false","611","Seton Hill","38","2205","Edinboro University","28"
"401545764","2023","9","false","587","Notre Dame College","28","112335","Wheeling","25"
"401541634","2023","9","false","43","Yale","35","171","Columbia","7"
"401540806","2023","9","false","110254","Davenport","24","129","Saginaw Valley State","21"
"401541818","2023","9","false","2224","Findlay","24","2477","Ohio Dominican","3"
"401549621","2023","9","false","2528","Rensselaer","49","184","University of Rochester (NY)","10"
"401547201","2023","9","false","2280","Husson","13","452","Endicott College","23"
"401547026","2023","9","false","2336","Limestone","28","2444","Newberry","24"
"401520351","2023","9","false","103","Boston College","21","41","UConn","14"
"401525874","2023","9","false","2305","Kansas","38","201","Oklahoma","33"
"401540497","2023","9","false","2523","Robert Morris","13","2635","Tennessee Tech","38"
"401550053","2023","9","false","374","St John Fisher University","30","365","Alfred University","12"
"401525536","2023","9","false","154","Wake Forest","16","52","Florida State","41"
"401552464","2023","9","false","15","Anna Maria College","50","417","Gallaudet","7"
"401540016","2023","9","false","2529","Sacred Heart","0","2184","Duquesne","27"
"401550281","2023","9","false","391","Oberlin","7","2980","Ohio Wesleyan","50"
"401541108","2023","9","false","81","Springfield","21","2383","Merchant Marine Academy","14"
"401525878","2023","9","false","2116","UCF","28","277","West Virginia","41"
"401531342","2023","9","false","2567","SMU","69","202","Tulsa","10"
"401545867","2023","9","false","2858","PennWest California","58","2385","Mercyhurst","19"
"401520359","2023","9","false","245","Texas A&M","30","2579","South Carolina","17"
"401550138","2023","9","false","18","Bridgewater State","14","379","UMass Dartmouth","34"
"401525875","2023","9","false","2306","Kansas State","41","248","Houston","0"
"401553858","2023","9","false","2808","Delaware Valley","21","471","Stevenson","14"
"401550082","2023","9","false","40","Curry College","48","2884","Nichols College","46"
"401520356","2023","9","false","77","Northwestern","33","120","Maryland","27"
"401540063","2023","9","false","46","Georgetown","25","322","Lafayette","35"
"401549781","2023","9","false","2740","Wisconsin-Lacrosse","59","2738","Wisconsin-Eau Claire","14"
"401540517","2023","9","false","2181","Drake","33","56","Stetson","7"
"401550352","2023","9","false","386","Trinity University TX","63","2398","Millsaps","0"
"401540070","2023","9","false","2230","Fordham","47","107","Holy Cross","49"
"401547045","2023","9","false","2013","Albany State GA","48","2396","Miles College","7"
"401552995","2023","9","false","2248","Gettysburg","25","2175","Dickinson (PA)","28"
"401549612","2023","9","false","175","Ithaca College","62","2085","Buffalo State","0"
"401540674","2023","9","false","124180","Bluefield State","12","2676","Virginia Union","57"
"401550307","2023","9","false","348","Hamilton","36","112","Tufts","34"
"401553866","2023","9","false","2749","Worcester Polytechnic Institute","24","2776","Salve Regina","27"
"401552451","2023","9","false","2667","Ursinus","49","2700","McDaniel College","6"
"401540504","2023","9","false","2729","William & Mary","31","2405","Monmouth","28"
"401540459","2023","9","false","2086","Butler","17","2674","Valparaiso","7"
"401541030","2023","9","false","209","Lock Haven University","27","223","West Chester","42"
"401545840","2023","9","false","2817","Minnesota State Moorhead","20","2851","Winona State","17"
"401549825","2023","9","false","323","Moravian","14","216","Susquehanna","33"
"401553013","2023","9","false","2969","Misericordia","38","2015","Albright","9"
"401541808","2023","9","false","308","Ashland","28","2646","Thomas More College","20"
"401558402","2023","9","false","2725","Widener","31","247","Kings College (PA)","14"
"401553003","2023","9","false","2354","Lycoming","56","246","Juniata College","10"
"401550313","2023","9","false","2828","Shenandoah","49","2047","Averett","35"
"401552021","2023","9","false","336","Wesleyan University (CT)","34","7","Amherst","7"
"401550338","2023","9","false","2258","Guilford College","21","297","Hampden-Sydney","42"
"401540053","2023","9","false","2142","Colgate","34","2083","Bucknell","49"
"401541127","2023","9","false","433","Westminster College (MO)","6","2257","Greenville","38"
"401552878","2023","9","false","33","Colby College","","2394","Middlebury",""
"401540037","2023","9","false","2598","St. Francis (PA)","28","2771","Merrimack","21"
"401550115","2023","9","false","388","Lebanon Valley","34","111674","Reading","26"
"401545788","2023","9","false","2441","New Haven","25","2038","Assumption","14"
"401545739","2023","9","false","2986","Fairmont State","21","2707","West Virginia State","20"
"401532431","2023","9","false","2199","Eastern Michigan","21","2711","Western Michigan","45"
"401545768","2023","9","false","2017","Alderson-Broaddus","0","2699","West Liberty","0"
"401549696","2023","9","false","2222","Ferris State","56","2022","American International","0"
"401549749","2023","9","false","2970","William Paterson","13","3112","Christopher Newport","33"
"401544141","2023","9","false","2757","Berry College","53","418","Hendrix College","6"
"401545806","2023","9","false","2844","Wayne State (NE)","14","2043","Augustana University (SD)","12"
"401550290","2023","9","false","89","Wabash College","52","2746","Wittenberg","20"
"401549792","2023","9","false","2896","Southern Virginia","7","2256","Greensboro College","47"
"401541845","2023","9","false","2804","Chowan","6","2695","West Alabama","14"
"401545817","2023","9","false","134","Minnesota Duluth","31","132","Bemidji State","38"
"401550404","2023","9","false","2121","Centre College Kentucky","54","2553","Sewanee","22"
"401549585","2023","9","false","174","Hobart College","35","2779","St. Lawrence","0"
"401541117","2023","9","false","2516","Randolph-Macon","35","2688","Washington and Lee","12"
"401544122","2023","9","false","2614","Saint Vincent","20","2849","Westminster (PA)","22"
"401550388","2023","9","false","2845","Waynesburg","29","2242","Geneva","43"
"401544132","2023","9","false","2018","Allegheny","27","2644","Thiel","3"
"401549709","2023","9","false","2369","Mars Hill","49","2842","UVA Wise","18"
"401550394","2023","9","false","146","Grove City College","56","2062","Bethany (WV)","14"
"401550299","2023","9","false","121","Bates","","2731","Williams",""
"401549719","2023","9","false","340","Bowdoin","","2977","Trinity (CT)",""
"401540327","2023","9","false","119","Towson","13","48","Delaware","51"
"401544968","2023","9","false","2800","Alma","41","354","Olivet College","20"
"401547018","2023","9","false","101784","ERSKINE","14","2839","Greeneville","52"
"401545824","2023","9","false","3066","Concordia University St Paul","20","425","Northern State","14"
"401550148","2023","9","false","126","Kalamazoo","17","2812","Hope College","63"
"401550364","2023","9","false","2373","Maryville College (TN)","20","2056","Belhaven","7"
"401540799","2023","9","false","128","Northern Michigan","17","131","Wayne State (MI)","41"
"401547211","2023","9","false","111675","Biddeford","7","2702","Western New England","42"
"401550871","2023","9","false","2532","Salisbury","27","2442","College Of New Jersey","36"
"401545850","2023","9","false","559","University of Mary","27","568","Minot State","23"
"401545797","2023","9","false","2830","St. Anselm","16","2487","Pace","23"
"401553037","2023","9","true","127954","Eastern University","19","2221","FDU-Florham","24"
"401558981","2023","9","false","2234","Franklin & Marshall","40","2871","Kean","14"
"401544933","2023","9","false","2119","Central State (OH)","17","2323","Lane College","14"
"401540330","2023","9","false","172","Cornell","3","163","Princeton","14"
"401545748","2023","9","false","341","Frostburg State","25","2128","University Of Charleston (WV)","28"
"401545873","2023","9","false","215","Slippery Rock","42","2134","Clarion","14"
"401540532","2023","9","false","227","Rhode Island","34","160","New Hampshire","28"
"401540492","2023","9","false","311","Maine","21","399","UAlbany","37"
"401540106","2023","9","false","2287","Illinois State","21","2460","Northern Iowa","24"
"401575335","2023","9","true","126086","Post University","14","2583","Southern Connecticut State","35"
"401540657","2023","9","false","2075","Bowie State","19","2207","Elizabeth City State","7"
"401540682","2023","9","false","2551","Shaw","14","2220","Fayetteville State","21"
"401545966","2023","9","false","2188","East Stroudsburg University","41","2559","Shippensburg","17"
"401540486","2023","9","false","2241","Gardner-Webb","38","2630","UT Martin","34"
"401540588","2023","9","false","2678","VMI","23","236","Chattanooga","24"
"401544112","2023","9","false","426","University of Mount Union","51","359","Otterbein","14"
"401553032","2023","9","false","2419","Mount St. Joseph","55","2233","Franklin","0"
"401550251","2023","9","false","188","Baldwin Wallace","59","424","Capital","35"
"401544995","2023","9","false","191","Heidelberg","49","2733","Wilmington (OH)","35"
"401553033","2023","9","false","2023","Anderson (IN)","7","2074","Bluffton","45"
"401550072","2023","9","false","2362","Manchester","27","190","Defiance College","51"
"401549758","2023","9","false","2302","John Carroll University","42","332","Muskingum University","13"
"401547059","2023","9","false","2657","Tuskegee","14","2805","Clark Atlanta","3"
"401540576","2023","9","false","222","Villanova","48","2619","Stony Brook","13"
"401540594","2023","9","false","231","Furman","16","2193","East Tennessee State","8"
"401539984","2023","9","false","2450","Norfolk State","28","2415","Morgan State","32"
"401540743","2023","9","false","2586","Southwest Baptist","20","2654","Truman State","17"
"401540734","2023","9","false","2402","Missouri S&T","57","2911","William Jewell","20"
"401547038","2023","9","false","2019","Allen","59","2206","Edward Waters","21"
"401550159","2023","9","false","124","Augsburg","10","2152","Concordia Moorhead","30"
"401550320","2023","9","false","2079","Bridgewater (VA)","48","366","Ferrum","16"
"401541080","2023","9","false","2101","Carleton","0","2802","Bethel (MN)","40"
"401547219","2023","9","false","2106","Carthage","30","32","Carroll University (WI)","27"
"401549679","2023","9","false","2151","Concordia University Chicago","7","2832","St. Norbert","56"
"401540303","2023","9","false","155","North Dakota","36","282","Indiana State","33"
"401549703","2023","9","false","2060","Bentley","12","112334","Franklin Pierce","10"
"401545980","2023","9","false","2237","Fort Lewis","20","2069","Black Hills State","34"
"401547173","2023","9","false","2810","Hardin-Simmons","24","2371","Mary Hardin-Baylor","14"
"401550247","2023","9","false","2741","Wisconsin-Lutheran","24","2283","Benedictine University","34"
"401541020","2023","9","false","2291","Indiana-Pennsylvania","15","367","Gannon","16"
"401544924","2023","9","false","351","Wingate","34","2331","Lenoir-Rhyne","30"
"401549647","2023","9","false","143","Washington University (St. Louis)","66","72","Elmhurst","0"
"401550217","2023","9","false","255","Knox College","21","2155","Cornell College (IA)","28"
"401550204","2023","9","false","80","Chicago","55","268","Lawrence University","12"
"401549773","2023","9","false","583","Northwestern (MN)","21","446","Martin Luther","14"
"401550045","2023","9","false","75","North Park","0","3071","North Central College","56"
"401549727","2023","9","false","2951","SUNY Maritime","24","2557","Coast Guard","21"
"401550177","2023","9","false","133","St. Olaf","40","2968","Gustavus Adolphus","41"
"401545734","2023","9","false","2148","Concord University","38","455","West Virginia Wesleyan","9"
"401544951","2023","9","false","74","Millikin","0","396","Wheaton","75"
"401541987","2023","9","false","2687","Washburn","31","138","Northwest Missouri St","52"
"401541946","2023","9","false","2231","Fort Hays State","34","2122","Central Oklahoma","0"
"401545986","2023","9","false","2424","New Mexico Highlands","21","2123","Chadron St","24"
"401547104","2023","9","false","2141","Coe College","64","67","Luther","2"
"401545879","2023","9","false","2315","Kutztown University","17","210","Millersville","12"
"401547097","2023","9","false","2685","Wartburg","24","2964","Central College","14"
"401549656","2023","9","false","262","Lake Forest College","41","266","Beloit","0"
"401545845","2023","9","false","2364","Minnesota State Mankato","30","2587","Southwest Minnesota State","12"
"401547184","2023","9","false","2194","East Texas Baptist University","24","2834","Sul Ross State","10"
"401544942","2023","9","false","306","Illinois Wesleyan","14","2042","Augustana (IL)","44"
"401550189","2023","9","false","2600","Saint John's (MN)","62","375","St. Scholastica","7"
"401540691","2023","9","false","2304","Johnson C Smith","35","2736","Winston-Salem","31"
"401550182","2023","9","false","162","Hamline University","38","2359","Macalester","27"
"401549688","2023","9","false","2524","Rockford","10","2044","Aurora","77"
"401547087","2023","9","false","63","Buena Vista","21","263","Loras College","49"
"401547066","2023","9","false","2232","Fort Valley State","37","2355","Virginia University Of Lynchburg","26"
"401547138","2023","9","false","241","McMurry","51","2045","Austin","13"
"401540443","2023","9","false","233","South Dakota","3","2571","South Dakota State","37"
"401540665","2023","9","false","330","Virginia St","75","2339","Lincoln (PA)","25"
"401547192","2023","9","false","2422","Muhlenberg","28","118","Johns Hopkins University","34"
"401550427","2023","9","false","2744","Wisconsin-Stout","35","2723","Wisconsin-River Falls","49"
"401550211","2023","9","false","2891","Ripon","3","2919","Monmouth (IL)","45"
"401550445","2023","9","false","2399","Minnesota Morris","56","509","Crown College","23"
"401550093","2023","9","false","86","Rose-Hulman","44","2262","Hanover College","39"
"401541971","2023","9","false","137","Missouri Western","44","196","Northeastern State","0"
"401550423","2023","9","false","2745","Wisconsin-Whitewater","45","272","Wisconsin-Platteville","23"
"401544084","2023","9","false","2286","Illinois College","93","65","Grinnell","0"
"401540351","2023","9","false","2754","Youngstown State","44","2623","Missouri State","28"
"401540526","2023","9","false","2900","St. Thomas (MN)","49","2368","Marist","14"
"401544058","2023","9","false","2781","Brockport","38","390","Utica","3"
"401547070","2023","9","false","60","Morehouse College","21","2310","Kentucky State","23"
"401545997","2023","9","false","2146","Colorado School Of Mines","42","2714","Western Colorado","7"
"401550235","2023","9","false","101","Eureka College","21","409","Concordia-Wisconsin","35"
"401541009","2023","9","false","2071","Bloomsburg","14","2974","Shepherd","10"
"401544103","2023","9","false","427","Ohio Northern","17","317","Marietta","21"
"401541098","2023","9","false","2748","Wooster","47","2274","Hiram College","14"
"401540419","2023","9","false","2261","Hampton","26","2448","North Carolina A&T","24"
"401549765","2023","9","false","2519","Rhodes College","34","3","Birmingham-Southern","8"
"401541050","2023","9","false","2758","Howard Payne","31","2639","Texas Lutheran","27"
"401525534","2023","9","false","152","NC State","24","228","Clemson","17"
"401547000","2023","9","false","2822","North Greenville","34","2401","Mississippi College","10"
"401541823","2023","9","false","2273","Hillsdale","52","437","Lake Erie","21"
"401540613","2023","9","false","2717","Western Carolina","38","2382","Mercer","45"
"401550059","2023","9","false","173","Hartwick","7","2782","Cortland","73"
"401541136","2023","9","false","271","Wisconsin-Oshkosh","66","2743","Wisconsin-Stevens Pt","28"
"401547051","2023","9","false","2542","Savannah St","17","490","Benedict College","38"
"401540137","2023","9","false","2029","Arkansas-Pine Bluff","14","2296","Jackson State","40"
"401540782","2023","9","false","319","Oklahoma Baptist","28","2028","Arkansas-Monticello","7"
"401540998","2023","9","false","2882","UNC Pembroke","49","2249","Glenville State","0"
"401541758","2023","9","false","199","Southeastern Oklahoma State","0","2264","Harding University","55"
"401540772","2023","9","false","125","Grand Valley State University","44","2392","Michigan Tech","13"
"401540262","2023","9","false","149","Montana","40","2458","Northern Colorado","0"
"401544074","2023","9","false","2003","Adrian","21","2790","Albion","34"
"401544905","2023","9","false","2001","Adams State","9","613","South Dakota Mines","63"
"401540145","2023","9","false","2755","Grambling","28","2065","Bethune-Cookman","14"
"401544880","2023","9","false","90","Pittsburg St","55","2894","Sioux Falls","6"
"401541040","2023","9","false","2105","Carson-Newman College","37","2213","Emory & Henry College","7"
"401540209","2023","9","false","253","Southern Utah","52","2000","Abilene Christian","14"
"401545993","2023","9","false","2570","CSU Pueblo","59","11","Colorado Mesa","20"
"401540129","2023","9","false","2016","Alcorn State","24","2400","Mississippi Valley State","3"
"401541976","2023","9","false","2214","Emporia State University","39","2438","Nebraska-Kearney","17"
"401541765","2023","9","false","2271","Henderson State","51","2823","Northwestern Oklahoma State","0"
"401541793","2023","9","false","2568","Southern Arkansas","41","2927","Southwestern Oklahoma State","10"
"401541936","2023","9","false","2403","Missouri Southern State","21","2118","Central Missouri","42"
"401540359","2023","9","false","2277","Houston Christian","17","2837","East Texas A&M","13"
"401540609","2023","9","false","338","Kennesaw State","28","124179","Lincoln (CA)","12"
"401549815","2023","9","false","548","Lagrange College","20","2913","Brevard College","30"
"401540501","2023","9","false","2447","Nicholls","31","2546","Southeast Missouri State","35"
"401540496","2023","9","false","2634","Tennessee State","43","2815","Lindenwood","20"
"401540725","2023","9","false","2191","East Central (OK)","16","2033","Arkansas Tech","18"
"401540620","2023","9","false","2535","Samford","37","2643","The Citadel","7"
"401531430","2023","9","false","249","North Texas","42","235","Memphis","45"
"401520350","2023","9","false","2","Auburn","27","344","Mississippi State","13"
"401520352","2023","9","true","57","Florida","20","61","Georgia","43"
"401531398","2023","9","false","2636","UTSA","41","151","East Carolina","27"
"401525538","2023","9","false","2390","Miami","29","258","Virginia","26"
"401525440","2023","9","false","87","Notre Dame","58","221","Pittsburgh","7"
"401531898","2023","9","false","2026","App State","48","2572","Southern Miss","38"
"401525873","2023","9","false","239","Baylor","18","66","Iowa State","30"
"401524044","2023","9","false","254","Utah","6","2483","Oregon","35"
"401540366","2023","9","false","2449","North Dakota State","38","93","Murray State","6"
"401540317","2023","9","false","257","Richmond","44","2097","Campbell","13"
"401532432","2023","9","false","195","Ohio","16","193","Miami (OH)","30"
"401520355","2023","9","false","158","Nebraska","31","2509","Purdue","14"
"401525877","2023","9","false","251","Texas","35","252","BYU","6"
"401525535","2023","9","false","97","Louisville","23","150","Duke","0"
"401540111","2023","9","true","2011","Alabama State","31","2010","Alabama A&M","16"
"401520354","2023","9","false","135","Minnesota","27","127","Michigan State","12"
"401544093","2023","9","false","2333","Lewis & Clark College","21","2721","Whitworth","63"
"401540153","2023","9","false","50","Florida A&M","45","2504","Prairie View A&M","7"
"401540241","2023","9","false","2502","Portland State","47","331","Eastern Washington","35"
"401550468","2023","9","false","203","Linfield College","42","205","Pacific (OR)","27"
"401540449","2023","9","false","2710","Western Illinois","0","79","Southern Illinois","63"
"401544914","2023","9","false","2107","Catawba","32","122666","Wilson","27"
"401540379","2023","9","false","2320","Lamar","7","2916","Incarnate Word","17"
"401540426","2023","9","false","2127","Charleston Southern","24","2803","Bryant","47"
"401540179","2023","9","false","2046","Austin Peay","49","2453","North Alabama","39"
"401540276","2023","9","false","2464","Northern Arizona","38","302","UC Davis","21"
"401524041","2023","9","false","25","California","49","30","USC","50"
"401540339","2023","9","false","108","Harvard","17","159","Dartmouth","9"
"401540715","2023","9","false","2825","Quincy","34","2816","McKendree","41"
"401552869","2023","9","false","2940","Livingstone","34","395","St. Augustine's","14"
"401540247","2023","9","false","70","Idaho","24","147","Montana State","21"
"401531373","2023","9","false","242","Rice","28","2655","Tulane","30"
"401550065","2023","9","false","293","Castleton","18","110438","Dean College","19"
"401553006","2023","9","false","2930","Willamette","21","2508","Puget Sound","40"
"401541869","2023","9","true","110242","West Florida","28","2673","Valdosta State","31"
"401550334","2023","9","false","17","Claremont-Mudd-Scripps College","10","411","Chapman","14"
"401547112","2023","9","false","2564","Simpson College (IA)","21","49","Dubuque","45"
"401531902","2023","9","false","6","South Alabama","20","309","Louisiana","33"
"401540550","2023","9","false","301","San Diego","17","2413","Morehead State","11"
"401540189","2023","9","false","2110","Central Arkansas","23","2627","Tarleton State","25"
"401550198","2023","9","false","2818","Montclair State","14","2827","Rowan","21"
"401540171","2023","9","false","2582","Southern","23","2640","Texas Southern","17"
"401531901","2023","9","false","2433","UL Monroe","24","2032","Arkansas State","34"
"401532607","2023","9","false","68","Boise State","32","2751","Wyoming","7"
"401540705","2023","9","false","2292","Indianapolis","35","389","Upper Iowa University","7"
"401550385","2023","9","false","2686","Washington & Jefferson","38","2963","Case Western Reserve","33"
"401549808","2023","9","false","291","Methodist","3","286","North Carolina Wesleyan","27"
"401531899","2023","9","false","324","Coastal Carolina","34","276","Marshall","6"
"401520353","2023","9","false","96","Kentucky","27","2633","Tennessee","33"
"401531903","2023","9","false","326","Texas State","13","2653","Troy","31"
"401532603","2023","9","false","36","Colorado State","13","2005","Air Force","30"
"401541831","2023","9","false","2316","Kentucky Wesleyan","13","2886","Northwood (MI)","28"
"401540403","2023","9","false","2166","Davidson","45","2506","Presbyterian","28"
"401541909","2023","9","false","110243","UT Permian Basin","28","2848","Western Oregon","16"
"401524042","2023","9","false","24","Stanford","33","264","Washington","42"
"401550494","2023","9","false","415","NEWBERG","35","2486","Pacific Lutheran","25"
"401520360","2023","9","false","275","Wisconsin","10","194","Ohio State","24"
"401520357","2023","9","false","145","Ole Miss","33","238","Vanderbilt","7"
"401524043","2023","9","false","26","UCLA","28","38","Colorado","16"
"401540197","2023","9","false","3101","Utah Tech","30","2198","Eastern Kentucky","34"
"401524040","2023","9","false","9","Arizona State","38","265","Washington State","27"
"401525537","2023","9","false","59","Georgia Tech","46","153","North Carolina","42"
"401531900","2023","9","false","256","James Madison","30","295","Old Dominion","27"
"401541896","2023","9","false","2704","West Texas A&M","10","2025","Angelo State","27"
"401541903","2023","9","false","2658","Texas A&M-Kingsville","17","2120","Central Washington","21"
"401540394","2023","9","false","2377","McNeese","1","2466","Northwestern State","0"
"401525876","2023","9","false","197","Oklahoma State","45","2132","Cincinnati","13"
"401540987","2023","9","false","2395","Midwestern State","56","2703","Western New Mexico","7"
"401540255","2023","9","false","16","Sacramento State","51","304","Idaho State","16"
"401552873","2023","9","false","2094","California Lutheran University","24","2923","Pomona Pitzer","38"
"401544151","2023","9","false","29","Redlands","40","2318","La Verne","12"
"401532604","2023","9","false","2440","Nevada","34","167","New Mexico","24"
"401524039","2023","9","false","12","Arizona","27","204","Oregon State","24"
"401532606","2023","9","false","278","Fresno State","31","2439","UNLV","24"
"401532605","2023","9","false","62","Hawai'i","0","23","San José State","35"
"401552482","2023","9","false","402","Worcester St","10","2843","Western Connecticut St","58"
"401532433","2023","10","false","2117","Central Michigan","37","2459","Northern Illinois","31"
"401532434","2023","10","false","2649","Toledo","31","2084","Buffalo","13"
"401532435","2023","10","false","189","Bowling Green","24","2050","Ball State","21"
"401532436","2023","10","false","2006","Akron","31","2309","Kent State","27"
"401545769","2023","10","false","2128","University Of Charleston (WV)","42","2699","West Liberty","17"
"401525879","2023","10","false","2641","Texas Tech","35","2628","TCU","28"
"401525539","2023","10","false","150","Duke","24","154","Wake Forest","21"
"401540146","2023","10","false","2065","Bethune-Cookman","20","2400","Mississippi Valley State","7"
"401531904","2023","10","false","2653","Troy","28","6","South Alabama","10"
"401540340","2023","10","false","159","Dartmouth","23","163","Princeton","21"
"401525540","2023","10","false","183","Syracuse","10","103","Boston College","17"
"401532609","2023","10","false","2751","Wyoming","24","36","Colorado State","15"
"401525884","2023","10","false","251","Texas","33","2306","Kansas State","30"
"401540009","2023","10","false","2529","Sacred Heart","31","2115","Central Connecticut","24"
"401551935","2023","10","false","246","Juniata College","35","122774","Keystone","42"
"401552477","2023","10","false","114","Fitchburg State","0","2843","Western Connecticut St","54"
"401541109","2023","10","false","2467","Norwich","7","81","Springfield","58"
"401540071","2023","10","false","2329","Lehigh","24","107","Holy Cross","28"
"401550872","2023","10","false","2442","College Of New Jersey","31","2970","William Paterson","14"
"401540557","2023","10","false","2506","Presbyterian","13","301","San Diego","23"
"401525441","2023","10","false","228","Clemson","31","87","Notre Dame","23"
"401552548","2023","10","false","2022","American International","41","126086","Post University","17"
"401550066","2023","10","false","3162","Alfred State","44","293","Castleton","8"
"401520365","2023","10","false","84","Indiana","20","275","Wisconsin","14"
"401540017","2023","10","false","2681","Wagner","26","2184","Duquesne","34"
"401520375","2023","10","false","164","Rutgers","16","194","Ohio State","35"
"401520363","2023","10","false","57","Florida","36","8","Arkansas","39"
"401520377","2023","10","false","2633","Tennessee","59","41","UConn","3"
"401525545","2023","10","false","153","North Carolina","59","2097","Campbell","7"
"401540024","2023","10","false","2598","St. Francis (PA)","28","2341","Long Island University","29"
"401520369","2023","10","false","127","Michigan State","20","158","Nebraska","17"
"401520376","2023","10","false","2579","South Carolina","38","55","Jacksonville State","28"
"401553023","2023","10","false","398","Wilkes","35","2108","Catholic","40"
"401540296","2023","10","false","225","Brown","17","43","Yale","36"
"401520374","2023","10","false","145","Ole Miss","38","245","Texas A&M","35"
"401550083","2023","10","false","452","Endicott College","48","40","Curry College","6"
"401545798","2023","10","false","2830","St. Anselm","24","112334","Franklin Pierce","17"
"401541010","2023","10","false","210","Millersville","31","2071","Bloomsburg","34"
"401541824","2023","10","false","2682","Walsh","3","2273","Hillsdale","28"
"401550270","2023","10","false","2274","Hiram College","13","89","Wabash College","52"
"401544067","2023","10","false","388","Lebanon Valley","21","2221","FDU-Florham","28"
"401546994","2023","10","false","110254","Davenport","10","2222","Ferris State","28"
"401545774","2023","10","false","112335","Wheeling","29","2707","West Virginia State","22"
"401545789","2023","10","false","2060","Bentley","31","2038","Assumption","6"
"401545970","2023","10","false","2205","Edinboro University","18","215","Slippery Rock","56"
"401550060","2023","10","false","2782","Cortland","41","2781","Brockport","17"
"401541041","2023","10","false","2842","UVA Wise","7","2105","Carson-Newman College","52"
"401552472","2023","10","false","2967","Framingham State","7","18","Bridgewater State","21"
"401552465","2023","10","false","417","Gallaudet","38","110438","Dean College","16"
"401553859","2023","10","false","471","Stevenson","8","247","Kings College (PA)","16"
"401552883","2023","10","false","2909","Westfield State","30","402","Worcester St","12"
"401550128","2023","10","false","2972","Plymouth State","31","110","Mass Maritime","21"
"401540518","2023","10","false","2368","Marist","3","2181","Drake","10"
"401545880","2023","10","false","223","West Chester","17","2315","Kutztown University","27"
"401544897","2023","10","false","2134","Clarion","27","2291","Indiana-Pennsylvania","39"
"401550105","2023","10","false","2354","Lycoming","31","323","Moravian","20"
"401550369","2023","10","false","286","North Carolina Wesleyan","14","2373","Maryville College (TN)","49"
"401545895","2023","10","false","2974","Shepherd","44","2188","East Stroudsburg University","17"
"401541021","2023","10","false","367","Gannon","17","2858","PennWest California","34"
"401550308","2023","10","false","348","Hamilton","7","2394","Middlebury","41"
"401540075","2023","10","false","322","Lafayette","34","2142","Colgate","37"
"401540343","2023","10","false","171","Columbia","24","108","Harvard","38"
"401540304","2023","10","false","282","Indiana State","7","2754","Youngstown State","19"
"401547075","2023","10","false","2310","Kentucky State","10","2119","Central State (OH)","20"
"401539975","2023","10","false","2415","Morgan State","24","2169","Delaware State","17"
"401546991","2023","10","true","2911","William Jewell","3","2586","Southwest Baptist","71"
"401540595","2023","10","false","2193","East Tennessee State","24","2678","VMI","31"
"401540533","2023","10","false","160","New Hampshire","33","222","Villanova","45"
"401540505","2023","10","false","2405","Monmouth","56","2619","Stony Brook","17"
"401540666","2023","10","false","2676","Virginia Union","30","330","Virginia St","20"
"401552016","2023","10","false","2731","Williams","22","336","Wesleyan University (CT)","30"
"401558750","2023","10","false","2725","Widener","42","127954","Eastern University","10"
"401544925","2023","10","false","2444","Newberry","17","351","Wingate","21"
"401545857","2023","10","false","559","University of Mary","32","2587","Southwest Minnesota State","28"
"401549613","2023","10","false","2779","St. Lawrence","14","175","Ithaca College","51"
"401540420","2023","10","false","311","Maine","35","2261","Hampton","42"
"401549750","2023","10","false","3112","Christopher Newport","14","2818","Montclair State","19"
"401551496","2023","10","false","2487","Pace","14","2441","New Haven","17"
"401550399","2023","10","false","2062","Bethany (WV)","26","2845","Waynesburg","35"
"401544969","2023","10","false","354","Olivet College","7","2790","Albion","35"
"401540792","2023","10","false","2392","Michigan Tech","37","568","Minot State","3"
"401540617","2023","10","false","399","UAlbany","24","2729","William & Mary","8"
"401549720","2023","10","false","340","Bowdoin","23","7","Amherst","27"
"401553014","2023","10","false","111674","Reading","28","2015","Albright","16"
"401550199","2023","10","false","2871","Kean","6","2827","Rowan","16"
"401540800","2023","10","false","129","Saginaw Valley State","62","128","Northern Michigan","17"
"401541889","2023","10","false","2207","Elizabeth City State","38","124180","Bluefield State","20"
"401525451","2023","10","false","2534","Sam Houston","24","338","Kennesaw State","21"
"401550300","2023","10","false","2977","Trinity (CT)","52","121","Bates","7"
"401541977","2023","10","false","2438","Nebraska-Kearney","38","2876","Lincoln (MO)","6"
"401541862","2023","10","false","2822","North Greenville","27","2560","Shorter","17"
"401545825","2023","10","false","134","Minnesota Duluth","44","3066","Concordia University St Paul","32"
"401541099","2023","10","false","2748","Wooster","36","391","Oberlin","0"
"401550458","2023","10","false","583","Northwestern (MN)","36","433","Westminster College (MO)","18"
"401550152","2023","10","false","2812","Hope College","38","2651","Trine University","28"
"401540692","2023","10","false","2304","Johnson C Smith","38","2940","Livingstone","17"
"401540773","2023","10","false","131","Wayne State (MI)","10","125","Grand Valley State University","66"
"401541031","2023","10","false","2559","Shippensburg","7","209","Lock Haven University","21"
"401549586","2023","10","false","174","Hobart College","31","2528","Rensselaer","21"
"401550405","2023","10","false","418","Hendrix College","29","2121","Centre College Kentucky","47"
"401549578","2023","10","false","2085","Buffalo State","17","237","Union (NY)","43"
"401540328","2023","10","false","48","Delaware","27","2210","Elon","33"
"401547193","2023","10","false","2175","Dickinson (PA)","23","118","Johns Hopkins University","34"
"401547202","2023","10","false","111675","Biddeford","27","2280","Husson","30"
"401545750","2023","10","false","341","Frostburg State","10","2249","Glenville State","13"
"401550353","2023","10","false","2553","Sewanee","6","386","Trinity University TX","44"
"401544075","2023","10","false","2003","Adrian","24","2800","Alma","45"
"401547019","2023","10","false","2213","Emory & Henry College","56","101784","ERSKINE","14"
"401552452","2023","10","false","2248","Gettysburg","35","2667","Ursinus","48"
"401541128","2023","10","false","2257","Greenville","23","126","Kalamazoo","33"
"401552025","2023","10","false","112","Tufts","38","33","Colby College","0"
"401540054","2023","10","false","2230","Fordham","27","2083","Bucknell","21"
"401540427","2023","10","false","2803","Bryant","44","2241","Gardner-Webb","45"
"401550389","2023","10","false","2242","Geneva","7","2686","Washington & Jefferson","45"
"401540546","2023","10","false","2448","North Carolina A&T","32","119","Towson","42"
"401553971","2023","10","false","2886","Northwood (MI)","24","2646","Thomas More College","20"
"401540999","2023","10","false","2017","Alderson-Broaddus","0","2882","UNC Pembroke","0"
"401544123","2023","10","false","2614","Saint Vincent","27","2644","Thiel","30"
"401550365","2023","10","false","2896","Southern Virginia","7","2056","Belhaven","61"
"401551515","2023","10","false","2702","Western New England","69","2884","Nichols College","28"
"401540978","2023","10","false","2477","Ohio Dominican","10","2838","Tiffin","44"
"401540697","2023","10","false","395","St. Augustine's","14","2551","Shaw","21"
"401541061","2023","10","false","3110","SUNY Morrisville","30","374","St John Fisher University","15"
"401540658","2023","10","false","2339","Lincoln (PA)","39","2075","Bowie State","46"
"401549809","2023","10","false","291","Methodist","38","548","Lagrange College","27"
"401549800","2023","10","false","2913","Brevard College","27","2938","Huntingdon College (AL)","31"
"401550259","2023","10","false","352","Kenyon","15","2171","Denison University","38"
"401540331","2023","10","false","219","Pennsylvania","23","172","Cornell","8"
"401540744","2023","10","false","2654","Truman State","14","389","Upper Iowa University","7"
"401545741","2023","10","false","455","West Virginia Wesleyan","20","2986","Fairmont State","55"
"401554821","2023","10","false","2969","Misericordia","6","2808","Delaware Valley","28"
"401540404","2023","10","false","56","Stetson","41","2166","Davidson","61"
"401541809","2023","10","false","308","Ashland","37","2224","Findlay","35"
"401550378","2023","10","false","2849","Westminster (PA)","7","2102","Carnegie Mellon","21"
"401547030","2023","10","false","2839","Greeneville","29","2369","Mars Hill","27"
"401550340","2023","10","false","297","Hampden-Sydney","26","2828","Shenandoah","25"
"401545765","2023","10","false","2148","Concord University","14","587","Notre Dame College","24"
"401549636","2023","10","false","2422","Muhlenberg","48","2234","Franklin & Marshall","45"
"401544996","2023","10","false","332","Muskingum University","64","2733","Wilmington (OH)","63"
"401553035","2023","10","false","2262","Hanover College","69","2023","Anderson (IN)","0"
"401550252","2023","10","false","188","Baldwin Wallace","24","191","Heidelberg","21"
"401540589","2023","10","false","236","Chattanooga","14","231","Furman","17"
"401553034","2023","10","false","2074","Bluffton","27","2419","Mount St. Joseph","49"
"401544113","2023","10","false","2302","John Carroll University","14","426","University of Mount Union","49"
"401544104","2023","10","false","424","Capital","14","317","Marietta","45"
"401550293","2023","10","false","427","Ohio Northern","49","359","Otterbein","6"
"401550077","2023","10","false","2233","Franklin","36","2362","Manchester","0"
"401550073","2023","10","false","190","Defiance College","54","86","Rose-Hulman","78"
"401541964","2023","10","false","2214","Emporia State University","63","2403","Missouri Southern State","28"
"401545846","2023","10","false","2851","Winona State","42","2364","Minnesota State Mankato","49"
"401544943","2023","10","false","2106","Carthage","13","2042","Augustana (IL)","16"
"401524049","2023","10","false","254","Utah","55","9","Arizona State","3"
"401550229","2023","10","false","2700","McDaniel College","20","2532","Salisbury","59"
"401550160","2023","10","false","2359","Macalester","34","124","Augsburg","42"
"401547174","2023","10","false","2371","Mary Hardin-Baylor","21","2194","East Texas Baptist University","12"
"401550047","2023","10","false","72","Elmhurst","8","75","North Park","31"
"401547005","2023","10","false","2385","Mercyhurst","0","611","Seton Hill","14"
"401547105","2023","10","false","49","Dubuque","20","2141","Coe College","23"
"401540614","2023","10","false","2643","The Citadel","16","2382","Mercer","38"
"401540444","2023","10","false","79","Southern Illinois","7","233","South Dakota","14"
"401541780","2023","10","false","2888","Ouachita Baptist","55","319","Oklahoma Baptist","14"
"401545998","2023","10","false","2146","Colorado School Of Mines","77","2424","New Mexico Highlands","3"
"401547139","2023","10","false","2045","Austin","19","2810","Hardin-Simmons","59"
"401546003","2023","10","false","613","South Dakota Mines","28","2570","CSU Pueblo","35"
"401549648","2023","10","false","396","Wheaton","36","143","Washington University (St. Louis)","35"
"401547128","2023","10","true","6845","Nebraska Wesleyan","0","2685","Wartburg","45"
"401547046","2023","10","true","2232","Fort Valley State","7","2013","Albany State GA","13"
"401545818","2023","10","false","132","Bemidji State","27","2817","Minnesota State Moorhead","14"
"401541870","2023","10","false","2695","West Alabama","14","2673","Valdosta State","20"
"401550190","2023","10","false","133","St. Olaf","10","2600","Saint John's (MN)","49"
"401544888","2023","10","false","2894","Sioux Falls","20","2844","Wayne State (NE)","28"
"401549657","2023","10","false","266","Beloit","17","2891","Ripon","52"
"401547088","2023","10","false","2964","Central College","56","63","Buena Vista","22"
"401547060","2023","10","false","2805","Clark Atlanta","21","60","Morehouse College","35"
"401550183","2023","10","false","375","St. Scholastica","26","162","Hamline University","33"
"401541910","2023","10","false","2703","Western New Mexico","3","110243","UT Permian Basin","56"
"401544952","2023","10","false","32","Carroll University (WI)","41","74","Millikin","0"
"401547119","2023","10","false","263","Loras College","82","2564","Simpson College (IA)","16"
"401544085","2023","10","false","65","Grinnell","14","80","Chicago","48"
"401549774","2023","10","false","446","Martin Luther","27","2399","Minnesota Morris","30"
"401540735","2023","10","false","2825","Quincy","14","2402","Missouri S&T","21"
"401541081","2023","10","false","2968","Gustavus Adolphus","38","2101","Carleton","20"
"401541917","2023","10","false","2201","Eastern New Mexico","35","2704","West Texas A&M","27"
"401549782","2023","10","false","2738","Wisconsin-Eau Claire","13","2744","Wisconsin-Stout","38"
"401547224","2023","10","false","3071","North Central College","83","306","Illinois Wesleyan","26"
"401547052","2023","10","false","490","Benedict College","37","2019","Allen","9"
"401540683","2023","10","false","2220","Fayetteville State","40","2736","Winston-Salem","34"
"401558979","2023","10","false","2776","Salve Regina","49","2951","SUNY Maritime","0"
"401531392","2023","10","false","218","Temple","32","2426","Navy","18"
"401525542","2023","10","false","258","Virginia","17","59","Georgia Tech","45"
"401541051","2023","10","false","2639","Texas Lutheran","33","241","McMurry","36"
"401547146","2023","10","false","2834","Sul Ross State","47","2758","Howard Payne","42"
"401541118","2023","10","false","366","Ferrum","16","2516","Randolph-Macon","49"
"401550372","2023","10","false","2963","Case Western Reserve","42","2018","Allegheny","14"
"401541937","2023","10","false","2118","Central Missouri","47","2231","Fort Hays State","28"
"401547124","2023","10","false","67","Luther","21","101161","LYONCOLL","28"
"401550433","2023","10","false","2398","Millsaps","13","2588","Southwestern University","42"
"401550054","2023","10","false","365","Alfred University","42","173","Hartwick","6"
"401549680","2023","10","false","2741","Wisconsin-Lutheran","28","2151","Concordia University Chicago","21"
"401549689","2023","10","false","409","Concordia-Wisconsin","66","2524","Rockford","21"
"401547012","2023","10","false","2331","Lenoir-Rhyne","28","2107","Catawba","7"
"401550205","2023","10","false","255","Knox College","48","268","Lawrence University","28"
"401540807","2023","10","false","2460","Northern Iowa","50","2710","Western Illinois","6"
"401540551","2023","10","false","2413","Morehead State","7","2086","Butler","49"
"401540498","2023","10","false","2546","Southeast Missouri State","20","2523","Robert Morris","21"
"401540460","2023","10","false","2674","Valparaiso","21","2168","Dayton","7"
"401540367","2023","10","false","93","Murray State","31","155","North Dakota","45"
"401540112","2023","10","false","2010","Alabama A&M","28","50","Florida A&M","42"
"401550238","2023","10","false","2283","Benedictine University","41","101","Eureka College","21"
"401541972","2023","10","false","137","Missouri Western","31","90","Pittsburg St","30"
"401549671","2023","10","false","2919","Monmouth (IL)","16","262","Lake Forest College","14"
"401549665","2023","10","false","2155","Cornell College (IA)","34","2286","Illinois College","76"
"401550321","2023","10","false","2688","Washington and Lee","31","2079","Bridgewater (VA)","21"
"401541137","2023","10","false","272","Wisconsin-Platteville","22","271","Wisconsin-Oshkosh","7"
"401550419","2023","10","false","2723","Wisconsin-River Falls","28","2740","Wisconsin-Lacrosse","31"
"401550430","2023","10","false","2743","Wisconsin-Stevens Pt","0","2745","Wisconsin-Whitewater","48"
"401550166","2023","10","false","2802","Bethel (MN)","31","2152","Concordia Moorhead","14"
"401550224","2023","10","false","2044","Aurora","70","6353","Lakeland","14"
"401520361","2023","10","true","2005","Air Force","3","349","Army","23"
"401540536","2023","10","false","2635","Tennessee Tech","41","2630","UT Martin","44"
"401540210","2023","10","false","253","Southern Utah","35","124179","Lincoln (CA)","6"
"401541947","2023","10","false","2122","Central Oklahoma","41","2687","Washburn","7"
"401540626","2023","10","false","2747","Wofford","25","2717","Western Carolina","28"
"401540107","2023","10","false","2623","Missouri State","35","2287","Illinois State","36"
"401546008","2023","10","false","2714","Western Colorado","57","2237","Fort Lewis","3"
"401540386","2023","10","false","2571","South Dakota State","33","2449","North Dakota State","16"
"401541773","2023","10","false","2823","Northwestern Oklahoma State","14","2568","Southern Arkansas","42"
"401540783","2023","10","false","2028","Arkansas-Monticello","14","200","Southern Nazarene","41"
"401540248","2023","10","false","2458","Northern Colorado","13","70","Idaho","27"
"401540130","2023","10","false","2016","Alcorn State","44","2582","Southern","21"
"401540360","2023","10","false","2466","Northwestern State","0","2277","Houston Christian","1"
"401540162","2023","10","false","2296","Jackson State","21","2640","Texas Southern","19"
"401545807","2023","10","false","425","Northern State","21","2043","Augustana University (SD)","31"
"401541880","2023","10","false","2401","Mississippi College","14","110242","West Florida","42"
"401531383","2023","10","false","5","UAB","45","2226","Florida Atlantic","42"
"401544934","2023","10","false","2323","Lane College","27","2542","Savannah St","21"
"401541982","2023","10","false","196","Northeastern State","0","138","Northwest Missouri St","52"
"401540138","2023","10","false","2504","Prairie View A&M","38","2029","Arkansas-Pine Bluff","14"
"401541766","2023","10","false","2927","Southwestern Oklahoma State","0","2271","Henderson State","56"
"401540481","2023","10","false","2815","Lindenwood","10","2197","Eastern Illinois","16"
"401540224","2023","10","false","2000","Abilene Christian","24","3101","Utah Tech","7"
"401553854","2023","10","false","147","Montana State","45","2464","Northern Arizona","21"
"401531908","2023","10","false","2032","Arkansas State","37","309","Louisiana","17"
"401544906","2023","10","false","2069","Black Hills State","35","2001","Adams State","28"
"401531399","2023","10","false","249","North Texas","29","2636","UTSA","37"
"401540706","2023","10","false","2292","Indianapolis","16","2816","McKendree","21"
"401545987","2023","10","false","11","Colorado Mesa","38","2123","Chadron St","22"
"401550314","2023","10","false","2258","Guilford College","13","2047","Averett","34"
"401531425","2023","10","false","235","Memphis","59","58","South Florida","50"
"401531374","2023","10","false","151","East Carolina","10","2655","Tulane","13"
"401520373","2023","10","true","77","Northwestern","7","2294","Iowa","10"
"401539991","2023","10","false","2428","North Carolina Central","38","2450","Norfolk State","24"
"401525880","2023","10","false","239","Baylor","24","248","Houston","25"
"401525543","2023","10","false","97","Louisville","34","259","Virginia Tech","3"
"401531907","2023","10","false","295","Old Dominion","24","324","Coastal Carolina","28"
"401520400","2023","10","false","113","Massachusetts","31","2771","Merrimack","21"
"401531906","2023","10","false","2247","Georgia State","14","256","James Madison","42"
"401520367","2023","10","false","120","Maryland","15","213","Penn State","51"
"401534856","2023","10","false","2569","South Carolina State","27","47","Howard","24"
"401525883","2023","10","false","197","Oklahoma State","27","201","Oklahoma","24"
"401520364","2023","10","false","61","Georgia","30","142","Missouri","21"
"401520370","2023","10","false","135","Minnesota","26","356","Illinois","27"
"401525541","2023","10","false","221","Pittsburgh","7","52","Florida State","24"
"401525881","2023","10","false","2132","Cincinnati","26","2116","UCF","28"
"401550285","2023","10","false","2980","Ohio Wesleyan","28","2746","Wittenberg","36"
"401550469","2023","10","false","2486","Pacific Lutheran","19","203","Linfield College","42"
"401540476","2023","10","false","2127","Charleston Southern","35","2634","Tennessee State","21"
"401520379","2023","10","false","238","Vanderbilt","15","2","Auburn","31"
"401540380","2023","10","false","2320","Lamar","41","2837","East Texas A&M","21"
"401544202","2023","10","false","2916","Incarnate Word","32","2447","Nicholls","45"
"401540232","2023","10","false","331","Eastern Washington","48","13","Cal Poly","13"
"401544094","2023","10","false","2721","Whitworth","24","415","NEWBERG","13"
"401531343","2023","10","false","202","Tulsa","26","2429","Charlotte","33"
"401540395","2023","10","false","2545","SE Louisiana","38","2377","McNeese","24"
"401532610","2023","10","false","2440","Nevada","14","62","Hawai'i","27"
"401541759","2023","10","false","2264","Harding University","48","2191","East Central (OK)","7"
"401531909","2023","10","false","2572","Southern Miss","24","2433","UL Monroe","7"
"401541904","2023","10","false","2848","Western Oregon","27","2658","Texas A&M-Kingsville","34"
"401540190","2023","10","false","2453","North Alabama","14","2110","Central Arkansas","27"
"401547077","2023","10","false","2396","Miles College","35","2657","Tuskegee","10"
"401540726","2023","10","false","2033","Arkansas Tech","14","199","Southeastern Oklahoma State","7"
"401531910","2023","10","false","326","Texas State","45","290","Georgia Southern","24"
"401540121","2023","10","true","2011","Alabama State","17","2755","Grambling","6"
"401540180","2023","10","false","2198","Eastern Kentucky","30","2046","Austin Peay","33"
"401524047","2023","10","false","2483","Oregon","63","25","California","19"
"401544142","2023","10","false","3","Birmingham-Southern","6","2757","Berry College","53"
"401520372","2023","10","false","166","New Mexico State","13","2393","Middle Tennessee","7"
"401541853","2023","10","false","2698","West Georgia","13","2170","Delta State","47"
"401544915","2023","10","false","122666","Wilson","28","2336","Limestone","33"
"401549728","2023","10","false","2749","Worcester Polytechnic Institute","21","2557","Coast Guard","28"
"401531905","2023","10","false","2026","App State","31","276","Marshall","9"
"401540256","2023","10","false","304","Idaho State","21","2692","Weber State","33"
"401547039","2023","10","false","2206","Edward Waters","41","2355","Virginia University Of Lynchburg","17"
"401520366","2023","10","false","2335","Liberty","56","2348","Louisiana Tech","30"
"401532611","2023","10","false","167","New Mexico","14","2439","UNLV","56"
"401541832","2023","10","false","437","Lake Erie","37","2316","Kentucky Wesleyan","43"
"401540284","2023","10","false","302","UC Davis","37","2502","Portland State","23"
"401540988","2023","10","false","2025","Angelo State","27","2395","Midwestern State","12"
"401525882","2023","10","false","66","Iowa State","21","2305","Kansas","28"
"401525885","2023","10","false","277","West Virginia","37","252","BYU","7"
"401540217","2023","10","false","2627","Tarleton State","59","2617","Stephen F. Austin","17"
"401553007","2023","10","false","205","Pacific (OR)","64","2930","Willamette","6"
"401532612","2023","10","false","21","San Diego State","24","328","Utah State","32"
"401520368","2023","10","false","130","Michigan","41","2509","Purdue","13"
"401531440","2023","10","false","242","Rice","31","2567","SMU","36"
"401524048","2023","10","false","30","USC","42","264","Washington","52"
"401520371","2023","10","false","344","Mississippi State","3","96","Kentucky","24"
"401520362","2023","10","false","333","Alabama","42","99","LSU","28"
"401540263","2023","10","false","149","Montana","34","16","Sacramento State","7"
"401525544","2023","10","false","152","NC State","20","2390","Miami","6"
"401520378","2023","10","false","2638","UTEP","13","98","Western Kentucky","21"
"401524050","2023","10","false","265","Washington State","7","24","Stanford","10"
"401550879","2023","10","false","2333","Lewis & Clark College","66","2508","Puget Sound","24"
"401524046","2023","10","false","38","Colorado","19","204","Oregon State","26"
"401532608","2023","10","false","278","Fresno State","37","68","Boise State","30"
"401550345","2023","10","false","2094","California Lutheran University","13","17","Claremont-Mudd-Scripps College","30"
"401550335","2023","10","false","411","Chapman","37","2318","La Verne","7"
"401544152","2023","10","false","2923","Pomona Pitzer","20","29","Redlands","7"
"401524045","2023","10","false","12","Arizona","27","26","UCLA","10"
"401532438","2023","11","false","2711","Western Michigan","38","2117","Central Michigan","28"
"401532437","2023","11","false","2459","Northern Illinois","17","2050","Ball State","20"
"401532439","2023","11","false","2084","Buffalo","10","195","Ohio","20"
"401532441","2023","11","false","193","Miami (OH)","19","2006","Akron","0"
"401532442","2023","11","false","2309","Kent State","19","189","Bowling Green","49"
"401532440","2023","11","false","2649","Toledo","49","2199","Eastern Michigan","23"
"401525546","2023","11","false","97","Louisville","31","258","Virginia","24"
"401531911","2023","11","false","309","Louisiana","31","2572","Southern Miss","34"
"401549751","2023","11","false","2442","College Of New Jersey","21","3112","Christopher Newport","27"
"401552434","2023","11","false","2532","Salisbury","31","2871","Kean","28"
"401550200","2023","11","false","2827","Rowan","24","2970","William Paterson","14"
"401540139","2023","11","false","2029","Arkansas-Pine Bluff","14","2755","Grambling","43"
"401531437","2023","11","false","2567","SMU","45","249","North Texas","21"
"401532618","2023","11","false","2439","UNLV","34","2751","Wyoming","14"
"401545742","2023","11","false","2986","Fairmont State","20","341","Frostburg State","50"
"401549816","2023","11","false","2056","Belhaven","46","2913","Brevard College","19"
"401531344","2023","11","false","2655","Tulane","24","202","Tulsa","22"
"401540108","2023","11","false","2287","Illinois State","44","93","Murray State","7"
"401540453","2023","11","false","2754","Youngstown State","0","2571","South Dakota State","34"
"401550301","2023","11","false","121","Bates","7","348","Hamilton","21"
"401540010","2023","11","false","2771","Merrimack","35","2115","Central Connecticut","24"
"401540018","2023","11","false","2184","Duquesne","28","284","Stonehill","33"
"401552478","2023","11","false","114","Fitchburg State","0","2909","Westfield State","49"
"401550106","2023","11","false","323","Moravian","6","398","Wilkes","41"
"401550139","2023","11","false","379","UMass Dartmouth","41","2972","Plymouth State","7"
"401545790","2023","11","false","2038","Assumption","14","2583","Southern Connecticut State","20"
"401549587","2023","11","false","184","University of Rochester (NY)","23","174","Hobart College","27"
"401549710","2023","11","false","2842","UVA Wise","0","351","Wingate","27"
"401545874","2023","11","false","223","West Chester","34","2134","Clarion","7"
"401520392","2023","11","false","158","Nebraska","10","120","Maryland","13"
"401520386","2023","11","false","96","Kentucky","21","333","Alabama","49"
"401520383","2023","11","false","356","Illinois","48","84","Indiana","45"
"401539976","2023","11","false","2169","Delaware State","21","2450","Norfolk State","44"
"401558743","2023","11","false","2808","Delaware Valley","23","2725","Widener","6"
"401544198","2023","11","false","163","Princeton","28","43","Yale","36"
"401552022","2023","11","false","336","Wesleyan University (CT)","6","2977","Trinity (CT)","58"
"401541819","2023","11","false","2224","Findlay","7","2838","Tiffin","26"
"401545896","2023","11","false","2974","Shepherd","49","2385","Mercyhurst","25"
"401545890","2023","11","false","210","Millersville","10","611","Seton Hill","30"
"401550023","2023","11","false","2467","Norwich","0","2776","Salve Regina","38"
"401545766","2023","11","false","587","Notre Dame College","0","2017","Alderson-Broaddus","0"
"401546998","2023","11","true","2646","Thomas More College","44","437","Lake Erie","6"
"401540025","2023","11","true","2341","Long Island University","49","2681","Wagner","14"
"401531393","2023","11","false","58","South Florida","27","218","Temple","23"
"401541011","2023","11","false","2071","Bloomsburg","0","2291","Indiana-Pennsylvania","31"
"401540506","2023","11","false","2405","Monmouth","24","160","New Hampshire","31"
"401520396","2023","11","false","2579","South Carolina","47","238","Vanderbilt","6"
"401549614","2023","11","false","175","Ithaca College","28","2782","Cortland","38"
"401544068","2023","11","false","2221","FDU-Florham","3","2969","Misericordia","6"
"401549694","2023","11","false","389","Upper Iowa University","28","2825","Quincy","38"
"401547212","2023","11","false","452","Endicott College","41","111675","Biddeford","14"
"401550084","2023","11","false","40","Curry College","27","2702","Western New England","48"
"401550116","2023","11","false","2015","Albright","9","388","Lebanon Valley","47"
"401540477","2023","11","false","2523","Robert Morris","14","2127","Charleston Southern","12"
"401539985","2023","11","false","2569","South Carolina State","17","2415","Morgan State","20"
"401549793","2023","11","false","2256","Greensboro College","27","291","Methodist","21"
"401551923","2023","11","false","110438","Dean College","3","3162","Alfred State","55"
"401549579","2023","11","false","237","Union (NY)","13","2528","Rensselaer","7"
"401550055","2023","11","false","2781","Brockport","35","365","Alfred University","14"
"401550129","2023","11","false","110","Mass Maritime","6","18","Bridgewater State","48"
"401520381","2023","11","false","349","Army","17","107","Holy Cross","14"
"401520394","2023","11","false","213","Penn State","15","130","Michigan","24"
"401545881","2023","11","false","2315","Kutztown University","31","215","Slippery Rock","7"
"401525888","2023","11","false","2305","Kansas","13","2641","Texas Tech","16"
"401547203","2023","11","false","2884","Nichols College","31","2280","Husson","61"
"401545775","2023","11","false","2707","West Virginia State","20","2128","University Of Charleston (WV)","52"
"401541837","2023","11","false","2682","Walsh","24","2886","Northwood (MI)","31"
"401549729","2023","11","false","2557","Coast Guard","27","2383","Merchant Marine Academy","39"
"401552017","2023","11","false","7","Amherst","21","2731","Williams","14"
"401525548","2023","11","false","228","Clemson","42","59","Georgia Tech","21"
"401525547","2023","11","false","103","Boston College","22","259","Virginia Tech","48"
"401540076","2023","11","false","322","Lafayette","24","2230","Fordham","16"
"401540297","2023","11","false","171","Columbia","14","225","Brown","21"
"401552026","2023","11","false","2394","Middlebury","19","112","Tufts","10"
"401540421","2023","11","false","2261","Hampton","10","2729","William & Mary","31"
"401540084","2023","11","false","2142","Colgate","37","2329","Lehigh","21"
"401540305","2023","11","false","282","Indiana State","27","2710","Western Illinois","6"
"401550218","2023","11","false","2919","Monmouth (IL)","42","255","Knox College","7"
"401545770","2023","11","false","2699","West Liberty","31","112335","Wheeling","3"
"401549826","2023","11","false","216","Susquehanna","49","2354","Lycoming","10"
"401550260","2023","11","false","2171","Denison University","29","2980","Ohio Wesleyan","26"
"401544944","2023","11","false","2042","Augustana (IL)","17","3071","North Central College","61"
"401547027","2023","11","false","2369","Mars Hill","21","2444","Newberry","14"
"401549672","2023","11","false","262","Lake Forest College","14","80","Chicago","15"
"401550149","2023","11","false","2651","Trine University","42","126","Kalamazoo","29"
"401550348","2023","11","false","2828","Shenandoah","21","2688","Washington and Lee","40"
"401550354","2023","11","false","386","Trinity University TX","56","418","Hendrix College","7"
"401549681","2023","11","false","2524","Rockford","61","2151","Concordia University Chicago","41"
"401549704","2023","11","false","2441","New Haven","24","2060","Bentley","17"
"401550206","2023","11","false","268","Lawrence University","34","2891","Ripon","55"
"401550390","2023","11","false","2849","Westminster (PA)","35","2242","Geneva","14"
"401555476","2023","11","false","247","Kings College (PA)","50","111674","Reading","0"
"401540055","2023","11","false","2083","Bucknell","47","46","Georgetown","50"
"401540512","2023","11","false","2168","Dayton","35","2368","Marist","6"
"401541129","2023","11","false","2257","Greenville","64","509","Crown College","20"
"401540344","2023","11","false","108","Harvard","25","219","Pennsylvania","23"
"401544889","2023","11","false","2587","Southwest Minnesota State","28","2894","Sioux Falls","10"
"401553949","2023","11","false","81","Springfield","51","2951","SUNY Maritime","6"
"401553860","2023","11","false","471","Stevenson","26","127954","Eastern University","23"
"401553036","2023","11","false","2108","Catholic","34","246","Juniata College","20"
"401550397","2023","11","false","2686","Washington & Jefferson","33","2845","Waynesburg","28"
"401545834","2023","11","false","2364","Minnesota State Mankato","21","134","Minnesota Duluth","33"
"401550370","2023","11","false","2373","Maryville College (TN)","48","2896","Southern Virginia","10"
"401547113","2023","11","false","67","Luther","10","49","Dubuque","42"
"401540113","2023","11","false","2065","Bethune-Cookman","31","2010","Alabama A&M","14"
"401541825","2023","11","false","2273","Hillsdale","35","2477","Ohio Dominican","17"
"401541062","2023","11","false","173","Hartwick","13","3110","SUNY Morrisville","38"
"401540774","2023","11","false","125","Grand Valley State University","38","110254","Davenport","0"
"401540482","2023","11","false","2197","Eastern Illinois","30","2634","Tennessee State","17"
"401552996","2023","11","false","2234","Franklin & Marshall","35","2248","Gettysburg","10"
"401540568","2023","11","false","2674","Valparaiso","23","56","Stetson","20"
"401550315","2023","11","false","2047","Averett","38","366","Ferrum","10"
"401552546","2023","11","true","112334","Franklin Pierce","21","2022","American International","10"
"401540580","2023","11","false","222","Villanova","33","119","Towson","10"
"401540374","2023","11","false","233","South Dakota","14","155","North Dakota","10"
"401541042","2023","11","false","2105","Carson-Newman College","14","2107","Catawba","24"
"401549766","2023","11","false","2121","Centre College Kentucky","10","3","Birmingham-Southern","6"
"401552453","2023","11","false","2667","Ursinus","21","2175","Dickinson (PA)","10"
"401540577","2023","11","false","2619","Stony Brook","20","399","UAlbany","38"
"401550438","2023","11","false","2588","Southwestern University","24","2553","Sewanee","0"
"401520388","2023","11","false","2335","Liberty","38","295","Old Dominion","10"
"401544133","2023","11","false","2644","Thiel","0","146","Grove City College","31"
"401544124","2023","11","false","2062","Bethany (WV)","21","2614","Saint Vincent","29"
"401544076","2023","11","false","354","Olivet College","32","2003","Adrian","10"
"401545826","2023","11","false","3066","Concordia University St Paul","21","2844","Wayne State (NE)","56"
"401541119","2023","11","false","2516","Randolph-Macon","49","297","Hampden-Sydney","10"
"401541938","2023","11","false","2876","Lincoln (MO)","27","2118","Central Missouri","63"
"401541100","2023","11","false","2746","Wittenberg","52","2748","Wooster","24"
"401540318","2023","11","false","2097","Campbell","7","48","Delaware","45"
"401544916","2023","11","false","101784","ERSKINE","14","122666","Wilson","48"
"401540547","2023","11","false","227","Rhode Island","31","2448","North Carolina A&T","24"
"401552401","2023","11","false","2213","Emory & Henry College","29","2336","Limestone","47"
"401540405","2023","11","false","2413","Morehead State","47","2166","Davidson","17"
"401549627","2023","11","false","2085","Buffalo State","7","2779","St. Lawrence","30"
"401544086","2023","11","false","65","Grinnell","20","2155","Cornell College (IA)","51"
"401549658","2023","11","false","266","Beloit","7","2286","Illinois College","54"
"401550275","2023","11","false","352","Kenyon","38","391","Oberlin","10"
"401545758","2023","11","false","2249","Glenville State","41","455","West Virginia Wesleyan","3"
"401540793","2023","11","false","2392","Michigan Tech","21","129","Saginaw Valley State","38"
"401540596","2023","11","false","2717","Western Carolina","58","2193","East Tennessee State","7"
"401550144","2023","11","false","2790","Albion","14","2800","Alma","50"
"401544059","2023","11","false","390","Utica","14","374","St John Fisher University","0"
"401541800","2023","11","false","2222","Ferris State","63","131","Wayne State (MI)","19"
"401541022","2023","11","false","2559","Shippensburg","17","367","Gannon","10"
"401540801","2023","11","false","128","Northern Michigan","20","425","Northern State","44"
"401541032","2023","11","false","209","Lock Haven University","30","2205","Edinboro University","36"
"401541846","2023","11","true","110242","West Florida","52","2804","Chowan","6"
"401541863","2023","11","false","2560","Shorter","9","2695","West Alabama","28"
"401545841","2023","11","false","2817","Minnesota State Moorhead","35","559","University of Mary","7"
"401545868","2023","11","false","2188","East Stroudsburg University","37","2858","PennWest California","30"
"401541091","2023","11","false","89","Wabash College","30","83","Depauw","33"
"401550264","2023","11","false","191","Heidelberg","31","424","Capital","17"
"401550288","2023","11","false","359","Otterbein","22","2302","John Carroll University","37"
"401540603","2023","11","false","231","Furman","37","2678","VMI","3"
"401540332","2023","11","false","159","Dartmouth","30","172","Cornell","14"
"401550090","2023","11","false","2262","Hanover College","36","2233","Franklin","17"
"401544961","2023","11","false","86","Rose-Hulman","20","2419","Mount St. Joseph","68"
"401544114","2023","11","false","426","University of Mount Union","41","188","Baldwin Wallace","17"
"401544105","2023","11","false","317","Marietta","21","332","Muskingum University","20"
"401550078","2023","11","false","2362","Manchester","37","2023","Anderson (IN)","7"
"401541072","2023","11","false","190","Defiance College","35","2074","Bluffton","42"
"401545999","2023","11","false","2237","Fort Lewis","0","2146","Colorado School Of Mines","82"
"401550048","2023","11","false","75","North Park","26","396","Wheaton","42"
"401544143","2023","11","false","2757","Berry College","36","2519","Rhodes College","12"
"401541138","2023","11","false","271","Wisconsin-Oshkosh","38","2723","Wisconsin-River Falls","31"
"401540415","2023","11","false","257","Richmond","38","2210","Elon","24"
"401531408","2023","11","false","2429","Charlotte","38","235","Memphis","44"
"401541957","2023","11","false","2231","Fort Hays State","42","2214","Emporia State University","45"
"401540519","2023","11","false","2181","Drake","16","2506","Presbyterian","14"
"401541052","2023","11","false","2639","Texas Lutheran","29","2045","Austin","10"
"401547098","2023","11","false","2564","Simpson College (IA)","14","2964","Central College","69"
"401550067","2023","11","false","15","Anna Maria College","58","293","Castleton","23"
"401547147","2023","11","false","2758","Howard Payne","10","2371","Mary Hardin-Baylor","35"
"401547106","2023","11","false","2141","Coe College","54","263","Loras College","14"
"401549783","2023","11","false","2745","Wisconsin-Whitewater","59","2738","Wisconsin-Eau Claire","0"
"401545808","2023","11","false","2043","Augustana University (SD)","38","132","Bemidji State","19"
"401520385","2023","11","false","256","James Madison","44","41","UConn","6"
"401545988","2023","11","false","2123","Chadron St","27","613","South Dakota Mines","19"
"401547225","2023","11","false","306","Illinois Wesleyan","49","72","Elmhurst","13"
"401544953","2023","11","false","74","Millikin","15","2106","Carthage","24"
"401541767","2023","11","false","2888","Ouachita Baptist","27","2271","Henderson State","31"
"401540707","2023","11","false","2586","Southwest Baptist","3","2292","Indianapolis","41"
"401541922","2023","11","false","2703","Western New Mexico","25","2201","Eastern New Mexico","24"
"401541983","2023","11","false","2687","Washburn","45","196","Northeastern State","14"
"401541854","2023","11","false","2170","Delta State","41","2401","Mississippi College","3"
"401531915","2023","11","false","2433","UL Monroe","14","2653","Troy","45"
"401525551","2023","11","false","154","Wake Forest","6","152","NC State","26"
"401540716","2023","11","false","2816","McKendree","35","2911","William Jewell","14"
"401540736","2023","11","false","2402","Missouri S&T","14","2654","Truman State","24"
"401524052","2023","11","false","38","Colorado","31","12","Arizona","34"
"401550322","2023","11","false","2079","Bridgewater (VA)","47","2258","Guilford College","15"
"401531913","2023","11","false","2247","Georgia State","14","2026","App State","42"
"401550225","2023","11","false","2044","Aurora","23","409","Concordia-Wisconsin","0"
"401550239","2023","11","false","6353","Lakeland","35","101","Eureka College","34"
"401540621","2023","11","false","2643","The Citadel","3","2747","Wofford","11"
"401551508","2023","11","false","2194","East Texas Baptist University","27","2810","Hardin-Simmons","42"
"401550420","2023","11","false","2743","Wisconsin-Stevens Pt","7","2740","Wisconsin-Lacrosse","41"
"401550446","2023","11","false","2399","Minnesota Morris","42","583","Northwestern (MN)","39"
"401545851","2023","11","false","2851","Winona State","13","568","Minot State","7"
"401545994","2023","11","false","2424","New Mexico Highlands","24","11","Colorado Mesa","38"
"401547180","2023","11","false","241","McMurry","37","2834","Sul Ross State","23"
"401544997","2023","11","false","2733","Wilmington (OH)","14","427","Ohio Northern","38"
"401540989","2023","11","false","2395","Midwestern State","21","2658","Texas A&M-Kingsville","27"
"401549801","2023","11","false","2938","Huntingdon College (AL)","21","286","North Carolina Wesleyan","0"
"401547089","2023","11","false","63","Buena Vista","25","6845","Nebraska Wesleyan","20"
"401540428","2023","11","false","2815","Lindenwood","3","2803","Bryant","38"
"401540181","2023","11","false","2046","Austin Peay","30","3101","Utah Tech","17"
"401541978","2023","11","false","138","Northwest Missouri St","56","2438","Nebraska-Kearney","7"
"401540487","2023","11","false","2635","Tennessee Tech","0","2241","Gardner-Webb","35"
"401532615","2023","11","false","328","Utah State","41","2440","Nevada","24"
"401541948","2023","11","false","90","Pittsburg St","20","2122","Central Oklahoma","10"
"401550246","2023","11","false","2832","St. Norbert","24","2283","Benedictine University","0"
"401550424","2023","11","false","272","Wisconsin-Platteville","41","2744","Wisconsin-Stout","24"
"401544907","2023","11","false","2001","Adams State","24","2714","Western Colorado","45"
"401545981","2023","11","false","2570","CSU Pueblo","42","2069","Black Hills State","37"
"401540727","2023","11","false","2033","Arkansas Tech","0","2264","Harding University","56"
"401540784","2023","11","false","2568","Southern Arkansas","60","2028","Arkansas-Monticello","17"
"401540352","2023","11","false","2623","Missouri State","35","2460","Northern Iowa","16"
"401540277","2023","11","false","2464","Northern Arizona","28","2458","Northern Colorado","7"
"401540169","2023","11","false","2582","Southern","21","2504","Prairie View A&M","27"
"401541781","2023","11","false","200","Southern Nazarene","49","319","Oklahoma Baptist","21"
"401540433","2023","11","false","2916","Incarnate Word","1","2466","Northwestern State","0"
"401540610","2023","11","false","338","Kennesaw State","63","2355","Virginia University Of Lynchburg","3"
"401540502","2023","11","false","2630","UT Martin","41","2546","Southeast Missouri State","14"
"401525889","2023","11","false","2306","Kansas State","59","239","Baylor","25"
"401520387","2023","11","false","2348","Louisiana Tech","27","2534","Sam Houston","42"
"401541965","2023","11","false","2403","Missouri Southern State","47","137","Missouri Western","41"
"401541790","2023","11","false","199","Southeastern Oklahoma State","24","2191","East Central (OK)","14"
"401540242","2023","11","false","147","Montana State","57","331","Eastern Washington","14"
"401541911","2023","11","false","110243","UT Permian Basin","42","2120","Central Washington","14"
"401540122","2023","11","false","2400","Mississippi Valley State","3","2011","Alabama State","20"
"401540615","2023","11","false","2382","Mercer","28","2535","Samford","21"
"401540218","2023","11","false","2000","Abilene Christian","30","2627","Tarleton State","31"
"401540249","2023","11","false","2692","Weber State","31","70","Idaho","29"
"401520391","2023","11","false","142","Missouri","36","2633","Tennessee","7"
"401520398","2023","11","false","275","Wisconsin","10","77","Northwestern","24"
"401534857","2023","11","false","47","Howard","50","2428","North Carolina Central","20"
"401520395","2023","11","false","2509","Purdue","49","135","Minnesota","30"
"401525552","2023","11","true","183","Syracuse","28","221","Pittsburgh","13"
"401520399","2023","11","false","98","Western Kentucky","29","166","New Mexico State","38"
"401520390","2023","11","false","2393","Middle Tennessee","40","2229","Florida International","6"
"401525550","2023","11","false","52","Florida State","27","2390","Miami","20"
"401524056","2023","11","false","264","Washington","35","254","Utah","28"
"401520384","2023","11","false","2294","Iowa","22","164","Rutgers","0"
"401531384","2023","11","false","2426","Navy","31","5","UAB","6"
"401531912","2023","11","false","324","Coastal Carolina","31","326","Texas State","23"
"401525892","2023","11","false","2116","UCF","45","197","Oklahoma State","3"
"401540387","2023","11","false","2449","North Dakota State","34","79","Southern Illinois","10"
"401550880","2023","11","false","2930","Willamette","13","2333","Lewis & Clark College","63"
"401541774","2023","11","false","2823","Northwestern Oklahoma State","41","2927","Southwestern Oklahoma State","0"
"401544095","2023","11","false","203","Linfield College","24","2721","Whitworth","28"
"401540381","2023","11","false","2447","Nicholls","37","2320","Lamar","24"
"401541000","2023","11","false","2882","UNC Pembroke","68","2148","Concord University","21"
"401531416","2023","11","false","2226","Florida Atlantic","7","151","East Carolina","22"
"401552011","2023","11","false","2508","Puget Sound","7","2486","Pacific Lutheran","42"
"401540560","2023","11","false","301","San Diego","14","2900","St. Thomas (MN)","20"
"401524051","2023","11","false","25","California","42","265","Washington State","39"
"401547024","2023","11","false","2839","Greeneville","7","2331","Lenoir-Rhyne","48"
"401520380","2023","11","false","8","Arkansas","10","2","Auburn","48"
"401540436","2023","11","false","2837","East Texas A&M","14","2545","SE Louisiana","52"
"401540191","2023","11","false","2110","Central Arkansas","27","2198","Eastern Kentucky","24"
"401540211","2023","11","false","2617","Stephen F. Austin","17","253","Southern Utah","45"
"401549721","2023","11","false","33","Colby College","14","340","Bowdoin","35"
"401549775","2023","11","true","561","Mayville State","45","446","Martin Luther","20"
"401547194","2023","11","false","118","Johns Hopkins University","58","2700","McDaniel College","7"
"401540233","2023","11","false","16","Sacramento State","41","13","Cal Poly","30"
"401541810","2023","11","false","2316","Kentucky Wesleyan","23","308","Ashland","56"
"401531916","2023","11","false","6","South Alabama","21","2032","Arkansas State","14"
"401524054","2023","11","false","204","Oregon State","62","24","Stanford","17"
"401549742","2023","11","false","109","MIT","25","2749","Worcester Polytechnic Institute","21"
"401549637","2023","11","false","2818","Montclair State","14","2422","Muhlenberg","45"
"401540257","2023","11","false","304","Idaho State","14","302","UC Davis","21"
"401549649","2023","11","false","143","Washington University (St. Louis)","35","32","Carroll University (WI)","23"
"401531914","2023","11","false","276","Marshall","38","290","Georgia Southern","33"
"401525887","2023","11","false","248","Houston","14","2132","Cincinnati","24"
"401520382","2023","11","false","61","Georgia","52","145","Ole Miss","17"
"401532617","2023","11","false","36","Colorado State","22","21","San Diego State","19"
"401525890","2023","11","false","201","Oklahoma","59","277","West Virginia","20"
"401541897","2023","11","false","2025","Angelo State","31","2848","Western Oregon","13"
"401550379","2023","11","false","2102","Carnegie Mellon","31","2963","Case Western Reserve","21"
"401550495","2023","11","false","415","NEWBERG","45","205","Pacific (OR)","42"
"401541871","2023","11","false","2673","Valdosta State","58","2698","West Georgia","28"
"401520389","2023","11","false","99","LSU","52","57","Florida","35"
"401520397","2023","11","false","245","Texas A&M","51","344","Mississippi State","10"
"401520393","2023","11","false","194","Ohio State","38","127","Michigan State","3"
"401531400","2023","11","false","2636","UTSA","34","242","Rice","14"
"401525891","2023","11","false","2628","TCU","26","251","Texas","29"
"401540361","2023","11","false","2377","McNeese","24","2277","Houston Christian","35"
"401525549","2023","11","false","153","North Carolina","47","150","Duke","45"
"401524055","2023","11","false","26","UCLA","7","9","Arizona State","17"
"401540264","2023","11","false","2502","Portland State","10","149","Montana","34"
"401532616","2023","11","false","68","Boise State","42","167","New Mexico","14"
"401525886","2023","11","false","252","BYU","13","66","Iowa State","45"
"401524053","2023","11","false","2483","Oregon","36","30","USC","27"
"401532614","2023","11","false","23","San José State","42","278","Fresno State","18"
"401540154","2023","11","false","50","Florida A&M","28","124179","Lincoln (CA)","0"
"401532613","2023","11","false","62","Hawai'i","27","2005","Air Force","13"
"401552884","2023","11","false","402","Worcester St","","2967","Framingham State",""
"401540131","2023","11","false","2640","Texas Southern","44","2016","Alcorn State","10"
"401532445","2023","12","false","2199","Eastern Michigan","30","2006","Akron","27"
"401532444","2023","12","false","2459","Northern Illinois","24","2711","Western Michigan","0"
"401532443","2023","12","false","189","Bowling Green","31","2649","Toledo","32"
"401532447","2023","12","false","193","Miami (OH)","23","2084","Buffalo","10"
"401532446","2023","12","false","195","Ohio","34","2117","Central Michigan","20"
"401525553","2023","12","false","221","Pittsburgh","24","103","Boston College","16"
"401540114","2023","12","false","2010","Alabama A&M","30","2400","Mississippi Valley State","21"
"401540437","2023","12","false","2545","SE Louisiana","16","2447","Nicholls","21"
"401531401","2023","12","false","2636","UTSA","49","58","South Florida","21"
"401524057","2023","12","false","265","Washington State","56","38","Colorado","14"
"401520412","2023","12","false","344","Mississippi State","41","2572","Southern Miss","20"
"401540011","2023","12","false","2115","Central Connecticut","14","2598","St. Francis (PA)","49"
"401540077","2023","12","false","2329","Lehigh","21","322","Lafayette","49"
"401520403","2023","12","false","349","Army","28","324","Coastal Carolina","21"
"401520420","2023","12","false","245","Texas A&M","38","2000","Abilene Christian","10"
"401525558","2023","12","false","2390","Miami","31","97","Louisville","38"
"401525893","2023","12","false","252","BYU","24","201","Oklahoma","31"
"401531417","2023","12","false","2426","Navy","10","151","East Carolina","0"
"401540064","2023","12","false","107","Holy Cross","31","46","Georgetown","10"
"401531375","2023","12","false","2226","Florida Atlantic","8","2655","Tulane","24"
"401531431","2023","12","false","235","Memphis","34","2567","SMU","38"
"401520410","2023","12","false","120","Maryland","24","130","Michigan","31"
"401520414","2023","12","false","77","Northwestern","23","2509","Purdue","15"
"401540624","2023","12","false","2678","VMI","27","2717","Western Carolina","24"
"401520416","2023","12","false","145","Ole Miss","35","2433","UL Monroe","3"
"401520417","2023","12","false","213","Penn State","27","164","Rutgers","6"
"401520401","2023","12","false","333","Alabama","66","236","Chattanooga","10"
"401520405","2023","12","false","84","Indiana","21","127","Michigan State","24"
"401520421","2023","12","false","41","UConn","31","2529","Sacred Heart","3"
"401540483","2023","12","false","2523","Robert Morris","14","2197","Eastern Illinois","28"
"401540345","2023","12","false","43","Yale","23","108","Harvard","18"
"401540046","2023","12","false","2681","Wagner","48","126086","Post University","21"
"401540604","2023","12","false","2747","Wofford","19","231","Furman","13"
"401540019","2023","12","false","2771","Merrimack","14","2184","Duquesne","26"
"401540298","2023","12","false","225","Brown","13","159","Dartmouth","38"
"401540561","2023","12","false","56","Stetson","20","301","San Diego","47"
"401540520","2023","12","false","2086","Butler","9","2181","Drake","13"
"401540056","2023","12","false","2368","Marist","21","2083","Bucknell","38"
"401541635","2023","12","false","2142","Colgate","21","2230","Fordham","14"
"401540478","2023","12","false","2241","Gardner-Webb","34","2127","Charleston Southern","10"
"401540333","2023","12","false","172","Cornell","14","171","Columbia","29"
"401540416","2023","12","false","2210","Elon","51","2261","Hampton","14"
"401534858","2023","12","false","47","Howard","14","2415","Morgan State","7"
"401540329","2023","12","false","48","Delaware","7","222","Villanova","35"
"401540026","2023","12","false","284","Stonehill","40","2341","Long Island University","23"
"401540319","2023","12","false","2448","North Carolina A&T","14","2097","Campbell","28"
"401540507","2023","12","false","399","UAlbany","41","2405","Monmouth","0"
"401540597","2023","12","false","2193","East Tennessee State","35","2643","The Citadel","23"
"401540493","2023","12","false","160","New Hampshire","44","311","Maine","25"
"401540552","2023","12","false","2506","Presbyterian","31","2413","Morehead State","27"
"401540574","2023","12","false","2729","William & Mary","26","257","Richmond","27"
"401540572","2023","12","false","119","Towson","31","227","Rhode Island","30"
"401540543","2023","12","false","2535","Samford","27","2630","UT Martin","17"
"401552541","2023","12","false","219","Pennsylvania","24","163","Princeton","31"
"401540429","2023","12","false","2803","Bryant","45","2546","Southeast Missouri State","21"
"401520408","2023","12","false","2335","Liberty","49","113","Massachusetts","25"
"401531409","2023","12","false","2429","Charlotte","7","242","Rice","28"
"401540282","2023","12","false","2458","Northern Colorado","23","2502","Portland State","27"
"401532620","2023","12","false","2751","Wyoming","42","62","Hawai'i","9"
"401540265","2023","12","false","149","Montana","37","147","Montana State","7"
"401531918","2023","12","false","256","James Madison","23","2026","App State","26"
"401540368","2023","12","false","93","Murray State","17","2754","Youngstown State","34"
"401532448","2023","12","false","2050","Ball State","34","2309","Kent State","3"
"401520411","2023","12","false","2393","Middle Tennessee","34","2638","UTEP","30"
"401540462","2023","12","false","2900","St. Thomas (MN)","16","2674","Valparaiso","10"
"401540198","2023","12","false","2198","Eastern Kentucky","36","2617","Stephen F. Austin","24"
"401520407","2023","12","false","55","Jacksonville State","56","2348","Louisiana Tech","17"
"401539992","2023","12","false","2450","Norfolk State","17","2569","South Carolina State","44"
"401540109","2023","12","false","155","North Dakota","22","2287","Illinois State","21"
"401540182","2023","12","false","2046","Austin Peay","14","2110","Central Arkansas","12"
"401540306","2023","12","false","79","Southern Illinois","38","282","Indiana State","9"
"401540445","2023","12","false","2710","Western Illinois","6","233","South Dakota","48"
"401539977","2023","12","false","2428","North Carolina Central","55","2169","Delaware State","14"
"401524058","2023","12","false","12","Arizona","42","254","Utah","18"
"401525899","2023","12","false","277","West Virginia","42","2132","Cincinnati","21"
"401531385","2023","12","false","5","UAB","34","218","Temple","24"
"401540362","2023","12","false","2277","Houston Christian","24","2916","Incarnate Word","45"
"401532621","2023","12","false","36","Colorado State","30","2440","Nevada","20"
"401531919","2023","12","false","2032","Arkansas State","77","326","Texas State","31"
"401531345","2023","12","false","202","Tulsa","28","249","North Texas","35"
"401525555","2023","12","false","258","Virginia","30","150","Duke","27"
"401540140","2023","12","false","2640","Texas Southern","34","2029","Arkansas-Pine Bluff","35"
"401540353","2023","12","false","2571","South Dakota State","35","2623","Missouri State","17"
"401540123","2023","12","false","2504","Prairie View A&M","21","2011","Alabama State","14"
"401540434","2023","12","false","2466","Northwestern State","0","2837","East Texas A&M","1"
"401540132","2023","12","false","2296","Jackson State","24","2016","Alcorn State","28"
"401540537","2023","12","false","2634","Tennessee State","0","2635","Tennessee Tech","35"
"401540287","2023","12","false","302","UC Davis","31","16","Sacramento State","21"
"401540147","2023","12","true","50","Florida A&M","24","2065","Bethune-Cookman","7"
"401525554","2023","12","false","228","Clemson","31","153","North Carolina","20"
"401524062","2023","12","false","30","USC","20","26","UCLA","38"
"401520423","2023","12","false","98","Western Kentucky","28","2534","Sam Houston","23"
"401525897","2023","12","false","2628","TCU","42","239","Baylor","17"
"401525559","2023","12","false","259","Virginia Tech","28","152","NC State","35"
"401520419","2023","12","false","2633","Tennessee","10","61","Georgia","38"
"401532624","2023","12","false","2005","Air Force","27","2439","UNLV","31"
"401520406","2023","12","false","2294","Iowa","15","356","Illinois","13"
"401525442","2023","12","false","87","Notre Dame","45","154","Wake Forest","7"
"401531921","2023","12","false","2653","Troy","31","309","Louisiana","24"
"401524059","2023","12","false","9","Arizona State","13","2483","Oregon","49"
"401520404","2023","12","false","2","Auburn","10","166","New Mexico State","31"
"401525894","2023","12","false","248","Houston","30","197","Oklahoma State","43"
"401520415","2023","12","false","194","Ohio State","37","135","Minnesota","3"
"401540382","2023","12","false","2320","Lamar","52","2377","McNeese","27"
"401540243","2023","12","false","331","Eastern Washington","42","2464","Northern Arizona","49"
"401540388","2023","12","false","2460","Northern Iowa","27","2449","North Dakota State","48"
"401525898","2023","12","false","2641","Texas Tech","24","2116","UCF","23"
"401531920","2023","12","false","6","South Alabama","28","276","Marshall","0"
"401531917","2023","12","false","290","Georgia Southern","17","295","Old Dominion","20"
"401525556","2023","12","false","52","Florida State","58","2453","North Alabama","13"
"401524061","2023","12","false","24","Stanford","15","25","California","27"
"401525896","2023","12","false","2305","Kansas","27","2306","Kansas State","31"
"401540212","2023","12","false","3101","Utah Tech","16","253","Southern Utah","24"
"401532619","2023","12","false","328","Utah State","10","68","Boise State","45"
"401540406","2023","12","false","2166","Davidson","14","2168","Dayton","45"
"401540250","2023","12","false","70","Idaho","63","304","Idaho State","21"
"401520422","2023","12","false","275","Wisconsin","24","158","Nebraska","17"
"401520413","2023","12","false","142","Missouri","33","57","Florida","31"
"401520402","2023","12","false","8","Arkansas","44","2229","Florida International","20"
"401520418","2023","12","false","2579","South Carolina","17","96","Kentucky","14"
"401524060","2023","12","false","204","Oregon State","20","264","Washington","22"
"401525557","2023","12","false","59","Georgia Tech","31","183","Syracuse","22"
"401540234","2023","12","false","13","Cal Poly","21","2692","Weber State","48"
"401520409","2023","12","false","99","LSU","56","2247","Georgia State","14"
"401525895","2023","12","false","66","Iowa State","16","251","Texas","26"
"401532623","2023","12","false","23","San José State","24","21","San Diego State","13"
"401532622","2023","12","false","278","Fresno State","17","167","New Mexico","25"
"401532450","2023","13","false","2711","Western Michigan","10","189","Bowling Green","34"
"401532449","2023","13","false","2084","Buffalo","11","2199","Eastern Michigan","24"
"401540124","2023","13","false","2011","Alabama State","41","2657","Tuskegee","3"
"401520424","2023","13","false","344","Mississippi State","7","145","Ole Miss","17"
"401532451","2023","13","false","2117","Central Michigan","17","2649","Toledo","32"
"401520425","2023","13","false","158","Nebraska","10","2294","Iowa","13"
"401531394","2023","13","false","218","Temple","21","235","Memphis","45"
"401532452","2023","13","false","2006","Akron","14","195","Ohio","25"
"401525900","2023","13","false","201","Oklahoma","69","2628","TCU","45"
"401525560","2023","13","false","103","Boston College","20","2390","Miami","45"
"401531376","2023","13","false","2655","Tulane","29","2636","UTSA","16"
"401532629","2023","13","false","167","New Mexico","41","328","Utah State","44"
"401532625","2023","13","false","68","Boise State","27","2005","Air Force","19"
"401520426","2023","13","false","8","Arkansas","14","142","Missouri","48"
"401525901","2023","13","false","251","Texas","57","2641","Texas Tech","7"
"401520435","2023","13","true","127","Michigan State","0","213","Penn State","42"
"401524063","2023","13","false","2483","Oregon","31","204","Oregon State","7"
"401520432","2023","13","false","97","Louisville","31","96","Kentucky","38"
"401532453","2023","13","false","2309","Kent State","27","2459","Northern Illinois","37"
"401532454","2023","13","false","2050","Ball State","15","193","Miami (OH)","17"
"401525561","2023","13","false","150","Duke","30","221","Pittsburgh","19"
"401531435","2023","13","false","2567","SMU","59","2426","Navy","14"
"401525906","2023","13","false","2116","UCF","27","248","Houston","13"
"401520438","2023","13","false","2509","Purdue","35","84","Indiana","31"
"401520440","2023","13","false","2534","Sam Houston","23","2393","Middle Tennessee","20"
"401520433","2023","13","false","99","LSU","42","245","Texas A&M","30"
"401520443","2023","13","false","113","Massachusetts","18","41","UConn","31"
"401531927","2023","13","false","2572","Southern Miss","17","2653","Troy","35"
"401520434","2023","13","false","130","Michigan","30","194","Ohio State","24"
"401531421","2023","13","false","242","Rice","24","2226","Florida Atlantic","21"
"401531346","2023","13","false","151","East Carolina","27","202","Tulsa","29"
"401531925","2023","13","false","295","Old Dominion","25","2247","Georgia State","24"
"401525563","2023","13","false","183","Syracuse","35","154","Wake Forest","31"
"401540159","2023","13","true","2755","Grambling","22","2582","Southern","27"
"401531386","2023","13","false","249","North Texas","45","5","UAB","42"
"401531926","2023","13","false","309","Louisiana","52","2433","UL Monroe","21"
"401532628","2023","13","false","2439","UNLV","31","23","San José State","37"
"401520428","2023","13","false","2229","Florida International","28","98","Western Kentucky","41"
"401524067","2023","13","false","254","Utah","23","38","Colorado","17"
"401520444","2023","13","false","2638","UTEP","28","2335","Liberty","42"
"401524064","2023","13","false","9","Arizona State","23","12","Arizona","59"
"401520442","2023","13","false","2633","Tennessee","48","238","Vanderbilt","24"
"401520431","2023","13","false","356","Illinois","43","77","Northwestern","45"
"401531924","2023","13","false","276","Marshall","35","2032","Arkansas State","21"
"401525564","2023","13","false","258","Virginia","17","259","Virginia Tech","55"
"401531922","2023","13","false","2026","App State","55","290","Georgia Southern","27"
"401520439","2023","13","false","164","Rutgers","24","120","Maryland","42"
"401520427","2023","13","false","2","Auburn","24","333","Alabama","27"
"401520436","2023","13","false","135","Minnesota","14","275","Wisconsin","28"
"401525905","2023","13","false","197","Oklahoma State","40","252","BYU","34"
"401531923","2023","13","false","324","Coastal Carolina","14","256","James Madison","56"
"401524068","2023","13","false","264","Washington","24","265","Washington State","21"
"401520437","2023","13","false","166","New Mexico State","20","55","Jacksonville State","17"
"401520429","2023","13","false","57","Florida","15","52","Florida State","24"
"401531928","2023","13","false","326","Texas State","52","6","South Alabama","44"
"401524065","2023","13","false","24","Stanford","23","87","Notre Dame","56"
"401525902","2023","13","false","239","Baylor","31","277","West Virginia","34"
"401520430","2023","13","false","59","Georgia Tech","23","61","Georgia","31"
"401525903","2023","13","false","2132","Cincinnati","16","2305","Kansas","49"
"401531410","2023","13","false","58","South Florida","48","2429","Charlotte","14"
"401520441","2023","13","false","2579","South Carolina","7","228","Clemson","16"
"401525904","2023","13","false","2306","Kansas State","35","66","Iowa State","42"
"401525562","2023","13","false","152","NC State","39","153","North Carolina","20"
"401532630","2023","13","false","2440","Nevada","6","2751","Wyoming","42"
"401532627","2023","13","false","21","San Diego State","33","278","Fresno State","18"
"401524066","2023","13","false","26","UCLA","7","25","California","33"
"401532626","2023","13","false","62","Hawai'i","27","36","Colorado State","24"
"401539476","2023","14","false","2335","Liberty","49","166","New Mexico State","35"
"401539475","2023","14","true","264","Washington","34","2483","Oregon","31"
"401539479","2023","14","true","251","Texas","49","197","Oklahoma State","21"
"401539481","2023","14","true","2649","Toledo","14","193","Miami (OH)","23"
"401539482","2023","14","false","2439","UNLV","20","68","Boise State","44"
"401539477","2023","14","false","2655","Tulane","14","2567","SMU","26"
"401539483","2023","14","true","333","Alabama","27","61","Georgia","24"
"401539484","2023","14","false","2653","Troy","49","2026","App State","23"
"401539480","2023","14","true","2294","Iowa","0","130","Michigan","26"
"401539478","2023","14","true","52","Florida State","16","97","Louisville","6"
"401520445","2023","15","true","349","Army","17","2426","Navy","11"
"401618179","2023","1","false","2571","South Dakota State","59","399","UAlbany","0"
"401618101","2023","1","false","3071","North Central College","37","2782","Cortland","38"
"401551733","2023","1","true","195","Ohio","41","290","Georgia Southern","21"
"401551470","2023","1","true","50","Florida A&M","30","47","Howard","26"
"401618100","2023","1","true","2146","Colorado School Of Mines","7","2264","Harding University","38"
"401551751","2023","1","true","309","Louisiana","31","55","Jacksonville State","34"
"401551731","2023","1","true","2026","App State","13","193","Miami (OH)","9"
"401618099","2023","1","false","149","Montana","31","2449","North Dakota State","29"
"401551732","2023","1","true","278","Fresno State","37","166","New Mexico State","10"
"401551752","2023","1","true","68","Boise State","22","26","UCLA","35"
"401551753","2023","1","true","2641","Texas Tech","34","25","California","14"
"401551469","2023","1","true","295","Old Dominion","35","98","Western Kentucky","38"
"401551735","2023","1","true","276","Marshall","17","2636","UTSA","35"
"401551737","2023","1","true","183","Syracuse","0","58","South Florida","45"
"401551754","2023","1","true","2116","UCF","17","59","Georgia Tech","30"
"401551741","2023","1","true","2459","Northern Illinois","21","2032","Arkansas State","19"
"401551739","2023","1","true","150","Duke","17","2653","Troy","10"
"401551742","2023","1","true","2005","Air Force","31","256","James Madison","21"
"401551743","2023","1","true","328","Utah State","22","2247","Georgia State","45"
"401551755","2023","1","false","2199","Eastern Michigan","10","6","South Alabama","59"
"401551744","2023","1","true","77","Northwestern","14","254","Utah","7"
"401551746","2023","1","true","23","San José State","14","324","Coastal Carolina","24"
"401551756","2023","1","true","135","Minnesota","30","189","Bowling Green","24"
"401551748","2023","1","true","242","Rice","21","326","Texas State","45"
"401551757","2023","1","true","2439","UNLV","36","2305","Kansas","49"
"401551758","2023","1","true","2655","Tulane","20","259","Virginia Tech","41"
"401551761","2023","1","true","277","West Virginia","30","153","North Carolina","10"
"401581109","2023","1","true","30","USC","42","97","Louisville","28"
"401551749","2023","1","true","197","Oklahoma State","31","245","Texas A&M","23"
"401551750","2023","1","true","103","Boston College","23","2567","SMU","14"
"401551762","2023","1","true","2390","Miami","24","164","Rutgers","31"
"401551764","2023","1","true","2306","Kansas State","28","152","NC State","19"
"401551765","2023","1","true","201","Oklahoma","24","12","Arizona","38"
"401551766","2023","1","true","96","Kentucky","35","228","Clemson","38"
"401551798","2023","1","true","87","Notre Dame","40","204","Oregon State","8"
"401551767","2023","1","false","66","Iowa State","26","235","Memphis","36"
"401551768","2023","1","true","194","Ohio State","3","142","Missouri","14"
"401551769","2023","1","true","213","Penn State","25","145","Ole Miss","38"
"401551770","2023","1","true","120","Maryland","31","2","Auburn","13"
"401551773","2023","1","true","52","Florida State","3","61","Georgia","63"
"401554566","2023","1","true","2751","Wyoming","16","2649","Toledo","15"
"401551778","2023","1","true","99","LSU","35","275","Wisconsin","31"
"401551782","2023","1","true","2483","Oregon","45","2335","Liberty","6"
"401551780","2023","1","true","2633","Tennessee","35","2294","Iowa","0"
"401551786","2023","1","true","130","Michigan","27","333","Alabama","20"
"401551788","2023","1","true","264","Washington","37","251","Texas","31"
"401555031","2023","1","true","2571","South Dakota State","23","149","Montana","3"
"401551789","2023","1","true","130","Michigan","34","264","Washington","13"
"401612659","2023","11","false","402","Worcester St","6","2967","Framingham State","41"
"401612693","2023","11","false","490","Benedict College","47","2013","Albany State GA","10"
"401612662","2023","11","false","2152","Concordia Moorhead","21","2600","Saint John's (MN)","48"
"401612660","2023","11","false","124","Augsburg","25","2101","Carleton","41"
"401612661","2023","11","false","2802","Bethel (MN)","31","2968","Gustavus Adolphus","7"
"401612663","2023","11","false","162","Hamline University","7","133","St. Olaf","28"
"401612664","2023","11","false","2359","Macalester","40","375","St. Scholastica","20"
"401612665","2023","11","false","2220","Fayetteville State","10","2676","Virginia Union","21"
"401612976","2023","11","false","29","Redlands","6","17","Claremont-Mudd-Scripps College","21"
"401612978","2023","11","false","2318","La Verne","31","2094","California Lutheran University","24"
"401612977","2023","11","false","411","Chapman","41","2923","Pomona Pitzer","20"
"401613473","2023","12","false","2516","Randolph-Macon","28","3112","Christopher Newport","20"
"401613467","2023","12","false","426","University of Mount Union","56","3162","Alfred State","14"
"401613468","2023","12","false","2800","Alma","32","83","Depauw","17"
"401613469","2023","12","false","452","Endicott College","17","2782","Cortland","23"
"401613470","2023","12","false","216","Susquehanna","20","146","Grove City College","21"
"401613471","2023","12","false","118","Johns Hopkins University","62","2843","Western Connecticut St","20"
"401613472","2023","12","false","2808","Delaware Valley","16","237","Union (NY)","24"
"401613474","2023","12","false","81","Springfield","7","175","Ithaca College","21"
"401613461","2023","12","false","386","Trinity University TX","20","2810","Hardin-Simmons","6"
"401613462","2023","12","false","3071","North Central College","65","2056","Belhaven","0"
"401613465","2023","12","false","396","Wheaton","41","2419","Mount St. Joseph","34"
"401611308","2023","12","false","121","Bates","0","2731","Williams","43"
"401613463","2023","12","false","2685","Wartburg","49","2286","Illinois College","14"
"401611306","2023","12","false","33","Colby College","28","2394","Middlebury","35"
"401613459","2023","12","false","2740","Wisconsin-Lacrosse","62","2399","Minnesota Morris","7"
"401613502","2023","12","false","125","Grand Valley State University","21","2222","Ferris State","14"
"401613466","2023","12","false","2745","Wisconsin-Whitewater","42","2802","Bethel (MN)","14"
"401613460","2023","12","false","2044","Aurora","20","2141","Coe College","7"
"401613500","2023","12","false","2673","Valdosta State","62","2336","Limestone","41"
"401613478","2023","12","false","2331","Lenoir-Rhyne","63","2974","Shepherd","17"
"401613476","2023","12","false","2128","University Of Charleston (WV)","52","2441","New Haven","44"
"401613475","2023","12","false","215","Slippery Rock","45","2188","East Stroudsburg University","14"
"401611307","2023","12","false","340","Bowdoin","21","2977","Trinity (CT)","58"
"401613477","2023","12","false","2315","Kutztown University","38","2676","Virginia Union","14"
"401613499","2023","12","false","2170","Delta State","49","110242","West Florida","14"
"401613501","2023","12","false","2118","Central Missouri","56","2271","Henderson State","14"
"401613506","2023","12","false","110243","UT Permian Basin","3","132","Bemidji State","10"
"401613504","2023","12","false","2043","Augustana University (SD)","51","2364","Minnesota State Mankato","24"
"401613503","2023","12","false","90","Pittsburg St","35","2292","Indianapolis","14"
"401613464","2023","12","false","2721","Whitworth","42","411","Chapman","28"
"401613505","2023","12","false","2714","Western Colorado","13","2120","Central Washington","16"
"401614623","2023","13","false","118","Johns Hopkins University","39","237","Union (NY)","17"
"401614624","2023","13","false","2516","Randolph-Macon","46","175","Ithaca College","0"
"401614621","2023","13","false","426","University of Mount Union","20","2800","Alma","24"
"401614622","2023","13","false","2782","Cortland","25","146","Grove City College","24"
"401614559","2023","13","false","2838","Tiffin","35","215","Slippery Rock","45"
"401614563","2023","13","false","490","Benedict College","25","2331","Lenoir-Rhyne","35"
"401614619","2023","13","false","2685","Wartburg","42","2721","Whitworth","20"
"401614620","2023","13","false","2745","Wisconsin-Whitewater","49","396","Wheaton","42"
"401614603","2023","13","false","155","North Dakota","35","16","Sacramento State","42"
"401614560","2023","13","false","2128","University Of Charleston (WV)","31","2315","Kutztown University","32"
"401614562","2023","13","false","125","Grand Valley State University","24","90","Pittsburg St","21"
"401614617","2023","13","false","2740","Wisconsin-Lacrosse","56","2044","Aurora","35"
"401614618","2023","13","false","3071","North Central College","71","386","Trinity University TX","28"
"401614616","2023","13","false","48","Delaware","36","322","Lafayette","34"
"401614565","2023","13","false","132","Bemidji State","17","2120","Central Washington","21"
"401614601","2023","13","false","257","Richmond","49","2428","North Carolina Central","27"
"401614561","2023","13","false","2264","Harding University","35","2118","Central Missouri","34"
"401614566","2023","13","false","2146","Colorado School Of Mines","56","2043","Augustana University (SD)","10"
"401614564","2023","13","false","2170","Delta State","31","2673","Valdosta State","38"
"401614602","2023","13","false","79","Southern Illinois","35","2447","Nicholls","0"
"401614615","2023","13","false","2046","Austin Peay","21","236","Chattanooga","24"
"401614599","2023","13","false","2382","Mercer","17","2241","Gardner-Webb","7"
"401614604","2023","13","false","2449","North Dakota State","66","2181","Drake","3"
"401614600","2023","13","false","2754","Youngstown State","40","2184","Duquesne","7"
"401615822","2023","14","false","2800","Alma","41","2782","Cortland","58"
"401615860","2023","14","false","399","UAlbany","41","257","Richmond","13"
"401615820","2023","14","false","215","Slippery Rock","16","2315","Kutztown University","28"
"401615824","2023","14","false","118","Johns Hopkins University","36","2516","Randolph-Macon","39"
"401615939","2023","14","false","222","Villanova","45","2754","Youngstown State","28"
"401615848","2023","14","false","2331","Lenoir-Rhyne","35","2673","Valdosta State","7"
"401615901","2023","14","false","231","Furman","26","236","Chattanooga","7"
"401615823","2023","14","false","2685","Wartburg","31","2745","Wisconsin-Whitewater","28"
"401615821","2023","14","false","2740","Wisconsin-Lacrosse","42","3071","North Central College","55"
"401615849","2023","14","false","2146","Colorado School Of Mines","38","2120","Central Washington","14"
"401615819","2023","14","false","233","South Dakota","34","16","Sacramento State","24"
"401615899","2023","14","false","2571","South Dakota State","41","2382","Mercer","0"
"401615847","2023","14","false","2264","Harding University","7","125","Grand Valley State University","6"
"401615900","2023","14","false","147","Montana State","34","2449","North Dakota State","35"
"401539485","2023","14","false","50","Florida A&M","35","2504","Prairie View A&M","14"
"401615859","2023","14","false","149","Montana","49","48","Delaware","19"
"401615879","2023","14","false","70","Idaho","20","79","Southern Illinois","17"
"401617310","2023","15","false","149","Montana","35","231","Furman","28"
"401617307","2023","15","false","2571","South Dakota State","23","222","Villanova","12"
"401617199","2023","15","false","2782","Cortland","49","2516","Randolph-Macon","14"
"401617204","2023","15","false","2264","Harding University","55","2331","Lenoir-Rhyne","14"
"401617308","2023","15","false","233","South Dakota","17","2449","North Dakota State","45"
"401617200","2023","15","false","3071","North Central College","34","2685","Wartburg","27"
"401617205","2023","15","false","2146","Colorado School Of Mines","35","2315","Kutztown University","7"
"401617309","2023","15","false","70","Idaho","22","399","UAlbany","30"
