"Id","Season","Week","NeutralSite","HomeId","HomeTeam","HomePoints","AwayId","AwayTeam","AwayPoints"
"401693677","2024","1","true","124179","Lincoln (CA)","7","108382","College of Idaho","45"
"401635525","2024","1","true","59","Georgia Tech","24","52","Florida State","21"
"401654665","2024","1","false","2627","Tarleton State","26","2377","McNeese","23"
"401643697","2024","1","false","167","New Mexico","31","147","Montana State","35"
"401654662","2024","1","true","2546","Southeast Missouri State","37","2453","North Alabama","15"
"401636372","2024","1","true","2450","Norfolk State","23","50","Florida A&M","24"
"401643696","2024","1","false","2440","Nevada","24","2567","SMU","29"
"401643858","2024","1","false","62","Hawai'i","35","2169","Delaware State","14"
"401675545","2024","1","false","2834","Sul Ross State","21","2704","West Texas A&M","42"
"401673041","2024","1","false","2413","Morehead State","17","2119","Central State (OH)","10"
"401628458","2024","1","false","164","Rutgers","44","47","Howard","7"
"401628580","2024","1","false","222","Villanova","24","2754","Youngstown State","17"
"401673370","2024","1","false","2105","Carson-Newman College","50","2890","Reinhardt University","7"
"401674318","2024","1","false","128","Northern Michigan","7","134","Minnesota Duluth","35"
"401674307","2024","1","false","132","Bemidji State","19","2392","Michigan Tech","13"
"401674363","2024","1","false","2205","Edinboro University","12","2188","East Stroudsburg University","24"
"401674221","2024","1","false","568","Minot State","38","628","Valley City State","7"
"401675476","2024","1","false","2369","Mars Hill","16","2170","Delta State","47"
"401644727","2024","1","false","2084","Buffalo","30","322","Lafayette","13"
"401644730","2024","1","false","2117","Central Michigan","66","2115","Central Connecticut","10"
"401674184","2024","1","false","138","Northwest Missouri St","22","2364","Minnesota State Mankato","36"
"401674525","2024","1","false","2844","Wayne State (NE)","49","2402","Missouri S&T","17"
"401676074","2024","1","false","210","Millersville","7","2134","Clarion","36"
"401644729","2024","1","false","189","Bowling Green","41","2230","Fordham","17"
"401675822","2024","1","false","559","University of Mary","23","2939","Jamestown College","6"
"401628579","2024","1","false","48","Delaware","48","2803","Bryant","17"
"401674274","2024","1","false","2986","Fairmont State","56","611","Seton Hill","24"
"401636387","2024","1","false","2433","UL Monroe","30","2296","Jackson State","14"
"401628581","2024","1","false","154","Wake Forest","45","2448","North Carolina A&T","13"
"401674174","2024","1","false","196","Northeastern State","31","137","Missouri Western","33"
"401674305","2024","1","false","112335","Wheeling","25","2385","Mercyhurst","28"
"401628592","2024","1","false","2729","William & Mary","41","2678","VMI","7"
"401674295","2024","1","false","2699","West Liberty","21","2682","Walsh","41"
"401634143","2024","1","false","2382","Mercer","63","2506","Presbyterian","10"
"401628582","2024","1","false","2116","UCF","57","160","New Hampshire","3"
"401634152","2024","1","false","2241","Gardner-Webb","20","2747","Wofford","21"
"401634299","2024","1","false","152","NC State","38","2717","Western Carolina","21"
"401628320","2024","1","true","8","Arkansas","70","2029","Arkansas-Pine Bluff","0"
"401655664","2024","1","false","2181","Drake","0","2825","Quincy","0"
"401644728","2024","1","false","2649","Toledo","49","2184","Duquesne","10"
"401645317","2024","1","false","2655","Tulane","52","2545","SE Louisiana","0"
"401673282","2024","1","false","2123","Chadron St","6","2438","Nebraska-Kearney","18"
"401675538","2024","1","false","2395","Midwestern State","18","2403","Missouri Southern State","11"
"401640998","2024","1","false","55","Jacksonville State","27","324","Coastal Carolina","55"
"401645316","2024","1","false","5","UAB","41","2016","Alcorn State","3"
"401645318","2024","1","false","202","Tulsa","62","2466","Northwestern State","28"
"401673279","2024","1","false","2658","Texas A&M-Kingsville","13","11","Colorado Mesa","16"
"401673254","2024","1","false","613","South Dakota Mines","6","2570","CSU Pueblo","35"
"401636606","2024","1","true","2305","Kansas","48","2815","Lindenwood","3"
"401673257","2024","1","false","2424","New Mexico Highlands","37","2201","Eastern New Mexico","63"
"401674159","2024","1","false","2231","Fort Hays State","21","2025","Angelo State","7"
"401655860","2024","1","false","2900","St. Thomas (MN)","13","2894","Sioux Falls","34"
"401675114","2024","1","false","2617","Stephen F. Austin","77","123086","North American University","0"
"401628327","2024","1","false","142","Missouri","51","93","Murray State","0"
"401628448","2024","1","false","135","Minnesota","17","153","North Carolina","19"
"401654562","2024","1","false","233","South Dakota","45","425","Northern State","3"
"401674150","2024","1","false","2214","Emporia State University","30","2687","Washburn","14"
"401634206","2024","1","false","38","Colorado","31","2449","North Dakota State","26"
"401636607","2024","1","false","254","Utah","49","253","Southern Utah","0"
"401654845","2024","1","false","356","Illinois","45","2197","Eastern Illinois","0"
"401628583","2024","1","false","331","Eastern Washington","42","2405","Monmouth","27"
"401643698","2024","1","false","23","San José State","42","16","Sacramento State","24"
"401645319","2024","1","false","349","Army","42","2329","Lehigh","7"
"401628453","2024","1","false","127","Michigan State","16","2226","Florida Atlantic","10"
"401656600","2024","1","false","311","Maine","17","2142","Colgate","14"
"401628328","2024","1","false","201","Oklahoma","51","218","Temple","3"
"401628584","2024","1","false","150","Duke","26","2210","Elon","3"
"401628461","2024","1","false","275","Wisconsin","28","2711","Western Michigan","14"
"401634300","2024","1","false","24","Stanford","27","2628","TCU","34"
"401643703","2024","1","false","328","Utah State","36","2523","Robert Morris","14"
"401628333","2024","1","false","238","Vanderbilt","34","259","Virginia Tech","27"
"401645322","2024","1","false","2426","Navy","49","2083","Bucknell","21"
"401654646","2024","1","false","2168","Dayton","18","2598","St. Francis (PA)","10"
"401628323","2024","1","true","61","Georgia","34","228","Clemson","3"
"401628457","2024","1","false","277","West Virginia","12","213","Penn State","34"
"401628451","2024","1","false","120","Maryland","50","41","UConn","7"
"401628450","2024","1","false","2294","Iowa","40","2287","Illinois State","0"
"401634305","2024","1","false","221","Pittsburgh","55","2309","Kent State","24"
"401632062","2024","1","false","97","Louisville","62","2046","Austin Peay","0"
"401654657","2024","1","false","2681","Wagner","46","2355","Virginia University Of Lynchburg","7"
"401634169","2024","1","false","2509","Purdue","49","282","Indiana State","0"
"401654641","2024","1","false","46","Georgetown","46","2166","Davidson","24"
"401628330","2024","1","false","2633","Tennessee","69","236","Chattanooga","3"
"401676691","2024","1","false","2551","Shaw","17","2207","Elizabeth City State","13"
"401655657","2024","1","false","2086","Butler","40","389","Upper Iowa University","7"
"401675586","2024","1","false","2232","Fort Valley State","42","2805","Clark Atlanta","45"
"401674303","2024","1","true","126086","Post University","41","455","West Virginia Wesleyan","24"
"401673381","2024","1","false","2213","Emory & Henry College","38","2249","Glenville State","7"
"401677383","2024","1","false","124180","Bluefield State","3","2736","Winston-Salem","34"
"401634212","2024","1","false","197","Oklahoma State","44","2571","South Dakota State","20"
"401628591","2024","1","false","2132","Cincinnati","38","119","Towson","20"
"401658348","2024","1","false","101784","ERSKINE","52","111610","Laurinburg","0"
"401637159","2024","1","false","265","Washington State","70","2502","Portland State","30"
"401675404","2024","1","false","2310","Kentucky State","7","2676","Virginia Union","69"
"401675597","2024","1","false","60","Morehouse College","11","2206","Edward Waters","28"
"401628455","2024","1","false","194","Ohio State","52","2006","Akron","6"
"401628454","2024","1","false","158","Nebraska","40","2638","UTEP","7"
"401628449","2024","1","false","84","Indiana","31","2229","Florida International","7"
"401628322","2024","1","false","57","Florida","17","2390","Miami","41"
"401644731","2024","1","false","2459","Northern Illinois","54","2710","Western Illinois","15"
"401644683","2024","1","true","77","Northwestern","13","193","Miami (OH)","6"
"401643699","2024","1","false","2005","Air Force","21","2771","Merrimack","6"
"401629039","2024","1","false","113","Massachusetts","14","2199","Eastern Michigan","28"
"401634197","2024","1","false","66","Iowa State","21","155","North Dakota","3"
"401628331","2024","1","false","251","Texas","52","36","Colorado State","0"
"401641015","2024","1","false","2636","UTSA","28","338","Kennesaw State","16"
"401634133","2024","1","false","2026","App State","38","2193","East Tennessee State","10"
"401634304","2024","1","false","183","Syracuse","38","195","Ohio","22"
"401655628","2024","1","false","2464","Northern Arizona","66","124179","Lincoln (CA)","6"
"401673264","2024","1","false","2237","Fort Lewis","20","2911","William Jewell","35"
"401643700","2024","1","false","290","Georgia Southern","45","68","Boise State","56"
"401628329","2024","1","false","2579","South Carolina","23","295","Old Dominion","19"
"401643775","2024","1","false","6","South Alabama","38","249","North Texas","52"
"401628590","2024","1","false","276","Marshall","45","2619","Stony Brook","3"
"401654582","2024","1","false","2460","Northern Iowa","35","2674","Valparaiso","7"
"401634301","2024","1","false","25","California","31","302","UC Davis","13"
"401632063","2024","1","false","2698","West Georgia","38","2535","Samford","29"
"401628589","2024","1","false","258","Virginia","34","257","Richmond","13"
"401654510","2024","1","false","2261","Hampton","28","2415","Morgan State","30"
"401674289","2024","1","false","2882","UNC Pembroke","12","351","Wingate","17"
"401654584","2024","1","false","2634","Tennessee State","41","2400","Mississippi Valley State","21"
"401636373","2024","1","false","50","Florida A&M","22","2569","South Carolina State","18"
"401628586","2024","1","false","2335","Liberty","41","2097","Campbell","24"
"401673044","2024","1","false","56","Stetson","41","3178","Ave Maria University","3"
"401654844","2024","1","false","2127","Charleston Southern","21","2643","The Citadel","22"
"401645320","2024","1","false","151","East Carolina","42","2450","Norfolk State","3"
"401628326","2024","1","false","344","Mississippi State","56","2198","Eastern Kentucky","7"
"401654497","2024","1","false","2529","Sacred Heart","15","2169","Delaware State","17"
"401675804","2024","1","false","2940","Livingstone","7","2128","University Of Charleston (WV)","38"
"401643704","2024","1","false","204","Oregon State","38","304","Idaho State","15"
"401628319","2024","1","false","333","Alabama","63","98","Western Kentucky","0"
"401632064","2024","1","false","2032","Arkansas State","34","2110","Central Arkansas","31"
"401636363","2024","1","false","58","South Florida","48","2065","Bethune-Cookman","3"
"401636610","2024","1","false","239","Baylor","45","2627","Tarleton State","3"
"401636612","2024","1","false","2306","Kansas State","41","2630","UT Martin","6"
"401628588","2024","1","false","227","Rhode Island","20","107","Holy Cross","17"
"401643701","2024","1","false","2653","Troy","26","2440","Nevada","28"
"401628585","2024","1","false","399","UAlbany","27","2341","Long Island University","21"
"401675555","2024","1","false","110243","UT Permian Basin","41","2703","Western New Mexico","3"
"401675508","2024","1","false","2695","West Alabama","16","2396","Miles College","15"
"401641039","2024","1","false","242","Rice","14","2534","Sam Houston","34"
"401645321","2024","1","false","235","Memphis","40","2453","North Alabama","0"
"401628325","2024","1","false","145","Ole Miss","76","231","Furman","0"
"401636611","2024","1","false","248","Houston","7","2439","UNLV","27"
"401641023","2024","1","false","2393","Middle Tennessee","32","2635","Tennessee Tech","25"
"401638359","2024","1","false","2916","Incarnate Word","28","2458","Northern Colorado","7"
"401654565","2024","1","false","2504","Prairie View A&M","9","2640","Texas Southern","27"
"401675504","2024","1","false","2673","Valdosta State","42","2013","Albany State GA","10"
"401628452","2024","1","false","130","Michigan","30","278","Fresno State","10"
"401636613","2024","1","false","2641","Texas Tech","52","2000","Abilene Christian","51"
"401628459","2024","1","false","62","Hawai'i","13","26","UCLA","16"
"401628456","2024","1","false","2483","Oregon","24","70","Idaho","14"
"401628321","2024","1","false","2","Auburn","73","2010","Alabama A&M","3"
"401628332","2024","1","false","245","Texas A&M","13","87","Notre Dame","23"
"401628324","2024","1","false","96","Kentucky","31","2572","Southern Miss","0"
"401641007","2024","1","false","2348","Louisiana Tech","25","2447","Nicholls","17"
"401634302","2024","1","false","59","Georgia Tech","35","2247","Georgia State","12"
"401655621","2024","1","false","301","San Diego","27","13","Cal Poly","21"
"401643776","2024","1","false","326","Texas State","34","2320","Lamar","27"
"401643702","2024","1","false","21","San Diego State","45","2837","East Texas A&M","14"
"401674188","2024","1","false","90","Pittsburg St","19","2222","Ferris State","3"
"401643774","2024","1","false","2429","Charlotte","7","256","James Madison","30"
"401654557","2024","1","false","2377","McNeese","21","2582","Southern","7"
"401634240","2024","1","false","252","BYU","41","79","Southern Illinois","13"
"401634303","2024","1","false","2567","SMU","59","2277","Houston Christian","7"
"401636380","2024","1","false","309","Louisiana","40","2755","Grambling","10"
"401641032","2024","1","false","166","New Mexico State","23","2546","Southeast Missouri State","16"
"401634180","2024","1","false","149","Montana","29","2623","Missouri State","24"
"401632066","2024","1","false","3101","Utah Tech","7","147","Montana State","31"
"401636608","2024","1","false","12","Arizona","61","167","New Mexico","39"
"401636609","2024","1","false","9","Arizona State","48","2751","Wyoming","7"
"401628460","2024","1","false","264","Washington","35","2692","Weber State","3"
"401636343","2024","1","true","2011","Alabama State","24","2428","North Carolina Central","31"
"401675386","2024","1","true","330","Virginia St","23","490","Benedict College","7"
"401675113","2024","1","true","2304","Johnson C Smith","21","2657","Tuskegee","13"
"401628334","2024","1","true","99","LSU","20","30","USC","27"
"401634306","2024","1","false","52","Florida State","13","103","Boston College","28"
"401675497","2024","2","false","2560","Shorter","29","2401","Mississippi College","5"
"401674846","2024","2","false","2528","Rensselaer","0","2740","Wisconsin-Lacrosse","35"
"401674300","2024","2","false","122666","Wilson","24","2707","West Virginia State","27"
"401673249","2024","2","false","2392","Michigan Tech","52","613","South Dakota Mines","50"
"401674558","2024","2","false","125","Grand Valley State University","58","2119","Central State (OH)","0"
"401676075","2024","2","false","2134","Clarion","20","2339","Lincoln (PA)","9"
"401674338","2024","2","false","2071","Bloomsburg","35","2986","Fairmont State","7"
"401676748","2024","2","false","2583","Southern Connecticut State","0","2974","Shepherd","23"
"401674578","2024","2","false","2838","Tiffin","31","131","Wayne State (MI)","17"
"401674410","2024","2","false","2191","East Central (OK)","17","2271","Henderson State","41"
"401674870","2024","2","false","471","Stevenson","16","2827","Rowan","35"
"401673956","2024","2","false","2744","Wisconsin-Stout","16","32","Carroll University (WI)","28"
"401674296","2024","2","false","2699","West Liberty","13","2336","Limestone","48"
"401658358","2024","2","false","341","Frostburg State","23","210","Millersville","6"
"401674572","2024","2","false","2316","Kentucky Wesleyan","33","128","Northern Michigan","13"
"401674489","2024","2","false","199","Southeastern Oklahoma State","31","2568","Southern Arkansas","36"
"401675823","2024","2","false","559","University of Mary","13","2043","Augustana University (SD)","35"
"401675417","2024","2","false","308","Ashland","10","2291","Indiana-Pennsylvania","19"
"401674518","2024","2","true","110242","West Florida","38","2816","McKendree","6"
"401676744","2024","2","false","611","Seton Hill","14","2477","Ohio Dominican","21"
"401674400","2024","2","false","2028","Arkansas-Monticello","34","2823","Northwestern Oklahoma State","7"
"401675491","2024","2","false","2822","North Greenville","20","126110","Keiser University","23"
"401676109","2024","2","false","191","Heidelberg","38","2274","Hiram College","14"
"401674329","2024","2","false","2817","Minnesota State Moorhead","17","2844","Wayne State (NE)","44"
"401674364","2024","2","false","2487","Pace","6","2188","East Stroudsburg University","41"
"401674380","2024","2","false","367","Gannon","14","2886","Northwood (MI)","28"
"401677373","2024","2","false","2781","Brockport","27","2085","Buffalo State","0"
"401676094","2024","2","false","2315","Kutztown University","24","2038","Assumption","6"
"401674484","2024","2","false","2888","Ouachita Baptist","42","2927","Southwestern Oklahoma State","3"
"401658337","2024","2","false","2851","Winona State","14","129","Saginaw Valley State","38"
"401673275","2024","2","false","2146","Colorado School Of Mines","41","2704","West Texas A&M","13"
"401676065","2024","2","false","2398","Millsaps","23","2056","Belhaven","21"
"401673283","2024","2","false","2123","Chadron St","17","2939","Jamestown College","10"
"401674419","2024","2","false","2264","Harding University","59","200","Southern Nazarene","0"
"401674229","2024","2","false","2033","Arkansas Tech","44","319","Oklahoma Baptist","41"
"401674863","2024","2","false","2015","Albright","17","417","Gallaudet","6"
"401674669","2024","2","false","2175","Dickinson (PA)","21","2516","Randolph-Macon","47"
"401674703","2024","2","false","2776","Salve Regina","28","40","Curry College","10"
"401674815","2024","2","false","216","Susquehanna","41","2079","Bridgewater (VA)","7"
"401674858","2024","2","false","390","Utica","41","237","Union (NY)","26"
"401674895","2024","2","false","2951","SUNY Maritime","22","110","Mass Maritime","14"
"401674903","2024","2","false","402","Worcester St","9","2749","Worcester Polytechnic Institute","14"
"401678581","2024","2","false","2667","Ursinus","45","111674","Reading","14"
"401673437","2024","2","false","2234","Franklin & Marshall","30","388","Lebanon Valley","10"
"401682350","2024","2","false","2909","Westfield State","13","15","Anna Maria College","41"
"401673428","2024","2","false","2221","FDU-Florham","37","2970","William Paterson","9"
"401674601","2024","2","false","49","Dubuque","21","2044","Aurora","33"
"401674746","2024","2","false","174","Hobart College","10","365","Alfred University","7"
"401628463","2024","2","false","84","Indiana","77","2710","Western Illinois","3"
"401676658","2024","2","false","2700","McDaniel College","7","2108","Catholic","3"
"401634765","2024","2","false","2567","SMU","15","252","BYU","18"
"401676760","2024","2","false","81","Springfield","38","2702","Western New England","32"
"401676043","2024","2","false","2194","East Texas Baptist University","57","548","Lagrange College","12"
"401635533","2024","2","true","77","Northwestern","20","150","Duke","26"
"401674940","2024","2","false","124","Augsburg","14","628","Valley City State","24"
"401693678","2024","2","true","124179","Lincoln (CA)","7","2584","Southern Oregon","46"
"401674636","2024","2","false","2758","Howard Payne","6","2810","Hardin-Simmons","38"
"401675771","2024","2","true","129469","Anderson (Sc)","51","111610","Laurinburg","14"
"401674256","2024","2","false","2128","University Of Charleston (WV)","23","2858","PennWest California","19"
"401628347","2024","2","false","130","Michigan","12","251","Texas","31"
"401643784","2024","2","false","235","Memphis","38","2653","Troy","17"
"401628596","2024","2","false","2405","Monmouth","35","322","Lafayette","40"
"401654642","2024","2","false","2368","Marist","10","46","Georgetown","31"
"401636999","2024","2","false","41","UConn","63","2771","Merrimack","17"
"401635534","2024","2","false","183","Syracuse","31","59","Georgia Tech","28"
"401628466","2024","2","false","135","Minnesota","48","227","Rhode Island","0"
"401674626","2024","2","false","126","Kalamazoo","26","2045","Austin","20"
"401674679","2024","2","false","246","Juniata College","41","2248","Gettysburg","61"
"401636616","2024","2","false","2655","Tulane","27","2306","Kansas State","34"
"401628470","2024","2","false","213","Penn State","34","189","Bowling Green","27"
"401676661","2024","2","false","2969","Misericordia","24","122774","Keystone","14"
"401675458","2024","2","true","2646","Thomas More College","17","110254","Davenport","24"
"401628471","2024","2","false","164","Rutgers","49","2006","Akron","17"
"401674924","2024","2","false","2800","Alma","35","2723","Wisconsin-River Falls","41"
"401645323","2024","2","false","2226","Florida Atlantic","7","349","Army","24"
"401654616","2024","2","false","2329","Lehigh","49","2681","Wagner","13"
"401675285","2024","2","false","188","Baldwin Wallace","24","2746","Wittenberg","14"
"401676250","2024","2","true","127954","Eastern University","12","2442","College Of New Jersey","34"
"401673399","2024","2","false","3162","Alfred State","13","2023","Anderson (IN)","0"
"401674840","2024","2","false","354","Olivet College","21","184","University of Rochester (NY)","28"
"401654538","2024","2","false","2643","The Citadel","20","2569","South Carolina State","23"
"401628336","2024","2","false","197","Oklahoma State","39","8","Arkansas","31"
"401674876","2024","2","false","2467","Norwich","12","293","Castleton","14"
"401674808","2024","2","false","2354","Lycoming","48","2725","Widener","12"
"401674853","2024","2","false","2779","St. Lawrence","13","452","Endicott College","44"
"401635538","2024","2","false","2132","Cincinnati","27","221","Pittsburgh","28"
"401676752","2024","2","false","2022","American International","28","2559","Shippensburg","3"
"401676053","2024","2","false","2256","Greensboro College","0","2258","Guilford College","14"
"401676776","2024","2","false","223","West Chester","17","2060","Bentley","20"
"401674886","2024","2","false","110438","Dean College","0","114","Fitchburg State","12"
"401628348","2024","2","false","245","Texas A&M","52","2377","McNeese","10"
"401676722","2024","2","false","215","Slippery Rock","22","2441","New Haven","7"
"401674609","2024","2","false","2812","Hope College","49","263","Loras College","0"
"401673408","2024","2","false","323","Moravian","7","2422","Muhlenberg","33"
"401677399","2024","2","true","274","Maine Maritime","6","173","Hartwick","62"
"401674282","2024","2","false","2249","Glenville State","9","209","Lock Haven University","31"
"401676354","2024","2","false","366","Ferrum","6","426","University of Mount Union","55"
"401676432","2024","2","false","2845","Waynesburg","7","2963","Case Western Reserve","41"
"401676244","2024","2","false","2532","Salisbury","48","2688","Washington and Lee","26"
"401677458","2024","2","true","2985","Concordia-Michigan","34","190","Defiance College","10"
"401676651","2024","2","false","2686","Washington & Jefferson","59","2614","Saint Vincent","6"
"401676348","2024","2","false","374","St John Fisher University","0","317","Marietta","55"
"401676359","2024","2","false","2419","Mount St. Joseph","35","332","Muskingum University","42"
"401676633","2024","2","false","2644","Thiel","0","2102","Carnegie Mellon","58"
"401676770","2024","2","false","2557","Coast Guard","30","111675","Biddeford","24"
"401675376","2024","2","false","2331","Lenoir-Rhyne","32","2075","Bowie State","19"
"401654632","2024","2","false","2529","Sacred Heart","10","2830","St. Anselm","3"
"401673973","2024","2","false","2003","Adrian","55","72","Elmhurst","20"
"401675293","2024","2","false","89","Wabash College","31","2832","St. Norbert","0"
"401674538","2024","2","false","2654","Truman State","21","2224","Findlay","37"
"401674939","2024","2","false","2651","Trine University","6","3112","Christopher Newport","42"
"401676618","2024","2","false","2062","Bethany (WV)","14","2018","Allegheny","20"
"401676644","2024","2","false","146","Grove City College","41","2242","Geneva","0"
"401674917","2024","2","false","2790","Albion","31","2743","Wisconsin-Stevens Pt","23"
"401673418","2024","2","false","297","Hampden-Sydney","21","2808","Delaware Valley","41"
"401674796","2024","2","false","83","Depauw","57","86","Rose-Hulman","14"
"401674763","2024","2","false","352","Kenyon","13","2074","Bluffton","6"
"401674755","2024","2","true","125974","Hilbert College","0","2782","Cortland","76"
"401674688","2024","2","false","175","Ithaca College","23","118","Johns Hopkins University","27"
"401674711","2024","2","false","2280","Husson","56","2967","Framingham State","14"
"401676023","2024","2","false","2373","Maryville College (TN)","23","2553","Sewanee","9"
"401628594","2024","2","false","2717","Western Carolina","16","2097","Campbell","24"
"401674265","2024","2","false","2148","Concord University","13","124180","Bluefield State","22"
"401676206","2024","2","true","129738","Calvin University","50","391","Oberlin","6"
"401676236","2024","2","false","3110","SUNY Morrisville","7","2871","Kean","0"
"401675467","2024","2","false","2207","Elizabeth City State","12","2804","Chowan","9"
"401675594","2024","2","true","125762","Florida Memorial University","31","2206","Edward Waters","21"
"401675936","2024","2","false","2745","Wisconsin-Whitewater","34","2302","John Carroll University","7"
"401676189","2024","2","false","2383","Merchant Marine Academy","44","2843","Western Connecticut St","27"
"401675996","2024","2","false","3111","Apprentice School","44","2896","Southern Virginia","9"
"401676015","2024","2","false","291","Methodist","14","2828","Shenandoah","33"
"401654649","2024","2","false","2678","VMI","28","2083","Bucknell","35"
"401674773","2024","2","false","427","Ohio Northern","45","2233","Franklin","7"
"401674782","2024","2","false","2262","Hanover College","12","2121","Centre College Kentucky","27"
"401675976","2024","2","false","272","Wisconsin-Platteville","65","6353","Lakeland","0"
"401675013","2024","2","false","262","Lake Forest College","21","2741","Wisconsin-Lutheran","7"
"401675036","2024","2","false","2141","Coe College","55","2155","Cornell College (IA)","10"
"401674971","2024","2","false","2968","Gustavus Adolphus","7","2721","Whitworth","40"
"401676036","2024","2","false","2257","Greenville","54","2151","Concordia University Chicago","23"
"401673445","2024","2","false","74","Millikin","21","2286","Illinois College","46"
"401673965","2024","2","false","2600","Saint John's (MN)","49","2106","Carthage","0"
"401674508","2024","2","false","2825","Quincy","46","2876","Lincoln (MO)","5"
"401674582","2024","2","false","63","Buena Vista","7","2283","Benedictine University","34"
"401674998","2024","2","false","65","Grinnell","28","101161","LYONCOLL","48"
"401674964","2024","2","false","2152","Concordia Moorhead","10","2738","Wisconsin-Eau Claire","21"
"401674592","2024","2","false","2964","Central College","49","306","Illinois Wesleyan","14"
"401634245","2024","2","false","2754","Youngstown State","59","2674","Valparaiso","25"
"401675019","2024","2","false","446","Martin Luther","35","268","Lawrence University","7"
"401675006","2024","2","false","255","Knox College","7","101","Eureka College","6"
"401674151","2024","2","false","2214","Emporia State University","17","2025","Angelo State","12"
"401674745","2024","2","false","271","Wisconsin-Oshkosh","21","396","Wheaton","14"
"401674652","2024","2","true","2064","Bethel University Tennessee","20","2371","Mary Hardin-Baylor","10"
"401628598","2024","2","false","107","Holy Cross","20","160","New Hampshire","21"
"401675276","2024","2","false","2748","Wooster","56","2733","Wilmington (OH)","13"
"401674991","2024","2","false","266","Beloit","17","2524","Rockford","43"
"401674789","2024","2","false","433","Westminster College (MO)","23","2362","Manchester","3"
"401634181","2024","2","false","2050","Ball State","42","2623","Missouri State","34"
"401674109","2024","2","false","2118","Central Missouri","63","196","Northeastern State","21"
"401675570","2024","2","false","2805","Clark Atlanta","26","2019","Allen","22"
"401628339","2024","2","false","61","Georgia","48","2635","Tennessee Tech","3"
"401654583","2024","2","false","2900","St. Thomas (MN)","10","2460","Northern Iowa","17"
"401644732","2024","2","false","2309","Kent State","17","2598","St. Francis (PA)","23"
"401676327","2024","2","false","2930","Willamette","27","2318","La Verne","24"
"401675798","2024","2","false","60","Morehouse College","13","2304","Johnson C Smith","37"
"401634144","2024","2","false","2065","Bethune-Cookman","2","2382","Mercer","31"
"401673151","2024","2","false","2069","Black Hills State","24","2586","Southwest Baptist","14"
"401632071","2024","2","false","2439","UNLV","72","3101","Utah Tech","14"
"401635535","2024","2","false","97","Louisville","49","55","Jacksonville State","14"
"401645324","2024","2","false","2426","Navy","38","218","Temple","11"
"401628599","2024","2","false","257","Richmond","19","2747","Wofford","26"
"401635537","2024","2","false","153","North Carolina","38","2429","Charlotte","20"
"401628465","2024","2","false","120","Maryland","24","127","Michigan State","27"
"401636618","2024","2","false","254","Utah","23","239","Baylor","12"
"401643710","2024","2","false","2751","Wyoming","13","70","Idaho","17"
"401628464","2024","2","false","2294","Iowa","19","66","Iowa State","20"
"401628977","2024","2","false","87","Notre Dame","14","2459","Northern Illinois","16"
"401628340","2024","2","false","96","Kentucky","6","2579","South Carolina","31"
"401634207","2024","2","false","2449","North Dakota State","52","2634","Tennessee State","3"
"401628473","2024","2","false","264","Washington","30","2199","Eastern Michigan","9"
"401628337","2024","2","false","2","Auburn","14","25","California","21"
"401629040","2024","2","false","2649","Toledo","38","113","Massachusetts","23"
"401635531","2024","2","false","103","Boston College","56","2184","Duquesne","0"
"401628600","2024","2","false","2619","Stony Brook","37","284","Stonehill","10"
"401628474","2024","2","false","275","Wisconsin","27","233","South Dakota","13"
"401674956","2024","2","false","2923","Pomona Pitzer","28","2101","Carleton","12"
"401673043","2024","2","false","301","San Diego","26","2120","Central Washington","7"
"401643783","2024","2","false","326","Texas State","49","2636","UTSA","10"
"401682375","2024","2","false","2333","Lewis & Clark College","59","2508","Puget Sound","21"
"401628604","2024","2","false","2803","Bryant","21","112334","Franklin Pierce","17"
"401675932","2024","2","false","17","Claremont-Mudd-Scripps College","24","80","Chicago","0"
"401676088","2024","2","false","203","Linfield College","31","2171","Denison University","7"
"401676755","2024","2","false","379","UMass Dartmouth","64","2884","Nichols College","24"
"401654549","2024","2","false","2450","Norfolk State","28","330","Virginia St","23"
"401628342","2024","2","false","145","Ole Miss","52","2393","Middle Tennessee","3"
"401635540","2024","2","false","259","Virginia Tech","31","276","Marshall","14"
"401675970","2024","2","false","18","Bridgewater State","17","109","MIT","37"
"401634134","2024","2","false","2193","East Tennessee State","61","2842","UVA Wise","0"
"401674290","2024","2","false","2220","Fayetteville State","35","2882","UNC Pembroke","31"
"401640979","2024","2","true","2229","Florida International","52","2117","Central Michigan","16"
"401654605","2024","2","false","2523","Robert Morris","21","2205","Edinboro University","23"
"401674222","2024","2","false","2587","Southwest Minnesota State","9","568","Minot State","42"
"401643781","2024","2","false","195","Ohio","27","6","South Alabama","20"
"401643778","2024","2","false","295","Old Dominion","14","151","East Carolina","20"
"401628605","2024","2","false","2261","Hampton","33","2676","Virginia Union","21"
"401628595","2024","2","false","2428","North Carolina Central","19","2210","Elon","41"
"401674549","2024","2","false","2222","Ferris State","56","437","Lake Erie","3"
"401674498","2024","2","false","2273","Hillsdale","16","2292","Indianapolis","42"
"401636344","2024","2","false","2011","Alabama State","24","2396","Miles College","3"
"401628602","2024","2","false","2142","Colgate","3","222","Villanova","28"
"401655624","2024","2","false","304","Idaho State","50","2848","Western Oregon","10"
"401674820","2024","2","false","247","Kings College (PA)","28","398","Wilkes","43"
"401654573","2024","2","false","2115","Central Connecticut","33","2230","Fordham","3"
"401673042","2024","2","false","2413","Morehead State","48","3077","Kentucky Christian","7"
"401628601","2024","2","false","119","Towson","14","2415","Morgan State","9"
"401676144","2024","2","false","2980","Ohio Wesleyan","26","359","Otterbein","7"
"401628593","2024","2","false","277","West Virginia","49","399","UAlbany","14"
"401654677","2024","2","false","231","Furman","20","2127","Charleston Southern","24"
"401676006","2024","2","false","2047","Averett","41","286","North Carolina Wesleyan","29"
"401675805","2024","2","false","2940","Livingstone","37","2355","Virginia University Of Lynchburg","9"
"401643777","2024","2","false","256","James Madison","13","2241","Gardner-Webb","6"
"401675561","2024","2","false","2013","Albany State GA","40","2551","Shaw","43"
"401673045","2024","2","false","56","Stetson","35","2683","Warner University","0"
"401635536","2024","2","false","2390","Miami","56","50","Florida A&M","9"
"401636617","2024","2","false","2116","UCF","45","2534","Sam Houston","14"
"401643779","2024","2","false","2032","Arkansas State","28","202","Tulsa","24"
"401628335","2024","2","false","333","Alabama","42","58","South Florida","16"
"401641016","2024","2","false","338","Kennesaw State","10","309","Louisiana","34"
"401673946","2024","2","false","2042","Augustana (IL)","30","2564","Simpson College (IA)","13"
"401675509","2024","2","false","2695","West Alabama","45","2839","Greeneville","9"
"401634198","2024","2","false","155","North Dakota","27","149","Montana","24"
"401655660","2024","2","false","2166","Davidson","49","2107","Catawba","14"
"401634190","2024","2","false","93","Murray State","17","2086","Butler","19"
"401643780","2024","2","false","2433","UL Monroe","32","5","UAB","6"
"401643705","2024","2","false","2005","Air Force","7","23","San José State","17"
"401654585","2024","2","false","2320","Lamar","28","2400","Mississippi Valley State","14"
"401632070","2024","2","false","2046","Austin Peay","17","79","Southern Illinois","31"
"401633979","2024","2","false","2546","Southeast Missouri State","45","2630","UT Martin","42"
"401643782","2024","2","false","2572","Southern Miss","35","2545","SE Louisiana","10"
"401674977","2024","2","false","509","Crown College","14","162","Hamline University","35"
"401676048","2024","2","false","2938","Huntingdon College (AL)","7","2757","Berry College","43"
"401674982","2024","2","false","2399","Minnesota Morris","17","2359","Macalester","16"
"401674308","2024","2","false","2364","Minnesota State Mankato","31","132","Bemidji State","29"
"401634213","2024","2","false","2571","South Dakota State","45","2916","Incarnate Word","24"
"401634170","2024","2","false","2197","Eastern Illinois","27","282","Indiana State","20"
"401675816","2024","2","false","425","Northern State","10","2894","Sioux Falls","34"
"401628606","2024","2","false","2448","North Carolina A&T","27","2736","Winston-Salem","20"
"401634158","2024","2","false","2453","North Alabama","17","2287","Illinois State","24"
"401655665","2024","2","false","101784","ERSKINE","14","2506","Presbyterian","31"
"401632069","2024","2","false","2815","Lindenwood","13","2110","Central Arkansas","34"
"401654569","2024","2","false","2466","Northwestern State","31","2504","Prairie View A&M","37"
"401636381","2024","2","false","2755","Grambling","37","2657","Tuskegee","20"
"401655623","2024","2","false","331","Eastern Washington","32","2181","Drake","35"
"401643706","2024","2","false","36","Colorado State","38","2458","Northern Colorado","17"
"401635639","2024","2","false","154","Wake Forest","30","258","Virginia","31"
"401635539","2024","2","false","24","Stanford","41","13","Cal Poly","7"
"401674306","2024","2","false","2682","Walsh","10","112335","Wheeling","14"
"401674740","2024","2","false","75","North Park","42","2891","Ripon","41"
"401674543","2024","2","false","389","Upper Iowa University","33","3066","Concordia University St Paul","7"
"401674663","2024","2","false","386","Trinity University TX","20","2639","Texas Lutheran","35"
"401674526","2024","2","false","2170","Delta State","55","2402","Missouri S&T","18"
"401675505","2024","2","false","2444","Newberry","14","2673","Valdosta State","27"
"401628344","2024","2","false","142","Missouri","38","2084","Buffalo","0"
"401643708","2024","2","false","2440","Nevada","17","290","Georgia Southern","20"
"401656598","2024","2","false","47","Howard","32","2385","Mercyhurst","31"
"401654558","2024","2","false","2582","Southern","42","2542","Savannah St","10"
"401628603","2024","2","false","324","Coastal Carolina","40","2729","William & Mary","21"
"401645326","2024","2","false","242","Rice","69","2640","Texas Southern","7"
"401632068","2024","2","false","98","Western Kentucky","31","2198","Eastern Kentucky","0"
"401632459","2024","2","false","2247","Georgia State","24","236","Chattanooga","21"
"401636388","2024","2","false","2296","Jackson State","58","2323","Lane College","7"
"401628338","2024","2","false","57","Florida","45","2535","Samford","7"
"401628462","2024","2","false","356","Illinois","23","2305","Kansas","17"
"401634250","2024","2","false","2010","Alabama A&M","49","2310","Kentucky State","7"
"401654664","2024","2","false","2277","Houston Christian","18","2627","Tarleton State","35"
"401628468","2024","2","false","194","Ohio State","56","2711","Western Michigan","0"
"401628467","2024","2","false","158","Nebraska","28","38","Colorado","10"
"401645325","2024","2","false","249","North Texas","35","2617","Stephen F. Austin","20"
"401628349","2024","2","false","238","Vanderbilt","55","2016","Alcorn State","0"
"401628346","2024","2","true","152","NC State","10","2633","Tennessee","51"
"401628341","2024","2","false","99","LSU","44","2447","Nicholls","21"
"401628345","2024","2","false","201","Oklahoma","16","248","Houston","12"
"401674743","2024","2","false","2519","Rhodes College","20","143","Washington University (St. Louis)","44"
"401635532","2024","2","false","228","Clemson","66","2026","App State","20"
"401674988","2024","2","false","583","Northwestern (MN)","21","133","St. Olaf","39"
"401675530","2024","2","false","2201","Eastern New Mexico","36","2834","Sul Ross State","17"
"401676204","2024","2","true","101442","CENTENARY","20","418","Hendrix College","43"
"401636615","2024","2","false","2628","TCU","45","2341","Long Island University","0"
"401674656","2024","2","false","2588","Southwestern University","24","241","McMurry","20"
"401674622","2024","2","false","2919","Monmouth (IL)","24","2685","Wartburg","38"
"401673240","2024","2","false","2714","Western Colorado","38","2395","Midwestern State","33"
"401636354","2024","2","false","2029","Arkansas-Pine Bluff","73","124386","Little Rock","0"
"401674616","2024","2","true","6845","Nebraska Wesleyan","25","512","Dakota State University","41"
"401674180","2024","2","false","2438","Nebraska-Kearney","21","138","Northwest Missouri St","14"
"401673140","2024","2","false","2001","Adams State","30","2703","Western New Mexico","39"
"401673270","2024","2","false","2570","CSU Pueblo","40","110243","UT Permian Basin","23"
"401674168","2024","2","false","2403","Missouri Southern State","17","90","Pittsburg St","42"
"401637160","2024","2","false","2692","Weber State","43","2502","Portland State","16"
"401674140","2024","2","false","2122","Central Oklahoma","72","2324","Langston University","0"
"401674160","2024","2","false","2231","Fort Hays State","30","137","Missouri Western","16"
"401628597","2024","2","false","147","Montana State","41","311","Maine","24"
"401632067","2024","2","false","2000","Abilene Christian","38","2698","West Georgia","24"
"401632072","2024","2","false","2638","UTEP","24","253","Southern Utah","27"
"401676197","2024","2","false","411","Chapman","43","205","Pacific (OR)","23"
"401628469","2024","2","false","2483","Oregon","37","68","Boise State","34"
"401677718","2024","2","false","2486","Pacific Lutheran","43","129758","Simpson University (Ca)","0"
"401643707","2024","2","false","278","Fresno State","46","16","Sacramento State","30"
"401636859","2024","2","false","265","Washington State","37","2641","Texas Tech","16"
"401636614","2024","2","false","12","Arizona","22","2464","Northern Arizona","10"
"401654850","2024","2","false","302","UC Davis","36","2837","East Texas A&M","22"
"401640989","2024","2","false","166","New Mexico State","24","2335","Liberty","30"
"401643709","2024","2","false","21","San Diego State","0","204","Oregon State","21"
"401628343","2024","2","false","9","Arizona State","30","344","Mississippi State","23"
"401628472","2024","2","false","30","USC","48","328","Utah State","0"
"401675924","2024","2","true","29","Redlands","3","415","NEWBERG","17"
"401674485","2024","3","false","2823","Northwestern Oklahoma State","2","2888","Ouachita Baptist","56"
"401643788","2024","3","false","6","South Alabama","87","2466","Northwestern State","10"
"401636867","2024","3","false","326","Texas State","28","9","Arizona State","31"
"401673371","2024","3","false","2707","West Virginia State","25","2105","Carson-Newman College","56"
"401674821","2024","3","false","398","Wilkes","25","2528","Rensselaer","32"
"401689234","2024","3","false","2583","Southern Connecticut State","35","2022","American International","21"
"401676723","2024","3","false","2487","Pace","17","2441","New Haven","47"
"401676110","2024","3","false","2274","Hiram College","7","2419","Mount St. Joseph","28"
"401674854","2024","3","false","2467","Norwich","9","2779","St. Lawrence","20"
"401676771","2024","3","false","2749","Worcester Polytechnic Institute","31","111675","Biddeford","13"
"401674896","2024","3","false","110","Mass Maritime","6","2843","Western Connecticut St","44"
"401636863","2024","3","true","2305","Kansas","20","2439","UNLV","23"
"401636864","2024","3","false","2306","Kansas State","31","12","Arizona","7"
"401676054","2024","3","false","2256","Greensboro College","20","2047","Averett","27"
"401628479","2024","3","false","130","Michigan","28","2032","Arkansas State","18"
"401636865","2024","3","false","193","Miami (OH)","16","2132","Cincinnati","27"
"401674756","2024","3","false","2782","Cortland","70","2354","Lycoming","7"
"401674566","2024","3","false","2392","Michigan Tech","21","2273","Hillsdale","6"
"401674887","2024","3","false","114","Fitchburg State","7","379","UMass Dartmouth","73"
"401674349","2024","3","false","223","West Chester","28","2858","PennWest California","38"
"401673429","2024","3","false","2221","FDU-Florham","35","2015","Albright","7"
"401674373","2024","3","false","2315","Kutztown University","26","2205","Edinboro University","0"
"401674637","2024","3","false","40","Curry College","21","2810","Hardin-Simmons","73"
"401674826","2024","3","false","2516","Randolph-Macon","14","174","Hobart College","7"
"401675377","2024","3","false","2075","Bowie State","14","110254","Davenport","17"
"401656952","2024","3","false","2523","Robert Morris","55","2385","Mercyhurst","28"
"401654595","2024","3","true","2341","Long Island University","17","2329","Lehigh","20"
"401628359","2024","3","false","2579","South Carolina","33","99","LSU","36"
"401654848","2024","3","false","2643","The Citadel","54","2822","North Greenville","0"
"401654574","2024","3","false","2598","St. Francis (PA)","20","2115","Central Connecticut","27"
"401635546","2024","3","false","152","NC State","30","2348","Louisiana Tech","20"
"401636868","2024","3","false","2641","Texas Tech","66","249","North Texas","21"
"401677372","2024","3","false","2884","Nichols College","63","274","Maine Maritime","12"
"401636869","2024","3","false","202","Tulsa","10","197","Oklahoma State","45"
"401676749","2024","3","false","2974","Shepherd","10","215","Slippery Rock","20"
"401628475","2024","3","false","356","Illinois","30","2117","Central Michigan","9"
"401676654","2024","3","true","127954","Eastern University","13","2725","Widener","27"
"401676360","2024","3","false","332","Muskingum University","24","359","Otterbein","7"
"401676190","2024","3","false","417","Gallaudet","7","2383","Merchant Marine Academy","55"
"401674904","2024","3","false","402","Worcester St","27","2972","Plymouth State","21"
"401677402","2024","3","false","2085","Buffalo State","42","125974","Hilbert College","6"
"401628350","2024","3","false","275","Wisconsin","10","333","Alabama","42"
"401635542","2024","3","false","52","Florida State","12","235","Memphis","20"
"401677453","2024","3","false","15","Anna Maria College","45","2557","Coast Guard","52"
"401654624","2024","3","false","322","Lafayette","56","2368","Marist","14"
"401628357","2024","3","false","142","Missouri","27","103","Boston College","21"
"401658359","2024","3","false","2699","West Liberty","23","341","Frostburg State","57"
"401628609","2024","3","false","2448","North Carolina A&T","13","48","Delaware","42"
"401674936","2024","3","false","354","Olivet College","27","2748","Wooster","23"
"401658338","2024","3","false","2886","Northwood (MI)","10","129","Saginaw Valley State","7"
"401676146","2024","3","false","7","Amherst","19","121","Bates","7"
"401674764","2024","3","false","2790","Albion","56","2074","Bluffton","21"
"401658349","2024","3","false","101784","ERSKINE","0","2207","Elizabeth City State","20"
"401673382","2024","3","false","2213","Emory & Henry College","40","124180","Bluefield State","13"
"401654633","2024","3","false","2529","Sacred Heart","40","46","Georgetown","14"
"401676237","2024","3","false","2871","Kean","17","2667","Ursinus","31"
"401676142","2024","3","false","391","Oberlin","6","2023","Anderson (IN)","20"
"401673419","2024","3","false","2808","Delaware Valley","42","111674","Reading","7"
"401673438","2024","3","false","388","Lebanon Valley","37","471","Stevenson","7"
"401674747","2024","3","false","365","Alfred University","64","246","Juniata College","28"
"401674579","2024","3","false","131","Wayne State (MI)","30","2224","Findlay","42"
"401674774","2024","3","false","2812","Hope College","48","2233","Franklin","6"
"401674816","2024","3","false","216","Susquehanna","27","2781","Brockport","21"
"401674834","2024","3","false","175","Ithaca College","7","452","Endicott College","13"
"401674877","2024","3","false","2967","Framingham State","13","293","Castleton","32"
"401674933","2024","3","false","126","Kalamazoo","28","352","Kenyon","7"
"401675498","2024","3","false","2560","Shorter","0","2691","Webber International","0"
"401676062","2024","3","false","2913","Brevard College","30","297","Hampden-Sydney","51"
"401676100","2024","3","false","2757","Berry College","0","83","Depauw","33"
"401628616","2024","3","false","2230","Fordham","21","2619","Stony Brook","27"
"401675463","2024","3","false","2331","Lenoir-Rhyne","38","2838","Tiffin","17"
"401676706","2024","3","true","112334","Franklin Pierce","7","2038","Assumption","27"
"401676673","2024","3","false","2827","Rowan","30","2700","McDaniel College","20"
"401675600","2024","3","false","2232","Fort Valley State","42","2310","Kentucky State","0"
"401676207","2024","3","false","409","Concordia-Wisconsin","34","129738","Calvin University","24"
"401679012","2024","3","false","2977","Trinity (CT)","17","33","Colby College","7"
"401676761","2024","3","false","2702","Western New England","45","2776","Salve Regina","27"
"401674670","2024","3","false","2970","William Paterson","0","2175","Dickinson (PA)","24"
"401629041","2024","3","false","2084","Buffalo","34","113","Massachusetts","3"
"401674925","2024","3","false","2171","Denison University","30","2800","Alma","38"
"401675587","2024","3","true","125762","Florida Memorial University","28","2805","Clark Atlanta","28"
"401675799","2024","3","false","2304","Johnson C Smith","52","2339","Lincoln (PA)","6"
"401676619","2024","3","false","2018","Allegheny","20","2614","Saint Vincent","41"
"401676634","2024","3","false","2102","Carnegie Mellon","41","2242","Geneva","7"
"401676735","2024","3","false","2830","St. Anselm","0","2060","Bentley","3"
"401676306","2024","3","false","2108","Catholic","38","424","Capital","20"
"401655666","2024","3","false","2506","Presbyterian","52","2355","Virginia University Of Lynchburg","0"
"401676076","2024","3","false","2559","Shippensburg","24","2134","Clarion","21"
"401673409","2024","3","false","323","Moravian","18","390","Utica","13"
"401634159","2024","3","false","2287","Illinois State","51","2710","Western Illinois","34"
"401676170","2024","3","false","2394","Middlebury","7","336","Wesleyan University (CT)","43"
"401677466","2024","3","false","247","Kings College (PA)","41","2969","Misericordia","14"
"401674712","2024","3","false","2280","Husson","7","81","Springfield","76"
"401676662","2024","3","false","122774","Keystone","51","173","Hartwick","26"
"401676418","2024","3","false","2849","Westminster (PA)","23","2845","Waynesburg","10"
"401676271","2024","3","false","2733","Wilmington (OH)","7","188","Baldwin Wallace","42"
"401676155","2024","3","false","2731","Williams","42","348","Hamilton","7"
"401675824","2024","3","false","2894","Sioux Falls","35","559","University of Mary","33"
"401674989","2024","3","false","133","St. Olaf","53","67","Luther","7"
"401675898","2024","3","false","2738","Wisconsin-Eau Claire","41","2141","Coe College","43"
"401675020","2024","3","false","268","Lawrence University","21","2155","Cornell College (IA)","31"
"401643786","2024","3","false","218","Temple","20","324","Coastal Carolina","28"
"401675937","2024","3","true","127991","Roosevelt","14","2745","Wisconsin-Whitewater","24"
"401675971","2024","3","false","2909","Westfield State","24","18","Bridgewater State","17"
"401676446","2024","3","false","2688","Washington and Lee","68","3111","Apprentice School","28"
"401676119","2024","3","false","2553","Sewanee","42","433","Westminster College (MO)","0"
"401634246","2024","3","false","2754","Youngstown State","25","2184","Duquesne","28"
"401674999","2024","3","false","2891","Ripon","23","65","Grinnell","19"
"401677464","2024","3","false","80","Chicago","21","2919","Monmouth (IL)","34"
"401628615","2024","3","false","257","Richmond","38","2127","Charleston Southern","0"
"401674623","2024","3","false","2600","Saint John's (MN)","35","2685","Wartburg","13"
"401674339","2024","3","false","2071","Bloomsburg","14","611","Seton Hill","15"
"401673446","2024","3","false","262","Lake Forest College","42","2286","Illinois College","35"
"401674617","2024","3","true","561","Mayville State","24","6845","Nebraska Wesleyan","34"
"401675546","2024","3","false","2834","Sul Ross State","52","630","Wayland Baptist","51"
"401628618","2024","3","false","2803","Bryant","22","107","Holy Cross","43"
"401634199","2024","3","false","155","North Dakota","52","304","Idaho State","28"
"401654678","2024","3","false","231","Furman","48","56","Stetson","7"
"401675294","2024","3","false","89","Wabash College","30","2980","Ohio Wesleyan","13"
"401675954","2024","3","false","2832","St. Norbert","3","2743","Wisconsin-Stevens Pt","24"
"401675027","2024","3","false","375","St. Scholastica","24","2524","Rockford","31"
"401674573","2024","3","false","2740","Wisconsin-Lacrosse","35","128","Northern Michigan","21"
"401674583","2024","3","false","2741","Wisconsin-Lutheran","44","63","Buena Vista","13"
"401673250","2024","3","false","613","South Dakota Mines","17","389","Upper Iowa University","10"
"401655861","2024","3","false","2900","St. Thomas (MN)","24","2069","Black Hills State","14"
"401675997","2024","3","false","2079","Bridgewater (VA)","80","2896","Southern Virginia","0"
"401673276","2024","3","false","2687","Washburn","28","2146","Colorado School Of Mines","31"
"401675981","2024","3","false","271","Wisconsin-Oshkosh","28","203","Linfield College","21"
"401675448","2024","3","false","437","Lake Erie","28","126086","Post University","27"
"401676251","2024","3","false","2442","College Of New Jersey","17","2234","Franklin & Marshall","13"
"401674309","2024","3","false","132","Bemidji State","33","2587","Southwest Minnesota State","0"
"401674223","2024","3","false","568","Minot State","17","425","Northern State","14"
"401674266","2024","3","false","2148","Concord University","0","2842","UVA Wise","28"
"401656599","2024","3","true","47","Howard","35","60","Morehouse College","21"
"401674319","2024","3","false","134","Minnesota Duluth","29","2817","Minnesota State Moorhead","30"
"401674680","2024","3","false","2818","Montclair State","27","2248","Gettysburg","26"
"401675477","2024","3","false","351","Wingate","21","2170","Delta State","7"
"401673280","2024","3","false","11","Colorado Mesa","12","2120","Central Washington","28"
"401655625","2024","3","false","149","Montana","59","2413","Morehead State","2"
"401675946","2024","3","true","316","Dickinson State University","20","2744","Wisconsin-Stout","22"
"401654498","2024","3","false","2169","Delaware State","7","2681","Wagner","30"
"401628358","2024","3","false","201","Oklahoma","34","2655","Tulane","19"
"401628480","2024","3","false","127","Michigan State","40","2504","Prairie View A&M","0"
"401628607","2024","3","false","311","Maine","22","2405","Monmouth","51"
"401674790","2024","3","false","2151","Concordia University Chicago","28","2362","Manchester","27"
"401628481","2024","3","false","135","Minnesota","27","2440","Nevada","0"
"401635543","2024","3","false","59","Georgia Tech","59","2678","VMI","7"
"401635544","2024","3","false","2390","Miami","62","2050","Ball State","0"
"401644734","2024","3","false","195","Ohio","21","2415","Morgan State","6"
"401628483","2024","3","false","204","Oregon State","14","2483","Oregon","49"
"401628353","2024","3","false","57","Florida","20","245","Texas A&M","33"
"401628610","2024","3","false","222","Villanova","14","119","Towson","13"
"401628484","2024","3","true","264","Washington","19","265","Washington State","24"
"401628978","2024","3","false","2509","Purdue","7","87","Notre Dame","66"
"401635547","2024","3","false","221","Pittsburgh","38","277","West Virginia","34"
"401674697","2024","3","false","2532","Salisbury","59","2422","Muhlenberg","38"
"401687170","2024","3","false","2508","Puget Sound","19","2588","Southwestern University","47"
"401674593","2024","3","false","2094","California Lutheran University","10","2964","Central College","35"
"401674965","2024","3","false","2486","Pacific Lutheran","3","2152","Concordia Moorhead","31"
"401628613","2024","3","false","2450","Norfolk State","7","2261","Hampton","37"
"401643785","2024","3","false","151","East Carolina","19","2026","App State","21"
"401674859","2024","3","false","237","Union (NY)","18","2951","SUNY Maritime","15"
"401637161","2024","3","false","2502","Portland State","0","233","South Dakota","0"
"401628617","2024","3","false","70","Idaho","41","399","UAlbany","13"
"401676321","2024","3","false","2721","Whitworth","31","2202","Eastern Oregon","19"
"401628477","2024","3","false","2294","Iowa","38","2653","Troy","21"
"401673265","2024","3","false","2237","Fort Lewis","17","108358","Phoenix","12"
"401654603","2024","3","false","2458","Northern Colorado","22","2000","Abilene Christian","24"
"401628351","2024","3","false","8","Arkansas","37","5","UAB","27"
"401636870","2024","3","false","328","Utah State","21","254","Utah","38"
"401654601","2024","3","false","2016","Alcorn State","38","2206","Edward Waters","7"
"401674689","2024","3","false","3112","Christopher Newport","3","118","Johns Hopkins University","14"
"401634135","2024","3","false","2193","East Tennessee State","35","2449","North Dakota State","38"
"401632460","2024","3","false","236","Chattanooga","3","2382","Mercer","10"
"401635548","2024","3","false","295","Old Dominion","17","259","Virginia Tech","37"
"401628611","2024","3","false","2747","Wofford","21","2729","William & Mary","28"
"401674550","2024","3","false","2222","Ferris State","43","308","Ashland","3"
"401674499","2024","3","false","2292","Indianapolis","41","2654","Truman State","34"
"401676163","2024","3","false","112","Tufts","23","340","Bowdoin","21"
"401644733","2024","3","false","2006","Akron","31","2142","Colgate","20"
"401645327","2024","3","false","2429","Charlotte","27","2241","Gardner-Webb","26"
"401675579","2024","3","false","490","Benedict College","27","2323","Lane College","32"
"401676703","2024","3","false","2736","Winston-Salem","19","2477","Ohio Dominican","13"
"401675772","2024","3","true","129469","Anderson (Sc)","44","548","Lagrange College","14"
"401654611","2024","3","false","2083","Bucknell","21","2771","Merrimack","31"
"401628612","2024","3","false","2210","Elon","17","2717","Western Carolina","24"
"401640990","2024","3","false","2335","Liberty","28","2638","UTEP","10"
"401640980","2024","3","false","2226","Florida Atlantic","38","2229","Florida International","20"
"401629030","2024","3","false","150","Duke","26","41","UConn","21"
"401655658","2024","3","false","2086","Butler","53","2262","Hanover College","0"
"401628614","2024","3","false","160","New Hampshire","45","284","Stonehill","6"
"401675571","2024","3","false","2940","Livingstone","23","2019","Allen","21"
"401628608","2024","3","false","227","Rhode Island","21","2097","Campbell","9"
"401634171","2024","3","false","282","Indiana State","24","2168","Dayton","13"
"401677459","2024","3","true","2831","University Of St Francis IN","64","190","Defiance College","36"
"401675763","2024","3","false","2551","Shaw","28","2107","Catawba","37"
"401675468","2024","3","false","2804","Chowan","20","122666","Wilson","24"
"401676007","2024","3","false","286","North Carolina Wesleyan","24","366","Ferrum","28"
"401676083","2024","3","false","209","Lock Haven University","17","2291","Indiana-Pennsylvania","20"
"401632074","2024","3","false","2198","Eastern Kentucky","26","2698","West Georgia","7"
"401635545","2024","3","false","153","North Carolina","45","2428","North Carolina Central","10"
"401643787","2024","3","false","290","Georgia Southern","42","2569","South Carolina State","14"
"401675614","2024","3","false","2542","Savannah St","3","2119","Central State (OH)","10"
"401674365","2024","3","false","2188","East Stroudsburg University","24","367","Gannon","7"
"401636364","2024","3","false","2711","Western Michigan","59","2065","Bethune-Cookman","31"
"401628355","2024","3","false","154","Wake Forest","6","145","Ole Miss","40"
"401674304","2024","3","false","455","West Virginia Wesleyan","14","112335","Wheeling","52"
"401628362","2024","3","false","2247","Georgia State","36","238","Vanderbilt","32"
"401632073","2024","3","false","2110","Central Arkansas","45","2046","Austin Peay","17"
"401636345","2024","3","false","2535","Samford","12","2011","Alabama State","7"
"401677678","2024","3","false","205","Pacific (OR)","34","2333","Lewis & Clark College","24"
"401641017","2024","3","false","23","San José State","31","338","Kennesaw State","10"
"401636389","2024","3","false","2296","Jackson State","33","2582","Southern","15"
"401641040","2024","3","false","2534","Sam Houston","31","62","Hawai'i","13"
"401654663","2024","3","false","2630","UT Martin","43","2453","North Alabama","28"
"401655616","2024","3","false","2320","Lamar","17","2692","Weber State","16"
"401655661","2024","3","false","2166","Davidson","42","3179","Point University","12"
"401678898","2024","3","false","2010","Alabama A&M","24","2245","Georgetown College Kentucky","16"
"401636355","2024","3","true","2634","Tennessee State","41","2029","Arkansas-Pine Bluff","28"
"401655620","2024","3","false","2545","SE Louisiana","28","331","Eastern Washington","24"
"401634191","2024","3","false","93","Murray State","59","2400","Mississippi Valley State","8"
"401676789","2024","3","false","2444","Newberry","16","127230","Keiser (Fl)","21"
"401673141","2024","3","false","110243","UT Permian Basin","67","2001","Adams State","14"
"401674646","2024","3","true","2904","Southwestern Assemblies Of God","29","2758","Howard Payne","27"
"401673400","2024","3","false","3162","Alfred State","0","184","University of Rochester (NY)","28"
"401640999","2024","3","false","2199","Eastern Michigan","37","55","Jacksonville State","34"
"401628361","2024","3","false","251","Texas","56","2636","UTSA","7"
"401676653","2024","3","false","2644","Thiel","7","2686","Washington & Jefferson","58"
"401676067","2024","3","false","101","Eureka College","7","2257","Greenville","27"
"401675840","2024","3","false","2844","Wayne State (NE)","28","2364","Minnesota State Mankato","35"
"401675459","2024","3","true","2646","Thomas More College","50","3077","Kentucky Christian","0"
"401676024","2024","3","false","2121","Centre College Kentucky","17","2373","Maryville College (TN)","14"
"401676626","2024","3","false","2963","Case Western Reserve","64","2062","Bethany (WV)","6"
"401675411","2024","3","false","2673","Valdosta State","34","2220","Fayetteville State","0"
"401675904","2024","3","false","2564","Simpson College (IA)","39","509","Crown College","7"
"401676066","2024","3","false","2056","Belhaven","10","386","Trinity University TX","55"
"401675513","2024","3","false","2025","Angelo State","26","2201","Eastern New Mexico","20"
"401676016","2024","3","false","2258","Guilford College","14","291","Methodist","12"
"401675510","2024","3","false","2695","West Alabama","33","2336","Limestone","14"
"401675485","2024","3","false","2401","Mississippi College","7","2658","Texas A&M-Kingsville","27"
"401674910","2024","3","false","2003","Adrian","38","127078","Madonna University (Mich.)","20"
"401674797","2024","3","false","86","Rose-Hulman","33","2651","Trine University","39"
"401674736","2024","3","false","2044","Aurora","21","3071","North Central College","48"
"401674664","2024","3","false","2639","Texas Lutheran","31","101442","CENTENARY","8"
"401674657","2024","3","false","241","McMurry","48","101161","LYONCOLL","6"
"401674627","2024","3","false","2045","Austin","13","2519","Rhodes College","49"
"401674610","2024","3","false","263","Loras College","22","2283","Benedictine University","27"
"401674546","2024","3","false","2316","Kentucky Wesleyan","16","2911","William Jewell","23"
"401674533","2024","3","false","2586","Southwest Baptist","42","2824","Oklahoma Panhandle St","10"
"401674992","2024","3","false","266","Beloit","13","255","Knox College","17"
"401674983","2024","3","false","2359","Macalester","7","446","Martin Luther","10"
"401674978","2024","3","false","162","Hamline University","25","2399","Minnesota Morris","20"
"401674949","2024","3","false","583","Northwestern (MN)","3","2802","Bethel (MN)","49"
"401674527","2024","3","false","2402","Missouri S&T","45","124179","Lincoln (CA)","6"
"401674427","2024","3","false","2271","Henderson State","34","199","Southeastern Oklahoma State","17"
"401674411","2024","3","false","2568","Southern Arkansas","28","2191","East Central (OK)","20"
"401674401","2024","3","false","2927","Southwestern Oklahoma State","28","2028","Arkansas-Monticello","39"
"401674169","2024","3","false","137","Missouri Western","35","2403","Missouri Southern State","27"
"401674161","2024","3","false","138","Northwest Missouri St","32","2231","Fort Hays State","20"
"401634182","2024","3","false","2623","Missouri State","28","2815","Lindenwood","14"
"401641024","2024","3","false","2393","Middle Tennessee","21","98","Western Kentucky","49"
"401674230","2024","3","false","200","Southern Nazarene","6","2033","Arkansas Tech","26"
"401643789","2024","3","false","2572","Southern Miss","24","58","South Florida","49"
"401634241","2024","3","false","79","Southern Illinois","35","2916","Incarnate Word","28"
"401634214","2024","3","false","2571","South Dakota State","24","2043","Augustana University (SD)","3"
"401654674","2024","3","false","2837","East Texas A&M","28","2755","Grambling","35"
"401654849","2024","3","false","2277","Houston Christian","70","2347","Louisiana College","7"
"401675834","2024","3","false","3066","Concordia University St Paul","14","2851","Winona State","31"
"401636860","2024","3","false","239","Baylor","31","2005","Air Force","3"
"401628482","2024","3","false","158","Nebraska","34","2460","Northern Iowa","3"
"401655859","2024","3","false","2674","Valparaiso","20","111756","Indiana Wesleyan","17"
"401628354","2024","3","false","96","Kentucky","12","61","Georgia","13"
"401628476","2024","3","false","26","UCLA","13","84","Indiana","42"
"401636866","2024","3","false","2628","TCU","34","2116","UCF","35"
"401628352","2024","3","false","2","Auburn","45","167","New Mexico","19"
"401628356","2024","3","false","344","Mississippi State","17","2649","Toledo","41"
"401636861","2024","3","false","36","Colorado State","9","38","Colorado","28"
"401655632","2024","3","true","77","Northwestern","31","2197","Eastern Illinois","7"
"401628360","2024","3","false","2633","Tennessee","71","2309","Kent State","0"
"401632075","2024","3","false","253","Southern Utah","21","302","UC Davis","24"
"401636862","2024","3","false","248","Houston","33","242","Rice","7"
"401674602","2024","3","false","272","Wisconsin-Platteville","38","49","Dubuque","7"
"401673271","2024","3","false","2570","CSU Pueblo","21","125","Grand Valley State University","24"
"401674110","2024","3","false","2122","Central Oklahoma","57","2118","Central Missouri","40"
"401655622","2024","3","false","13","Cal Poly","31","2848","Western Oregon","14"
"401628478","2024","3","false","258","Virginia","13","120","Maryland","27"
"401673258","2024","3","false","2703","Western New Mexico","36","2424","New Mexico Highlands","33"
"401673241","2024","3","false","2704","West Texas A&M","17","2714","Western Colorado","26"
"401674152","2024","3","false","90","Pittsburg St","21","2214","Emporia State University","24"
"401674420","2024","3","false","319","Oklahoma Baptist","7","2264","Harding University","59"
"401676368","2024","3","false","418","Hendrix College","28","2194","East Texas Baptist University","63"
"401674509","2024","3","false","2876","Lincoln (MO)","19","2816","McKendree","34"
"401675115","2024","3","false","2377","McNeese","28","2617","Stephen F. Austin","24"
"401632076","2024","3","false","3101","Utah Tech","17","2464","Northern Arizona","45"
"401655618","2024","3","false","16","Sacramento State","34","2447","Nicholls","7"
"401636871","2024","3","false","2751","Wyoming","14","252","BYU","34"
"401676279","2024","3","false","415","NEWBERG","37","2930","Willamette","14"
"401635541","2024","3","false","25","California","31","21","San Diego State","10"
"401641033","2024","3","false","278","Fresno State","48","166","New Mexico State","0"
"401674402","2024","4","false","2028","Arkansas-Monticello","3","2264","Harding University","63"
"401674283","2024","4","false","2986","Fairmont State","14","2249","Glenville State","17"
"401643790","2024","4","false","2026","App State","14","6","South Alabama","48"
"401675112","2024","4","false","490","Benedict College","31","2206","Edward Waters","28"
"401682326","2024","4","false","2060","Bentley","34","2583","Southern Connecticut State","24"
"401674860","2024","4","false","81","Springfield","37","237","Union (NY)","20"
"401674848","2024","4","false","2528","Rensselaer","51","2749","Worcester Polytechnic Institute","7"
"401682280","2024","4","false","379","UMass Dartmouth","58","2967","Framingham State","13"
"401676762","2024","4","false","2779","St. Lawrence","14","2702","Western New England","28"
"401634766","2024","4","false","183","Syracuse","24","24","Stanford","26"
"401628485","2024","4","false","158","Nebraska","24","356","Illinois","31"
"401643714","2024","4","false","265","Washington State","54","23","San José State","52"
"401676008","2024","4","false","286","North Carolina Wesleyan","28","2938","Huntingdon College (AL)","49"
"401677403","2024","4","false","452","Endicott College","58","125974","Hilbert College","0"
"401674704","2024","4","false","110438","Dean College","0","40","Curry College","50"
"401673430","2024","4","false","2969","Misericordia","20","2221","FDU-Florham","35"
"401628486","2024","4","false","84","Indiana","52","2429","Charlotte","14"
"401628488","2024","4","false","120","Maryland","38","222","Villanova","20"
"401636873","2024","4","false","2132","Cincinnati","34","248","Houston","0"
"401643791","2024","4","false","309","Louisiana","33","2655","Tulane","41"
"401675972","2024","4","false","2972","Plymouth State","17","18","Bridgewater State","14"
"401674162","2024","4","false","2231","Fort Hays State","37","196","Northeastern State","0"
"401674757","2024","4","false","216","Susquehanna","38","2782","Cortland","40"
"401676745","2024","4","false","611","Seton Hill","27","223","West Chester","24"
"401674888","2024","4","false","114","Fitchburg State","14","402","Worcester St","20"
"401676077","2024","4","false","2974","Shepherd","27","2134","Clarion","9"
"401674809","2024","4","false","390","Utica","42","2354","Lycoming","17"
"401673439","2024","4","true","127954","Eastern University","24","388","Lebanon Valley","40"
"401628492","2024","4","false","194","Ohio State","49","276","Marshall","14"
"401674381","2024","4","false","367","Gannon","14","2315","Kutztown University","37"
"401676772","2024","4","false","111675","Biddeford","27","417","Gallaudet","13"
"401676736","2024","4","false","2022","American International","20","2830","St. Anselm","37"
"401676663","2024","4","false","374","St John Fisher University","42","122774","Keystone","40"
"401674841","2024","4","false","184","University of Rochester (NY)","28","2776","Salve Regina","6"
"401675427","2024","4","false","2224","Findlay","42","437","Lake Erie","6"
"401673401","2024","4","false","109","MIT","20","3162","Alfred State","0"
"401674111","2024","4","false","110254","Davenport","31","2118","Central Missouri","32"
"401674878","2024","4","false","293","Castleton","14","110","Mass Maritime","20"
"401645328","2024","4","false","349","Army","37","242","Rice","14"
"401674340","2024","4","false","2205","Edinboro University","27","2071","Bloomsburg","32"
"401654588","2024","4","false","2184","Duquesne","35","455","West Virginia Wesleyan","0"
"401654463","2024","4","false","2329","Lehigh","35","163","Princeton","20"
"401654487","2024","4","false","171","Columbia","31","322","Lafayette","20"
"401628627","2024","4","true","2341","Long Island University","21","227","Rhode Island","28"
"401635552","2024","4","false","228","Clemson","59","152","NC State","35"
"401635556","2024","4","false","153","North Carolina","50","256","James Madison","70"
"401655663","2024","4","false","2168","Dayton","49","3178","Ave Maria University","7"
"401628367","2024","4","false","344","Mississippi State","28","57","Florida","45"
"401644596","2024","4","false","108","Harvard","35","56","Stetson","0"
"401636879","2024","4","false","277","West Virginia","32","2305","Kansas","28"
"401676415","2024","4","false","2516","Randolph-Macon","24","2757","Berry College","28"
"401628364","2024","4","false","96","Kentucky","41","195","Ohio","6"
"401676730","2024","4","true","126086","Post University","21","2487","Pace","23"
"401676777","2024","4","false","2369","Mars Hill","21","2331","Lenoir-Rhyne","29"
"401676790","2024","4","false","2839","Greeneville","20","2444","Newberry","50"
"401676753","2024","4","false","2559","Shippensburg","7","215","Slippery Rock","33"
"401677454","2024","4","false","2951","SUNY Maritime","32","15","Anna Maria College","27"
"401679015","2024","4","false","340","Bowdoin","15","2394","Middlebury","39"
"401676756","2024","4","false","2884","Nichols College","56","2557","Coast Guard","47"
"401676063","2024","4","false","2913","Brevard College","42","2056","Belhaven","26"
"401676692","2024","4","false","2551","Shaw","48","2339","Lincoln (PA)","14"
"401654634","2024","4","false","284","Stonehill","35","2529","Sacred Heart","21"
"401644735","2024","4","false","2117","Central Michigan","37","2050","Ball State","34"
"401654470","2024","4","false","159","Dartmouth","45","2230","Fordham","13"
"401675387","2024","4","false","330","Virginia St","14","2736","Winston-Salem","15"
"401674330","2024","4","false","2816","McKendree","22","2817","Minnesota State Moorhead","15"
"401674681","2024","4","false","2248","Gettysburg","37","3112","Christopher Newport","54"
"401693679","2024","4","true","124179","Lincoln (CA)","20","2691","Webber International","63"
"401654505","2024","4","false","2142","Colgate","41","172","Cornell","24"
"401676143","2024","4","false","2980","Ohio Wesleyan","74","391","Oberlin","0"
"401675998","2024","4","false","2896","Southern Virginia","6","2373","Maryville College (TN)","54"
"401676156","2024","4","false","348","Hamilton","7","7","Amherst","21"
"401676184","2024","4","false","33","Colby College","19","2731","Williams","24"
"401682276","2024","4","false","111674","Reading","10","247","Kings College (PA)","35"
"401677460","2024","4","false","190","Defiance College","38","122775","Elgin","20"
"401676715","2024","4","false","2441","New Haven","45","112334","Franklin Pierce","34"
"401676255","2024","4","false","2700","McDaniel College","14","2970","William Paterson","27"
"401676648","2024","4","false","2614","Saint Vincent","7","146","Grove City College","56"
"401673383","2024","4","false","2213","Emory & Henry College","41","122666","Wilson","0"
"401673272","2024","4","false","2570","CSU Pueblo","38","11","Colorado Mesa","14"
"401674510","2024","4","false","2876","Lincoln (MO)","20","2911","William Jewell","48"
"401676256","2024","4","false","386","Trinity University TX","16","2688","Washington and Lee","10"
"401676264","2024","4","false","2258","Guilford College","44","2553","Sewanee","35"
"401676433","2024","4","false","2845","Waynesburg","16","2686","Washington & Jefferson","55"
"401676659","2024","4","false","2108","Catholic","28","3110","SUNY Morrisville","27"
"401674698","2024","4","false","2422","Muhlenberg","55","2442","College Of New Jersey","52"
"401673372","2024","4","false","2105","Carson-Newman College","31","351","Wingate","28"
"401674822","2024","4","false","2781","Brockport","31","398","Wilkes","17"
"401674671","2024","4","false","2175","Dickinson (PA)","21","2871","Kean","14"
"401674802","2024","4","false","173","Hartwick","30","246","Juniata College","37"
"401674918","2024","4","false","2419","Mount St. Joseph","49","2790","Albion","14"
"401674791","2024","4","false","2362","Manchester","0","126","Kalamazoo","55"
"401673410","2024","4","false","174","Hobart College","27","323","Moravian","12"
"401674224","2024","4","false","2364","Minnesota State Mankato","40","568","Minot State","6"
"401674783","2024","4","false","2262","Hanover College","56","354","Olivet College","14"
"401675418","2024","4","false","2273","Hillsdale","21","308","Ashland","24"
"401674864","2024","4","false","2725","Widener","21","2015","Albright","0"
"401658360","2024","4","false","341","Frostburg State","54","2148","Concord University","21"
"401677411","2024","4","false","2398","Millsaps","14","2079","Bridgewater (VA)","28"
"401677409","2024","4","false","297","Hampden-Sydney","38","2121","Centre College Kentucky","34"
"401675460","2024","4","false","2477","Ohio Dominican","0","2646","Thomas More College","6"
"401628624","2024","4","false","2771","Merrimack","15","311","Maine","26"
"401675442","2024","4","false","2682","Walsh","54","2316","Kentucky Wesleyan","10"
"401674257","2024","4","false","2128","University Of Charleston (WV)","58","2882","UNC Pembroke","36"
"401675562","2024","4","false","2119","Central State (OH)","7","2013","Albany State GA","28"
"401673420","2024","4","false","471","Stevenson","21","2808","Delaware Valley","20"
"401676147","2024","4","false","121","Bates","7","2977","Trinity (CT)","28"
"401675773","2024","4","true","129469","Anderson (Sc)","5","2336","Limestone","52"
"401654456","2024","4","false","46","Georgetown","14","225","Brown","26"
"401674141","2024","4","false","2438","Nebraska-Kearney","17","2122","Central Oklahoma","32"
"401674350","2024","4","false","209","Lock Haven University","20","2858","PennWest California","27"
"401674567","2024","4","false","271","Wisconsin-Oshkosh","7","2392","Michigan Tech","44"
"401675277","2024","4","false","83","Depauw","51","2748","Wooster","14"
"401674574","2024","4","false","128","Northern Michigan","27","2800","Alma","44"
"401654550","2024","4","false","2678","VMI","10","2450","Norfolk State","32"
"401676342","2024","4","false","426","University of Mount Union","37","2302","John Carroll University","31"
"401674775","2024","4","false","2233","Franklin","21","2003","Adrian","42"
"401676208","2024","4","false","2023","Anderson (IN)","12","129738","Calvin University","66"
"401676683","2024","4","false","2234","Franklin & Marshall","35","2818","Montclair State","10"
"401676272","2024","4","false","424","Capital","21","188","Baldwin Wallace","55"
"401674798","2024","4","false","86","Rose-Hulman","7","2812","Hope College","49"
"401658339","2024","4","false","129","Saginaw Valley State","37","2654","Truman State","14"
"401654563","2024","4","false","233","South Dakota","42","2181","Drake","3"
"401628629","2024","4","false","2449","North Dakota State","41","119","Towson","24"
"401636875","2024","4","false","66","Iowa State","52","2032","Arkansas State","7"
"401655634","2024","4","false","2815","Lindenwood","64","2900","St. Thomas (MN)","0"
"401634200","2024","4","false","155","North Dakota","41","301","San Diego","24"
"401673046","2024","4","false","2674","Valparaiso","31","127991","Roosevelt","23"
"401654636","2024","4","false","107","Holy Cross","31","43","Yale","38"
"401676369","2024","4","false","418","Hendrix College","35","2588","Southwestern University","20"
"401675899","2024","4","false","67","Luther","0","2141","Coe College","63"
"401676349","2024","4","false","359","Otterbein","14","317","Marietta","51"
"401675989","2024","4","false","2044","Aurora","49","2832","St. Norbert","0"
"401675835","2024","4","false","2587","Southwest Minnesota State","17","3066","Concordia University St Paul","27"
"401675841","2024","4","false","2851","Winona State","21","2844","Wayne State (NE)","28"
"401676037","2024","4","false","2151","Concordia University Chicago","61","6353","Lakeland","66"
"401676140","2024","4","false","2723","Wisconsin-River Falls","66","2257","Greenville","7"
"401675938","2024","4","false","2745","Wisconsin-Whitewater","17","2371","Mary Hardin-Baylor","35"
"401676084","2024","4","false","210","Millersville","14","2291","Indiana-Pennsylvania","42"
"401675961","2024","4","false","2909","Westfield State","13","2843","Western Connecticut St","31"
"401673966","2024","4","false","2106","Carthage","0","3071","North Central College","63"
"401673957","2024","4","false","143","Washington University (St. Louis)","35","32","Carroll University (WI)","7"
"401673447","2024","4","false","2286","Illinois College","44","2891","Ripon","14"
"401673277","2024","4","false","2123","Chadron St","12","2146","Colorado School Of Mines","13"
"401674153","2024","4","false","2214","Emporia State University","30","137","Missouri Western","27"
"401674189","2024","4","false","2687","Washburn","31","90","Pittsburg St","39"
"401675547","2024","4","false","2834","Sul Ross State","17","2848","Western Oregon","39"
"401675615","2024","4","false","2657","Tuskegee","16","2542","Savannah St","20"
"401675007","2024","4","false","255","Knox College","13","80","Chicago","27"
"401674310","2024","4","false","2894","Sioux Falls","24","132","Bemidji State","28"
"401675014","2024","4","false","2155","Cornell College (IA)","19","262","Lake Forest College","28"
"401674534","2024","4","false","2586","Southwest Baptist","7","389","Upper Iowa University","21"
"401675021","2024","4","false","2919","Monmouth (IL)","52","268","Lawrence University","6"
"401674584","2024","4","false","263","Loras College","17","63","Buena Vista","20"
"401635558","2024","4","false","324","Coastal Carolina","24","258","Virginia","43"
"401675028","2024","4","false","2283","Benedictine University","34","2524","Rockford","7"
"401675295","2024","4","false","272","Wisconsin-Platteville","42","89","Wabash College","21"
"401674594","2024","4","false","2964","Central College","6","2685","Wartburg","10"
"401675764","2024","4","false","2842","UVA Wise","31","2107","Catawba","28"
"401674603","2024","4","false","49","Dubuque","28","2564","Simpson College (IA)","14"
"401675817","2024","4","false","2043","Augustana University (SD)","41","425","Northern State","7"
"401674690","2024","4","false","118","Johns Hopkins University","13","2532","Salisbury","41"
"401675412","2024","4","false","2220","Fayetteville State","31","2207","Elizabeth City State","7"
"401674713","2024","4","false","2467","Norwich","22","2280","Husson","38"
"401674732","2024","4","false","75","North Park","44","74","Millikin","0"
"401674941","2024","4","false","446","Martin Luther","7","124","Augsburg","34"
"401674950","2024","4","false","2802","Bethel (MN)","51","2738","Wisconsin-Eau Claire","30"
"401674972","2024","4","false","2743","Wisconsin-Stevens Pt","10","2968","Gustavus Adolphus","31"
"401674993","2024","4","false","65","Grinnell","7","266","Beloit","16"
"401643715","2024","4","false","218","Temple","45","328","Utah State","29"
"401644737","2024","4","false","2199","Eastern Michigan","36","2598","St. Francis (PA)","0"
"401633980","2024","4","false","2635","Tennessee Tech","24","2634","Tennessee State","14"
"401674957","2024","4","false","2101","Carleton","28","2399","Minnesota Morris","7"
"401673251","2024","4","false","613","South Dakota Mines","40","2424","New Mexico Highlands","19"
"401636365","2024","4","false","2065","Bethune-Cookman","37","2805","Clark Atlanta","38"
"401628619","2024","4","false","160","New Hampshire","38","2803","Bryant","17"
"401676089","2024","4","false","2171","Denison University","14","352","Kenyon","0"
"401674320","2024","4","false","559","University of Mary","7","134","Minnesota Duluth","43"
"401676361","2024","4","false","2733","Wilmington (OH)","13","332","Muskingum University","42"
"401655626","2024","4","false","149","Montana","46","2717","Western Carolina","35"
"401674170","2024","4","false","2403","Missouri Southern State","0","138","Northwest Missouri St","59"
"401643713","2024","4","false","2440","Nevada","49","331","Eastern Washington","16"
"401641000","2024","4","false","55","Jacksonville State","44","2572","Southern Miss","7"
"401675286","2024","4","false","2274","Hiram College","0","2746","Wittenberg","0"
"401677764","2024","4","false","147","Montana State","52","2385","Mercyhurst","13"
"401628494","2024","4","false","259","Virginia Tech","23","164","Rutgers","26"
"401628979","2024","4","false","87","Notre Dame","28","193","Miami (OH)","3"
"401628493","2024","4","false","213","Penn State","56","2309","Kent State","0"
"401644736","2024","4","false","2459","Northern Illinois","20","2084","Buffalo","23"
"401645330","2024","4","false","2636","UTSA","45","2277","Houston Christian","7"
"401635554","2024","4","false","97","Louisville","31","59","Georgia Tech","19"
"401636877","2024","4","false","2641","Texas Tech","30","9","Arizona State","22"
"401629042","2024","4","false","113","Massachusetts","35","2115","Central Connecticut","31"
"401628489","2024","4","false","130","Michigan","27","30","USC","24"
"401628365","2024","4","false","99","LSU","34","26","UCLA","17"
"401628363","2024","4","false","2","Auburn","14","8","Arkansas","24"
"401634247","2024","4","false","221","Pittsburgh","73","2754","Youngstown State","17"
"401645329","2024","4","false","2426","Navy","56","235","Memphis","44"
"401675925","2024","4","false","203","Linfield College","45","29","Redlands","0"
"401674493","2024","4","false","200","Southern Nazarene","7","2823","Northwestern Oklahoma State","14"
"401676198","2024","4","false","2721","Whitworth","35","411","Chapman","28"
"401675378","2024","4","false","2075","Bowie State","31","2940","Livingstone","17"
"401675933","2024","4","false","415","NEWBERG","17","17","Claremont-Mudd-Scripps College","27"
"401658350","2024","4","false","101784","ERSKINE","0","2673","Valdosta State","73"
"401675454","2024","4","false","2838","Tiffin","31","2886","Northwood (MI)","23"
"401682376","2024","4","false","2333","Lewis & Clark College","39","2701","Montana-Western","56"
"401635553","2024","4","false","2393","Middle Tennessee","17","150","Duke","45"
"401673152","2024","4","false","2069","Black Hills State","33","2237","Fort Lewis","7"
"401654586","2024","4","false","2447","Nicholls","66","2400","Mississippi Valley State","0"
"401676176","2024","4","false","2094","California Lutheran University","17","2486","Pacific Lutheran","27"
"401628623","2024","4","true","2261","Hampton","27","47","Howard","20"
"401654606","2024","4","false","2681","Wagner","14","2523","Robert Morris","21"
"401636876","2024","4","false","197","Oklahoma State","19","254","Utah","22"
"401628368","2024","4","false","142","Missouri","30","238","Vanderbilt","27"
"401675603","2024","4","false","2310","Kentucky State","28","60","Morehouse College","31"
"401675607","2024","4","false","2396","Miles College","42","2323","Lane College","32"
"401641028","2024","4","false","36","Colorado State","27","2638","UTEP","17"
"401635557","2024","4","false","2567","SMU","66","2628","TCU","42"
"401628620","2024","4","false","2097","Campbell","17","2619","Stony Brook","24"
"401628628","2024","4","false","2169","Delaware State","24","257","Richmond","38"
"401632078","2024","4","false","2198","Eastern Kentucky","42","2413","Morehead State","13"
"401640991","2024","4","false","2335","Liberty","35","151","East Carolina","24"
"401676375","2024","4","false","2047","Averett","10","366","Ferrum","36"
"401628625","2024","4","true","2229","Florida International","42","2405","Monmouth","45"
"401674500","2024","4","false","131","Wayne State (MI)","6","2292","Indianapolis","30"
"401634145","2024","4","false","2382","Mercer","38","2643","The Citadel","21"
"401628621","2024","4","false","48","Delaware","29","219","Pennsylvania","22"
"401628622","2024","4","false","2210","Elon","14","2193","East Tennessee State","34"
"401654650","2024","4","false","2083","Bucknell","34","2368","Marist","18"
"401628630","2024","4","false","2729","William & Mary","34","231","Furman","24"
"401632102","2024","4","false","304","Idaho State","38","253","Southern Utah","28"
"401677407","2024","4","false","2707","West Virginia State","57","2699","West Liberty","37"
"401675499","2024","4","true","2683","Warner University","25","2560","Shorter","47"
"401675511","2024","4","true","110242","West Florida","33","2695","West Alabama","35"
"401676017","2024","4","false","291","Methodist","17","2256","Greensboro College","14"
"401675405","2024","4","false","2304","Johnson C Smith","21","2676","Virginia Union","16"
"401677676","2024","4","false","2667","Ursinus","58","2827","Rowan","14"
"401636382","2024","4","false","2755","Grambling","41","2296","Jackson State","20"
"401634183","2024","4","false","2630","UT Martin","24","2623","Missouri State","31"
"401635551","2024","4","false","52","Florida State","14","25","California","9"
"401676645","2024","4","false","2242","Geneva","21","2644","Thiel","6"
"401674647","2024","4","true","101161","LYONCOLL","14","2758","Howard Payne","41"
"401675478","2024","4","false","2170","Delta State","27","2232","Fort Valley State","24"
"401676081","2024","4","false","2741","Wisconsin-Lutheran","38","101","Eureka College","6"
"401674765","2024","4","false","2074","Bluffton","20","2651","Trine University","52"
"401674628","2024","4","false","2045","Austin","17","101442","CENTENARY","36"
"401675486","2024","4","false","2401","Mississippi College","7","2822","North Greenville","29"
"401674486","2024","4","false","2568","Southern Arkansas","20","2888","Ouachita Baptist","25"
"401675572","2024","4","false","2019","Allen","35","3179","Point University","10"
"401676315","2024","4","false","191","Heidelberg","27","427","Ohio Northern","52"
"401654559","2024","4","false","2504","Prairie View A&M","24","2582","Southern","31"
"401676627","2024","4","false","2102","Carnegie Mellon","66","2062","Bethany (WV)","0"
"401675551","2024","4","false","110243","UT Permian Basin","14","2658","Texas A&M-Kingsville","20"
"401641034","2024","4","false","2534","Sam Houston","31","166","New Mexico State","11"
"401641037","2024","4","false","98","Western Kentucky","26","2649","Toledo","21"
"401643716","2024","4","false","249","North Texas","44","2751","Wyoming","17"
"401676617","2024","4","false","433","Westminster College (MO)","35","129741","William Woods","50"
"401638360","2024","4","false","2916","Incarnate Word","38","2464","Northern Arizona","14"
"401676419","2024","4","false","2018","Allegheny","7","2849","Westminster (PA)","42"
"401673947","2024","4","false","396","Wheaton","42","2042","Augustana (IL)","3"
"401674658","2024","4","false","241","McMurry","31","2639","Texas Lutheran","10"
"401634242","2024","4","false","79","Southern Illinois","21","2546","Southeast Missouri State","38"
"401676164","2024","4","false","336","Wesleyan University (CT)","20","112","Tufts","9"
"401678897","2024","4","false","2453","North Alabama","14","2627","Tarleton State","28"
"401674412","2024","4","false","2191","East Central (OK)","3","2927","Southwestern Oklahoma State","19"
"401629031","2024","4","false","41","UConn","48","2226","Florida Atlantic","14"
"401676300","2024","4","false","2828","Shenandoah","35","2519","Rhodes College","21"
"401632099","2024","4","false","2029","Arkansas-Pine Bluff","17","2110","Central Arkansas","56"
"401674559","2024","4","false","125","Grand Valley State University","20","2740","Wisconsin-Lacrosse","13"
"401655619","2024","4","false","2466","Northwestern State","0","2692","Weber State","39"
"401674478","2024","4","false","199","Southeastern Oklahoma State","29","319","Oklahoma Baptist","10"
"401674528","2024","4","false","2402","Missouri S&T","14","2825","Quincy","21"
"401634160","2024","4","false","2287","Illinois State","31","2197","Eastern Illinois","7"
"401636374","2024","4","false","2653","Troy","34","50","Florida A&M","12"
"401628491","2024","4","false","264","Washington","24","77","Northwestern","5"
"401654511","2024","4","false","2415","Morgan State","56","2355","Virginia University Of Lynchburg","7"
"401654851","2024","4","false","2837","East Texas A&M","0","16","Sacramento State","34"
"401654566","2024","4","false","2320","Lamar","20","2640","Texas Southern","17"
"401675947","2024","4","false","2744","Wisconsin-Stout","56","583","Northwestern (MN)","19"
"401628626","2024","4","false","2428","North Carolina Central","66","2448","North Carolina A&T","24"
"401655631","2024","4","false","2506","Presbyterian","21","2241","Gardner-Webb","42"
"401634215","2024","4","false","2545","SE Louisiana","0","2571","South Dakota State","41"
"401641008","2024","4","false","2348","Louisiana Tech","20","202","Tulsa","23"
"401635555","2024","4","false","58","South Florida","15","2390","Miami","50"
"401632100","2024","4","false","2046","Austin Peay","59","2010","Alabama A&M","16"
"401673974","2024","4","false","72","Elmhurst","7","306","Illinois Wesleyan","55"
"401628372","2024","4","false","245","Texas A&M","26","189","Bowling Green","20"
"401628487","2024","4","false","135","Minnesota","14","2294","Iowa","31"
"401628370","2024","4","false","2579","South Carolina","50","2006","Akron","7"
"401628369","2024","4","false","201","Oklahoma","15","2633","Tennessee","25"
"401628366","2024","4","false","145","Ole Miss","52","290","Georgia Southern","13"
"401654602","2024","4","false","2377","McNeese","42","2016","Alcorn State","14"
"401628371","2024","4","false","251","Texas","51","2433","UL Monroe","3"
"401674231","2024","4","false","2271","Henderson State","27","2033","Arkansas Tech","12"
"401655630","2024","4","false","2617","Stephen F. Austin","48","2458","Northern Colorado","7"
"401675522","2024","4","false","2704","West Texas A&M","3","2120","Central Washington","45"
"401636874","2024","4","false","38","Colorado","38","239","Baylor","31"
"401675987","2024","4","false","509","Crown College","13","375","St. Scholastica","35"
"401673142","2024","4","false","2714","Western Colorado","38","2001","Adams State","0"
"401628490","2024","4","false","103","Boston College","23","127","Michigan State","19"
"401675514","2024","4","false","2703","Western New Mexico","0","2025","Angelo State","21"
"401654604","2024","4","false","2000","Abilene Christian","24","70","Idaho","27"
"401675531","2024","4","false","2201","Eastern New Mexico","15","2395","Midwestern State","36"
"401643711","2024","4","false","167","New Mexico","21","278","Fresno State","38"
"401643717","2024","4","false","204","Oregon State","38","2509","Purdue","21"
"401637162","2024","4","false","68","Boise State","56","2502","Portland State","14"
"401677679","2024","4","false","205","Pacific (OR)","45","2923","Pomona Pitzer","14"
"401677682","2024","4","false","2318","La Verne","41","2508","Puget Sound","49"
"401632101","2024","4","false","302","UC Davis","32","3101","Utah Tech","14"
"401636872","2024","4","false","252","BYU","38","2306","Kansas State","9"
"401643712","2024","4","false","62","Hawai'i","36","2460","Northern Iowa","7"
"401645331","2024","5","false","218","Temple","14","349","Army","42"
"401676707","2024","5","false","2038","Assumption","35","126086","Post University","7"
"401634767","2024","5","false","2390","Miami","38","259","Virginia Tech","34"
"401628501","2024","5","false","164","Rutgers","21","264","Washington","18"
"401654617","2024","5","false","2329","Lehigh","35","2083","Bucknell","38"
"401629032","2024","5","false","41","UConn","47","2084","Buffalo","3"
"401628499","2024","5","false","2509","Purdue","10","158","Nebraska","28"
"401674823","2024","5","false","398","Wilkes","28","374","St John Fisher University","21"
"401673411","2024","5","false","3110","SUNY Morrisville","6","323","Moravian","14"
"401628497","2024","5","false","130","Michigan","27","135","Minnesota","24"
"401644597","2024","5","false","225","Brown","31","108","Harvard","28"
"401638660","2024","5","false","2368","Marist","14","2168","Dayton","47"
"401645332","2024","5","false","5","UAB","18","2426","Navy","41"
"401645337","2024","5","false","2655","Tulane","45","58","South Florida","10"
"401628496","2024","5","false","84","Indiana","42","120","Maryland","28"
"401674705","2024","5","false","40","Curry College","13","175","Ithaca College","38"
"401635564","2024","5","false","152","NC State","24","2459","Northern Illinois","17"
"401674551","2024","5","false","2022","American International","7","2222","Ferris State","84"
"401676101","2024","5","false","83","Depauw","72","391","Oberlin","0"
"401635560","2024","5","false","103","Boston College","21","98","Western Kentucky","20"
"401676009","2024","5","false","2056","Belhaven","30","286","North Carolina Wesleyan","12"
"401636880","2024","5","false","239","Baylor","28","252","BYU","34"
"401636883","2024","5","false","2306","Kansas State","42","197","Oklahoma State","20"
"401635565","2024","5","false","183","Syracuse","42","107","Holy Cross","14"
"401675973","2024","5","false","18","Bridgewater State","41","2967","Framingham State","0"
"401676191","2024","5","false","2951","SUNY Maritime","20","2383","Merchant Marine Academy","23"
"401674810","2024","5","false","2354","Lycoming","48","125974","Hilbert College","0"
"401674849","2024","5","false","452","Endicott College","28","2528","Rensselaer","20"
"401674879","2024","5","false","379","UMass Dartmouth","60","293","Castleton","10"
"401676218","2024","5","false","2749","Worcester Polytechnic Institute","14","2467","Norwich","0"
"401674351","2024","5","false","2858","PennWest California","49","367","Gannon","7"
"401677473","2024","5","false","2776","Salve Regina","19","109","MIT","6"
"401674827","2024","5","false","122774","Keystone","9","174","Hobart College","52"
"401674865","2024","5","false","2015","Albright","20","127954","Eastern University","41"
"401676757","2024","5","false","110438","Dean College","7","2884","Nichols College","31"
"401675999","2024","5","false","2256","Greensboro College","42","2896","Southern Virginia","23"
"401676936","2024","5","false","2419","Mount St. Joseph","9","2723","Wisconsin-River Falls","68"
"401628377","2024","5","false","145","Ole Miss","17","96","Kentucky","20"
"401694304","2024","5","true","2098","Campbellsville University","24","127991","Roosevelt","8"
"401673431","2024","5","false","2221","FDU-Florham","48","388","Lebanon Valley","26"
"401654488","2024","5","false","46","Georgetown","20","171","Columbia","17"
"401676750","2024","5","false","2559","Shippensburg","0","2974","Shepherd","38"
"401676773","2024","5","false","184","University of Rochester (NY)","42","111675","Biddeford","21"
"401676434","2024","5","false","2614","Saint Vincent","7","2845","Waynesburg","21"
"401676165","2024","5","false","112","Tufts","25","7","Amherst","0"
"401674258","2024","5","false","2148","Concord University","7","2128","University Of Charleston (WV)","42"
"401677461","2024","5","false","190","Defiance College","7","2562","Adrian","52"
"401679013","2024","5","false","2394","Middlebury","24","33","Colby College","16"
"401677408","2024","5","false","2707","West Virginia State","48","455","West Virginia Wesleyan","22"
"401676225","2024","5","false","2557","Coast Guard","34","81","Springfield","52"
"401675573","2024","5","false","2019","Allen","13","2396","Miles College","33"
"401638661","2024","5","false","2181","Drake","30","301","San Diego","28"
"401638662","2024","5","false","2413","Morehead State","17","2674","Valparaiso","5"
"401674284","2024","5","false","2249","Glenville State","14","2882","UNC Pembroke","7"
"401675443","2024","5","false","2477","Ohio Dominican","38","2316","Kentucky Wesleyan","7"
"401676265","2024","5","false","2553","Sewanee","21","2398","Millsaps","31"
"401634172","2024","5","false","282","Indiana State","24","2277","Houston Christian","27"
"401675406","2024","5","false","2676","Virginia Union","42","2551","Shaw","7"
"401676737","2024","5","false","2830","St. Anselm","31","2583","Southern Connecticut State","28"
"401655659","2024","5","false","2086","Butler","63","2355","Virginia University Of Lynchburg","0"
"401687169","2024","5","false","247","Kings College (PA)","28","2725","Widener","25"
"401676763","2024","5","false","2702","Western New England","21","216","Susquehanna","34"
"401675581","2024","5","false","60","Morehouse College","5","490","Benedict College","21"
"401674803","2024","5","false","246","Juniata College","27","2828","Shenandoah","62"
"401676105","2024","5","false","209","Lock Haven University","24","210","Millersville","23"
"401675419","2024","5","false","308","Ashland","21","2838","Tiffin","12"
"401676025","2024","5","false","2373","Maryville College (TN)","0","2913","Brevard College","0"
"401674897","2024","5","false","110","Mass Maritime","29","2972","Plymouth State","6"
"401674748","2024","5","false","365","Alfred University","45","2108","Catholic","15"
"401676018","2024","5","false","548","Lagrange College","40","291","Methodist","24"
"401674871","2024","5","false","471","Stevenson","34","111674","Reading","20"
"401675902","2024","5","false","67","Luther","9","2023","Anderson (IN)","6"
"401675379","2024","5","false","2736","Winston-Salem","28","2075","Bowie State","14"
"401674737","2024","5","false","3071","North Central College","49","143","Washington University (St. Louis)","9"
"401676157","2024","5","false","340","Bowdoin","28","348","Hamilton","21"
"401674277","2024","5","false","112335","Wheeling","49","2986","Fairmont State","52"
"401673421","2024","5","false","2808","Delaware Valley","13","2969","Misericordia","0"
"401674331","2024","5","false","2817","Minnesota State Moorhead","43","2043","Augustana University (SD)","41"
"401674648","2024","5","false","2746","Wittenberg","36","2758","Howard Payne","29"
"401674919","2024","5","false","2651","Trine University","14","2790","Albion","42"
"401676148","2024","5","false","336","Wesleyan University (CT)","13","121","Bates","24"
"401679156","2024","5","false","2385","Mercyhurst","24","341","Frostburg State","25"
"401675469","2024","5","false","2804","Chowan","27","2401","Mississippi College","25"
"401675278","2024","5","false","352","Kenyon","32","2748","Wooster","26"
"401654471","2024","5","false","2771","Merrimack","14","159","Dartmouth","16"
"401628636","2024","5","false","2405","Monmouth","63","2230","Fordham","21"
"401656601","2024","5","false","219","Pennsylvania","27","2142","Colgate","17"
"401676090","2024","5","false","2171","Denison University","35","2274","Hiram College","0"
"401675836","2024","5","false","3066","Concordia University St Paul","20","2364","Minnesota State Mankato","33"
"401674321","2024","5","false","134","Minnesota Duluth","62","2587","Southwest Minnesota State","0"
"401674776","2024","5","false","2233","Franklin","27","2980","Ohio Wesleyan","14"
"401676336","2024","5","false","2302","John Carroll University","48","191","Heidelberg","10"
"401676185","2024","5","false","2977","Trinity (CT)","45","2731","Williams","14"
"401643793","2024","5","false","256","James Madison","63","2050","Ball State","7"
"401676307","2024","5","false","317","Marietta","54","424","Capital","10"
"401676366","2024","5","false","427","Ohio Northern","59","2733","Wilmington (OH)","3"
"401674714","2024","5","false","15","Anna Maria College","47","2280","Husson","29"
"401674544","2024","5","false","2825","Quincy","27","389","Upper Iowa University","29"
"401673948","2024","5","false","74","Millikin","20","2042","Augustana (IL)","24"
"401675990","2024","5","false","2044","Aurora","72","2151","Concordia University Chicago","6"
"401628632","2024","5","false","2210","Elon","17","257","Richmond","27"
"401676635","2024","5","false","2686","Washington & Jefferson","27","2102","Carnegie Mellon","30"
"401675388","2024","5","false","330","Virginia St","35","2220","Fayetteville State","18"
"401654506","2024","5","false","172","Cornell","47","43","Yale","23"
"401674225","2024","5","false","568","Minot State","26","2894","Sioux Falls","22"
"401634243","2024","5","false","233","South Dakota","42","79","Southern Illinois","13"
"401676031","2024","5","false","2283","Benedictine University","18","409","Concordia-Wisconsin","23"
"401674638","2024","5","false","2810","Hardin-Simmons","90","123086","North American University","7"
"401674547","2024","5","true","2911","William Jewell","7","110254","Davenport","17"
"401674511","2024","5","false","2586","Southwest Baptist","17","2876","Lincoln (MO)","13"
"401674958","2024","5","false","162","Hamline University","14","2101","Carleton","24"
"401676049","2024","5","false","418","Hendrix College","31","2938","Huntingdon College (AL)","28"
"401632106","2024","5","false","2046","Austin Peay","17","253","Southern Utah","28"
"401674112","2024","5","false","2118","Central Missouri","36","2438","Nebraska-Kearney","35"
"401674926","2024","5","false","2800","Alma","13","2812","Hope College","34"
"401675428","2024","5","false","2224","Findlay","28","2273","Hillsdale","21"
"401673242","2024","5","false","2424","New Mexico Highlands","12","2714","Western Colorado","53"
"401674585","2024","5","false","63","Buena Vista","0","2964","Central College","52"
"401673958","2024","5","false","32","Carroll University (WI)","10","396","Wheaton","22"
"401673967","2024","5","false","306","Illinois Wesleyan","35","2106","Carthage","0"
"401674341","2024","5","false","2071","Bloomsburg","23","223","West Chester","21"
"401674611","2024","5","false","2564","Simpson College (IA)","66","263","Loras College","14"
"401674618","2024","5","false","2685","Wartburg","34","6845","Nebraska Wesleyan","0"
"401673975","2024","5","false","72","Elmhurst","28","75","North Park","21"
"401674604","2024","5","false","2141","Coe College","27","49","Dubuque","10"
"401674539","2024","5","false","2654","Truman State","31","131","Wayne State (MI)","17"
"401674629","2024","5","false","2045","Austin","9","241","McMurry","34"
"401676724","2024","5","false","2060","Bentley","35","2441","New Haven","45"
"401628634","2024","5","false","2097","Campbell","44","2169","Delaware State","41"
"401632105","2024","5","false","2698","West Georgia","16","2453","North Alabama","25"
"401674951","2024","5","false","2802","Bethel (MN)","20","2600","Saint John's (MN)","45"
"401675563","2024","5","false","2013","Albany State GA","49","2310","Kentucky State","21"
"401638341","2024","5","false","231","Furman","0","2535","Samford","0"
"401675029","2024","5","false","2524","Rockford","3","2832","St. Norbert","40"
"401674942","2024","5","false","124","Augsburg","0","2968","Gustavus Adolphus","28"
"401675756","2024","5","false","122666","Wilson","27","129469","Anderson (Sc)","13"
"401674966","2024","5","false","2152","Concordia Moorhead","35","375","St. Scholastica","0"
"401676273","2024","5","false","188","Baldwin Wallace","14","426","University of Mount Union","52"
"401632110","2024","5","false","2198","Eastern Kentucky","31","2523","Robert Morris","7"
"401634192","2024","5","false","155","North Dakota","72","93","Murray State","35"
"401674154","2024","5","false","138","Northwest Missouri St","14","2214","Emporia State University","9"
"401674905","2024","5","false","402","Worcester St","27","2909","Westfield State","35"
"401674175","2024","5","false","137","Missouri Western","16","2687","Washburn","24"
"401674911","2024","5","false","2003","Adrian","24","354","Olivet College","14"
"401634146","2024","5","false","2747","Wofford","3","2382","Mercer","22"
"401676420","2024","5","false","2644","Thiel","6","2849","Westminster (PA)","58"
"401633982","2024","5","false","2197","Eastern Illinois","25","2815","Lindenwood","28"
"401634184","2024","5","false","2623","Missouri State","38","2754","Youngstown State","31"
"401634161","2024","5","false","2287","Illinois State","10","2449","North Dakota State","42"
"401673281","2024","5","false","11","Colorado Mesa","18","2123","Chadron St","3"
"401673153","2024","5","false","2146","Colorado School Of Mines","52","2069","Black Hills State","24"
"401675588","2024","5","false","2323","Lane College","28","2805","Clark Atlanta","38"
"401654464","2024","5","false","163","Princeton","30","47","Howard","13"
"401674665","2024","5","true","101161","LYONCOLL","0","2639","Texas Lutheran","49"
"401674560","2024","5","false","125","Grand Valley State University","31","110242","West Florida","7"
"401673143","2024","5","false","2001","Adams State","10","2570","CSU Pueblo","66"
"401674311","2024","5","false","132","Bemidji State","41","559","University of Mary","7"
"401641041","2024","5","true","2534","Sam Houston","40","326","Texas State","39"
"401676639","2024","5","false","2242","Geneva","14","2963","Case Western Reserve","56"
"401654553","2024","5","true","2450","Norfolk State","10","2428","North Carolina Central","37"
"401634046","2024","5","false","2458","Northern Colorado","7","13","Cal Poly","28"
"401636346","2024","5","false","2065","Bethune-Cookman","21","2011","Alabama State","26"
"401628373","2024","5","true","245","Texas A&M","21","8","Arkansas","17"
"401644739","2024","5","false","2309","Kent State","33","2199","Eastern Michigan","52"
"401644738","2024","5","false","195","Ohio","30","2006","Akron","10"
"401643720","2024","5","false","2439","UNLV","59","278","Fresno State","14"
"401628631","2024","5","false","399","UAlbany","20","311","Maine","34"
"401643792","2024","5","false","2247","Georgia State","21","290","Georgia Southern","38"
"401643721","2024","5","false","2117","Central Michigan","22","21","San Diego State","21"
"401628375","2024","5","false","2","Auburn","21","201","Oklahoma","27"
"401636882","2024","5","true","2305","Kansas","27","2628","TCU","38"
"401636885","2024","5","false","2116","UCF","21","38","Colorado","48"
"401643794","2024","5","false","276","Marshall","27","2711","Western Michigan","20"
"401640992","2024","5","false","2026","App State","","2335","Liberty",""
"401635659","2024","5","false","154","Wake Forest","38","309","Louisiana","41"
"401628980","2024","5","false","87","Notre Dame","31","97","Louisville","24"
"401628638","2024","5","false","2619","Stony Brook","22","2415","Morgan State","3"
"401628502","2024","5","false","30","USC","38","275","Wisconsin","21"
"401628635","2024","5","false","48","Delaware","49","2529","Sacred Heart","0"
"401629043","2024","5","false","193","Miami (OH)","23","113","Massachusetts","20"
"401673252","2024","5","false","2237","Fort Lewis","33","613","South Dakota Mines","49"
"401677683","2024","5","false","2318","La Verne","20","2923","Pomona Pitzer","27"
"401676078","2024","5","false","2291","Indiana-Pennsylvania","31","2134","Clarion","0"
"401677719","2024","5","false","2930","Willamette","21","129758","Simpson University (Ca)","18"
"401674171","2024","5","false","196","Northeastern State","20","2403","Missouri Southern State","27"
"401654846","2024","5","false","2546","Southeast Missouri State","19","2466","Northwestern State","0"
"401633983","2024","5","false","2241","Gardner-Webb","21","2635","Tennessee Tech","52"
"401658351","2024","5","false","101784","ERSKINE","0","2170","Delta State","0"
"401634050","2024","5","false","2464","Northern Arizona","34","16","Sacramento State","16"
"401635562","2024","5","false","150","Duke","21","153","North Carolina","20"
"401645334","2024","5","false","151","East Carolina","30","2636","UTSA","20"
"401675558","2024","5","false","2848","Western Oregon","24","2704","West Texas A&M","16"
"401628378","2024","5","false","251","Texas","35","344","Mississippi State","13"
"401634136","2024","5","false","2643","The Citadel","17","2193","East Tennessee State","34"
"401674889","2024","5","false","2843","Western Connecticut St","72","114","Fitchburg State","0"
"401643795","2024","5","false","189","Bowling Green","27","295","Old Dominion","30"
"401673402","2024","5","false","2085","Buffalo State","12","3162","Alfred State","0"
"401674861","2024","5","false","2818","Montclair State","17","237","Union (NY)","15"
"401634048","2024","5","false","304","Idaho State","17","147","Montana State","37"
"401673373","2024","5","false","2107","Catawba","34","2105","Carson-Newman College","35"
"401645335","2024","5","false","2226","Florida Atlantic","41","2681","Wagner","10"
"401640981","2024","5","true","2229","Florida International","17","2348","Louisiana Tech","10"
"401633981","2024","5","false","2634","Tennessee State","13","2127","Charleston Southern","9"
"401628639","2024","5","false","222","Villanova","24","2341","Long Island University","10"
"401674374","2024","5","false","215","Slippery Rock","28","2205","Edinboro University","23"
"401675449","2024","5","false","437","Lake Erie","20","2886","Northwood (MI)","55"
"401658340","2024","5","false","2292","Indianapolis","24","129","Saginaw Valley State","28"
"401641018","2024","5","false","338","Kennesaw State","13","2630","UT Martin","24"
"401675800","2024","5","false","124180","Bluefield State","3","2304","Johnson C Smith","42"
"401676716","2024","5","true","112334","Franklin Pierce","48","2487","Pace","20"
"401676785","2024","5","false","351","Wingate","0","2369","Mars Hill","0"
"401675806","2024","5","false","2339","Lincoln (PA)","14","2940","Livingstone","15"
"401628637","2024","5","false","2569","South Carolina State","45","2448","North Carolina A&T","25"
"401628633","2024","5","false","2729","William & Mary","49","2261","Hampton","7"
"401674366","2024","5","false","2188","East Stroudsburg University","21","2315","Kutztown University","27"
"401676209","2024","5","false","126","Kalamazoo","33","129738","Calvin University","31"
"401636881","2024","5","false","248","Houston","0","66","Iowa State","20"
"401674494","2024","5","false","2927","Southwestern Oklahoma State","24","200","Southern Nazarene","17"
"401635561","2024","5","false","228","Clemson","40","24","Stanford","14"
"401674232","2024","5","false","2033","Arkansas Tech","7","2568","Southern Arkansas","38"
"401676068","2024","5","false","6353","Lakeland","31","2741","Wisconsin-Lutheran","33"
"401643796","2024","5","false","2653","Troy","9","2433","UL Monroe","13"
"401654587","2024","5","false","2400","Mississippi Valley State","21","2016","Alcorn State","42"
"401674403","2024","5","false","2888","Ouachita Baptist","49","2028","Arkansas-Monticello","14"
"401674490","2024","5","false","2823","Northwestern Oklahoma State","21","199","Southeastern Oklahoma State","27"
"401632107","2024","5","false","2110","Central Arkansas","34","2320","Lamar","14"
"401636383","2024","5","true","2504","Prairie View A&M","36","2755","Grambling","34"
"401675818","2024","5","false","425","Northern State","30","2851","Winona State","24"
"401645333","2024","5","false","242","Rice","20","2429","Charlotte","21"
"401675506","2024","5","false","2673","Valdosta State","0","2695","West Alabama","0"
"401676620","2024","5","false","146","Grove City College","58","2018","Allegheny","7"
"401674413","2024","5","false","319","Oklahoma Baptist","20","2191","East Central (OK)","10"
"401645336","2024","5","false","249","North Texas","52","202","Tulsa","20"
"401675461","2024","5","true","2646","Thomas More College","44","2682","Walsh","21"
"401632461","2024","5","false","236","Chattanooga","45","2502","Portland State","30"
"401654847","2024","5","false","2710","Western Illinois","49","2816","McKendree","32"
"401676205","2024","5","false","2194","East Texas Baptist University","47","101442","CENTENARY","8"
"401636390","2024","5","false","2640","Texas Southern","14","2296","Jackson State","43"
"401676791","2024","5","false","2444","Newberry","0","2842","UVA Wise","0"
"401675492","2024","5","false","2822","North Greenville","0","2560","Shorter","0"
"401654666","2024","5","false","2627","Tarleton State","36","2545","SE Louisiana","33"
"401628498","2024","5","false","127","Michigan State","7","194","Ohio State","38"
"401628374","2024","5","false","333","Alabama","41","61","Georgia","34"
"401628495","2024","5","false","213","Penn State","21","356","Illinois","7"
"401641025","2024","5","false","235","Memphis","24","2393","Middle Tennessee","7"
"401628376","2024","5","false","99","LSU","42","6","South Alabama","10"
"401635563","2024","5","false","2567","SMU","42","52","Florida State","16"
"401636884","2024","5","false","2641","Texas Tech","44","2132","Cincinnati","41"
"401634049","2024","5","false","331","Eastern Washington","49","149","Montana","52"
"401674142","2024","5","false","2122","Central Oklahoma","49","2231","Fort Hays State","24"
"401641035","2024","5","false","166","New Mexico State","40","167","New Mexico","50"
"401655617","2024","5","false","2692","Weber State","26","2377","McNeese","28"
"401643718","2024","5","false","2751","Wyoming","31","2005","Air Force","19"
"401675548","2024","5","false","2658","Texas A&M-Kingsville","56","2834","Sul Ross State","21"
"401674984","2024","5","false","2359","Macalester","0","133","St. Olaf","29"
"401675539","2024","5","false","2395","Midwestern State","3","110243","UT Permian Basin","27"
"401674421","2024","5","false","2264","Harding University","66","2271","Henderson State","0"
"401675523","2024","5","false","2120","Central Washington","36","2703","Western New Mexico","0"
"401632103","2024","5","false","3101","Utah Tech","30","2000","Abilene Christian","55"
"401676177","2024","5","false","2094","California Lutheran University","13","17","Claremont-Mudd-Scripps College","31"
"401675926","2024","5","false","29","Redlands","10","411","Chapman","32"
"401634047","2024","5","false","302","UC Davis","28","70","Idaho","26"
"401643719","2024","5","false","68","Boise State","45","265","Washington State","24"
"401636886","2024","5","false","254","Utah","10","12","Arizona","23"
"401628500","2024","5","false","26","UCLA","13","2483","Oregon","34"
"401675601","2024","5","false","2542","Savannah St","0","2232","Fort Valley State","30"
"401673384","2024","5","false","2336","Limestone","37","2213","Emory & Henry College","24"
"401676778","2024","5","false","2331","Lenoir-Rhyne","37","2839","Greeneville","23"
"401675595","2024","5","false","2206","Edward Waters","13","2657","Tuskegee","27"
"401638659","2024","5","false","2506","Presbyterian","37","2166","Davidson","48"
"401643797","2024","6","false","2653","Troy","17","326","Texas State","38"
"401641029","2024","6","false","2638","UTEP","21","2534","Sam Houston","41"
"401674691","2024","6","false","118","Johns Hopkins University","20","2827","Rowan","13"
"401674804","2024","6","false","246","Juniata College","7","398","Wilkes","54"
"401674699","2024","6","false","2422","Muhlenberg","50","2667","Ursinus","53"
"401674682","2024","6","false","2248","Gettysburg","20","2700","McDaniel College","7"
"401641001","2024","6","false","338","Kennesaw State","24","55","Jacksonville State","63"
"401644598","2024","6","false","108","Harvard","28","160","New Hampshire","23"
"401674898","2024","6","false","110","Mass Maritime","0","379","UMass Dartmouth","34"
"401636891","2024","6","false","2628","TCU","19","248","Houston","30"
"401634779","2024","6","false","2439","UNLV","41","183","Syracuse","44"
"401628506","2024","6","false","2483","Oregon","31","127","Michigan State","10"
"401676754","2024","6","false","223","West Chester","28","2559","Shippensburg","10"
"401654575","2024","6","false","43","Yale","23","2115","Central Connecticut","22"
"401628383","2024","6","false","245","Texas A&M","41","142","Missouri","10"
"401674568","2024","6","false","2392","Michigan Tech","22","131","Wayne State (MI)","7"
"401676192","2024","6","false","2383","Merchant Marine Academy","28","2776","Salve Regina","31"
"401682327","2024","6","false","2487","Pace","16","2060","Bentley","31"
"401675500","2024","6","false","2560","Shorter","6","2673","Valdosta State","59"
"401635571","2024","6","false","97","Louisville","27","2567","SMU","34"
"401635572","2024","6","false","153","North Carolina","24","221","Pittsburgh","34"
"401635638","2024","6","false","152","NC State","30","154","Wake Forest","34"
"401676118","2024","6","false","391","Oberlin","0","352","Kenyon","34"
"401676665","2024","6","false","173","Hartwick","7","390","Utica","65"
"401674561","2024","6","false","110254","Davenport","7","125","Grand Valley State University","24"
"401675964","2024","6","false","2972","Plymouth State","21","2843","Western Connecticut St","48"
"401676758","2024","6","false","417","Gallaudet","42","2884","Nichols College","28"
"401676226","2024","6","false","81","Springfield","51","2749","Worcester Polytechnic Institute","7"
"401674259","2024","6","false","2128","University Of Charleston (WV)","29","2249","Glenville State","17"
"401643722","2024","6","false","2005","Air Force","7","2426","Navy","34"
"401677474","2024","6","false","109","MIT","19","2557","Coast Guard","21"
"401635567","2024","6","false","258","Virginia","24","103","Boston College","14"
"401654489","2024","6","false","171","Columbia","34","163","Princeton","17"
"401674890","2024","6","false","2967","Framingham State","25","114","Fitchburg State","22"
"401675450","2024","6","false","2682","Walsh","63","437","Lake Erie","34"
"401629044","2024","6","false","2459","Northern Illinois","34","113","Massachusetts","20"
"401674291","2024","6","false","112335","Wheeling","32","2882","UNC Pembroke","35"
"401628510","2024","6","false","213","Penn State","27","26","UCLA","11"
"401628646","2024","6","false","225","Brown","35","2803","Bryant","42"
"401628509","2024","6","false","275","Wisconsin","52","2509","Purdue","6"
"401645339","2024","6","false","202","Tulsa","7","349","Army","49"
"401674342","2024","6","false","2315","Kutztown University","42","2071","Bloomsburg","10"
"401673403","2024","6","false","3162","Alfred State","21","3111","Apprentice School","7"
"401674842","2024","6","false","184","University of Rochester (NY)","14","2528","Rensselaer","7"
"401676106","2024","6","false","2974","Shepherd","45","209","Lock Haven University","38"
"401674367","2024","6","false","210","Millersville","17","2188","East Stroudsburg University","57"
"401676355","2024","6","false","359","Otterbein","0","426","University of Mount Union","21"
"401677374","2024","6","false","2781","Brockport","35","374","St John Fisher University","0"
"401676774","2024","6","false","111675","Biddeford","68","110438","Dean College","0"
"401675279","2024","6","false","2748","Wooster","19","89","Wabash College","55"
"401676026","2024","6","false","548","Lagrange College","13","2373","Maryville College (TN)","38"
"401674672","2024","6","false","2234","Franklin & Marshall","23","2175","Dickinson (PA)","14"
"401654637","2024","6","false","2142","Colgate","7","107","Holy Cross","38"
"401628640","2024","6","false","2405","Monmouth","35","48","Delaware","42"
"401674856","2024","6","false","2779","St. Lawrence","27","237","Union (NY)","24"
"401675435","2024","6","false","2886","Northwood (MI)","13","2273","Hillsdale","14"
"401674817","2024","6","false","2108","Catholic","14","216","Susquehanna","48"
"401676428","2024","6","false","297","Hampden-Sydney","31","2258","Guilford College","0"
"401676782","2024","6","false","2839","Greeneville","21","2336","Limestone","49"
"401676421","2024","6","false","2849","Westminster (PA)","14","2686","Washington & Jefferson","21"
"401676441","2024","6","false","2828","Shenandoah","21","2516","Randolph-Macon","22"
"401676725","2024","6","false","2441","New Haven","56","2022","American International","0"
"401628645","2024","6","false","172","Cornell","10","399","UAlbany","31"
"401675000","2024","6","false","268","Lawrence University","14","65","Grinnell","17"
"401654509","2024","6","false","2169","Delaware State","17","2598","St. Francis (PA)","28"
"401654551","2024","6","false","2529","Sacred Heart","10","2450","Norfolk State","3"
"401638665","2024","6","false","2086","Butler","40","2413","Morehead State","6"
"401677465","2024","6","false","2385","Mercyhurst","55","2085","Buffalo State","0"
"401654625","2024","6","false","2230","Fordham","23","322","Lafayette","28"
"401654654","2024","6","false","284","Stonehill","7","2681","Wagner","28"
"401658361","2024","6","false","341","Frostburg State","49","455","West Virginia Wesleyan","16"
"401676731","2024","6","false","2830","St. Anselm","56","126086","Post University","28"
"401676158","2024","6","false","348","Hamilton","7","336","Wesleyan University (CT)","19"
"401676210","2024","6","true","129738","Calvin University","13","2800","Alma","73"
"401674382","2024","6","false","367","Gannon","23","611","Seton Hill","17"
"401675420","2024","6","false","308","Ashland","26","2477","Ohio Dominican","6"
"401673374","2024","6","false","2105","Carson-Newman College","28","122666","Wilson","17"
"401674792","2024","6","false","190","Defiance College","35","2362","Manchester","3"
"401674912","2024","6","false","2790","Albion","38","2003","Adrian","27"
"401674930","2024","6","false","2812","Hope College","42","2651","Trine University","6"
"401676058","2024","6","false","2832","St. Norbert","28","409","Concordia-Wisconsin","10"
"401676186","2024","6","false","2731","Williams","34","340","Bowdoin","14"
"401676238","2024","6","false","2871","Kean","25","2970","William Paterson","18"
"401675380","2024","6","false","2220","Fayetteville State","27","2075","Bowie State","24"
"401673412","2024","6","false","122774","Keystone","14","323","Moravian","55"
"401676257","2024","6","false","2121","Centre College Kentucky","24","386","Trinity University TX","12"
"401676621","2024","6","false","2018","Allegheny","14","2963","Case Western Reserve","58"
"401654512","2024","6","false","2415","Morgan State","41","2339","Lincoln (PA)","0"
"401676922","2024","6","false","2782","Cortland","41","3110","SUNY Morrisville","0"
"401638664","2024","6","false","2166","Davidson","42","2368","Marist","19"
"401673385","2024","6","false","2213","Emory & Henry College","31","2331","Lenoir-Rhyne","20"
"401654472","2024","6","false","159","Dartmouth","20","219","Pennsylvania","17"
"401654589","2024","6","false","2184","Duquesne","47","2341","Long Island University","21"
"401676693","2024","6","false","2551","Shaw","35","124180","Bluefield State","17"
"401638663","2024","6","false","2674","Valparaiso","3","2181","Drake","27"
"401674828","2024","6","false","174","Hobart College","16","175","Ithaca College","7"
"401676219","2024","6","false","2467","Norwich","14","2951","SUNY Maritime","37"
"401675407","2024","6","false","2676","Virginia Union","31","2736","Winston-Salem","13"
"401676628","2024","6","false","2062","Bethany (WV)","22","146","Grove City College","62"
"401676646","2024","6","false","2614","Saint Vincent","13","2242","Geneva","16"
"401674267","2024","6","false","2699","West Liberty","31","2148","Concord University","10"
"401658341","2024","6","false","128","Northern Michigan","14","129","Saginaw Valley State","63"
"401645338","2024","6","false","5","UAB","20","2655","Tulane","71"
"401674749","2024","6","false","365","Alfred University","47","125974","Hilbert College","0"
"401676000","2024","6","false","2896","Southern Virginia","21","2913","Brevard College","55"
"401674784","2024","6","false","2262","Hanover College","41","2419","Mount St. Joseph","49"
"401674766","2024","6","false","2074","Bluffton","37","2023","Anderson (IN)","9"
"401676166","2024","6","false","112","Tufts","24","2977","Trinity (CT)","42"
"401676308","2024","6","false","424","Capital","22","191","Heidelberg","45"
"401676343","2024","6","false","332","Muskingum University","10","2302","John Carroll University","35"
"401674322","2024","6","false","2043","Augustana University (SD)","28","134","Minnesota Duluth","24"
"401632109","2024","6","false","2698","West Georgia","16","2046","Austin Peay","20"
"401674994","2024","6","false","80","Chicago","23","266","Beloit","3"
"401675939","2024","6","false","2745","Wisconsin-Whitewater","21","271","Wisconsin-Oshkosh","14"
"401674181","2024","6","false","2587","Southwest Minnesota State","0","2438","Nebraska-Kearney","35"
"401674959","2024","6","false","2101","Carleton","6","2152","Concordia Moorhead","31"
"401674639","2024","6","false","2810","Hardin-Simmons","35","452","Endicott College","27"
"401676050","2024","6","false","2938","Huntingdon College (AL)","45","2056","Belhaven","31"
"401674586","2024","6","true","6845","Nebraska Wesleyan","34","63","Buena Vista","21"
"401674352","2024","6","false","2134","Clarion","27","2858","PennWest California","31"
"401675617","2024","6","true","2657","Tuskegee","42","60","Morehouse College","0"
"401674952","2024","6","false","2968","Gustavus Adolphus","0","2802","Bethel (MN)","43"
"401675604","2024","6","false","2310","Kentucky State","24","2323","Lane College","20"
"401675287","2024","6","false","2746","Wittenberg","20","2171","Denison University","30"
"401673968","2024","6","false","2106","Carthage","17","72","Elmhurst","23"
"401676404","2024","6","false","366","Ferrum","15","2079","Bridgewater (VA)","41"
"401676032","2024","6","false","6353","Lakeland","42","2283","Benedictine University","21"
"401674934","2024","6","false","354","Olivet College","45","126","Kalamazoo","12"
"401633986","2024","6","false","2630","UT Martin","35","2241","Gardner-Webb","17"
"401634173","2024","6","false","2754","Youngstown State","21","282","Indiana State","14"
"401674428","2024","6","false","2271","Henderson State","52","319","Oklahoma Baptist","7"
"401674595","2024","6","false","2964","Central College","59","2564","Simpson College (IA)","14"
"401674630","2024","6","false","2639","Texas Lutheran","43","2045","Austin","34"
"401674226","2024","6","false","2844","Wayne State (NE)","27","568","Minot State","21"
"401628641","2024","6","false","2261","Hampton","44","227","Rhode Island","46"
"401674738","2024","6","false","396","Wheaton","27","3071","North Central College","55"
"401638343","2024","6","false","2643","The Citadel","16","231","Furman","17"
"401674612","2024","6","false","263","Loras College","10","2141","Coe College","43"
"401674501","2024","6","true","2911","William Jewell","20","2292","Indianapolis","23"
"401673144","2024","6","false","2123","Chadron St","52","2001","Adams State","3"
"401674332","2024","6","false","2851","Winona State","33","2817","Minnesota State Moorhead","6"
"401676708","2024","6","false","2583","Southern Connecticut State","28","2038","Assumption","35"
"401675589","2024","6","false","2805","Clark Atlanta","28","2542","Savannah St","35"
"401676085","2024","6","false","2291","Indiana-Pennsylvania","32","215","Slippery Rock","33"
"401674278","2024","6","false","2986","Fairmont State","34","2707","West Virginia State","45"
"401628642","2024","6","false","257","Richmond","20","2448","North Carolina A&T","17"
"401675977","2024","6","false","2740","Wisconsin-Lacrosse","27","272","Wisconsin-Platteville","30"
"401674880","2024","6","false","293","Castleton","24","2909","Westfield State","10"
"401675389","2024","6","false","2304","Johnson C Smith","21","330","Virginia St","17"
"401676102","2024","6","false","2980","Ohio Wesleyan","14","83","Depauw","53"
"401677469","2024","6","false","7","Amherst","21","2394","Middlebury","29"
"401675988","2024","6","false","2723","Wisconsin-River Falls","71","2738","Wisconsin-Eau Claire","14"
"401674653","2024","6","false","2371","Mary Hardin-Baylor","42","2194","East Texas Baptist University","28"
"401676127","2024","6","false","583","Northwestern (MN)","69","509","Crown College","14"
"401676795","2024","6","false","2842","UVA Wise","0","351","Wingate","33"
"401674552","2024","6","false","2222","Ferris State","55","127991","Roosevelt","13"
"401674979","2024","6","false","133","St. Olaf","41","162","Hamline University","6"
"401675948","2024","6","false","2743","Wisconsin-Stevens Pt","15","2744","Wisconsin-Stout","22"
"401676133","2024","6","false","446","Martin Luther","21","2399","Minnesota Morris","14"
"401673949","2024","6","false","2042","Augustana (IL)","27","75","North Park","30"
"401676120","2024","6","false","433","Westminster College (MO)","14","2257","Greenville","35"
"401674943","2024","6","false","2600","Saint John's (MN)","45","124","Augsburg","20"
"401674727","2024","6","false","306","Illinois Wesleyan","23","143","Washington University (St. Louis)","33"
"401675429","2024","6","false","2316","Kentucky Wesleyan","9","2224","Findlay","49"
"401675991","2024","6","false","2741","Wisconsin-Lutheran","14","2044","Aurora","45"
"401674777","2024","6","false","86","Rose-Hulman","24","2233","Franklin","16"
"401638667","2024","6","false","2900","St. Thomas (MN)","34","56","Stetson","24"
"401633987","2024","6","false","2815","Lindenwood","20","2634","Tennessee State","24"
"401644741","2024","6","false","2050","Ball State","42","2711","Western Michigan","45"
"401674985","2024","6","false","375","St. Scholastica","30","2359","Macalester","28"
"401634153","2024","6","false","2717","Western Carolina","21","2747","Wofford","17"
"401654539","2024","6","false","2635","Tennessee Tech","20","2569","South Carolina State","22"
"401674512","2024","6","false","2876","Lincoln (MO)","40","124179","Lincoln (CA)","14"
"401673959","2024","6","false","32","Carroll University (WI)","49","74","Millikin","14"
"401676252","2024","6","false","2442","College Of New Jersey","20","2818","Montclair State","13"
"401676740","2024","6","false","559","University of Mary","13","3066","Concordia University St Paul","19"
"401676350","2024","6","false","317","Marietta","45","427","Ohio Northern","10"
"401675024","2024","6","false","2155","Cornell College (IA)","37","2891","Ripon","34"
"401654567","2024","6","false","2640","Texas Southern","28","2355","Virginia University Of Lynchburg","10"
"401634193","2024","6","false","93","Murray State","0","233","South Dakota","59"
"401674143","2024","6","false","2403","Missouri Southern State","24","2122","Central Oklahoma","59"
"401673278","2024","6","false","11","Colorado Mesa","14","2146","Colorado School Of Mines","13"
"401633985","2024","6","false","2197","Eastern Illinois","27","2546","Southeast Missouri State","38"
"401674422","2024","6","false","2927","Southwestern Oklahoma State","3","2264","Harding University","57"
"401673448","2024","6","false","2919","Monmouth (IL)","44","2286","Illinois College","24"
"401674176","2024","6","false","90","Pittsburg St","31","137","Missouri Western","20"
"401674155","2024","6","false","2214","Emporia State University","48","196","Northeastern State","14"
"401674487","2024","6","false","199","Southeastern Oklahoma State","9","2888","Ouachita Baptist","25"
"401636356","2024","6","false","2016","Alcorn State","38","2029","Arkansas-Pine Bluff","28"
"401674605","2024","6","false","49","Dubuque","64","67","Luther","7"
"401676741","2024","6","false","2364","Minnesota State Mankato","36","2894","Sioux Falls","40"
"401675493","2024","6","false","490","Benedict College","21","2822","North Greenville","38"
"401634053","2024","6","false","149","Montana","48","2692","Weber State","55"
"401675008","2024","6","false","262","Lake Forest College","42","255","Knox College","0"
"401636347","2024","6","false","2011","Alabama State","13","50","Florida A&M","28"
"401638342","2024","6","false","2535","Samford","27","2678","VMI","3"
"401628643","2024","6","false","2619","Stony Brook","24","222","Villanova","42"
"401635573","2024","6","false","24","Stanford","7","259","Virginia Tech","31"
"401632462","2024","6","false","2193","East Tennessee State","10","236","Chattanooga","17"
"401629033","2024","6","false","41","UConn","29","218","Temple","20"
"401634201","2024","6","false","2449","North Dakota State","41","155","North Dakota","17"
"401643799","2024","6","false","276","Marshall","52","2026","App State","37"
"401674495","2024","6","false","2568","Southern Arkansas","49","200","Southern Nazarene","21"
"401628504","2024","6","false","194","Ohio State","35","2294","Iowa","7"
"401644684","2024","6","false","2649","Toledo","30","193","Miami (OH)","20"
"401645340","2024","6","false","2429","Charlotte","55","151","East Carolina","24"
"401628381","2024","6","false","61","Georgia","31","2","Auburn","13"
"401628382","2024","6","false","2579","South Carolina","3","145","Ole Miss","27"
"401628503","2024","6","true","77","Northwestern","24","84","Indiana","41"
"401674312","2024","6","false","425","Northern State","14","132","Bemidji State","13"
"401644740","2024","6","false","2006","Akron","20","189","Bowling Green","27"
"401675462","2024","6","false","2838","Tiffin","51","2646","Thomas More College","10"
"401674185","2024","6","false","2687","Washburn","34","138","Northwest Missouri St","51"
"401675807","2024","6","false","2940","Livingstone","23","2207","Elizabeth City State","17"
"401674404","2024","6","false","2191","East Central (OK)","42","2028","Arkansas-Monticello","17"
"401677680","2024","6","false","2508","Puget Sound","34","205","Pacific (OR)","62"
"401676280","2024","6","false","2333","Lewis & Clark College","24","415","NEWBERG","21"
"401674233","2024","6","false","2823","Northwestern Oklahoma State","21","2033","Arkansas Tech","44"
"401634054","2024","6","false","147","Montana State","55","2458","Northern Colorado","17"
"401674519","2024","6","false","2816","McKendree","10","2825","Quincy","34"
"401675560","2024","6","false","2703","Western New Mexico","10","2848","Western Oregon","34"
"401675596","2024","6","false","2206","Edward Waters","14","2232","Fort Valley State","48"
"401674906","2024","6","false","18","Bridgewater State","42","402","Worcester St","7"
"401636890","2024","6","false","197","Oklahoma State","14","277","West Virginia","38"
"401676316","2024","6","false","2486","Pacific Lutheran","23","2721","Whitworth","34"
"401633984","2024","6","false","2127","Charleston Southern","20","2710","Western Illinois","31"
"401638666","2024","6","false","301","San Diego","27","2506","Presbyterian","21"
"401634055","2024","6","false","2502","Portland State","26","302","UC Davis","27"
"401628647","2024","6","false","2097","Campbell","14","2428","North Carolina Central","45"
"401676038","2024","6","false","101","Eureka College","27","2151","Concordia University Chicago","31"
"401673259","2024","6","false","2570","CSU Pueblo","67","2424","New Mexico Highlands","28"
"401632117","2024","6","false","2000","Abilene Christian","41","2110","Central Arkansas","34"
"401628508","2024","6","false","158","Nebraska","14","164","Rutgers","7"
"401628384","2024","6","false","238","Vanderbilt","40","333","Alabama","35"
"401676396","2024","6","false","2688","Washington and Lee","35","2047","Averett","0"
"401675611","2024","6","false","2396","Miles College","16","2119","Central State (OH)","7"
"401634052","2024","6","false","70","Idaho","23","2464","Northern Arizona","17"
"401634216","2024","6","false","2460","Northern Iowa","3","2571","South Dakota State","41"
"401675487","2024","6","true","110242","West Florida","31","2401","Mississippi College","0"
"401634253","2024","6","true","2296","Jackson State","45","2010","Alabama A&M","38"
"401632108","2024","6","false","2453","North Alabama","60","3101","Utah Tech","14"
"401676230","2024","6","false","2532","Salisbury","42","3112","Christopher Newport","38"
"401675564","2024","6","false","2019","Allen","17","2013","Albany State GA","57"
"401676010","2024","6","false","286","North Carolina Wesleyan","19","291","Methodist","17"
"401676416","2024","6","false","2757","Berry College","44","2588","Southwestern University","7"
"401628644","2024","6","false","119","Towson","34","2729","William & Mary","27"
"401643724","2024","6","false","204","Oregon State","39","36","Colorado State","31"
"401643801","2024","6","false","2433","UL Monroe","21","256","James Madison","19"
"401634031","2024","6","false","2277","Houston Christian","43","2377","McNeese","22"
"401673154","2024","6","false","613","South Dakota Mines","20","2069","Black Hills State","22"
"401634162","2024","6","false","79","Southern Illinois","10","2287","Illinois State","45"
"401643723","2024","6","false","68","Boise State","62","328","Utah State","30"
"401676149","2024","6","false","33","Colby College","28","121","Bates","26"
"401643800","2024","6","false","2032","Arkansas State","18","6","South Alabama","16"
"401676435","2024","6","false","2102","Carnegie Mellon","42","2845","Waynesburg","0"
"401643802","2024","6","false","2572","Southern Miss","13","309","Louisiana","23"
"401643798","2024","6","false","324","Coastal Carolina","45","295","Old Dominion","37"
"401676301","2024","6","false","2519","Rhodes College","34","418","Hendrix College","29"
"401676764","2024","6","false","15","Anna Maria College","10","2702","Western New England","44"
"401654560","2024","6","false","2582","Southern","7","2447","Nicholls","51"
"401675470","2024","6","false","2170","Delta State","54","2804","Chowan","9"
"401634038","2024","6","false","2545","SE Louisiana","21","2837","East Texas A&M","9"
"401638361","2024","6","false","2916","Incarnate Word","56","2504","Prairie View A&M","28"
"401674529","2024","6","false","2402","Missouri S&T","65","2586","Southwest Baptist","24"
"401676786","2024","6","false","2444","Newberry","9","2369","Mars Hill","34"
"401674540","2024","6","false","389","Upper Iowa University","23","2654","Truman State","26"
"401676202","2024","6","true","101442","CENTENARY","35","101161","LYONCOLL","14"
"401675515","2024","6","false","110243","UT Permian Basin","7","2025","Angelo State","36"
"401676287","2024","6","false","2930","Willamette","0","203","Linfield College","72"
"401635569","2024","6","false","52","Florida State","13","228","Clemson","29"
"401628505","2024","6","false","264","Washington","27","130","Michigan","17"
"401628379","2024","6","false","8","Arkansas","19","2633","Tennessee","14"
"401636889","2024","6","false","66","Iowa State","43","239","Baylor","21"
"401628507","2024","6","false","135","Minnesota","24","30","USC","17"
"401643726","2024","6","false","23","San José State","35","2440","Nevada","31"
"401628380","2024","6","false","57","Florida","24","2116","UCF","13"
"401635570","2024","6","false","59","Georgia Tech","24","150","Duke","14"
"401643725","2024","6","false","21","San Diego State","27","62","Hawai'i","24"
"401632112","2024","6","false","253","Southern Utah","37","2627","Tarleton State","38"
"401634051","2024","6","false","13","Cal Poly","38","304","Idaho State","41"
"401675524","2024","6","false","2201","Eastern New Mexico","28","2120","Central Washington","44"
"401636888","2024","6","false","9","Arizona State","35","2305","Kansas","31"
"401675117","2024","6","false","2617","Stephen F. Austin","59","2466","Northwestern State","17"
"401674113","2024","6","false","2231","Fort Hays State","31","2118","Central Missouri","21"
"401675540","2024","6","false","2658","Texas A&M-Kingsville","40","2395","Midwestern State","13"
"401673243","2024","6","false","2714","Western Colorado","44","2237","Fort Lewis","7"
"401675934","2024","6","false","2923","Pomona Pitzer","14","17","Claremont-Mudd-Scripps College","20"
"401675927","2024","6","false","29","Redlands","38","2318","La Verne","17"
"401676178","2024","6","false","411","Chapman","24","2094","California Lutheran University","20"
"401635568","2024","6","false","25","California","38","2390","Miami","39"
"401636887","2024","6","false","12","Arizona","22","2641","Texas Tech","28"
"401675765","2024","6","false","129469","Anderson (Sc)","41","2107","Catawba","44"
"401640982","2024","7","false","2335","Liberty","31","2229","Florida International","24"
"401641002","2024","7","false","55","Jacksonville State","54","166","New Mexico State","13"
"401674479","2024","7","false","319","Oklahoma Baptist","10","2568","Southern Arkansas","65"
"401643803","2024","7","false","256","James Madison","39","324","Coastal Carolina","7"
"401641030","2024","7","false","98","Western Kentucky","44","2638","UTEP","17"
"401641009","2024","7","false","2348","Louisiana Tech","48","2393","Middle Tennessee","21"
"401644599","2024","7","false","172","Cornell","20","108","Harvard","38"
"401682361","2024","7","false","101","Eureka College","8","6353","Lakeland","49"
"401674683","2024","7","false","2248","Gettysburg","7","118","Johns Hopkins University","51"
"401628513","2024","7","false","120","Maryland","10","77","Northwestern","37"
"401643733","2024","7","false","328","Utah State","34","2439","UNLV","50"
"401636357","2024","7","false","2029","Arkansas-Pine Bluff","21","2504","Prairie View A&M","17"
"401636892","2024","7","false","9","Arizona State","27","254","Utah","19"
"401654576","2024","7","false","2115","Central Connecticut","38","2385","Mercyhurst","20"
"401654596","2024","7","true","2341","Long Island University","31","284","Stonehill","7"
"401676193","2024","7","false","109","MIT","0","2383","Merchant Marine Academy","21"
"401638671","2024","7","false","2368","Marist","32","2900","St. Thomas (MN)","39"
"401654590","2024","7","false","2598","St. Francis (PA)","7","2184","Duquesne","38"
"401676114","2024","7","false","210","Millersville","27","2559","Shippensburg","35"
"401635576","2024","7","false","154","Wake Forest","14","228","Clemson","49"
"401628389","2024","7","false","113","Massachusetts","3","142","Missouri","45"
"401677404","2024","7","true","125974","Hilbert College","6","374","St John Fisher University","52"
"401644745","2024","7","false","2084","Buffalo","30","2649","Toledo","15"
"401645342","2024","7","false","349","Army","44","5","UAB","10"
"401644743","2024","7","false","2309","Kent State","35","2050","Ball State","37"
"401628385","2024","7","false","333","Alabama","27","2579","South Carolina","25"
"401635577","2024","7","false","153","North Carolina","34","59","Georgia Tech","41"
"401654490","2024","7","false","2681","Wagner","6","171","Columbia","24"
"401676011","2024","7","false","286","North Carolina Wesleyan","9","548","Lagrange College","31"
"401674260","2024","7","false","2128","University Of Charleston (WV)","42","112335","Wheeling","23"
"401654473","2024","7","false","43","Yale","43","159","Dartmouth","44"
"401676738","2024","7","false","2487","Pace","26","2830","St. Anselm","20"
"401673413","2024","7","false","323","Moravian","34","2108","Catholic","14"
"401674569","2024","7","false","2392","Michigan Tech","20","110254","Davenport","24"
"401675421","2024","7","false","2224","Findlay","21","308","Ashland","41"
"401676732","2024","7","true","126086","Post University","27","2583","Southern Connecticut State","31"
"401674866","2024","7","false","2015","Albright","10","2969","Misericordia","13"
"401675455","2024","7","true","2646","Thomas More College","3","2886","Northwood (MI)","20"
"401676709","2024","7","false","2038","Assumption","16","2060","Bentley","13"
"401628512","2024","7","false","2294","Iowa","40","264","Washington","16"
"401628517","2024","7","false","164","Rutgers","7","275","Wisconsin","42"
"401638669","2024","7","false","2168","Dayton","16","2166","Davidson","14"
"401676921","2024","7","false","3110","SUNY Morrisville","24","365","Alfred University","14"
"401676717","2024","7","false","2022","American International","14","112334","Franklin Pierce","41"
"401676128","2024","7","false","2257","Greenville","14","583","Northwestern (MN)","34"
"401674715","2024","7","false","110438","Dean College","0","2280","Husson","24"
"401674811","2024","7","false","398","Wilkes","53","2354","Lycoming","28"
"401674850","2024","7","false","2528","Rensselaer","34","2779","St. Lawrence","10"
"401676655","2024","7","true","127954","Eastern University","23","247","Kings College (PA)","35"
"401676095","2024","7","false","2315","Kutztown University","24","209","Lock Haven University","0"
"401676751","2024","7","false","223","West Chester","35","2974","Shepherd","14"
"401673404","2024","7","false","40","Curry College","30","3162","Alfred State","16"
"401654626","2024","7","false","322","Lafayette","0","46","Georgetown","17"
"401674292","2024","7","false","2882","UNC Pembroke","67","2699","West Liberty","20"
"401676019","2024","7","false","291","Methodist","0","2938","Huntingdon College (AL)","42"
"401677401","2024","7","false","3111","Apprentice School","72","274","Maine Maritime","26"
"401673031","2024","7","false","47","Howard","21","2529","Sacred Heart","14"
"401628653","2024","7","false","227","Rhode Island","31","225","Brown","21"
"401634174","2024","7","false","282","Indiana State","31","93","Murray State","27"
"401654638","2024","7","false","107","Holy Cross","19","2230","Fordham","16"
"401676111","2024","7","false","2274","Hiram College","7","352","Kenyon","27"
"401634163","2024","7","false","2287","Illinois State","7","2623","Missouri State","41"
"401638672","2024","7","false","56","Stetson","0","2674","Valparaiso","0"
"401674268","2024","7","false","2707","West Virginia State","44","2148","Concord University","14"
"401674323","2024","7","false","134","Minnesota Duluth","21","425","Northern State","24"
"401675582","2024","7","false","2310","Kentucky State","23","490","Benedict College","21"
"401675590","2024","7","false","2119","Central State (OH)","20","2805","Clark Atlanta","25"
"401676245","2024","7","false","2970","William Paterson","0","2532","Salisbury","63"
"401676253","2024","7","false","2827","Rowan","36","2442","College Of New Jersey","22"
"401676258","2024","7","false","386","Trinity University TX","45","2553","Sewanee","26"
"401628649","2024","7","false","2803","Bryant","17","399","UAlbany","24"
"401677470","2024","7","false","7","Amherst","7","340","Bowdoin","35"
"401677375","2024","7","false","173","Hartwick","0","2781","Brockport","53"
"401676779","2024","7","false","2331","Lenoir-Rhyne","24","2444","Newberry","3"
"401678582","2024","7","false","2667","Ursinus","23","2234","Franklin & Marshall","17"
"401654651","2024","7","false","219","Pennsylvania","31","2083","Bucknell","21"
"401675408","2024","7","false","2676","Virginia Union","35","2207","Elizabeth City State","0"
"401674279","2024","7","false","455","West Virginia Wesleyan","21","2986","Fairmont State","40"
"401675015","2024","7","false","268","Lawrence University","7","262","Lake Forest College","54"
"401674872","2024","7","false","2725","Widener","3","471","Stevenson","10"
"401674383","2024","7","false","215","Slippery Rock","35","367","Gannon","17"
"401674414","2024","7","false","2888","Ouachita Baptist","40","2191","East Central (OK)","0"
"401674673","2024","7","false","3112","Christopher Newport","28","2175","Dickinson (PA)","31"
"401676370","2024","7","false","418","Hendrix College","13","2757","Berry College","42"
"401673432","2024","7","false","111674","Reading","26","2221","FDU-Florham","37"
"401673422","2024","7","false","388","Lebanon Valley","16","2808","Delaware Valley","21"
"401674758","2024","7","false","390","Utica","7","2782","Cortland","45"
"401674944","2024","7","false","124","Augsburg","37","162","Hamline University","27"
"401676410","2024","7","false","2828","Shenandoah","42","366","Ferrum","20"
"401676429","2024","7","false","2688","Washington and Lee","28","297","Hampden-Sydney","26"
"401676001","2024","7","false","2056","Belhaven","38","2896","Southern Virginia","17"
"401675471","2024","7","false","2804","Chowan","31","2560","Shorter","27"
"401676171","2024","7","false","336","Wesleyan University (CT)","23","33","Colby College","17"
"401676442","2024","7","false","2516","Randolph-Macon","63","2258","Guilford College","0"
"401676622","2024","7","false","2644","Thiel","21","2018","Allegheny","7"
"401693676","2024","7","false","2339","Lincoln (PA)","37","124180","Bluefield State","13"
"401628650","2024","7","false","48","Delaware","44","311","Maine","21"
"401673375","2024","7","false","2369","Mars Hill","27","2105","Carson-Newman College","28"
"401674818","2024","7","false","216","Susquehanna","79","122774","Keystone","6"
"401674835","2024","7","false","175","Ithaca College","24","184","University of Rochester (NY)","0"
"401676121","2024","7","false","2399","Minnesota Morris","32","433","Westminster College (MO)","7"
"401676647","2024","7","false","2686","Washington & Jefferson","73","2242","Geneva","21"
"401676694","2024","7","false","2736","Winston-Salem","34","2551","Shaw","14"
"401674333","2024","7","false","2817","Minnesota State Moorhead","19","2364","Minnesota State Mankato","24"
"401676159","2024","7","false","2977","Trinity (CT)","31","348","Hamilton","7"
"401676356","2024","7","false","426","University of Mount Union","78","2733","Wilmington (OH)","19"
"401634154","2024","7","false","2747","Wofford","31","2678","VMI","16"
"401674767","2024","7","false","2362","Manchester","10","2074","Bluffton","42"
"401676309","2024","7","false","2302","John Carroll University","49","424","Capital","14"
"401658362","2024","7","false","2249","Glenville State","9","341","Frostburg State","41"
"401676274","2024","7","false","188","Baldwin Wallace","36","359","Otterbein","7"
"401678696","2024","7","false","2023","Anderson (IN)","0","2419","Mount St. Joseph","49"
"401676362","2024","7","false","427","Ohio Northern","30","332","Muskingum University","42"
"401633988","2024","7","false","2815","Lindenwood","29","2127","Charleston Southern","14"
"401674619","2024","7","false","2564","Simpson College (IA)","21","6845","Nebraska Wesleyan","14"
"401674343","2024","7","false","2071","Bloomsburg","0","2188","East Stroudsburg University","31"
"401674144","2024","7","false","2122","Central Oklahoma","48","138","Northwest Missouri St","20"
"401673969","2024","7","false","143","Washington University (St. Louis)","65","2106","Carthage","16"
"401673386","2024","7","false","2839","Greeneville","21","2213","Emory & Henry College","23"
"401673260","2024","7","false","2424","New Mexico Highlands","33","2123","Chadron St","30"
"401673960","2024","7","false","75","North Park","30","32","Carroll University (WI)","26"
"401674587","2024","7","false","63","Buena Vista","21","2685","Wartburg","70"
"401674960","2024","7","false","133","St. Olaf","19","2101","Carleton","13"
"401674613","2024","7","false","67","Luther","13","263","Loras College","48"
"401673950","2024","7","false","2042","Augustana (IL)","35","72","Elmhurst","21"
"401674733","2024","7","false","74","Millikin","14","3071","North Central College","70"
"401638670","2024","7","false","2413","Morehead State","14","2506","Presbyterian","7"
"401674953","2024","7","false","2802","Bethel (MN)","59","2359","Macalester","0"
"401674785","2024","7","false","2262","Hanover College","37","86","Rose-Hulman","16"
"401673253","2024","7","false","2146","Colorado School Of Mines","45","613","South Dakota Mines","20"
"401674520","2024","7","false","2816","McKendree","37","2586","Southwest Baptist","14"
"401675837","2024","7","false","2894","Sioux Falls","35","3066","Concordia University St Paul","21"
"401674227","2024","7","false","568","Minot State","7","2043","Augustana University (SD)","20"
"401676337","2024","7","false","191","Heidelberg","7","317","Marietta","35"
"401674545","2024","7","false","389","Upper Iowa University","38","2911","William Jewell","31"
"401675774","2024","7","false","2842","UVA Wise","13","129469","Anderson (Sc)","20"
"401676636","2024","7","false","146","Grove City College","17","2102","Carnegie Mellon","10"
"401644685","2024","7","false","2199","Eastern Michigan","14","193","Miami (OH)","38"
"401674156","2024","7","false","2403","Missouri Southern State","30","2214","Emporia State University","49"
"401676137","2024","7","false","509","Crown College","14","446","Martin Luther","30"
"401677462","2024","7","true","2615","St. Xavier IL","45","190","Defiance College","14"
"401674375","2024","7","false","2205","Edinboro University","27","2291","Indiana-Pennsylvania","23"
"401675381","2024","7","false","330","Virginia St","38","2075","Bowie State","17"
"401675413","2024","7","false","2940","Livingstone","24","2220","Fayetteville State","19"
"401674114","2024","7","false","2118","Central Missouri","28","137","Missouri Western","38"
"401658342","2024","7","true","127991","Roosevelt","14","129","Saginaw Valley State","27"
"401632463","2024","7","false","231","Furman","10","236","Chattanooga","41"
"401675992","2024","7","false","409","Concordia-Wisconsin","14","2044","Aurora","42"
"401675982","2024","7","false","271","Wisconsin-Oshkosh","34","2740","Wisconsin-Lacrosse","33"
"401675978","2024","7","false","272","Wisconsin-Platteville","28","2723","Wisconsin-River Falls","7"
"401638668","2024","7","false","2181","Drake","27","2086","Butler","17"
"401628651","2024","7","false","2210","Elon","10","160","New Hampshire","17"
"401676187","2024","7","false","2394","Middlebury","32","2731","Williams","29"
"401674640","2024","7","false","2371","Mary Hardin-Baylor","21","2810","Hardin-Simmons","44"
"401654555","2024","7","false","2428","North Carolina Central","68","2355","Virginia University Of Lynchburg","0"
"401676071","2024","7","false","2283","Benedictine University","0","2832","St. Norbert","14"
"401674728","2024","7","false","396","Wheaton","42","306","Illinois Wesleyan","21"
"401675955","2024","7","false","2738","Wisconsin-Eau Claire","41","2743","Wisconsin-Stevens Pt","0"
"401674649","2024","7","false","2194","East Texas Baptist University","42","2758","Howard Payne","33"
"401628652","2024","7","false","2450","Norfolk State","23","119","Towson","28"
"401675037","2024","7","false","266","Beloit","0","2155","Cornell College (IA)","28"
"401675030","2024","7","false","2151","Concordia University Chicago","45","2524","Rockford","74"
"401676397","2024","7","false","2079","Bridgewater (VA)","63","2047","Averett","7"
"401674973","2024","7","false","2968","Gustavus Adolphus","51","375","St. Scholastica","13"
"401674967","2024","7","false","2152","Concordia Moorhead","31","2600","Saint John's (MN)","38"
"401675574","2024","7","false","2232","Fort Valley State","49","2019","Allen","40"
"401674596","2024","7","false","2141","Coe College","16","2964","Central College","13"
"401674700","2024","7","false","2700","McDaniel College","6","2422","Muhlenberg","34"
"401689233","2024","7","false","65","Grinnell","7","2919","Monmouth (IL)","49"
"401676302","2024","7","false","2588","Southwestern University","45","2519","Rhodes College","22"
"401638344","2024","7","false","2717","Western Carolina","30","2643","The Citadel","16"
"401676363","2024","7","false","2398","Millsaps","20","2121","Centre College Kentucky","24"
"401654513","2024","7","false","2415","Morgan State","24","2771","Merrimack","32"
"401634217","2024","7","false","2571","South Dakota State","63","2754","Youngstown State","13"
"401634208","2024","7","false","79","Southern Illinois","3","2449","North Dakota State","24"
"401673145","2024","7","false","2001","Adams State","10","11","Colorado Mesa","52"
"401675565","2024","7","false","2396","Miles College","32","2013","Albany State GA","21"
"401634254","2024","7","false","2010","Alabama A&M","56","2065","Bethune-Cookman","12"
"401673155","2024","7","false","2069","Black Hills State","14","2714","Western Colorado","35"
"401674182","2024","7","false","2438","Nebraska-Kearney","10","90","Pittsburg St","20"
"401675488","2024","7","false","2401","Mississippi College","0","2695","West Alabama","26"
"401634030","2024","7","false","2466","Northwestern State","21","2837","East Texas A&M","42"
"401675608","2024","7","false","2323","Lane College","17","2657","Tuskegee","27"
"401674405","2024","7","false","2028","Arkansas-Monticello","0","199","Southeastern Oklahoma State","27"
"401675494","2024","7","false","2822","North Greenville","24","2673","Valdosta State","32"
"401674423","2024","7","false","2264","Harding University","62","2823","Northwestern Oklahoma State","0"
"401654499","2024","7","false","2523","Robert Morris","23","2169","Delaware State","0"
"401674829","2024","7","false","2085","Buffalo State","3","174","Hobart College","31"
"401636384","2024","7","false","2755","Grambling","15","2016","Alcorn State","17"
"401675116","2024","7","false","2277","Houston Christian","7","2545","SE Louisiana","37"
"401654564","2024","7","false","233","South Dakota","42","2460","Northern Iowa","17"
"401636348","2024","7","false","2011","Alabama State","54","2400","Mississippi Valley State","17"
"401674429","2024","7","false","200","Southern Nazarene","21","2271","Henderson State","48"
"401675825","2024","7","false","2851","Winona State","48","559","University of Mary","7"
"401675940","2024","7","false","2744","Wisconsin-Stout","29","2745","Wisconsin-Whitewater","27"
"401674631","2024","7","true","101161","LYONCOLL","17","2045","Austin","35"
"401634147","2024","7","false","2382","Mercer","34","163","Princeton","7"
"401628390","2024","7","true","201","Oklahoma","3","251","Texas","34"
"401628516","2024","7","false","30","USC","30","213","Penn State","33"
"401636895","2024","7","false","2116","UCF","13","2132","Cincinnati","19"
"401628511","2024","7","false","356","Illinois","50","2509","Purdue","49"
"401635575","2024","7","false","221","Pittsburgh","17","25","California","15"
"401634137","2024","7","false","2193","East Tennessee State","31","2535","Samford","28"
"401644744","2024","7","false","189","Bowling Green","7","2459","Northern Illinois","17"
"401644742","2024","7","false","2711","Western Michigan","34","2006","Akron","24"
"401643732","2024","7","false","2751","Wyoming","24","21","San Diego State","27"
"401635578","2024","7","false","258","Virginia","20","97","Louisville","24"
"401628981","2024","7","false","87","Notre Dame","49","24","Stanford","7"
"401643729","2024","7","false","36","Colorado State","31","23","San José State","24"
"401643805","2024","7","false","2247","Georgia State","14","295","Old Dominion","21"
"401645341","2024","7","true","58","South Florida","3","235","Memphis","21"
"401634099","2024","7","false","149","Montana","31","2464","Northern Arizona","20"
"401644746","2024","7","false","2117","Central Michigan","25","195","Ohio","27"
"401676322","2024","7","false","2721","Whitworth","48","2930","Willamette","0"
"401675464","2024","7","false","2838","Tiffin","31","2477","Ohio Dominican","13"
"401676288","2024","7","false","203","Linfield College","47","2333","Lewis & Clark College","14"
"401674353","2024","7","false","611","Seton Hill","21","2858","PennWest California","28"
"401678917","2024","7","false","253","Southern Utah","42","2198","Eastern Kentucky","21"
"401636893","2024","7","false","252","BYU","41","12","Arizona","19"
"401675436","2024","7","false","2273","Hillsdale","35","2682","Walsh","36"
"401673266","2024","7","false","2237","Fort Lewis","24","2570","CSU Pueblo","58"
"401633991","2024","7","false","2710","Western Illinois","17","2630","UT Martin","45"
"401676199","2024","7","false","17","Claremont-Mudd-Scripps College","13","411","Chapman","41"
"401675479","2024","7","true","110242","West Florida","40","2170","Delta State","28"
"401675118","2024","7","false","2320","Lamar","20","2617","Stephen F. Austin","27"
"401633990","2024","7","false","2546","Southeast Missouri State","34","2635","Tennessee Tech","3"
"401675532","2024","7","false","2848","Western Oregon","49","2201","Eastern New Mexico","20"
"401628386","2024","7","false","61","Georgia","41","344","Mississippi State","31"
"401676422","2024","7","false","2062","Bethany (WV)","7","2849","Westminster (PA)","49"
"401675444","2024","7","false","2316","Kentucky Wesleyan","23","437","Lake Erie","29"
"401643807","2024","7","false","2433","UL Monroe","38","2572","Southern Miss","21"
"401632136","2024","7","false","2110","Central Arkansas","34","2698","West Georgia","33"
"401674234","2024","7","false","2033","Arkansas Tech","29","2927","Southwestern Oklahoma State","19"
"401675766","2024","7","false","2107","Catawba","33","2336","Limestone","36"
"401675842","2024","7","false","2587","Southwest Minnesota State","7","2844","Wayne State (NE)","41"
"401674659","2024","7","true","101442","CENTENARY","10","241","McMurry","28"
"401676055","2024","7","false","2913","Brevard College","42","2256","Greensboro College","9"
"401675757","2024","7","false","351","Wingate","50","122666","Wilson","0"
"401634058","2024","7","false","304","Idaho State","38","2502","Portland State","42"
"401633989","2024","7","false","2634","Tennessee State","41","2197","Eastern Illinois","17"
"401676150","2024","7","false","121","Bates","22","112","Tufts","45"
"401676239","2024","7","false","2818","Montclair State","13","2871","Kean","16"
"401675616","2024","7","false","2542","Savannah St","30","124179","Lincoln (CA)","18"
"401674502","2024","7","false","2292","Indianapolis","47","2825","Quincy","10"
"401645343","2024","7","false","2226","Florida Atlantic","37","249","North Texas","41"
"401643730","2024","7","false","278","Fresno State","17","265","Washington State","25"
"401674513","2024","7","false","196","Northeastern State","55","2876","Lincoln (MO)","7"
"401634019","2024","7","false","2916","Incarnate Word","55","2447","Nicholls","10"
"401632113","2024","7","false","2453","North Alabama","47","2000","Abilene Christian","34"
"401643808","2024","7","false","326","Texas State","41","2032","Arkansas State","9"
"401676640","2024","7","false","2963","Case Western Reserve","49","2614","Saint Vincent","0"
"401643727","2024","7","false","167","New Mexico","52","2005","Air Force","37"
"401645344","2024","7","false","242","Rice","29","2636","UTSA","27"
"401654547","2024","7","false","2640","Texas Southern","19","2582","Southern","22"
"401675288","2024","7","false","2746","Wittenberg","17","2980","Ohio Wesleyan","6"
"401634056","2024","7","false","302","UC Davis","56","13","Cal Poly","10"
"401676317","2024","7","false","205","Pacific (OR)","18","2486","Pacific Lutheran","34"
"401675280","2024","7","false","2748","Wooster","30","2171","Denison University","48"
"401632114","2024","7","false","2627","Tarleton State","42","3101","Utah Tech","0"
"401675516","2024","7","false","2025","Angelo State","38","2658","Texas A&M-Kingsville","0"
"401675009","2024","7","false","2891","Ripon","24","255","Knox College","17"
"401676281","2024","7","false","415","NEWBERG","40","2508","Puget Sound","14"
"401673449","2024","7","false","2286","Illinois College","50","80","Chicago","37"
"401628391","2024","7","false","2633","Tennessee","23","57","Florida","17"
"401674530","2024","7","false","2654","Truman State","48","2402","Missouri S&T","17"
"401674562","2024","7","false","125","Grand Valley State University","49","128","Northern Michigan","17"
"401628388","2024","7","false","99","LSU","29","145","Ole Miss","26"
"401643731","2024","7","false","2440","Nevada","42","204","Oregon State","37"
"401643806","2024","7","false","309","Louisiana","34","2026","App State","24"
"401628515","2024","7","false","2483","Oregon","32","194","Ohio State","31"
"401628387","2024","7","false","96","Kentucky","13","238","Vanderbilt","20"
"401635574","2024","7","false","152","NC State","17","183","Syracuse","24"
"401675541","2024","7","false","2395","Midwestern State","40","2834","Sul Ross State","21"
"401674163","2024","7","false","2231","Fort Hays State","38","2687","Washburn","7"
"401676179","2024","7","false","2318","La Verne","17","2094","California Lutheran University","31"
"401675559","2024","7","false","2704","West Texas A&M","42","2703","Western New Mexico","17"
"401634101","2024","7","false","2692","Weber State","17","2458","Northern Colorado","21"
"401643804","2024","7","false","290","Georgia Southern","24","276","Marshall","23"
"401636896","2024","7","false","277","West Virginia","16","66","Iowa State","28"
"401634057","2024","7","false","16","Sacramento State","28","331","Eastern Washington","35"
"401675525","2024","7","false","2120","Central Washington","13","110243","UT Permian Basin","14"
"401628514","2024","7","false","26","UCLA","17","135","Minnesota","21"
"401675928","2024","7","false","2923","Pomona Pitzer","10","29","Redlands","7"
"401634100","2024","7","false","147","Montana State","38","70","Idaho","7"
"401636894","2024","7","false","38","Colorado","28","2306","Kansas State","31"
"401643728","2024","7","false","62","Hawai'i","7","68","Boise State","28"
"401674553","2024","7","false","131","Wayne State (MI)","14","2222","Ferris State","27"
"401675296","2024","7","false","391","Oberlin","0","89","Wabash College","52"
"401643809","2024","8","false","6","South Alabama","25","2653","Troy","9"
"401641019","2024","8","false","2393","Middle Tennessee","14","338","Kennesaw State","5"
"401641010","2024","8","false","166","New Mexico State","33","2348","Louisiana Tech","30"
"401641038","2024","8","false","2534","Sam Houston","14","98","Western Kentucky","31"
"401640983","2024","8","false","2638","UTEP","30","2229","Florida International","21"
"401643810","2024","8","false","276","Marshall","35","2247","Georgia State","20"
"401634768","2024","8","false","259","Virginia Tech","42","103","Boston College","21"
"401654457","2024","8","false","163","Princeton","29","225","Brown","17"
"401675941","2024","8","false","2745","Wisconsin-Whitewater","66","2743","Wisconsin-Stevens Pt","0"
"401634769","2024","8","false","150","Duke","23","52","Florida State","16"
"401628523","2024","8","false","2509","Purdue","0","2483","Oregon","35"
"401636898","2024","8","false","252","BYU","38","197","Oklahoma State","35"
"401643735","2024","8","false","2440","Nevada","21","278","Fresno State","24"
"401676666","2024","8","false","3110","SUNY Morrisville","28","390","Utica","26"
"401674376","2024","8","false","2134","Clarion","29","2205","Edinboro University","28"
"401674280","2024","8","false","2986","Fairmont State","37","2882","UNC Pembroke","28"
"401673423","2024","8","false","2808","Delaware Valley","33","2221","FDU-Florham","8"
"401676056","2024","8","false","2256","Greensboro College","20","2056","Belhaven","30"
"401674907","2024","8","false","402","Worcester St","7","379","UMass Dartmouth","58"
"401676115","2024","8","false","2974","Shepherd","35","210","Millersville","21"
"401674824","2024","8","false","122774","Keystone","24","398","Wilkes","69"
"401674812","2024","8","false","2354","Lycoming","12","2108","Catholic","14"
"401676227","2024","8","false","81","Springfield","48","109","MIT","0"
"401636899","2024","8","false","2132","Cincinnati","24","9","Arizona State","14"
"401674891","2024","8","false","114","Fitchburg State","3","110","Mass Maritime","21"
"401628524","2024","8","false","164","Rutgers","32","26","UCLA","35"
"401628522","2024","8","true","77","Northwestern","3","275","Wisconsin","23"
"401677410","2024","8","false","2588","Southwestern University","14","2398","Millsaps","17"
"401675430","2024","8","false","2477","Ohio Dominican","10","2224","Findlay","26"
"401654618","2024","8","false","43","Yale","38","2329","Lehigh","23"
"401676783","2024","8","false","2336","Limestone","12","351","Wingate","38"
"401677396","2024","8","true","125974","Hilbert College","0","2781","Brockport","51"
"401677467","2024","8","false","2969","Misericordia","24","2725","Widener","20"
"401654647","2024","8","false","2681","Wagner","14","2598","St. Francis (PA)","0"
"401674684","2024","8","false","2422","Muhlenberg","58","2248","Gettysburg","42"
"401676194","2024","8","false","2383","Merchant Marine Academy","49","2467","Norwich","7"
"401673405","2024","8","false","3162","Alfred State","58","110438","Dean College","0"
"401674302","2024","8","false","112335","Wheeling","35","2707","West Virginia State","33"
"401643811","2024","8","false","324","Coastal Carolina","24","309","Louisiana","34"
"401634034","2024","8","false","2447","Nicholls","20","2466","Northwestern State","0"
"401654597","2024","8","false","2523","Robert Morris","45","2341","Long Island University","31"
"401629034","2024","8","false","41","UConn","20","154","Wake Forest","23"
"401645346","2024","8","false","349","Army","45","151","East Carolina","28"
"401644600","2024","8","false","108","Harvard","35","107","Holy Cross","34"
"401628395","2024","8","false","142","Missouri","21","2","Auburn","17"
"401675422","2024","8","true","2646","Thomas More College","3","308","Ashland","28"
"401635588","2024","8","false","228","Clemson","48","258","Virginia","31"
"401628519","2024","8","false","84","Indiana","56","158","Nebraska","7"
"401635589","2024","8","false","97","Louisville","45","2390","Miami","52"
"401675465","2024","8","false","2682","Walsh","21","2838","Tiffin","38"
"401675985","2024","8","false","2738","Wisconsin-Eau Claire","7","2740","Wisconsin-Lacrosse","34"
"401654627","2024","8","false","322","Lafayette","31","2529","Sacred Heart","17"
"401628396","2024","8","false","201","Oklahoma","9","2579","South Carolina","35"
"401675289","2024","8","false","352","Kenyon","7","2746","Wittenberg","27"
"401674750","2024","8","false","365","Alfred University","17","2782","Cortland","59"
"401674298","2024","8","false","2699","West Liberty","21","455","West Virginia Wesleyan","9"
"401676726","2024","8","false","2583","Southern Connecticut State","0","2441","New Haven","21"
"401654491","2024","8","false","219","Pennsylvania","17","171","Columbia","23"
"401674836","2024","8","false","175","Ithaca College","33","2528","Rensselaer","14"
"401674693","2024","8","false","118","Johns Hopkins University","13","2234","Franklin & Marshall","6"
"401654474","2024","8","false","159","Dartmouth","20","2115","Central Connecticut","16"
"401676276","2024","8","false","2970","William Paterson","7","2667","Ursinus","49"
"401674862","2024","8","false","237","Union (NY)","31","2085","Buffalo State","10"
"401676365","2024","8","false","2121","Centre College Kentucky","35","418","Hendrix College","18"
"401682323","2024","8","false","2060","Bentley","27","2022","American International","14"
"401676656","2024","8","false","111674","Reading","14","127954","Eastern University","22"
"401674867","2024","8","false","471","Stevenson","48","2015","Albright","3"
"401676436","2024","8","false","2845","Waynesburg","34","2062","Bethany (WV)","14"
"401676423","2024","8","false","2849","Westminster (PA)","56","2614","Saint Vincent","0"
"401676259","2024","8","false","2519","Rhodes College","14","386","Trinity University TX","38"
"401676246","2024","8","false","2532","Salisbury","44","2818","Montclair State","8"
"401676231","2024","8","false","3112","Christopher Newport","24","2827","Rowan","7"
"401675591","2024","8","false","2805","Clark Atlanta","28","2396","Miles College","49"
"401676096","2024","8","false","2559","Shippensburg","2","2315","Kutztown University","31"
"401674931","2024","8","false","126","Kalamazoo","18","2812","Hope College","49"
"401676027","2024","8","false","2373","Maryville College (TN)","44","2938","Huntingdon College (AL)","16"
"401677471","2024","8","false","33","Colby College","38","7","Amherst","7"
"401675472","2024","8","false","2804","Chowan","6","110242","West Florida","35"
"401675390","2024","8","false","2207","Elizabeth City State","7","330","Virginia St","36"
"401628655","2024","8","false","311","Maine","35","222","Villanova","7"
"401676765","2024","8","false","2702","Western New England","47","40","Curry College","21"
"401677455","2024","8","false","417","Gallaudet","39","15","Anna Maria College","34"
"401676039","2024","8","false","2832","St. Norbert","62","2151","Concordia University Chicago","0"
"401674830","2024","8","false","2779","St. Lawrence","3","174","Hobart College","39"
"401628656","2024","8","false","2448","North Carolina A&T","17","2261","Hampton","59"
"401675297","2024","8","false","89","Wabash College","56","2274","Hiram College","7"
"401674805","2024","8","false","216","Susquehanna","66","246","Juniata College","21"
"401673376","2024","8","false","2105","Carson-Newman College","35","2842","UVA Wise","23"
"401674514","2024","8","false","2876","Lincoln (MO)","3","389","Upper Iowa University","31"
"401675801","2024","8","false","2304","Johnson C Smith","21","2551","Shaw","14"
"401628659","2024","8","false","160","New Hampshire","9","227","Rhode Island","26"
"401674554","2024","8","false","2222","Ferris State","51","2392","Michigan Tech","13"
"401628660","2024","8","false","2405","Monmouth","55","2803","Bryant","17"
"401673387","2024","8","true","129469","Anderson (Sc)","3","2213","Emory & Henry College","34"
"401673440","2024","8","false","247","Kings College (PA)","28","388","Lebanon Valley","13"
"401674269","2024","8","false","2148","Concord University","21","2249","Glenville State","24"
"401676160","2024","8","false","112","Tufts","20","348","Hamilton","13"
"401674920","2024","8","false","2800","Alma","40","2790","Albion","30"
"401674674","2024","8","false","2175","Dickinson (PA)","24","2700","McDaniel College","0"
"401676710","2024","8","false","2830","St. Anselm","20","2038","Assumption","14"
"401658363","2024","8","false","341","Frostburg State","7","2128","University Of Charleston (WV)","48"
"401676122","2024","8","false","433","Westminster College (MO)","13","509","Crown College","30"
"401675409","2024","8","false","2339","Lincoln (PA)","12","2676","Virginia Union","63"
"401676775","2024","8","false","111675","Biddeford","7","452","Endicott College","39"
"401682362","2024","8","false","2394","Middlebury","24","2977","Trinity (CT)","21"
"401676718","2024","8","true","112334","Franklin Pierce","55","126086","Post University","20"
"401676172","2024","8","false","340","Bowdoin","14","336","Wesleyan University (CT)","17"
"401676151","2024","8","false","2731","Williams","24","121","Bates","21"
"401676138","2024","8","false","2257","Greenville","42","446","Martin Luther","35"
"401675445","2024","8","false","2886","Northwood (MI)","20","2316","Kentucky Wesleyan","27"
"401674575","2024","8","false","128","Northern Michigan","10","127991","Roosevelt","16"
"401675382","2024","8","false","2075","Bowie State","54","124180","Bluefield State","0"
"401674334","2024","8","false","3066","Concordia University St Paul","31","2817","Minnesota State Moorhead","34"
"401674938","2024","8","false","2651","Trine University","35","354","Olivet College","28"
"401638676","2024","8","false","2166","Davidson","70","56","Stetson","48"
"401638674","2024","8","false","2506","Presbyterian","16","2181","Drake","19"
"401638673","2024","8","false","2086","Butler","14","2168","Dayton","21"
"401654612","2024","8","false","2771","Merrimack","48","284","Stonehill","28"
"401628657","2024","8","false","119","Towson","24","2619","Stony Brook","52"
"401654507","2024","8","false","2083","Bucknell","21","172","Cornell","34"
"401654643","2024","8","false","2142","Colgate","38","46","Georgetown","28"
"401676372","2024","8","false","2733","Wilmington (OH)","31","359","Otterbein","21"
"401674786","2024","8","false","2023","Anderson (IN)","0","2262","Hanover College","35"
"401676310","2024","8","false","424","Capital","41","427","Ohio Northern","42"
"401677498","2024","8","false","2557","Coast Guard","28","2776","Salve Regina","34"
"401633993","2024","8","false","2241","Gardner-Webb","42","2815","Lindenwood","35"
"401674799","2024","8","false","86","Rose-Hulman","29","190","Defiance College","25"
"401632464","2024","8","false","236","Chattanooga","37","2747","Wofford","5"
"401676338","2024","8","false","426","University of Mount Union","52","191","Heidelberg","10"
"401638346","2024","8","false","2678","VMI","10","2643","The Citadel","13"
"401674778","2024","8","false","2362","Manchester","0","2233","Franklin","49"
"401674768","2024","8","false","2419","Mount St. Joseph","63","2074","Bluffton","27"
"401675605","2024","8","false","2657","Tuskegee","38","2310","Kentucky State","24"
"401674995","2024","8","false","266","Beloit","10","268","Lawrence University","24"
"401675002","2024","8","false","65","Grinnell","22","262","Lake Forest College","42"
"401675025","2024","8","false","2891","Ripon","6","80","Chicago","30"
"401675031","2024","8","false","2044","Aurora","69","2524","Rockford","0"
"401645351","2024","8","false","218","Temple","20","202","Tulsa","10"
"401676059","2024","8","false","409","Concordia-Wisconsin","39","101","Eureka College","0"
"401676266","2024","8","false","2757","Berry College","53","2553","Sewanee","10"
"401676033","2024","8","false","2283","Benedictine University","7","2741","Wisconsin-Lutheran","10"
"401673970","2024","8","false","2106","Carthage","13","396","Wheaton","50"
"401674145","2024","8","false","196","Northeastern State","57","2122","Central Oklahoma","64"
"401673976","2024","8","false","72","Elmhurst","10","143","Washington University (St. Louis)","49"
"401644750","2024","8","false","2199","Eastern Michigan","38","2117","Central Michigan","34"
"401675949","2024","8","false","2723","Wisconsin-River Falls","40","2744","Wisconsin-Stout","37"
"401676275","2024","8","false","2302","John Carroll University","20","188","Baldwin Wallace","16"
"401632118","2024","8","false","2698","West Georgia","41","2560","Shorter","13"
"401638677","2024","8","false","2674","Valparaiso","14","2900","St. Thomas (MN)","42"
"401654540","2024","8","false","2569","South Carolina State","30","2232","Fort Valley State","3"
"401634202","2024","8","false","155","North Dakota","31","2460","Northern Iowa","7"
"401638345","2024","8","false","231","Furman","20","2717","Western Carolina","52"
"401674324","2024","8","false","2894","Sioux Falls","24","134","Minnesota Duluth","21"
"401676129","2024","8","false","583","Northwestern (MN)","44","2399","Minnesota Morris","13"
"401675758","2024","8","false","122666","Wilson","0","2331","Lenoir-Rhyne","20"
"401674990","2024","8","false","133","St. Olaf","36","375","St. Scholastica","33"
"401674974","2024","8","false","2359","Macalester","7","2968","Gustavus Adolphus","36"
"401674961","2024","8","false","2101","Carleton","7","2600","Saint John's (MN)","48"
"401674580","2024","8","false","110254","Davenport","43","131","Wayne State (MI)","26"
"401674597","2024","8","false","2964","Central College","56","67","Luther","3"
"401674632","2024","8","false","2045","Austin","17","2639","Texas Lutheran","55"
"401674968","2024","8","false","162","Hamline University","7","2152","Concordia Moorhead","41"
"401676411","2024","8","false","366","Ferrum","41","297","Hampden-Sydney","36"
"401658353","2024","8","false","2822","North Greenville","52","101784","ERSKINE","35"
"401674541","2024","8","false","2825","Quincy","21","2654","Truman State","28"
"401674531","2024","8","true","2911","William Jewell","28","2402","Missouri S&T","49"
"401674172","2024","8","false","2687","Washburn","42","2403","Missouri Southern State","21"
"401674503","2024","8","false","2816","McKendree","34","2292","Indianapolis","42"
"401674313","2024","8","false","132","Bemidji State","21","568","Minot State","9"
"401673951","2024","8","false","32","Carroll University (WI)","30","2042","Augustana (IL)","20"
"401673450","2024","8","false","255","Knox College","34","2286","Illinois College","77"
"401689231","2024","8","false","2155","Cornell College (IA)","28","2919","Monmouth (IL)","38"
"401682328","2024","8","false","2951","SUNY Maritime","42","2749","Worcester Polytechnic Institute","35"
"401675566","2024","8","false","2013","Albany State GA","52","60","Morehouse College","6"
"401674945","2024","8","false","2802","Bethel (MN)","73","124","Augsburg","8"
"401675533","2024","8","false","2201","Eastern New Mexico","24","2704","West Texas A&M","42"
"401682278","2024","8","false","2909","Westfield State","7","2967","Framingham State","21"
"401674729","2024","8","false","306","Illinois Wesleyan","51","74","Millikin","8"
"401675829","2024","8","false","2043","Augustana University (SD)","31","2851","Winona State","0"
"401676091","2024","8","false","2171","Denison University","34","83","Depauw","53"
"401676086","2024","8","false","2291","Indiana-Pennsylvania","20","611","Seton Hill","13"
"401674620","2024","8","true","6845","Nebraska Wesleyan","0","2141","Coe College","50"
"401674606","2024","8","false","263","Loras College","42","49","Dubuque","49"
"401674624","2024","8","false","2685","Wartburg","46","2564","Simpson College (IA)","21"
"401676787","2024","8","false","2369","Mars Hill","30","2839","Greeneville","3"
"401674881","2024","8","false","293","Castleton","6","2972","Plymouth State","21"
"401675979","2024","8","false","271","Wisconsin-Oshkosh","24","272","Wisconsin-Platteville","17"
"401674716","2024","8","false","2280","Husson","56","2884","Nichols College","22"
"401675437","2024","8","false","437","Lake Erie","10","2273","Hillsdale","28"
"401673244","2024","8","false","2714","Western Colorado","35","613","South Dakota Mines","24"
"401673236","2024","8","false","2570","CSU Pueblo","24","2069","Black Hills State","21"
"401675843","2024","8","false","559","University of Mary","0","2844","Wayne State (NE)","30"
"401636358","2024","8","false","2755","Grambling","31","2029","Arkansas-Pine Bluff","21"
"401636366","2024","8","false","2400","Mississippi Valley State","10","2065","Bethune-Cookman","20"
"401673261","2024","8","false","11","Colorado Mesa","21","2424","New Mexico Highlands","10"
"401673146","2024","8","false","2001","Adams State","14","2146","Colorado School Of Mines","56"
"401674164","2024","8","false","90","Pittsburg St","18","2231","Fort Hays State","17"
"401634164","2024","8","false","93","Murray State","32","2287","Illinois State","40"
"401634175","2024","8","false","2623","Missouri State","46","282","Indiana State","21"
"401676211","2024","8","false","2003","Adrian","30","129738","Calvin University","10"
"401634148","2024","8","false","2535","Samford","55","2382","Mercer","35"
"401675609","2024","8","false","2323","Lane College","27","2119","Central State (OH)","24"
"401674115","2024","8","false","138","Northwest Missouri St","30","2118","Central Missouri","35"
"401674430","2024","8","false","2271","Henderson State","19","2568","Southern Arkansas","42"
"401674491","2024","8","false","199","Southeastern Oklahoma State","40","200","Southern Nazarene","14"
"401676002","2024","8","false","291","Methodist","17","2896","Southern Virginia","21"
"401687156","2024","8","false","374","St John Fisher University","56","173","Hartwick","0"
"401676203","2024","8","true","101161","LYONCOLL","21","101442","CENTENARY","28"
"401675489","2024","8","false","2673","Valdosta State","35","2401","Mississippi College","10"
"401673267","2024","8","false","2123","Chadron St","55","2237","Fort Lewis","13"
"401674177","2024","8","false","137","Missouri Western","23","2438","Nebraska-Kearney","24"
"401676240","2024","8","false","2442","College Of New Jersey","48","2871","Kean","7"
"401674354","2024","8","false","2858","PennWest California","28","215","Slippery Rock","7"
"401658343","2024","8","false","129","Saginaw Valley State","9","125","Grand Valley State University","16"
"401628397","2024","8","false","2633","Tennessee","24","333","Alabama","17"
"401628518","2024","8","false","356","Illinois","21","130","Michigan","7"
"401635587","2024","8","false","25","California","23","152","NC State","24"
"401644748","2024","8","false","189","Bowling Green","27","2309","Kent State","6"
"401628982","2024","8","true","59","Georgia Tech","13","87","Notre Dame","31"
"401644749","2024","8","false","2084","Buffalo","41","2711","Western Michigan","48"
"401636901","2024","8","true","2305","Kansas","42","248","Houston","14"
"401645345","2024","8","false","58","South Florida","35","5","UAB","25"
"401628661","2024","8","false","399","UAlbany","14","2210","Elon","30"
"401645350","2024","8","false","2655","Tulane","24","242","Rice","10"
"401676044","2024","8","false","2913","Brevard College","21","548","Lagrange College","26"
"401643736","2024","8","false","265","Washington State","42","62","Hawai'i","10"
"401674650","2024","8","false","2758","Howard Payne","0","2371","Mary Hardin-Baylor","41"
"401645347","2024","8","false","2426","Navy","51","2429","Charlotte","17"
"401628654","2024","8","false","2729","William & Mary","35","2097","Campbell","28"
"401636375","2024","8","false","2296","Jackson State","35","50","Florida A&M","21"
"401628658","2024","8","false","257","Richmond","28","48","Delaware","9"
"401643813","2024","8","false","295","Old Dominion","24","326","Texas State","14"
"401645348","2024","8","false","2636","UTSA","38","2226","Florida Atlantic","24"
"401644686","2024","8","false","193","Miami (OH)","30","195","Ohio","20"
"401644751","2024","8","false","2459","Northern Illinois","6","2649","Toledo","13"
"401655635","2024","8","false","47","Howard","14","2634","Tennessee State","27"
"401628521","2024","8","false","120","Maryland","29","30","USC","28"
"401636897","2024","8","false","12","Arizona","7","38","Colorado","34"
"401643812","2024","8","false","290","Georgia Southern","28","256","James Madison","14"
"401643738","2024","8","false","23","San José State","24","2751","Wyoming","14"
"401675935","2024","8","false","17","Claremont-Mudd-Scripps College","57","2318","La Verne","14"
"401633994","2024","8","false","2710","Western Illinois","37","2635","Tennessee Tech","21"
"401634104","2024","8","false","2464","Northern Arizona","30","304","Idaho State","26"
"401634105","2024","8","false","2502","Portland State","14","147","Montana State","44"
"401676318","2024","8","false","2486","Pacific Lutheran","50","2930","Willamette","0"
"401643737","2024","8","false","328","Utah State","45","167","New Mexico","50"
"401636902","2024","8","false","2641","Texas Tech","35","239","Baylor","59"
"401676323","2024","8","false","2508","Puget Sound","24","2721","Whitworth","42"
"401675808","2024","8","false","2940","Livingstone","17","2736","Winston-Salem","31"
"401674415","2024","8","false","2191","East Central (OK)","20","2823","Northwestern Oklahoma State","14"
"401634102","2024","8","false","70","Idaho","34","13","Cal Poly","29"
"401676447","2024","8","false","2258","Guilford College","23","2688","Washington and Lee","40"
"401632134","2024","8","false","3101","Utah Tech","7","2046","Austin Peay","13"
"401677681","2024","8","false","2333","Lewis & Clark College","51","205","Pacific (OR)","37"
"401632137","2024","8","false","2000","Abilene Christian","34","2198","Eastern Kentucky","20"
"401676398","2024","8","false","2047","Averett","10","2516","Randolph-Macon","49"
"401633992","2024","8","false","2127","Charleston Southern","13","2546","Southeast Missouri State","26"
"401628394","2024","8","false","344","Mississippi State","24","245","Texas A&M","34"
"401634033","2024","8","false","2837","East Texas A&M","20","2320","Lamar","29"
"401634022","2024","8","false","2916","Incarnate Word","30","2377","McNeese","17"
"401674235","2024","8","false","2028","Arkansas-Monticello","24","2033","Arkansas Tech","13"
"401675480","2024","8","false","2170","Delta State","21","2695","West Alabama","6"
"401675974","2024","8","false","2843","Western Connecticut St","49","18","Bridgewater State","7"
"401638675","2024","8","false","301","San Diego","34","2368","Marist","6"
"401675119","2024","8","false","2545","SE Louisiana","24","2617","Stephen F. Austin","23"
"401675598","2024","8","false","2206","Edward Waters","20","2542","Savannah St","27"
"401634248","2024","8","false","2754","Youngstown State","17","233","South Dakota","27"
"401674344","2024","8","false","209","Lock Haven University","35","2071","Bloomsburg","32"
"401676641","2024","8","false","2963","Case Western Reserve","52","2644","Thiel","7"
"401676649","2024","8","false","2686","Washington & Jefferson","27","146","Grove City College","19"
"401676405","2024","8","false","2079","Bridgewater (VA)","22","2828","Shenandoah","21"
"401675767","2024","8","false","2107","Catawba","21","2444","Newberry","27"
"401674368","2024","8","false","2188","East Stroudsburg University","45","223","West Chester","31"
"401654561","2024","8","false","2582","Southern","24","2016","Alcorn State","14"
"401674641","2024","8","false","241","McMurry","12","2810","Hardin-Simmons","17"
"401634103","2024","8","false","331","Eastern Washington","38","302","UC Davis","48"
"401674480","2024","8","false","319","Oklahoma Baptist","35","2927","Southwestern Oklahoma State","17"
"401628399","2024","8","false","238","Vanderbilt","24","2050","Ball State","14"
"401674739","2024","8","false","3071","North Central College","69","75","North Park","0"
"401676623","2024","8","false","2242","Geneva","30","2018","Allegheny","13"
"401675819","2024","8","false","425","Northern State","41","2587","Southwest Minnesota State","7"
"401675281","2024","8","false","2748","Wooster","22","2980","Ohio Wesleyan","34"
"401676351","2024","8","false","332","Muskingum University","6","317","Marietta","38"
"401628392","2024","8","false","8","Arkansas","10","99","LSU","34"
"401675556","2024","8","false","110243","UT Permian Basin","27","2848","Western Oregon","30"
"401643814","2024","8","false","2572","Southern Miss","28","2032","Arkansas State","44"
"401675575","2024","8","false","2019","Allen","27","490","Benedict College","34"
"401676282","2024","8","false","415","NEWBERG","7","203","Linfield College","47"
"401628520","2024","8","false","127","Michigan State","32","2294","Iowa","20"
"401645349","2024","8","false","235","Memphis","52","249","North Texas","44"
"401636900","2024","8","false","66","Iowa State","38","2116","UCF","35"
"401636904","2024","8","false","277","West Virginia","18","2306","Kansas State","45"
"401628398","2024","8","false","251","Texas","15","61","Georgia","30"
"401628393","2024","8","false","57","Florida","48","96","Kentucky","20"
"401675517","2024","8","false","2395","Midwestern State","7","2025","Angelo State","44"
"401675526","2024","8","false","2658","Texas A&M-Kingsville","0","2120","Central Washington","31"
"401675549","2024","8","false","2834","Sul Ross State","34","2703","Western New Mexico","20"
"401674424","2024","8","false","2888","Ouachita Baptist","17","2264","Harding University","13"
"401635590","2024","8","false","24","Stanford","10","2567","SMU","40"
"401634209","2024","8","false","2449","North Dakota State","13","2571","South Dakota State","9"
"401643734","2024","8","false","2005","Air Force","13","36","Colorado State","21"
"401634106","2024","8","false","16","Sacramento State","51","2692","Weber State","48"
"401676180","2024","8","false","2094","California Lutheran University","15","29","Redlands","17"
"401643739","2024","8","false","204","Oregon State","25","2439","UNLV","33"
"401676200","2024","8","false","411","Chapman","17","2923","Pomona Pitzer","21"
"401636903","2024","8","false","254","Utah","7","2628","TCU","13"
"401640984","2024","9","true","2229","Florida International","7","2534","Sam Houston","10"
"401641011","2024","9","false","2348","Louisiana Tech","14","2638","UTEP","10"
"401640993","2024","9","false","338","Kennesaw State","27","2335","Liberty","24"
"401641003","2024","9","false","55","Jacksonville State","42","2393","Middle Tennessee","20"
"401643815","2024","9","false","295","Old Dominion","47","290","Georgia Southern","19"
"401634770","2024","9","false","221","Pittsburgh","41","183","Syracuse","13"
"401674261","2024","9","false","2128","University Of Charleston (WV)","50","2986","Fairmont State","30"
"401673036","2024","9","false","219","Pennsylvania","10","43","Yale","31"
"401634771","2024","9","false","103","Boston College","27","97","Louisville","31"
"401643740","2024","9","false","2439","UNLV","24","68","Boise State","29"
"401628532","2024","9","false","30","USC","42","164","Rutgers","20"
"401673406","2024","9","false","15","Anna Maria College","35","3162","Alfred State","23"
"401677496","2024","9","false","109","MIT","14","2951","SUNY Maritime","20"
"401673433","2024","9","false","2221","FDU-Florham","35","247","Kings College (PA)","42"
"401673424","2024","9","false","2808","Delaware Valley","28","2015","Albright","0"
"401635598","2024","9","false","258","Virginia","14","153","North Carolina","41"
"401654613","2024","9","false","2771","Merrimack","51","2142","Colgate","17"
"401674355","2024","9","false","2858","PennWest California","16","2291","Indiana-Pennsylvania","13"
"401676161","2024","9","false","348","Hamilton","13","33","Colby College","16"
"401638682","2024","9","false","2368","Marist","14","2674","Valparaiso","17"
"401628530","2024","9","false","194","Ohio State","21","158","Nebraska","17"
"401676373","2024","9","false","2588","Southwestern University","28","2121","Centre College Kentucky","38"
"401675466","2024","9","false","2477","Ohio Dominican","16","2682","Walsh","7"
"401676277","2024","9","false","2818","Montclair State","39","2970","William Paterson","6"
"401628983","2024","9","true","2426","Navy","14","87","Notre Dame","51"
"401674570","2024","9","false","2392","Michigan Tech","39","128","Northern Michigan","9"
"401677457","2024","9","false","110438","Dean College","6","417","Gallaudet","23"
"401654577","2024","9","true","2341","Long Island University","24","2115","Central Connecticut","21"
"401638679","2024","9","false","2168","Dayton","6","2413","Morehead State","14"
"401654458","2024","9","false","225","Brown","23","172","Cornell","21"
"401675451","2024","9","false","2838","Tiffin","63","437","Lake Erie","10"
"401644755","2024","9","false","195","Ohio","47","2084","Buffalo","16"
"401676220","2024","9","false","2467","Norwich","13","2557","Coast Guard","17"
"401675282","2024","9","false","391","Oberlin","21","2748","Wooster","46"
"401676444","2024","9","false","2828","Shenandoah","42","2258","Guilford College","10"
"401635597","2024","9","false","259","Virginia Tech","21","59","Georgia Tech","6"
"401628663","2024","9","false","2803","Bryant","14","257","Richmond","41"
"401628402","2024","9","false","145","Ole Miss","26","201","Oklahoma","14"
"401645354","2024","9","false","249","North Texas","37","2655","Tulane","45"
"401674873","2024","9","true","127954","Eastern University","24","471","Stevenson","14"
"401674769","2024","9","false","2074","Bluffton","10","86","Rose-Hulman","52"
"401628526","2024","9","false","84","Indiana","31","264","Washington","17"
"401676311","2024","9","false","359","Otterbein","39","424","Capital","10"
"401656951","2024","9","false","2529","Sacred Heart","31","2385","Mercyhurst","14"
"401674837","2024","9","false","2085","Buffalo State","14","175","Ithaca College","49"
"401674843","2024","9","false","184","University of Rochester (NY)","21","2779","St. Lawrence","0"
"401654619","2024","9","false","2329","Lehigh","33","2230","Fordham","19"
"401676711","2024","9","false","2038","Assumption","19","2441","New Haven","14"
"401674899","2024","9","false","2967","Framingham State","6","110","Mass Maritime","21"
"401674377","2024","9","false","2205","Edinboro University","21","367","Gannon","25"
"401682351","2024","9","false","2972","Plymouth State","35","2909","Westfield State","7"
"401677405","2024","9","false","173","Hartwick","36","125974","Hilbert College","21"
"401676228","2024","9","false","2776","Salve Regina","7","81","Springfield","31"
"401675431","2024","9","true","2646","Thomas More College","17","2224","Findlay","34"
"401676112","2024","9","false","2980","Ohio Wesleyan","41","2274","Hiram College","14"
"401645353","2024","9","false","235","Memphis","33","2429","Charlotte","28"
"401674819","2024","9","false","398","Wilkes","21","216","Susquehanna","48"
"401674369","2024","9","false","2188","East Stroudsburg University","38","209","Lock Haven University","35"
"401628403","2024","9","false","344","Mississippi State","25","8","Arkansas","58"
"401675618","2024","9","false","2119","Central State (OH)","14","2657","Tuskegee","30"
"401675438","2024","9","false","2316","Kentucky Wesleyan","7","2273","Hillsdale","41"
"401674685","2024","9","false","2248","Gettysburg","31","2442","College Of New Jersey","41"
"401675383","2024","9","false","2075","Bowie State","28","2676","Virginia Union","56"
"401658344","2024","9","false","131","Wayne State (MI)","10","129","Saginaw Valley State","37"
"401675775","2024","9","false","2839","Greeneville","30","129469","Anderson (Sc)","28"
"401675298","2024","9","false","89","Wabash College","38","352","Kenyon","0"
"401675290","2024","9","false","83","Depauw","44","2746","Wittenberg","10"
"401675820","2024","9","false","3066","Concordia University St Paul","34","425","Northern State","35"
"401674921","2024","9","false","2790","Albion","28","126","Kalamazoo","23"
"401674504","2024","9","false","389","Upper Iowa University","13","2292","Indianapolis","40"
"401675844","2024","9","false","2844","Wayne State (NE)","13","2894","Sioux Falls","23"
"401674725","2024","9","false","2884","Nichols College","30","111675","Biddeford","51"
"401675423","2024","9","false","308","Ashland","9","2886","Northwood (MI)","7"
"401674694","2024","9","false","2667","Ursinus","7","118","Johns Hopkins University","16"
"401674675","2024","9","false","2422","Muhlenberg","49","2175","Dickinson (PA)","20"
"401676232","2024","9","false","2871","Kean","21","3112","Christopher Newport","32"
"401638678","2024","9","false","2166","Davidson","38","2086","Butler","48"
"401674751","2024","9","false","390","Utica","34","365","Alfred University","38"
"401674759","2024","9","false","2782","Cortland","49","374","St John Fisher University","0"
"401674946","2024","9","false","124","Augsburg","35","133","St. Olaf","34"
"401673451","2024","9","false","2286","Illinois College","84","268","Lawrence University","0"
"401673441","2024","9","false","2969","Misericordia","9","388","Lebanon Valley","20"
"401638680","2024","9","false","56","Stetson","14","2506","Presbyterian","42"
"401658364","2024","9","false","341","Frostburg State","25","112335","Wheeling","26"
"401675576","2024","9","false","2310","Kentucky State","23","2019","Allen","20"
"401674831","2024","9","false","174","Hobart College","27","237","Union (NY)","0"
"401628666","2024","9","false","227","Rhode Island","24","311","Maine","14"
"401675481","2024","9","false","2822","North Greenville","47","2170","Delta State","45"
"401675802","2024","9","false","2736","Winston-Salem","15","2304","Johnson C Smith","24"
"401643816","2024","9","false","2026","App State","33","2247","Georgia State","26"
"401674813","2024","9","false","2354","Lycoming","31","122774","Keystone","28"
"401676766","2024","9","false","2702","Western New England","7","452","Endicott College","41"
"401676399","2024","9","false","297","Hampden-Sydney","42","2047","Averett","21"
"401676780","2024","9","false","2331","Lenoir-Rhyne","21","2336","Limestone","19"
"401676637","2024","9","false","2614","Saint Vincent","7","2102","Carnegie Mellon","69"
"401674285","2024","9","false","2249","Glenville State","37","2699","West Liberty","14"
"401628667","2024","9","false","2405","Monmouth","14","119","Towson","26"
"401682324","2024","9","false","2487","Pace","7","2022","American International","14"
"401677736","2024","9","false","2207","Elizabeth City State","20","2339","Lincoln (PA)","21"
"401676152","2024","9","false","121","Bates","21","2394","Middlebury","20"
"401654591","2024","9","false","284","Stonehill","34","2184","Duquesne","48"
"401674325","2024","9","false","134","Minnesota Duluth","35","568","Minot State","21"
"401676045","2024","9","false","548","Lagrange College","52","2256","Greensboro College","16"
"401676173","2024","9","false","7","Amherst","14","336","Wesleyan University (CT)","31"
"401676212","2024","9","false","2651","Trine University","35","129738","Calvin University","30"
"401676247","2024","9","false","2532","Salisbury","42","2827","Rowan","35"
"401682277","2024","9","false","2725","Widener","34","111674","Reading","24"
"401676733","2024","9","true","126086","Post University","28","2060","Bentley","61"
"401676003","2024","9","false","2896","Southern Virginia","31","286","North Carolina Wesleyan","34"
"401676134","2024","9","false","2399","Minnesota Morris","27","2257","Greenville","42"
"401676020","2024","9","false","2373","Maryville College (TN)","48","291","Methodist","6"
"401676678","2024","9","false","2234","Franklin & Marshall","24","2700","McDaniel College","0"
"401674335","2024","9","false","2817","Minnesota State Moorhead","38","2587","Southwest Minnesota State","6"
"401676040","2024","9","false","2151","Concordia University Chicago","14","2741","Wisconsin-Lutheran","49"
"401676719","2024","9","false","2583","Southern Connecticut State","24","112334","Franklin Pierce","35"
"401674927","2024","9","false","2800","Alma","67","354","Olivet College","14"
"401676406","2024","9","false","2516","Randolph-Macon","49","2079","Bridgewater (VA)","16"
"401676650","2024","9","false","146","Grove City College","59","2644","Thiel","7"
"401638681","2024","9","false","2900","St. Thomas (MN)","34","301","San Diego","14"
"401673377","2024","9","false","2213","Emory & Henry College","17","2105","Carson-Newman College","10"
"401676629","2024","9","false","2686","Washington & Jefferson","48","2062","Bethany (WV)","7"
"401634176","2024","9","false","282","Indiana State","20","79","Southern Illinois","17"
"401673414","2024","9","false","323","Moravian","35","246","Juniata College","13"
"401676357","2024","9","false","427","Ohio Northern","13","426","University of Mount Union","42"
"401654492","2024","9","false","171","Columbia","21","159","Dartmouth","24"
"401674779","2024","9","false","2233","Franklin","43","2419","Mount St. Joseph","46"
"401654628","2024","9","false","322","Lafayette","28","107","Holy Cross","34"
"401676167","2024","9","false","2731","Williams","24","112","Tufts","27"
"401674787","2024","9","false","2362","Manchester","7","2262","Hanover College","55"
"401679016","2024","9","false","2977","Trinity (CT)","34","340","Bowdoin","14"
"401676344","2024","9","false","2733","Wilmington (OH)","14","2302","John Carroll University","66"
"401676339","2024","9","false","191","Heidelberg","52","332","Muskingum University","24"
"401674535","2024","9","false","2586","Southwest Baptist","27","2911","William Jewell","28"
"401674598","2024","9","false","49","Dubuque","21","2964","Central College","38"
"401674621","2024","9","false","67","Luther","14","6845","Nebraska Wesleyan","40"
"401674730","2024","9","false","75","North Park","28","306","Illinois Wesleyan","24"
"401676123","2024","9","false","446","Martin Luther","46","433","Westminster College (MO)","14"
"401654644","2024","9","false","46","Georgetown","21","2083","Bucknell","20"
"401674642","2024","9","false","2810","Hardin-Simmons","38","2194","East Texas Baptist University","22"
"401632116","2024","9","false","253","Southern Utah","28","2698","West Georgia","17"
"401634138","2024","9","false","2747","Wofford","7","2193","East Tennessee State","24"
"401638347","2024","9","false","2643","The Citadel","28","2535","Samford","11"
"401654552","2024","9","false","2450","Norfolk State","21","47","Howard","20"
"401654608","2024","9","false","2523","Robert Morris","17","2598","St. Francis (PA)","0"
"401628665","2024","9","false","2261","Hampton","41","2210","Elon","21"
"401689232","2024","9","false","2919","Monmouth (IL)","55","266","Beloit","3"
"401676267","2024","9","false","2553","Sewanee","31","2519","Rhodes College","7"
"401674975","2024","9","false","2600","Saint John's (MN)","34","2968","Gustavus Adolphus","0"
"401676260","2024","9","false","386","Trinity University TX","38","2757","Berry College","35"
"401676116","2024","9","false","223","West Chester","41","210","Millersville","23"
"401676788","2024","9","false","2842","UVA Wise","17","2369","Mars Hill","31"
"401676034","2024","9","false","101","Eureka College","0","2283","Benedictine University","42"
"401676705","2024","9","true","127991","Roosevelt","14","110254","Davenport","19"
"401676097","2024","9","false","2315","Kutztown University","24","2974","Shepherd","0"
"401675583","2024","9","false","490","Benedict College","14","2396","Miles College","26"
"401675003","2024","9","false","255","Knox College","14","65","Grinnell","21"
"401674969","2024","9","false","2359","Macalester","7","2152","Concordia Moorhead","44"
"401674962","2024","9","false","375","St. Scholastica","14","2101","Carleton","35"
"401675602","2024","9","false","60","Morehouse College","20","2232","Fort Valley State","42"
"401676051","2024","9","false","2938","Huntingdon College (AL)","21","2913","Brevard College","25"
"401676412","2024","9","false","366","Ferrum","0","2688","Washington and Lee","34"
"401677397","2024","9","false","2781","Brockport","24","3110","SUNY Morrisville","0"
"401676296","2024","9","false","317","Marietta","47","188","Baldwin Wallace","7"
"401673245","2024","9","false","2146","Colorado School Of Mines","28","2714","Western Colorado","38"
"401674744","2024","9","false","143","Washington University (St. Louis)","20","396","Wheaton","27"
"401674954","2024","9","false","162","Hamline University","0","2802","Bethel (MN)","70"
"401674913","2024","9","false","2812","Hope College","45","2003","Adrian","0"
"401674515","2024","9","false","2402","Missouri S&T","63","2876","Lincoln (MO)","21"
"401674314","2024","9","false","2851","Winona State","31","132","Bemidji State","28"
"401673952","2024","9","false","2042","Augustana (IL)","10","3071","North Central College","49"
"401673961","2024","9","false","72","Elmhurst","14","32","Carroll University (WI)","45"
"401673971","2024","9","false","74","Millikin","20","2106","Carthage","24"
"401674165","2024","9","false","2231","Fort Hays State","53","2403","Missouri Southern State","9"
"401674345","2024","9","false","2071","Bloomsburg","20","2559","Shippensburg","10"
"401674406","2024","9","false","2271","Henderson State","42","2028","Arkansas-Monticello","7"
"401674588","2024","9","false","2564","Simpson College (IA)","24","63","Buena Vista","16"
"401645352","2024","9","false","151","East Carolina","56","218","Temple","34"
"401644687","2024","9","false","193","Miami (OH)","46","2117","Central Michigan","7"
"401634194","2024","9","false","93","Murray State","6","2449","North Dakota State","59"
"401675950","2024","9","false","2744","Wisconsin-Stout","42","2738","Wisconsin-Eau Claire","24"
"401675993","2024","9","false","6353","Lakeland","14","2044","Aurora","49"
"401675986","2024","9","false","2740","Wisconsin-Lacrosse","28","2723","Wisconsin-River Falls","24"
"401675956","2024","9","false","2743","Wisconsin-Stevens Pt","7","271","Wisconsin-Oshkosh","42"
"401675942","2024","9","false","272","Wisconsin-Platteville","17","2745","Wisconsin-Whitewater","10"
"401675900","2024","9","false","2141","Coe College","7","2685","Wartburg","14"
"401675830","2024","9","false","2364","Minnesota State Mankato","16","2043","Augustana University (SD)","34"
"401675567","2024","9","false","2013","Albany State GA","42","2206","Edward Waters","34"
"401675534","2024","9","false","2703","Western New Mexico","34","2201","Eastern New Mexico","41"
"401675032","2024","9","false","2524","Rockford","35","409","Concordia-Wisconsin","42"
"401675016","2024","9","false","262","Lake Forest College","66","2891","Ripon","0"
"401674707","2024","9","false","40","Curry College","34","2280","Husson","35"
"401633995","2024","9","false","2635","Tennessee Tech","28","2127","Charleston Southern","23"
"401675414","2024","9","false","2220","Fayetteville State","35","2551","Shaw","38"
"401674136","2024","9","false","2118","Central Missouri","31","2687","Washburn","28"
"401676195","2024","9","false","2749","Worcester Polytechnic Institute","35","2383","Merchant Marine Academy","24"
"401628662","2024","9","false","48","Delaware","28","399","UAlbany","14"
"401632120","2024","9","false","2198","Eastern Kentucky","28","3101","Utah Tech","17"
"401633997","2024","9","false","2546","Southeast Missouri State","30","2241","Gardner-Webb","24"
"401674481","2024","9","false","2823","Northwestern Oklahoma State","30","319","Oklahoma Baptist","28"
"401636359","2024","9","false","2029","Arkansas-Pine Bluff","35","2400","Mississippi Valley State","21"
"401644601","2024","9","false","108","Harvard","45","163","Princeton","13"
"401674416","2024","9","false","200","Southern Nazarene","30","2191","East Central (OK)","31"
"401675473","2024","9","false","2695","West Alabama","38","2804","Chowan","0"
"401675610","2024","9","false","2542","Savannah St","27","2323","Lane College","28"
"401676371","2024","9","false","2398","Millsaps","27","418","Hendrix College","26"
"401634109","2024","9","false","2458","Northern Colorado","0","149","Montana","24"
"401675768","2024","9","false","351","Wingate","24","2107","Catawba","15"
"401674396","2024","9","false","2033","Arkansas Tech","7","2888","Ouachita Baptist","38"
"401634017","2024","9","false","2466","Northwestern State","10","2320","Lamar","42"
"401674157","2024","9","false","2438","Nebraska-Kearney","35","2214","Emporia State University","42"
"401674146","2024","9","false","2122","Central Oklahoma","21","90","Pittsburg St","35"
"401674882","2024","9","false","114","Fitchburg State","26","293","Castleton","6"
"401675038","2024","9","false","80","Chicago","33","2155","Cornell College (IA)","14"
"401674492","2024","9","false","2927","Southwestern Oklahoma State","15","199","Southeastern Oklahoma State","30"
"401636367","2024","9","false","2065","Bethune-Cookman","17","2296","Jackson State","37"
"401654570","2024","9","false","2504","Prairie View A&M","34","2837","East Texas A&M","27"
"401674555","2024","9","false","125","Grand Valley State University","7","2222","Ferris State","34"
"401674521","2024","9","false","2654","Truman State","21","2816","McKendree","28"
"401633996","2024","9","false","2630","UT Martin","52","2197","Eastern Illinois","17"
"401633998","2024","9","false","2815","Lindenwood","49","2710","Western Illinois","38"
"401644753","2024","9","false","2050","Ball State","25","2459","Northern Illinois","23"
"401644754","2024","9","false","2649","Toledo","26","189","Bowling Green","41"
"401654500","2024","9","false","2569","South Carolina State","69","2169","Delaware State","35"
"401643817","2024","9","false","256","James Madison","32","2572","Southern Miss","15"
"401628525","2024","9","false","2483","Oregon","38","356","Illinois","9"
"401654514","2024","9","false","2428","North Carolina Central","16","2415","Morgan State","7"
"401644752","2024","9","false","2006","Akron","25","2199","Eastern Michigan","21"
"401634149","2024","9","false","2382","Mercer","44","2717","Western Carolina","34"
"401634255","2024","9","true","2010","Alabama A&M","19","2011","Alabama State","27"
"401645355","2024","9","false","202","Tulsa","46","2636","UTSA","45"
"401645308","2024","9","false","113","Massachusetts","35","2681","Wagner","7"
"401628527","2024","9","false","2294","Iowa","40","77","Northwestern","14"
"401628668","2024","9","false","222","Villanova","14","160","New Hampshire","6"
"401628528","2024","9","false","135","Minnesota","48","120","Maryland","23"
"401644756","2024","9","false","2711","Western Michigan","52","2309","Kent State","21"
"401629035","2024","9","false","41","UConn","17","242","Rice","10"
"401628400","2024","9","false","333","Alabama","34","142","Missouri","0"
"401636906","2024","9","false","239","Baylor","38","197","Oklahoma State","28"
"401636910","2024","9","false","2628","TCU","35","2641","Texas Tech","34"
"401635599","2024","9","false","24","Stanford","24","154","Wake Forest","27"
"401636911","2024","9","false","2116","UCF","24","252","BYU","37"
"401628669","2024","9","false","2619","Stony Brook","35","2729","William & Mary","13"
"401634026","2024","9","false","2447","Nicholls","24","2377","McNeese","19"
"401632465","2024","9","false","236","Chattanooga","31","2678","VMI","10"
"401628664","2024","9","false","2097","Campbell","21","2448","North Carolina A&T","7"
"401676079","2024","9","false","611","Seton Hill","31","2134","Clarion","16"
"401676289","2024","9","false","203","Linfield College","62","2508","Puget Sound","13"
"401674908","2024","9","false","2843","Western Connecticut St","61","402","Worcester St","7"
"401675759","2024","9","false","2444","Newberry","41","122666","Wilson","25"
"401674293","2024","9","false","2882","UNC Pembroke","62","2707","West Virginia State","17"
"401676319","2024","9","false","2333","Lewis & Clark College","28","2486","Pacific Lutheran","31"
"401673268","2024","9","false","2237","Fort Lewis","0","11","Colorado Mesa","49"
"401676324","2024","9","false","205","Pacific (OR)","32","2721","Whitworth","39"
"401676283","2024","9","false","2930","Willamette","7","415","NEWBERG","28"
"401632122","2024","9","false","2046","Austin Peay","17","2627","Tarleton State","27"
"401635594","2024","9","false","25","California","44","204","Oregon State","7"
"401674425","2024","9","false","2264","Harding University","49","2568","Southern Arkansas","17"
"401675552","2024","9","false","2848","Western Oregon","14","2658","Texas A&M-Kingsville","21"
"401628405","2024","9","false","238","Vanderbilt","24","251","Texas","27"
"401643741","2024","9","false","36","Colorado State","17","167","New Mexico","6"
"401658354","2024","9","false","2401","Mississippi College","42","101784","ERSKINE","7"
"401643819","2024","9","false","6","South Alabama","46","2433","UL Monroe","17"
"401634185","2024","9","false","2460","Northern Iowa","42","2623","Missouri State","49"
"401632123","2024","9","false","2110","Central Arkansas","24","2453","North Alabama","19"
"401674660","2024","9","false","2639","Texas Lutheran","28","241","McMurry","6"
"401675501","2024","9","true","110242","West Florida","35","2560","Shorter","16"
"401676437","2024","9","false","2018","Allegheny","41","2845","Waynesburg","44"
"401675975","2024","9","false","379","UMass Dartmouth","49","18","Bridgewater State","16"
"401634203","2024","9","false","2754","Youngstown State","41","155","North Dakota","40"
"401673237","2024","9","false","2069","Black Hills State","21","2123","Chadron St","16"
"401676130","2024","9","false","509","Crown College","10","583","Northwestern (MN)","24"
"401634108","2024","9","false","304","Idaho State","30","16","Sacramento State","27"
"401675391","2024","9","false","124180","Bluefield State","6","330","Virginia St","45"
"401674270","2024","9","false","455","West Virginia Wesleyan","31","2148","Concord University","33"
"401643745","2024","9","false","2751","Wyoming","25","328","Utah State","27"
"401636376","2024","9","false","50","Florida A&M","24","2582","Southern","6"
"401635596","2024","9","false","2390","Miami","36","52","Florida State","14"
"401643818","2024","9","false","2032","Arkansas State","34","2653","Troy","31"
"401673147","2024","9","false","2424","New Mexico Highlands","44","2001","Adams State","27"
"401636905","2024","9","false","12","Arizona","26","277","West Virginia","31"
"401636385","2024","9","false","2640","Texas Southern","24","2755","Grambling","17"
"401675518","2024","9","false","2025","Angelo State","57","2834","Sul Ross State","10"
"401675512","2024","9","false","196","Northeastern State","48","124179","Lincoln (CA)","0"
"401634032","2024","9","false","2545","SE Louisiana","31","2916","Incarnate Word","34"
"401676424","2024","9","false","2849","Westminster (PA)","17","2963","Case Western Reserve","14"
"401674633","2024","9","true","101442","CENTENARY","41","2045","Austin","21"
"401675120","2024","9","false","2617","Stephen F. Austin","55","2277","Houston Christian","6"
"401636908","2024","9","false","248","Houston","17","254","Utah","14"
"401628404","2024","9","false","245","Texas A&M","38","99","LSU","23"
"401628531","2024","9","false","275","Wisconsin","13","213","Penn State","28"
"401628529","2024","9","false","130","Michigan","24","127","Michigan State","17"
"401634218","2024","9","false","2571","South Dakota State","20","233","South Dakota","17"
"401628401","2024","9","false","96","Kentucky","10","2","Auburn","24"
"401643742","2024","9","false","278","Fresno State","33","23","San José State","10"
"401675557","2024","9","false","2704","West Texas A&M","7","110243","UT Permian Basin","21"
"401635595","2024","9","false","150","Duke","27","2567","SMU","28"
"401636909","2024","9","false","2306","Kansas State","29","2305","Kansas","27"
"401634107","2024","9","false","70","Idaho","38","331","Eastern Washington","28"
"401675527","2024","9","false","2120","Central Washington","42","2395","Midwestern State","21"
"401675929","2024","9","false","29","Redlands","10","17","Claremont-Mudd-Scripps College","17"
"401676181","2024","9","false","2094","California Lutheran University","18","411","Chapman","28"
"401677684","2024","9","false","2923","Pomona Pitzer","51","2318","La Verne","14"
"401636907","2024","9","false","38","Colorado","34","2132","Cincinnati","23"
"401643744","2024","9","false","21","San Diego State","26","265","Washington State","29"
"401643743","2024","9","false","62","Hawai'i","34","2440","Nevada","13"
"401640985","2024","10","true","2229","Florida International","34","166","New Mexico State","13"
"401643820","2024","10","false","326","Texas State","17","309","Louisiana","23"
"401641012","2024","10","false","2534","Sam Houston","9","2348","Louisiana Tech","3"
"401640994","2024","10","false","2335","Liberty","21","55","Jacksonville State","31"
"401641020","2024","10","false","98","Western Kentucky","31","338","Kennesaw State","14"
"401676080","2024","10","false","2134","Clarion","22","215","Slippery Rock","38"
"401674488","2024","10","false","2888","Ouachita Baptist","17","200","Southern Nazarene","18"
"401674900","2024","10","false","110","Mass Maritime","10","2909","Westfield State","13"
"401654541","2024","10","false","2569","South Carolina State","24","2428","North Carolina Central","21"
"401645356","2024","10","false","2429","Charlotte","3","2655","Tulane","34"
"401674426","2024","10","false","2264","Harding University","56","199","Southeastern Oklahoma State","14"
"401676712","2024","10","false","2022","American International","27","2038","Assumption","24"
"401629036","2024","10","false","41","UConn","34","2247","Georgia State","27"
"401654493","2024","10","false","171","Columbia","13","43","Yale","10"
"401645357","2024","10","false","2226","Florida Atlantic","21","58","South Florida","44"
"401643747","2024","10","false","68","Boise State","56","21","San Diego State","24"
"401645359","2024","10","false","2636","UTSA","44","235","Memphis","36"
"401635604","2024","10","false","183","Syracuse","38","259","Virginia Tech","31"
"401644757","2024","10","false","2006","Akron","30","2084","Buffalo","41"
"401635601","2024","10","false","2390","Miami","53","150","Duke","31"
"401628410","2024","10","false","201","Oklahoma","59","311","Maine","14"
"401676107","2024","10","false","223","West Chester","27","209","Lock Haven University","16"
"401673434","2024","10","false","471","Stevenson","19","2221","FDU-Florham","34"
"401676667","2024","10","false","390","Utica","10","2781","Brockport","20"
"401682279","2024","10","false","2967","Framingham State","20","2972","Plymouth State","41"
"401628533","2024","10","false","356","Illinois","17","135","Minnesota","25"
"401643746","2024","10","false","349","Army","20","2005","Air Force","3"
"401674271","2024","10","false","2986","Fairmont State","34","2148","Concord University","19"
"401676098","2024","10","false","210","Millersville","17","2315","Kutztown University","49"
"401677456","2024","10","false","15","Anna Maria College","63","110438","Dean College","0"
"401628538","2024","10","false","2509","Purdue","20","77","Northwestern","26"
"401644758","2024","10","false","2199","Eastern Michigan","28","2649","Toledo","29"
"401628539","2024","10","false","213","Penn State","13","194","Ohio State","20"
"401658365","2024","10","false","2707","West Virginia State","38","341","Frostburg State","24"
"401674868","2024","10","false","2015","Albright","22","111674","Reading","19"
"401676221","2024","10","false","81","Springfield","56","2467","Norwich","14"
"401675502","2024","10","false","2560","Shorter","55","2355","Virginia University Of Lynchburg","0"
"401635516","2024","10","false","152","NC State","59","24","Stanford","28"
"401676012","2024","10","false","2256","Greensboro College","21","286","North Carolina Wesleyan","23"
"401674384","2024","10","false","367","Gannon","7","2291","Indiana-Pennsylvania","35"
"401654592","2024","10","false","2184","Duquesne","31","2385","Mercyhurst","24"
"401674838","2024","10","false","237","Union (NY)","0","175","Ithaca College","24"
"401654578","2024","10","false","2115","Central Connecticut","24","2681","Wagner","14"
"401674844","2024","10","false","184","University of Rochester (NY)","21","2085","Buffalo State","35"
"401628406","2024","10","false","8","Arkansas","31","145","Ole Miss","63"
"401654459","2024","10","false","225","Brown","28","219","Pennsylvania","38"
"401676021","2024","10","false","2913","Brevard College","44","291","Methodist","21"
"401676767","2024","10","false","2280","Husson","49","2702","Western New England","42"
"401674346","2024","10","false","2974","Shepherd","21","2071","Bloomsburg","27"
"401674892","2024","10","false","18","Bridgewater State","17","114","Fitchburg State","9"
"401676657","2024","10","true","127954","Eastern University","31","2969","Misericordia","10"
"401673407","2024","10","false","3162","Alfred State","28","417","Gallaudet","26"
"401654609","2024","10","false","2523","Robert Morris","6","2771","Merrimack","0"
"401676759","2024","10","false","452","Endicott College","50","2884","Nichols College","10"
"401675432","2024","10","false","2224","Findlay","28","2682","Walsh","17"
"401675283","2024","10","false","2274","Hiram College","20","2748","Wooster","30"
"401682363","2024","10","false","2557","Coast Guard","14","2749","Worcester Polytechnic Institute","38"
"401675826","2024","10","false","2587","Southwest Minnesota State","6","559","University of Mary","15"
"401676660","2024","10","false","2108","Catholic","42","122774","Keystone","24"
"401674378","2024","10","false","2205","Edinboro University","24","611","Seton Hill","22"
"401676340","2024","10","false","359","Otterbein","7","191","Heidelberg","55"
"401654620","2024","10","false","46","Georgetown","6","2329","Lehigh","43"
"401676162","2024","10","false","2394","Middlebury","35","348","Hamilton","0"
"401628407","2024","10","false","2","Auburn","7","238","Vanderbilt","17"
"401676727","2024","10","false","2441","New Haven","51","126086","Post University","7"
"401673962","2024","10","false","3071","North Central College","56","32","Carroll University (WI)","3"
"401673425","2024","10","false","247","Kings College (PA)","14","2808","Delaware Valley","6"
"401676174","2024","10","false","336","Wesleyan University (CT)","25","2731","Williams","24"
"401638686","2024","10","false","2086","Butler","46","56","Stetson","13"
"401638684","2024","10","false","2506","Presbyterian","28","2168","Dayton","7"
"401656602","2024","10","false","2230","Fordham","20","2142","Colgate","14"
"401628671","2024","10","false","2261","Hampton","14","222","Villanova","20"
"401674556","2024","10","false","128","Northern Michigan","9","2222","Ferris State","55"
"401676374","2024","10","false","2757","Berry College","28","2121","Centre College Kentucky","21"
"401675584","2024","10","false","2232","Fort Valley State","44","490","Benedict College","20"
"401628670","2024","10","false","2448","North Carolina A&T","7","2729","William & Mary","45"
"401654466","2024","10","false","163","Princeton","35","172","Cornell","49"
"401674760","2024","10","false","2782","Cortland","68","173","Hartwick","10"
"401674752","2024","10","false","365","Alfred University","34","374","St John Fisher University","31"
"401674734","2024","10","false","143","Washington University (St. Louis)","70","74","Millikin","21"
"401628675","2024","10","false","399","UAlbany","14","160","New Hampshire","31"
"401676400","2024","10","false","2047","Averett","14","2828","Shenandoah","41"
"401673977","2024","10","false","396","Wheaton","65","72","Elmhurst","17"
"401673442","2024","10","false","388","Lebanon Valley","21","2725","Widener","24"
"401676720","2024","10","true","112334","Franklin Pierce","28","2830","St. Anselm","42"
"401675809","2024","10","false","2551","Shaw","24","2940","Livingstone","17"
"401674294","2024","10","false","2882","UNC Pembroke","79","455","West Virginia Wesleyan","20"
"401673388","2024","10","false","2369","Mars Hill","31","2213","Emory & Henry College","23"
"401675392","2024","10","false","2339","Lincoln (PA)","0","330","Virginia St","55"
"401674262","2024","10","false","2699","West Liberty","0","2128","University Of Charleston (WV)","38"
"401674571","2024","10","true","127991","Roosevelt","7","2392","Michigan Tech","20"
"401675299","2024","10","false","89","Wabash College","24","2171","Denison University","23"
"401675384","2024","10","false","2207","Elizabeth City State","6","2075","Bowie State","48"
"401677463","2024","10","true","620","Taylor","","190","Defiance College",""
"401677472","2024","10","false","7","Amherst","20","2977","Trinity (CT)","45"
"401658345","2024","10","false","129","Saginaw Valley State","24","110254","Davenport","14"
"401674708","2024","10","false","111675","Biddeford","10","40","Curry College","24"
"401676438","2024","10","false","2845","Waynesburg","0","146","Grove City College","51"
"401675424","2024","10","false","437","Lake Erie","14","308","Ashland","41"
"401674914","2024","10","false","2003","Adrian","35","126","Kalamazoo","21"
"401674676","2024","10","false","2175","Dickinson (PA)","34","2248","Gettysburg","14"
"401677499","2024","10","false","2951","SUNY Maritime","25","2776","Salve Regina","22"
"401676103","2024","10","false","352","Kenyon","0","83","Depauw","65"
"401675410","2024","10","false","2676","Virginia Union","91","124180","Bluefield State","0"
"401674370","2024","10","false","2559","Shippensburg","0","2188","East Stroudsburg University","45"
"401675415","2024","10","false","2304","Johnson C Smith","0","2220","Fayetteville State","27"
"401678583","2024","10","false","2700","McDaniel College","0","2667","Ursinus","42"
"401676630","2024","10","false","2062","Bethany (WV)","27","2242","Geneva","34"
"401676168","2024","10","false","33","Colby College","21","112","Tufts","28"
"401676781","2024","10","false","2331","Lenoir-Rhyne","10","351","Wingate","14"
"401689236","2024","10","false","2583","Southern Connecticut State","35","2487","Pace","30"
"401676233","2024","10","false","3112","Christopher Newport","45","2970","William Paterson","7"
"401675951","2024","10","false","2744","Wisconsin-Stout","31","2740","Wisconsin-Lacrosse","33"
"401676213","2024","10","false","354","Olivet College","21","129738","Calvin University","13"
"401674286","2024","10","false","112335","Wheeling","21","2249","Glenville State","28"
"401674922","2024","10","false","2812","Hope College","41","2790","Albion","14"
"401676297","2024","10","false","188","Baldwin Wallace","54","332","Muskingum University","17"
"401654515","2024","10","false","2415","Morgan State","38","2450","Norfolk State","37"
"401676425","2024","10","false","2102","Carnegie Mellon","45","2849","Westminster (PA)","20"
"401654501","2024","10","false","47","Howard","38","2169","Delaware State","0"
"401638687","2024","10","false","2413","Morehead State","21","2900","St. Thomas (MN)","7"
"401634177","2024","10","false","282","Indiana State","35","155","North Dakota","31"
"401674806","2024","10","false","246","Juniata College","0","2354","Lycoming","45"
"401674928","2024","10","false","2800","Alma","41","2651","Trine University","16"
"401675592","2024","10","false","2805","Clark Atlanta","36","2657","Tuskegee","28"
"401676241","2024","10","false","2871","Kean","14","2234","Franklin & Marshall","34"
"401676652","2024","10","false","2644","Thiel","20","2614","Saint Vincent","10"
"401676642","2024","10","false","2963","Case Western Reserve","21","2686","Washington & Jefferson","34"
"401676413","2024","10","false","2258","Guilford College","7","366","Ferrum","20"
"401676261","2024","10","false","418","Hendrix College","7","386","Trinity University TX","26"
"401675456","2024","10","false","2886","Northwood (MI)","37","2477","Ohio Dominican","10"
"401675439","2024","10","false","2273","Hillsdale","38","2646","Thomas More College","17"
"401674516","2024","10","false","2654","Truman State","52","2876","Lincoln (MO)","7"
"401673415","2024","10","false","216","Susquehanna","49","323","Moravian","34"
"401628673","2024","10","false","2803","Bryant","30","2619","Stony Brook","31"
"401654629","2024","10","false","2083","Bucknell","21","322","Lafayette","14"
"401628674","2024","10","false","227","Rhode Island","37","2405","Monmouth","28"
"401654648","2024","10","false","2598","St. Francis (PA)","34","284","Stonehill","0"
"401676268","2024","10","false","2553","Sewanee","10","2588","Southwestern University","35"
"401677406","2024","10","false","3110","SUNY Morrisville","38","125974","Hilbert College","8"
"401674793","2024","10","false","86","Rose-Hulman","70","2362","Manchester","7"
"401638348","2024","10","false","2678","VMI","21","231","Furman","17"
"401676352","2024","10","false","317","Marietta","52","2733","Wilmington (OH)","6"
"401676312","2024","10","false","424","Capital","0","426","University of Mount Union","54"
"401674770","2024","10","false","2262","Hanover College","49","2074","Bluffton","13"
"401674780","2024","10","false","2233","Franklin","35","2023","Anderson (IN)","14"
"401676345","2024","10","false","427","Ohio Northern","13","2302","John Carroll University","49"
"401644602","2024","10","false","159","Dartmouth","27","108","Harvard","31"
"401677677","2024","10","false","2827","Rowan","16","2818","Montclair State","10"
"401675446","2024","10","false","2316","Kentucky Wesleyan","14","2838","Tiffin","54"
"401676793","2024","10","false","2842","UVA Wise","35","2839","Greeneville","27"
"401674522","2024","10","false","2402","Missouri S&T","20","2816","McKendree","27"
"401675033","2024","10","false","2524","Rockford","59","101","Eureka College","6"
"401675026","2024","10","false","2919","Monmouth (IL)","56","2891","Ripon","13"
"401674986","2024","10","false","375","St. Scholastica","0","2600","Saint John's (MN)","70"
"401676248","2024","10","false","2442","College Of New Jersey","35","2532","Salisbury","52"
"401675577","2024","10","false","2019","Allen","41","2119","Central State (OH)","3"
"401676060","2024","10","false","409","Concordia-Wisconsin","37","6353","Lakeland","34"
"401676407","2024","10","false","2079","Bridgewater (VA)","21","297","Hampden-Sydney","28"
"401674955","2024","10","false","2802","Bethel (MN)","56","2101","Carleton","7"
"401675010","2024","10","false","2155","Cornell College (IA)","44","255","Knox College","14"
"401674947","2024","10","false","2152","Concordia Moorhead","38","124","Augsburg","7"
"401693680","2024","10","false","2698","West Georgia","88","124179","Lincoln (CA)","12"
"401628672","2024","10","false","257","Richmond","35","119","Towson","24"
"401675831","2024","10","false","2043","Augustana University (SD)","28","3066","Concordia University St Paul","7"
"401674996","2024","10","false","266","Beloit","17","262","Lake Forest College","62"
"401676072","2024","10","false","2741","Wisconsin-Lutheran","7","2832","St. Norbert","55"
"401674599","2024","10","false","2964","Central College","45","263","Loras College","7"
"401676131","2024","10","false","583","Northwestern (MN)","35","446","Martin Luther","7"
"401676124","2024","10","false","2257","Greenville","45","433","Westminster College (MO)","7"
"401675957","2024","10","false","2743","Wisconsin-Stevens Pt","14","272","Wisconsin-Platteville","42"
"401675760","2024","10","false","122666","Wilson","49","2107","Catawba","35"
"401674695","2024","10","false","118","Johns Hopkins University","26","2422","Muhlenberg","13"
"401674666","2024","10","false","2639","Texas Lutheran","45","101161","LYONCOLL","10"
"401633999","2024","10","false","2127","Charleston Southern","14","2241","Gardner-Webb","17"
"401628676","2024","10","false","2210","Elon","50","2097","Campbell","27"
"401674315","2024","10","false","132","Bemidji State","37","2844","Wayne State (NE)","20"
"401674326","2024","10","false","2851","Winona State","38","134","Minnesota Duluth","42"
"401674607","2024","10","true","6845","Nebraska Wesleyan","7","49","Dubuque","52"
"401674625","2024","10","false","2685","Wartburg","49","67","Luther","10"
"401674643","2024","10","false","2810","Hardin-Simmons","44","2758","Howard Payne","17"
"401674654","2024","10","false","2194","East Texas Baptist University","14","2371","Mary Hardin-Baylor","27"
"401674158","2024","10","false","2214","Emporia State University","7","2231","Fort Hays State","36"
"401676046","2024","10","false","2938","Huntingdon College (AL)","21","548","Lagrange College","24"
"401674589","2024","10","false","63","Buena Vista","13","2141","Coe College","35"
"401673953","2024","10","false","306","Illinois Wesleyan","29","2042","Augustana (IL)","21"
"401674548","2024","10","false","2825","Quincy","24","2911","William Jewell","20"
"401676028","2024","10","false","2056","Belhaven","11","2373","Maryville College (TN)","42"
"401658355","2024","10","false","101784","ERSKINE","0","110242","West Florida","70"
"401675943","2024","10","false","2745","Wisconsin-Whitewater","13","2723","Wisconsin-River Falls","7"
"401673972","2024","10","false","2106","Carthage","22","75","North Park","21"
"401675983","2024","10","false","2738","Wisconsin-Eau Claire","31","271","Wisconsin-Oshkosh","42"
"401674634","2024","10","false","241","McMurry","31","2045","Austin","3"
"401673255","2024","10","false","2123","Chadron St","17","613","South Dakota Mines","24"
"401673452","2024","10","false","65","Grinnell","14","2286","Illinois College","56"
"401674976","2024","10","false","2968","Gustavus Adolphus","21","133","St. Olaf","10"
"401638685","2024","10","false","2181","Drake","19","2368","Marist","0"
"401675535","2024","10","false","2834","Sul Ross State","33","2201","Eastern New Mexico","28"
"401674183","2024","10","false","2687","Washburn","13","2438","Nebraska-Kearney","14"
"401675994","2024","10","false","2044","Aurora","56","2283","Benedictine University","20"
"401673262","2024","10","false","2424","New Mexico Highlands","21","2146","Colorado School Of Mines","56"
"401645358","2024","10","false","5","UAB","59","202","Tulsa","21"
"401634001","2024","10","false","2635","Tennessee Tech","52","2815","Lindenwood","10"
"401632466","2024","10","false","2717","Western Carolina","38","236","Chattanooga","34"
"401643821","2024","10","false","2026","App State","28","295","Old Dominion","20"
"401674883","2024","10","false","293","Castleton","6","402","Worcester St","31"
"401674186","2024","10","false","138","Northwest Missouri St","44","196","Northeastern State","26"
"401675495","2024","10","false","2695","West Alabama","17","2822","North Greenville","14"
"401675599","2024","10","false","2323","Lane College","23","2206","Edward Waters","37"
"401674336","2024","10","false","568","Minot State","38","2817","Minnesota State Moorhead","42"
"401634000","2024","10","false","2197","Eastern Illinois","45","2710","Western Illinois","38"
"401675821","2024","10","false","425","Northern State","14","2364","Minnesota State Mankato","24"
"401634155","2024","10","false","2535","Samford","13","2747","Wofford","17"
"401636368","2024","10","false","2065","Bethune-Cookman","24","2755","Grambling","21"
"401674563","2024","10","false","125","Grand Valley State University","51","131","Wayne State (MI)","28"
"401674147","2024","10","false","137","Missouri Western","34","2122","Central Oklahoma","37"
"401675612","2024","10","false","2396","Miles College","37","60","Morehouse College","3"
"401673378","2024","10","false","2105","Carson-Newman College","28","129469","Anderson (Sc)","7"
"401674397","2024","10","false","2033","Arkansas Tech","13","2191","East Central (OK)","23"
"401676303","2024","10","false","2519","Rhodes College","31","2398","Millsaps","24"
"401675568","2024","10","false","2542","Savannah St","28","2013","Albany State GA","26"
"401674431","2024","10","false","2823","Northwestern Oklahoma State","10","2271","Henderson State","44"
"401674407","2024","10","false","2028","Arkansas-Monticello","24","319","Oklahoma Baptist","20"
"401676443","2024","10","false","2688","Washington and Lee","7","2516","Randolph-Macon","20"
"401654571","2024","10","false","2400","Mississippi Valley State","16","2504","Prairie View A&M","17"
"401634195","2024","10","false","2571","South Dakota State","52","93","Murray State","6"
"401634139","2024","10","false","2382","Mercer","37","2193","East Tennessee State","31"
"401673238","2024","10","false","11","Colorado Mesa","21","2069","Black Hills State","13"
"401634186","2024","10","false","2623","Missouri State","38","79","Southern Illinois","17"
"401675291","2024","10","false","2746","Wittenberg","77","391","Oberlin","0"
"401675967","2024","10","false","379","UMass Dartmouth","41","2843","Western Connecticut St","30"
"401675474","2024","10","false","2673","Valdosta State","52","2804","Chowan","0"
"401675365","2024","10","false","2927","Southwestern Oklahoma State","14","2568","Southern Arkansas","48"
"401634035","2024","10","false","2916","Incarnate Word","45","2277","Houston Christian","20"
"401636360","2024","10","false","2296","Jackson State","41","2029","Arkansas-Pine Bluff","3"
"401634256","2024","10","false","2010","Alabama A&M","20","2582","Southern","25"
"401634165","2024","10","false","2287","Illinois State","23","2754","Youngstown State","16"
"401674137","2024","10","false","90","Pittsburg St","13","2118","Central Missouri","37"
"401674832","2024","10","false","2528","Rensselaer","21","174","Hobart College","27"
"401673246","2024","10","false","2714","Western Colorado","34","2570","CSU Pueblo","44"
"401628408","2024","10","true","61","Georgia","34","57","Florida","20"
"401634210","2024","10","false","2449","North Dakota State","42","2460","Northern Iowa","19"
"401636915","2024","10","false","197","Oklahoma State","21","9","Arizona State","42"
"401643822","2024","10","false","276","Marshall","28","2433","UL Monroe","23"
"401628537","2024","10","false","158","Nebraska","20","26","UCLA","27"
"401641026","2024","10","false","2638","UTEP","13","2393","Middle Tennessee","20"
"401636913","2024","10","false","248","Houston","24","2306","Kansas State","19"
"401628534","2024","10","false","127","Michigan State","10","84","Indiana","47"
"401636916","2024","10","false","2116","UCF","56","12","Arizona","12"
"401636914","2024","10","false","66","Iowa State","22","2641","Texas Tech","23"
"401628536","2024","10","false","130","Michigan","17","2483","Oregon","38"
"401635602","2024","10","false","52","Florida State","11","153","North Carolina","35"
"401675121","2024","10","false","2447","Nicholls","12","2617","Stephen F. Austin","28"
"401643750","2024","10","false","167","New Mexico","45","2751","Wyoming","49"
"401645360","2024","10","false","242","Rice","24","2426","Navy","10"
"401643824","2024","10","false","2653","Troy","38","324","Coastal Carolina","24"
"401632128","2024","10","false","2000","Abilene Christian","28","253","Southern Utah","25"
"401632125","2024","10","false","3101","Utah Tech","34","2110","Central Arkansas","21"
"401634112","2024","10","false","2464","Northern Arizona","27","2692","Weber State","6"
"401634111","2024","10","false","331","Eastern Washington","28","147","Montana State","42"
"401634113","2024","10","false","302","UC Davis","59","2458","Northern Colorado","7"
"401638683","2024","10","false","301","San Diego","40","2166","Davidson","13"
"401676328","2024","10","false","2508","Puget Sound","38","2930","Willamette","23"
"401676325","2024","10","false","2721","Whitworth","48","2333","Lewis & Clark College","9"
"401636377","2024","10","false","50","Florida A&M","52","2640","Texas Southern","28"
"401675930","2024","10","false","2318","La Verne","21","29","Redlands","31"
"401676284","2024","10","false","2486","Pacific Lutheran","24","415","NEWBERG","14"
"401676784","2024","10","false","2444","Newberry","14","2336","Limestone","35"
"401634025","2024","10","false","2320","Lamar","27","2545","SE Louisiana","30"
"401676290","2024","10","false","205","Pacific (OR)","28","203","Linfield College","68"
"401628409","2024","10","false","344","Mississippi State","45","113","Massachusetts","20"
"401636349","2024","10","true","2011","Alabama State","21","2016","Alcorn State","17"
"401632126","2024","10","false","2453","North Alabama","17","2046","Austin Peay","31"
"401676135","2024","10","false","509","Crown College","6","2399","Minnesota Morris","27"
"401634110","2024","10","false","13","Cal Poly","7","149","Montana","42"
"401676153","2024","10","false","121","Bates","24","340","Bowdoin","35"
"401634002","2024","10","false","2634","Tennessee State","21","2630","UT Martin","28"
"401675022","2024","10","false","268","Lawrence University","14","80","Chicago","64"
"401674505","2024","10","false","2292","Indianapolis","58","2586","Southwest Baptist","3"
"401675519","2024","10","false","2025","Angelo State","17","2120","Central Washington","16"
"401643749","2024","10","false","278","Fresno State","20","62","Hawai'i","21"
"401632124","2024","10","false","2627","Tarleton State","13","2198","Eastern Kentucky","17"
"401628535","2024","10","false","2294","Iowa","42","275","Wisconsin","10"
"401628411","2024","10","false","2579","South Carolina","44","245","Texas A&M","20"
"401635600","2024","10","false","228","Clemson","21","97","Louisville","33"
"401643823","2024","10","false","6","South Alabama","30","290","Georgia Southern","34"
"401628540","2024","10","false","264","Washington","26","30","USC","21"
"401628412","2024","10","false","2633","Tennessee","28","96","Kentucky","18"
"401675553","2024","10","false","2658","Texas A&M-Kingsville","14","2704","West Texas A&M","21"
"401643748","2024","10","false","2440","Nevada","21","36","Colorado State","38"
"401634020","2024","10","false","2377","McNeese","31","2837","East Texas A&M","3"
"401635627","2024","10","false","2567","SMU","48","221","Pittsburgh","25"
"401673148","2024","10","false","2001","Adams State","17","2237","Fort Lewis","27"
"401674980","2024","10","false","2359","Macalester","35","162","Hamline University","37"
"401636912","2024","10","false","239","Baylor","37","2628","TCU","34"
"401675542","2024","10","false","2395","Midwestern State","16","2848","Western Oregon","21"
"401634114","2024","10","false","16","Sacramento State","38","2502","Portland State","58"
"401676196","2024","10","false","411","Chapman","9","17","Claremont-Mudd-Scripps College","7"
"401676182","2024","10","false","2923","Pomona Pitzer","32","2094","California Lutheran University","27"
"401644760","2024","11","false","2117","Central Michigan","13","189","Bowling Green","23"
"401644688","2024","11","false","2050","Ball State","21","193","Miami (OH)","27"
"401644761","2024","11","false","2309","Kent State","0","195","Ohio","41"
"401644762","2024","11","false","2711","Western Michigan","28","2459","Northern Illinois","42"
"401645361","2024","11","false","151","East Carolina","49","2226","Florida Atlantic","14"
"401643825","2024","11","false","324","Coastal Carolina","38","2026","App State","24"
"401654467","2024","11","false","163","Princeton","17","159","Dartmouth","26"
"401634773","2024","11","false","154","Wake Forest","36","25","California","46"
"401628542","2024","11","false","26","UCLA","20","2294","Iowa","17"
"401645362","2024","11","false","235","Memphis","27","242","Rice","20"
"401643754","2024","11","false","21","San Diego State","16","167","New Mexico","21"
"401679157","2024","11","false","2385","Mercyhurst","66","124179","Lincoln (CA)","0"
"401654502","2024","11","false","2169","Delaware State","28","2415","Morgan State","36"
"401682329","2024","11","false","2557","Coast Guard","37","2951","SUNY Maritime","55"
"401675503","2024","11","false","2560","Shorter","6","2695","West Alabama","31"
"401674893","2024","11","false","114","Fitchburg State","21","2972","Plymouth State","26"
"401673426","2024","11","false","2808","Delaware Valley","27","127954","Eastern University","0"
"401628545","2024","11","false","194","Ohio State","45","2509","Purdue","0"
"401635606","2024","11","false","103","Boston College","37","183","Syracuse","31"
"401674761","2024","11","false","2781","Brockport","28","2782","Cortland","29"
"401634140","2024","11","false","2193","East Tennessee State","24","2717","Western Carolina","21"
"401674385","2024","11","false","2134","Clarion","28","367","Gannon","34"
"401676099","2024","11","false","2315","Kutztown University","31","223","West Chester","13"
"401676104","2024","11","false","2274","Hiram College","7","83","Depauw","58"
"401676132","2024","11","false","583","Northwestern (MN)","42","2257","Greenville","34"
"401677500","2024","11","false","2776","Salve Regina","21","2749","Worcester Polytechnic Institute","14"
"401682281","2024","11","false","2909","Westfield State","14","379","UMass Dartmouth","56"
"401654593","2024","11","false","2184","Duquesne","31","2523","Robert Morris","6"
"401654494","2024","11","false","108","Harvard","26","171","Columbia","6"
"401638692","2024","11","false","2168","Dayton","10","301","San Diego","16"
"401628544","2024","11","false","164","Rutgers","26","135","Minnesota","19"
"401654621","2024","11","false","107","Holy Cross","7","2329","Lehigh","10"
"401654598","2024","11","false","2529","Sacred Heart","7","2341","Long Island University","28"
"401628417","2024","11","false","251","Texas","49","57","Florida","17"
"401636918","2024","11","false","2132","Cincinnati","24","277","West Virginia","31"
"401635609","2024","11","false","59","Georgia Tech","28","2390","Miami","23"
"401676664","2024","11","false","122774","Keystone","38","246","Juniata College","43"
"401643828","2024","11","false","2433","UL Monroe","17","326","Texas State","38"
"401645363","2024","11","false","58","South Florida","7","2426","Navy","28"
"401675761","2024","11","false","2336","Limestone","40","122666","Wilson","26"
"401674901","2024","11","false","402","Worcester St","7","110","Mass Maritime","34"
"401674845","2024","11","false","237","Union (NY)","34","184","University of Rochester (NY)","13"
"401654460","2024","11","false","43","Yale","56","225","Brown","34"
"401676304","2024","11","false","2121","Centre College Kentucky","49","2519","Rhodes College","20"
"401676175","2024","11","false","2977","Trinity (CT)","17","336","Wesleyan University (CT)","27"
"401676029","2024","11","false","2256","Greensboro College","7","2373","Maryville College (TN)","47"
"401674874","2024","11","false","2969","Misericordia","17","471","Stevenson","56"
"401673435","2024","11","false","2221","FDU-Florham","7","2725","Widener","10"
"401674869","2024","11","false","2015","Albright","6","247","Kings College (PA)","41"
"401687162","2024","11","false","374","St John Fisher University","11","3110","SUNY Morrisville","14"
"401676154","2024","11","false","348","Hamilton","24","121","Bates","21"
"401674718","2024","11","false","452","Endicott College","32","2280","Husson","6"
"401676216","2024","11","false","2383","Merchant Marine Academy","7","81","Springfield","42"
"401676013","2024","11","false","286","North Carolina Wesleyan","30","2913","Brevard College","24"
"401675425","2024","11","false","2682","Walsh","24","308","Ashland","10"
"401674564","2024","11","false","2392","Michigan Tech","0","125","Grand Valley State University","20"
"401674576","2024","11","false","110254","Davenport","52","128","Northern Michigan","31"
"401674884","2024","11","false","293","Castleton","20","18","Bridgewater State","31"
"401674709","2024","11","false","2884","Nichols College","41","40","Curry College","47"
"401675433","2024","11","false","2224","Findlay","27","2886","Northwood (MI)","17"
"401673416","2024","11","false","323","Moravian","34","2354","Lycoming","23"
"401674281","2024","11","false","2986","Fairmont State","36","2699","West Liberty","35"
"401674356","2024","11","false","2858","PennWest California","28","2205","Edinboro University","14"
"401676188","2024","11","false","2731","Williams","21","7","Amherst","0"
"401676222","2024","11","false","2467","Norwich","0","109","MIT","27"
"401676624","2024","11","false","2102","Carnegie Mellon","63","2018","Allegheny","10"
"401676743","2024","11","false","2587","Southwest Minnesota State","15","2851","Winona State","37"
"401677362","2024","11","false","2843","Western Connecticut St","76","2967","Framingham State","18"
"401676169","2024","11","false","112","Tufts","17","2394","Middlebury","7"
"401674686","2024","11","false","2667","Ursinus","34","2248","Gettysburg","0"
"401675827","2024","11","false","2364","Minnesota State Mankato","49","559","University of Mary","21"
"401676768","2024","11","false","2702","Western New England","24","111675","Biddeford","6"
"401674581","2024","11","false","131","Wayne State (MI)","38","127991","Roosevelt","14"
"401674839","2024","11","false","175","Ithaca College","41","2779","St. Lawrence","0"
"401628684","2024","11","false","222","Villanova","31","2448","North Carolina A&T","3"
"401675593","2024","11","false","60","Morehouse College","17","2805","Clark Atlanta","28"
"401676214","2024","11","true","129738","Calvin University","7","2812","Hope College","38"
"401674851","2024","11","false","2085","Buffalo State","7","2528","Rensselaer","48"
"401673963","2024","11","false","32","Carroll University (WI)","21","306","Illinois Wesleyan","24"
"401658346","2024","11","false","2222","Ferris State","27","129","Saginaw Valley State","24"
"401675292","2024","11","false","2746","Wittenberg","28","89","Wabash College","31"
"401676145","2024","11","false","352","Kenyon","13","2980","Ohio Wesleyan","12"
"401676242","2024","11","false","2827","Rowan","42","2871","Kean","14"
"401674517","2024","11","false","2876","Lincoln (MO)","28","2323","Lane College","41"
"401675606","2024","11","false","2119","Central State (OH)","14","2310","Kentucky State","24"
"401675958","2024","11","false","2723","Wisconsin-River Falls","45","2743","Wisconsin-Stevens Pt","17"
"401676041","2024","11","false","409","Concordia-Wisconsin","52","2151","Concordia University Chicago","24"
"401658356","2024","11","false","2804","Chowan","21","101784","ERSKINE","3"
"401675034","2024","11","false","2524","Rockford","48","2741","Wisconsin-Lutheran","49"
"401673379","2024","11","false","2839","Greeneville","14","2105","Carson-Newman College","56"
"401676047","2024","11","false","2056","Belhaven","36","548","Lagrange College","9"
"401674316","2024","11","false","2817","Minnesota State Moorhead","14","132","Bemidji State","25"
"401675416","2024","11","false","2736","Winston-Salem","37","2220","Fayetteville State","31"
"401674788","2024","11","true","190","Defiance College","7","2262","Hanover College","31"
"401676234","2024","11","false","2818","Montclair State","10","3112","Christopher Newport","33"
"401676004","2024","11","false","2896","Southern Virginia","0","2938","Huntingdon College (AL)","51"
"401674923","2024","11","false","2790","Albion","49","354","Olivet College","14"
"401674753","2024","11","false","173","Hartwick","0","365","Alfred University","51"
"401674701","2024","11","false","2234","Franklin & Marshall","23","2422","Muhlenberg","24"
"401675839","2024","11","false","2844","Wayne State (NE)","21","425","Northern State","28"
"401674327","2024","11","false","3066","Concordia University St Paul","7","134","Minnesota Duluth","35"
"401674915","2024","11","false","2651","Trine University","52","2003","Adrian","32"
"401673443","2024","11","false","111674","Reading","10","388","Lebanon Valley","23"
"401674929","2024","11","false","126","Kalamazoo","13","2800","Alma","51"
"401674741","2024","11","false","75","North Park","21","143","Washington University (St. Louis)","28"
"401673978","2024","11","false","3071","North Central College","70","72","Elmhurst","7"
"401675440","2024","11","false","2273","Hillsdale","20","2838","Tiffin","17"
"401658366","2024","11","false","2882","UNC Pembroke","58","341","Frostburg State","17"
"401674287","2024","11","false","2249","Glenville State","40","2707","West Virginia State","14"
"401674825","2024","11","false","2108","Catholic","15","398","Wilkes","40"
"401674263","2024","11","false","455","West Virginia Wesleyan","21","2128","University Of Charleston (WV)","69"
"401675490","2024","11","false","2401","Mississippi College","35","196","Northeastern State","7"
"401675452","2024","11","false","437","Lake Erie","21","2477","Ohio Dominican","38"
"401676721","2024","11","true","112334","Franklin Pierce","26","2060","Bentley","34"
"401675017","2024","11","false","262","Lake Forest College","35","2919","Monmouth (IL)","28"
"401675393","2024","11","false","330","Virginia St","35","2676","Virginia Union","28"
"401675385","2024","11","false","2075","Bowie State","45","2339","Lincoln (PA)","7"
"401675944","2024","11","false","2740","Wisconsin-Lacrosse","24","2745","Wisconsin-Whitewater","21"
"401673389","2024","11","false","2213","Emory & Henry College","62","2842","UVA Wise","14"
"401676249","2024","11","false","2532","Salisbury","69","2700","McDaniel College","13"
"401634244","2024","11","false","79","Southern Illinois","37","2754","Youngstown State","33"
"401628678","2024","11","false","311","Maine","38","2803","Bryant","26"
"401654652","2024","11","false","2083","Bucknell","28","2230","Fordham","27"
"401676125","2024","11","false","433","Westminster College (MO)","27","2399","Minnesota Morris","47"
"401628677","2024","11","false","2619","Stony Brook","24","399","UAlbany","6"
"401676254","2024","11","false","2970","William Paterson","14","2442","College Of New Jersey","21"
"401640995","2024","11","false","2393","Middle Tennessee","17","2335","Liberty","37"
"401676728","2024","11","false","2830","St. Anselm","11","2441","New Haven","14"
"401676439","2024","11","false","2845","Waynesburg","37","2644","Thiel","10"
"401676430","2024","11","false","2828","Shenandoah","35","297","Hampden-Sydney","7"
"401676426","2024","11","false","2242","Geneva","7","2849","Westminster (PA)","56"
"401676417","2024","11","false","2757","Berry College","45","2398","Millsaps","7"
"401676414","2024","11","false","2516","Randolph-Macon","35","366","Ferrum","7"
"401628680","2024","11","false","48","Delaware","24","227","Rhode Island","21"
"401677737","2024","11","false","124180","Bluefield State","21","2207","Elizabeth City State","27"
"401676713","2024","11","false","2487","Pace","7","2038","Assumption","14"
"401676401","2024","11","false","2047","Averett","28","2258","Guilford College","21"
"401676746","2024","11","false","215","Slippery Rock","38","611","Seton Hill","20"
"401676643","2024","11","false","146","Grove City College","30","2963","Case Western Reserve","20"
"401676631","2024","11","false","2614","Saint Vincent","13","2062","Bethany (WV)","21"
"401654508","2024","11","false","172","Cornell","49","219","Pennsylvania","67"
"401638690","2024","11","false","56","Stetson","31","2368","Marist","40"
"401676108","2024","11","false","209","Lock Haven University","42","2559","Shippensburg","21"
"401676070","2024","11","false","2832","St. Norbert","55","6353","Lakeland","13"
"401674677","2024","11","false","118","Johns Hopkins University","30","2175","Dickinson (PA)","0"
"401674272","2024","11","false","2148","Concord University","30","112335","Wheeling","50"
"401654579","2024","11","false","284","Stonehill","17","2115","Central Connecticut","21"
"401628682","2024","11","false","119","Towson","27","2261","Hampton","10"
"401638691","2024","11","false","2166","Davidson","31","2413","Morehead State","14"
"401676734","2024","11","true","126086","Post University","27","2022","American International","28"
"401654630","2024","11","false","2142","Colgate","20","322","Lafayette","21"
"401674371","2024","11","false","2188","East Stroudsburg University","28","2974","Shepherd","7"
"401628683","2024","11","false","160","New Hampshire","33","2405","Monmouth","20"
"401634023","2024","11","false","2545","SE Louisiana","41","2466","Northwestern State","0"
"401674590","2024","11","false","67","Luther","13","63","Buena Vista","40"
"401628681","2024","11","false","2729","William & Mary","36","2210","Elon","40"
"401676092","2024","11","false","2171","Denison University","63","391","Oberlin","0"
"401674771","2024","11","false","2074","Bluffton","28","2233","Franklin","22"
"401674794","2024","11","false","2362","Manchester","7","2419","Mount St. Joseph","43"
"401634004","2024","11","false","2241","Gardner-Webb","31","2197","Eastern Illinois","28"
"401676341","2024","11","false","2733","Wilmington (OH)","20","191","Heidelberg","30"
"401634150","2024","11","false","2678","VMI","0","2382","Mercer","34"
"401676346","2024","11","false","2302","John Carroll University","56","359","Otterbein","0"
"401676792","2024","11","false","351","Wingate","38","2444","Newberry","0"
"401676353","2024","11","false","426","University of Mount Union","28","317","Marietta","21"
"401674800","2024","11","false","2023","Anderson (IN)","9","86","Rose-Hulman","28"
"401676298","2024","11","false","188","Baldwin Wallace","27","427","Ohio Northern","26"
"401676313","2024","11","false","332","Muskingum University","51","424","Capital","20"
"401675980","2024","11","false","272","Wisconsin-Platteville","56","2738","Wisconsin-Eau Claire","14"
"401676139","2024","11","false","446","Martin Luther","13","509","Crown College","0"
"401676408","2024","11","false","2079","Bridgewater (VA)","7","2688","Washington and Lee","23"
"401676269","2024","11","false","2553","Sewanee","15","418","Hendrix College","27"
"401676262","2024","11","false","386","Trinity University TX","34","2588","Southwestern University","7"
"401632077","2024","11","false","2698","West Georgia","21","2627","Tarleton State","38"
"401674608","2024","11","false","49","Dubuque","14","2685","Wartburg","24"
"401674523","2024","11","false","2816","McKendree","24","389","Upper Iowa University","28"
"401673453","2024","11","false","2286","Illinois College","42","2155","Cornell College (IA)","14"
"401674735","2024","11","false","74","Millikin","10","396","Wheaton","64"
"401674644","2024","11","false","2810","Hardin-Simmons","27","2371","Mary Hardin-Baylor","19"
"401634178","2024","11","false","233","South Dakota","49","282","Indiana State","0"
"401674536","2024","11","false","2586","Southwest Baptist","25","2825","Quincy","34"
"401675496","2024","11","true","110242","West Florida","35","2822","North Greenville","14"
"401674987","2024","11","false","2600","Saint John's (MN)","55","133","St. Olaf","6"
"401632140","2024","11","false","2198","Eastern Kentucky","31","2110","Central Arkansas","24"
"401676668","2024","11","true","125974","Hilbert College","6","390","Utica","36"
"401674981","2024","11","false","162","Hamline University","28","375","St. Scholastica","42"
"401634116","2024","11","false","2458","Northern Colorado","15","331","Eastern Washington","43"
"401675901","2024","11","false","2141","Coe College","47","2564","Simpson College (IA)","10"
"401638689","2024","11","false","2900","St. Thomas (MN)","19","2181","Drake","22"
"401634003","2024","11","false","2127","Charleston Southern","14","2630","UT Martin","40"
"401675554","2024","11","false","2703","Western New Mexico","20","2658","Texas A&M-Kingsville","28"
"401675832","2024","11","false","2043","Augustana University (SD)","27","2894","Sioux Falls","21"
"401634005","2024","11","false","2815","Lindenwood","24","2546","Southeast Missouri State","12"
"401634187","2024","11","false","93","Murray State","31","2623","Missouri State","59"
"401634166","2024","11","false","2460","Northern Iowa","9","2287","Illinois State","31"
"401634204","2024","11","false","155","North Dakota","7","2571","South Dakota State","38"
"401675613","2024","11","false","2657","Tuskegee","7","2396","Miles College","37"
"401675585","2024","11","false","490","Benedict College","35","2542","Savannah St","27"
"401675447","2024","11","true","2646","Thomas More College","47","2316","Kentucky Wesleyan","12"
"401632467","2024","11","false","2643","The Citadel","7","236","Chattanooga","31"
"401634006","2024","11","false","2710","Western Illinois","20","2634","Tennessee State","45"
"401634156","2024","11","false","231","Furman","13","2747","Wofford","19"
"401674614","2024","11","false","263","Loras College","32","6845","Nebraska Wesleyan","22"
"401638688","2024","11","false","2674","Valparaiso","17","2086","Butler","24"
"401674997","2024","11","false","2891","Ripon","16","266","Beloit","7"
"401674667","2024","11","true","101442","CENTENARY","23","2639","Texas Lutheran","46"
"401675569","2024","11","true","2232","Fort Valley State","15","2013","Albany State GA","20"
"401674963","2024","11","false","2101","Carleton","51","2968","Gustavus Adolphus","17"
"401674651","2024","11","false","2758","Howard Payne","17","2194","East Texas Baptist University","38"
"401674970","2024","11","false","2152","Concordia Moorhead","16","2802","Bethel (MN)","49"
"401675004","2024","11","false","80","Chicago","42","65","Grinnell","6"
"401674432","2024","11","false","2271","Henderson State","35","2927","Southwestern Oklahoma State","17"
"401673256","2024","11","false","613","South Dakota Mines","17","11","Colorado Mesa","14"
"401673263","2024","11","false","2237","Fort Lewis","44","2424","New Mexico Highlands","22"
"401673954","2024","11","false","2042","Augustana (IL)","31","2106","Carthage","21"
"401674138","2024","11","false","2214","Emporia State University","36","2118","Central Missouri","45"
"401674948","2024","11","false","124","Augsburg","33","2359","Macalester","3"
"401675578","2024","11","false","2206","Edward Waters","33","2019","Allen","28"
"401674148","2024","11","false","2687","Washburn","27","2122","Central Oklahoma","28"
"401674347","2024","11","false","2071","Bloomsburg","35","210","Millersville","27"
"401674506","2024","11","false","2292","Indianapolis","55","2402","Missouri S&T","10"
"401675011","2024","11","false","268","Lawrence University","34","255","Knox College","35"
"401675536","2024","11","false","2201","Eastern New Mexico","14","110243","UT Permian Basin","64"
"401675803","2024","11","false","2940","Livingstone","15","2304","Johnson C Smith","10"
"401629037","2024","11","false","5","UAB","23","41","UConn","31"
"401674417","2024","11","false","2191","East Central (OK)","7","2264","Harding University","34"
"401634120","2024","11","false","147","Montana State","49","16","Sacramento State","7"
"401674173","2024","11","false","2403","Missouri Southern State","24","2438","Nebraska-Kearney","13"
"401634028","2024","11","false","2916","Incarnate Word","41","2320","Lamar","20"
"401636378","2024","11","false","2504","Prairie View A&M","31","50","Florida A&M","12"
"401673273","2024","11","false","2570","CSU Pueblo","28","2146","Colorado School Of Mines","13"
"401673149","2024","11","false","2069","Black Hills State","45","2001","Adams State","3"
"401674398","2024","11","false","199","Southeastern Oklahoma State","0","2033","Arkansas Tech","6"
"401673247","2024","11","false","2714","Western Colorado","21","2123","Chadron St","17"
"401674408","2024","11","false","200","Southern Nazarene","24","2028","Arkansas-Monticello","21"
"401674178","2024","11","false","137","Missouri Western","23","138","Northwest Missouri St","33"
"401636391","2024","11","false","2296","Jackson State","51","2400","Mississippi Valley State","14"
"401643829","2024","11","false","2572","Southern Miss","3","276","Marshall","37"
"401675482","2024","11","false","2170","Delta State","20","2673","Valdosta State","49"
"401675952","2024","11","false","271","Wisconsin-Oshkosh","42","2744","Wisconsin-Stout","45"
"401636350","2024","11","false","2755","Grambling","24","2011","Alabama State","23"
"401634027","2024","11","false","2277","Houston Christian","24","2447","Nicholls","21"
"401654568","2024","11","false","2016","Alcorn State","42","2640","Texas Southern","21"
"401674496","2024","11","false","2568","Southern Arkansas","78","2823","Northwestern Oklahoma State","0"
"401674482","2024","11","false","319","Oklahoma Baptist","0","2888","Ouachita Baptist","55"
"401632135","2024","11","false","2453","North Alabama","26","253","Southern Utah","38"
"401634257","2024","11","false","2029","Arkansas-Pine Bluff","24","2010","Alabama A&M","52"
"401674661","2024","11","true","101161","LYONCOLL","0","241","McMurry","28"
"401636369","2024","11","false","2582","Southern","25","2065","Bethune-Cookman","23"
"401634118","2024","11","false","2692","Weber State","35","304","Idaho State","43"
"401655656","2024","11","false","2535","Samford","7","2635","Tennessee Tech","27"
"401628414","2024","11","false","145","Ole Miss","28","61","Georgia","10"
"401628541","2024","11","false","84","Indiana","20","130","Michigan","15"
"401636919","2024","11","true","2305","Kansas","45","66","Iowa State","36"
"401628679","2024","11","false","2097","Campbell","24","257","Richmond","27"
"401629045","2024","11","false","249","North Texas","3","349","Army","14"
"401643826","2024","11","false","256","James Madison","38","2247","Georgia State","7"
"401643755","2024","11","false","204","Oregon State","13","23","San José State","24"
"401635607","2024","11","false","259","Virginia Tech","14","228","Clemson","24"
"401654542","2024","11","false","47","Howard","14","2569","South Carolina State","38"
"401635608","2024","11","false","152","NC State","19","150","Duke","29"
"401634117","2024","11","false","2502","Portland State","30","70","Idaho","39"
"401641021","2024","11","false","2638","UTEP","43","338","Kennesaw State","35"
"401676291","2024","11","false","203","Linfield College","38","2486","Pacific Lutheran","10"
"401645364","2024","11","false","2655","Tulane","52","218","Temple","6"
"401682377","2024","11","false","2508","Puget Sound","28","2333","Lewis & Clark College","55"
"401676201","2024","11","false","2318","La Verne","21","411","Chapman","42"
"401674542","2024","11","true","2911","William Jewell","0","2654","Truman State","34"
"401676285","2024","11","false","415","NEWBERG","0","2721","Whitworth","31"
"401675796","2024","11","true","129469","Anderson (Sc)","16","2369","Mars Hill","31"
"401676183","2024","11","false","17","Claremont-Mudd-Scripps College","41","2094","California Lutheran University","24"
"401675931","2024","11","false","29","Redlands","10","2923","Pomona Pitzer","21"
"401636921","2024","11","false","2641","Texas Tech","27","38","Colorado","41"
"401676329","2024","11","false","2930","Willamette","10","205","Pacific (OR)","24"
"401632130","2024","11","false","2046","Austin Peay","34","2000","Abilene Christian","35"
"401675520","2024","11","false","2848","Western Oregon","16","2025","Angelo State","38"
"401628418","2024","11","false","238","Vanderbilt","7","2579","South Carolina","28"
"401641004","2024","11","false","2348","Louisiana Tech","37","55","Jacksonville State","44"
"401675122","2024","11","false","2837","East Texas A&M","19","2617","Stephen F. Austin","14"
"401643827","2024","11","false","309","Louisiana","55","2032","Arkansas State","19"
"401679014","2024","11","false","340","Bowdoin","10","33","Colby College","34"
"401675769","2024","11","false","2107","Catawba","14","2331","Lenoir-Rhyne","33"
"401641036","2024","11","false","166","New Mexico State","28","98","Western Kentucky","41"
"401636920","2024","11","false","2628","TCU","38","197","Oklahoma State","13"
"401675995","2024","11","false","101","Eureka College","0","2044","Aurora","56"
"401675543","2024","11","false","2704","West Texas A&M","17","2395","Midwestern State","12"
"401628543","2024","11","false","2483","Oregon","39","120","Maryland","18"
"401636917","2024","11","false","9","Arizona State","35","2116","UCF","31"
"401628416","2024","11","false","2633","Tennessee","33","344","Mississippi State","14"
"401628413","2024","11","false","99","LSU","13","333","Alabama","42"
"401628984","2024","11","false","87","Notre Dame","52","52","Florida State","3"
"401628415","2024","11","false","142","Missouri","30","201","Oklahoma","23"
"401628546","2024","11","false","213","Penn State","35","264","Washington","6"
"401635610","2024","11","false","221","Pittsburgh","19","258","Virginia","24"
"401634115","2024","11","false","13","Cal Poly","14","2464","Northern Arizona","31"
"401643752","2024","11","false","68","Boise State","28","2440","Nevada","21"
"401675528","2024","11","false","2120","Central Washington","66","2834","Sul Ross State","0"
"401643753","2024","11","false","62","Hawai'i","27","2439","UNLV","29"
"401643751","2024","11","false","2005","Air Force","36","278","Fresno State","28"
"401634119","2024","11","false","149","Montana","14","302","UC Davis","30"
"401636922","2024","11","false","254","Utah","21","252","BYU","22"
"401643756","2024","11","false","265","Washington State","49","328","Utah State","28"
"401644763","2024","12","false","2084","Buffalo","51","2050","Ball State","48"
"401644765","2024","12","false","2649","Toledo","37","2117","Central Michigan","10"
"401644764","2024","12","false","189","Bowling Green","31","2711","Western Michigan","13"
"401644766","2024","12","false","2459","Northern Illinois","29","2006","Akron","16"
"401644689","2024","12","false","193","Miami (OH)","34","2309","Kent State","7"
"401644767","2024","12","false","195","Ohio","35","2199","Eastern Michigan","10"
"401645365","2024","12","false","202","Tulsa","31","151","East Carolina","38"
"401634258","2024","12","false","2010","Alabama A&M","22","2755","Grambling","17"
"401645366","2024","12","false","2636","UTSA","48","249","North Texas","27"
"401654556","2024","12","false","2428","North Carolina Central","26","47","Howard","3"
"401643759","2024","12","false","36","Colorado State","24","2751","Wyoming","10"
"401628553","2024","12","false","264","Washington","31","26","UCLA","19"
"401636923","2024","12","false","12","Arizona","27","248","Houston","3"
"401674814","2024","12","false","2354","Lycoming","7","216","Susquehanna","55"
"401674875","2024","12","false","247","Kings College (PA)","33","471","Stevenson","21"
"401676367","2024","12","false","359","Otterbein","15","427","Ohio Northern","47"
"401675441","2024","12","false","2477","Ohio Dominican","6","2273","Hillsdale","28"
"401676229","2024","12","false","2951","SUNY Maritime","20","81","Springfield","55"
"401641013","2024","12","false","98","Western Kentucky","7","2348","Louisiana Tech","12"
"401645370","2024","12","false","2426","Navy","0","2655","Tulane","35"
"401636925","2024","12","false","38","Colorado","49","254","Utah","24"
"401628419","2024","12","false","8","Arkansas","10","251","Texas","20"
"401635582","2024","12","false","221","Pittsburgh","20","228","Clemson","24"
"401674379","2024","12","false","2205","Edinboro University","21","210","Millersville","23"
"401629046","2024","12","false","113","Massachusetts","34","2335","Liberty","35"
"401634249","2024","12","false","2754","Youngstown State","39","2460","Northern Iowa","38"
"401673427","2024","12","false","2725","Widener","26","2808","Delaware Valley","49"
"401628550","2024","12","true","77","Northwestern","7","194","Ohio State","31"
"401638694","2024","12","false","2368","Marist","23","2506","Presbyterian","42"
"401674909","2024","12","false","2967","Framingham State","30","402","Worcester St","20"
"401674902","2024","12","false","18","Bridgewater State","20","110","Mass Maritime","0"
"401674894","2024","12","false","2909","Westfield State","22","114","Fitchburg State","7"
"401676714","2024","12","false","2038","Assumption","19","112334","Franklin Pierce","21"
"401674696","2024","12","false","2700","McDaniel College","0","118","Johns Hopkins University","35"
"401674710","2024","12","false","40","Curry College","14","452","Endicott College","49"
"401674762","2024","12","false","2782","Cortland","28","175","Ithaca College","17"
"401674852","2024","12","false","2528","Rensselaer","24","237","Union (NY)","7"
"401674264","2024","12","false","2128","University Of Charleston (WV)","52","2707","West Virginia State","17"
"401674357","2024","12","false","2858","PennWest California","14","2315","Kutztown University","21"
"401638697","2024","12","false","2168","Dayton","26","2674","Valparaiso","14"
"401673417","2024","12","false","398","Wilkes","47","323","Moravian","28"
"401674386","2024","12","false","367","Gannon","13","209","Lock Haven University","21"
"401674372","2024","12","false","2134","Clarion","19","2188","East Stroudsburg University","22"
"401675434","2024","12","false","2838","Tiffin","37","2224","Findlay","14"
"401654639","2024","12","false","107","Holy Cross","40","2083","Bucknell","38"
"401654614","2024","12","false","2771","Merrimack","20","2529","Sacred Heart","31"
"401654599","2024","12","true","2341","Long Island University","27","2598","St. Francis (PA)","34"
"401654594","2024","12","false","2184","Duquesne","42","2681","Wagner","21"
"401654580","2024","12","false","2115","Central Connecticut","35","2523","Robert Morris","33"
"401634141","2024","12","false","2193","East Tennessee State","21","231","Furman","24"
"401654468","2024","12","false","43","Yale","42","163","Princeton","28"
"401628686","2024","12","false","2405","Monmouth","40","222","Villanova","33"
"401654503","2024","12","false","2450","Norfolk State","38","2169","Delaware State","19"
"401673436","2024","12","false","2221","FDU-Florham","33","127954","Eastern University","37"
"401676113","2024","12","false","391","Oberlin","20","2274","Hiram College","17"
"401654622","2024","12","false","2329","Lehigh","45","2142","Colgate","17"
"401733667","2024","12","false","2396","Miles College","53","2805","Clark Atlanta","25"
"401676223","2024","12","false","2776","Salve Regina","31","2467","Norwich","30"
"401654495","2024","12","false","225","Brown","12","171","Columbia","21"
"401676014","2024","12","false","2373","Maryville College (TN)","35","286","North Carolina Wesleyan","14"
"401676747","2024","12","false","611","Seton Hill","10","2974","Shepherd","13"
"401682282","2024","12","false","2972","Plymouth State","42","379","UMass Dartmouth","47"
"401677497","2024","12","false","2749","Worcester Polytechnic Institute","34","109","MIT","12"
"401687157","2024","12","false","3110","SUNY Morrisville","31","173","Hartwick","14"
"401676769","2024","12","false","2884","Nichols College","28","2702","Western New England","56"
"401676739","2024","12","false","2060","Bentley","41","2830","St. Anselm","14"
"401628688","2024","12","false","119","Towson","31","2448","North Carolina A&T","13"
"401628685","2024","12","false","2261","Hampton","21","257","Richmond","24"
"401676126","2024","12","false","433","Westminster College (MO)","21","583","Northwestern (MN)","33"
"401676217","2024","12","false","2383","Merchant Marine Academy","21","2557","Coast Guard","42"
"401675770","2024","12","false","2336","Limestone","31","2369","Mars Hill","26"
"401682325","2024","12","false","2022","American International","21","2583","Southern Connecticut State","50"
"401654631","2024","12","false","322","Lafayette","42","284","Stonehill","10"
"401628426","2024","12","false","2","Auburn","48","2433","UL Monroe","14"
"401675023","2024","12","false","2891","Ripon","41","268","Lawrence University","0"
"401674537","2024","12","false","2654","Truman State","55","2586","Southwest Baptist","3"
"401675426","2024","12","false","308","Ashland","44","2316","Kentucky Wesleyan","30"
"401628690","2024","12","false","2729","William & Mary","22","2803","Bryant","12"
"401658347","2024","12","false","129","Saginaw Valley State","28","2392","Michigan Tech","32"
"401675483","2024","12","false","2401","Mississippi College","14","2170","Delta State","20"
"401673390","2024","12","false","2444","Newberry","7","2213","Emory & Henry College","27"
"401674273","2024","12","false","2148","Concord University","7","2882","UNC Pembroke","63"
"401676005","2024","12","false","548","Lagrange College","50","2896","Southern Virginia","24"
"401634205","2024","12","false","155","North Dakota","36","233","South Dakota","42"
"401638693","2024","12","false","2181","Drake","20","2413","Morehead State","29"
"401675284","2024","12","false","2748","Wooster","27","2746","Wittenberg","48"
"401675457","2024","12","false","2886","Northwood (MI)","49","2682","Walsh","42"
"401675550","2024","12","false","2834","Sul Ross State","7","110243","UT Permian Basin","75"
"401674557","2024","12","false","2222","Ferris State","24","110254","Davenport","9"
"401675012","2024","12","false","255","Knox College","0","2919","Monmouth (IL)","49"
"401676064","2024","12","true","3077","Kentucky Christian","25","2913","Brevard College","41"
"401676073","2024","12","false","2832","St. Norbert","61","101","Eureka College","0"
"401676409","2024","12","false","2258","Guilford College","0","2079","Bridgewater (VA)","58"
"401673955","2024","12","false","143","Washington University (St. Louis)","45","2042","Augustana (IL)","24"
"401674328","2024","12","false","134","Minnesota Duluth","30","2364","Minnesota State Mankato","16"
"401674507","2024","12","false","2876","Lincoln (MO)","0","2292","Indianapolis","52"
"401674577","2024","12","false","131","Wayne State (MI)","30","128","Northern Michigan","14"
"401674754","2024","12","false","365","Alfred University","23","2781","Brockport","14"
"401674935","2024","12","false","126","Kalamazoo","14","2651","Trine University","37"
"401673964","2024","12","false","32","Carroll University (WI)","27","2106","Carthage","7"
"401638349","2024","12","false","2717","Western Carolina","58","2678","VMI","28"
"401636379","2024","12","false","50","Florida A&M","21","2400","Mississippi Valley State","24"
"401638696","2024","12","false","2086","Butler","36","2900","St. Thomas (MN)","20"
"401654645","2024","12","false","2230","Fordham","31","46","Georgetown","3"
"401634007","2024","12","false","2197","Eastern Illinois","16","2127","Charleston Southern","13"
"401676669","2024","12","false","374","St John Fisher University","20","390","Utica","35"
"401676235","2024","12","false","3112","Christopher Newport","70","2442","College Of New Jersey","31"
"401643832","2024","12","false","276","Marshall","31","324","Coastal Carolina","19"
"401676431","2024","12","false","297","Hampden-Sydney","6","2516","Randolph-Macon","27"
"401734015","2024","12","false","133","St. Olaf","41","124","Augsburg","26"
"401628689","2024","12","false","227","Rhode Island","20","399","UAlbany","17"
"401654476","2024","12","false","172","Cornell","39","159","Dartmouth","22"
"401634167","2024","12","false","282","Indiana State","19","2287","Illinois State","31"
"401628692","2024","12","false","160","New Hampshire","31","2619","Stony Brook","30"
"401676215","2024","12","true","129738","Calvin University","21","2790","Albion","41"
"401676243","2024","12","false","2871","Kean","28","2532","Salisbury","58"
"401676278","2024","12","false","2970","William Paterson","0","2827","Rowan","45"
"401734012","2024","12","false","2600","Saint John's (MN)","41","2802","Bethel (MN)","33"
"401734013","2024","12","false","2101","Carleton","21","162","Hamline University","9"
"401734014","2024","12","false","375","St. Scholastica","44","2359","Macalester","41"
"401734011","2024","12","false","2968","Gustavus Adolphus","13","2152","Concordia Moorhead","17"
"401628691","2024","12","false","48","Delaware","41","2097","Campbell","22"
"401674916","2024","12","false","2003","Adrian","7","2800","Alma","31"
"401644604","2024","12","false","219","Pennsylvania","28","108","Harvard","31"
"401674288","2024","12","false","455","West Virginia Wesleyan","23","2249","Glenville State","42"
"401675475","2024","12","false","2822","North Greenville","31","2804","Chowan","27"
"401674742","2024","12","false","396","Wheaton","66","75","North Park","14"
"401676427","2024","12","false","2849","Westminster (PA)","9","146","Grove City College","36"
"401658367","2024","12","false","341","Frostburg State","28","2986","Fairmont State","31"
"401675453","2024","12","false","437","Lake Erie","25","2646","Thomas More College","28"
"401676042","2024","12","false","2151","Concordia University Chicago","14","2283","Benedictine University","49"
"401673444","2024","12","false","388","Lebanon Valley","27","2015","Albright","3"
"401674166","2024","12","false","2438","Nebraska-Kearney","20","2231","Fort Hays State","27"
"401674337","2024","12","false","559","University of Mary","3","2817","Minnesota State Moorhead","52"
"401674662","2024","12","false","241","McMurry","49","101442","CENTENARY","12"
"401676093","2024","12","false","2980","Ohio Wesleyan","14","2171","Denison University","28"
"401674833","2024","12","false","174","Hobart College","37","184","University of Rochester (NY)","7"
"401673454","2024","12","false","2286","Illinois College","96","266","Beloit","14"
"401674348","2024","12","false","215","Slippery Rock","27","2071","Bloomsburg","7"
"401674678","2024","12","false","2175","Dickinson (PA)","13","2667","Ursinus","24"
"401674687","2024","12","false","2248","Gettysburg","19","2234","Franklin & Marshall","55"
"401674702","2024","12","false","2422","Muhlenberg","21","2818","Montclair State","0"
"401674932","2024","12","false","354","Olivet College","12","2812","Hope College","48"
"401674532","2024","12","false","389","Upper Iowa University","51","2402","Missouri S&T","7"
"401674719","2024","12","false","2280","Husson","14","111675","Biddeford","25"
"401674807","2024","12","false","246","Juniata College","22","2108","Catholic","56"
"401674857","2024","12","false","2779","St. Lawrence","26","2085","Buffalo State","18"
"401675005","2024","12","false","2155","Cornell College (IA)","26","65","Grinnell","7"
"401675797","2024","12","false","2331","Lenoir-Rhyne","27","129469","Anderson (Sc)","24"
"401675838","2024","12","false","2844","Wayne State (NE)","21","3066","Concordia University St Paul","0"
"401676022","2024","12","false","291","Methodist","3","2056","Belhaven","26"
"401676141","2024","12","false","509","Crown College","0","2257","Greenville","29"
"401676632","2024","12","false","2062","Bethany (WV)","23","2644","Thiel","30"
"401676445","2024","12","false","2688","Washington and Lee","21","2828","Shenandoah","28"
"401676729","2024","12","false","2441","New Haven","41","2487","Pace","14"
"401676440","2024","12","false","2242","Geneva","33","2845","Waynesburg","6"
"401676270","2024","12","false","2121","Centre College Kentucky","35","2553","Sewanee","8"
"401676625","2024","12","false","2018","Allegheny","0","2686","Washington & Jefferson","45"
"401677468","2024","12","false","111674","Reading","34","2969","Misericordia","31"
"401693681","2024","12","true","124179","Lincoln (CA)","8","125762","Florida Memorial University","48"
"401675300","2024","12","false","83","Depauw","42","89","Wabash College","21"
"401632468","2024","12","false","236","Chattanooga","13","2535","Samford","36"
"401674772","2024","12","false","2074","Bluffton","21","190","Defiance College","23"
"401674795","2024","12","false","2023","Anderson (IN)","31","2362","Manchester","17"
"401676314","2024","12","false","424","Capital","50","2733","Wilmington (OH)","31"
"401676358","2024","12","false","332","Muskingum University","28","426","University of Mount Union","35"
"401634157","2024","12","false","2747","Wofford","17","2643","The Citadel","30"
"401674781","2024","12","false","2233","Franklin","27","2262","Hanover College","31"
"401634008","2024","12","false","2241","Gardner-Webb","20","2634","Tennessee State","23"
"401628422","2024","12","false","96","Kentucky","48","93","Murray State","6"
"401674801","2024","12","false","2419","Mount St. Joseph","38","86","Rose-Hulman","21"
"401676638","2024","12","false","2963","Case Western Reserve","30","2102","Carnegie Mellon","37"
"401676299","2024","12","false","191","Heidelberg","10","188","Baldwin Wallace","14"
"401675984","2024","12","false","2723","Wisconsin-River Falls","28","271","Wisconsin-Oshkosh","14"
"401674228","2024","12","false","568","Minot State","56","2851","Winona State","23"
"401674149","2024","12","false","2122","Central Oklahoma","55","2214","Emporia State University","38"
"401674524","2024","12","true","2911","William Jewell","45","2816","McKendree","14"
"401634126","2024","12","false","2458","Northern Colorado","3","2464","Northern Arizona","44"
"401632119","2024","12","false","2046","Austin Peay","27","2198","Eastern Kentucky","30"
"401676742","2024","12","false","2894","Sioux Falls","41","2587","Southwest Minnesota State","14"
"401628425","2024","12","false","333","Alabama","52","2382","Mercer","7"
"401645369","2024","12","false","218","Temple","18","2226","Florida Atlantic","15"
"401674565","2024","12","true","127991","Roosevelt","21","125","Grand Valley State University","34"
"401676087","2024","12","false","2291","Indiana-Pennsylvania","38","2559","Shippensburg","7"
"401675018","2024","12","false","80","Chicago","9","262","Lake Forest College","28"
"401674600","2024","12","true","6845","Nebraska Wesleyan","0","2964","Central College","32"
"401674885","2024","12","false","2843","Western Connecticut St","57","293","Castleton","18"
"401675959","2024","12","false","2740","Wisconsin-Lacrosse","56","2743","Wisconsin-Stevens Pt","14"
"401675903","2024","12","false","2564","Simpson College (IA)","29","67","Luther","15"
"401634036","2024","12","false","2466","Northwestern State","3","2377","McNeese","35"
"401674645","2024","12","false","2194","East Texas Baptist University","23","2810","Hardin-Simmons","45"
"401674139","2024","12","false","2118","Central Missouri","62","2403","Missouri Southern State","47"
"401634010","2024","12","false","2630","UT Martin","9","2635","Tennessee Tech","10"
"401673239","2024","12","false","2424","New Mexico Highlands","31","2069","Black Hills State","48"
"401634021","2024","12","false","2837","East Texas A&M","41","2277","Houston Christian","40"
"401673269","2024","12","false","2146","Colorado School Of Mines","67","2237","Fort Lewis","9"
"401674615","2024","12","false","2685","Wartburg","69","263","Loras College","14"
"401674635","2024","12","false","2045","Austin","31","101161","LYONCOLL","21"
"401675035","2024","12","false","6353","Lakeland","35","2524","Rockford","28"
"401673274","2024","12","false","2123","Chadron St","21","2570","CSU Pueblo","38"
"401673979","2024","12","false","72","Elmhurst","35","74","Millikin","7"
"401674190","2024","12","false","196","Northeastern State","28","2687","Washburn","35"
"401674317","2024","12","false","132","Bemidji State","17","2043","Augustana University (SD)","10"
"401674433","2024","12","false","2271","Henderson State","20","2888","Ouachita Baptist","27"
"401674591","2024","12","false","63","Buena Vista","21","49","Dubuque","56"
"401676082","2024","12","false","2741","Wisconsin-Lutheran","27","409","Concordia-Wisconsin","17"
"401674655","2024","12","false","2371","Mary Hardin-Baylor","63","2758","Howard Payne","7"
"401634009","2024","12","false","2546","Southeast Missouri State","54","2710","Western Illinois","45"
"401675544","2024","12","false","2395","Midwestern State","52","2703","Western New Mexico","24"
"401675953","2024","12","false","2744","Wisconsin-Stout","38","272","Wisconsin-Platteville","46"
"401676263","2024","12","false","2398","Millsaps","24","386","Trinity University TX","38"
"401674668","2024","12","false","2639","Texas Lutheran","17","2588","Southwestern University","10"
"401676136","2024","12","false","2399","Minnesota Morris","41","446","Martin Luther","7"
"401658352","2024","12","false","2695","West Alabama","63","101784","ERSKINE","0"
"401676052","2024","12","false","2938","Huntingdon College (AL)","38","2256","Greensboro College","7"
"401676305","2024","12","false","2519","Rhodes College","14","2757","Berry College","48"
"401674731","2024","12","false","306","Illinois Wesleyan","20","3071","North Central College","42"
"401628687","2024","12","false","2210","Elon","31","311","Maine","25"
"401675945","2024","12","false","2738","Wisconsin-Eau Claire","7","2745","Wisconsin-Whitewater","48"
"401640986","2024","12","false","55","Jacksonville State","34","2229","Florida International","31"
"401676347","2024","12","false","2302","John Carroll University","49","317","Marietta","35"
"401674187","2024","12","false","138","Northwest Missouri St","7","90","Pittsburg St","23"
"401628547","2024","12","false","356","Illinois","38","127","Michigan State","16"
"401635581","2024","12","false","25","California","25","183","Syracuse","33"
"401674409","2024","12","false","2028","Arkansas-Monticello","22","2568","Southern Arkansas","54"
"401634124","2024","12","false","149","Montana","28","2502","Portland State","17"
"401636370","2024","12","false","2640","Texas Southern","17","2065","Bethune-Cookman","14"
"401643760","2024","12","false","328","Utah State","55","62","Hawai'i","10"
"401636361","2024","12","false","2582","Southern","31","2029","Arkansas-Pine Bluff","9"
"401636351","2024","12","false","2011","Alabama State","10","2296","Jackson State","16"
"401673150","2024","12","false","2001","Adams State","6","613","South Dakota Mines","44"
"401641022","2024","12","false","338","Kennesaw State","17","2534","Sam Houston","23"
"401674179","2024","12","false","137","Missouri Western","31","2825","Quincy","16"
"401674483","2024","12","false","319","Oklahoma Baptist","21","200","Southern Nazarene","49"
"401673380","2024","12","false","351","Wingate","28","2105","Carson-Newman College","13"
"401634239","2024","12","false","2571","South Dakota State","41","79","Southern Illinois","10"
"401674418","2024","12","false","2191","East Central (OK)","20","199","Southeastern Oklahoma State","13"
"401674399","2024","12","false","2264","Harding University","57","2033","Arkansas Tech","27"
"401675123","2024","12","false","2617","Stephen F. Austin","20","2916","Incarnate Word","27"
"401734008","2024","12","true","330","Virginia St","13","2676","Virginia Union","17"
"401654572","2024","12","false","2504","Prairie View A&M","13","2016","Alcorn State","26"
"401673248","2024","12","false","11","Colorado Mesa","7","2714","Western Colorado","37"
"401676292","2024","12","false","2721","Whitworth","7","203","Linfield College","34"
"401634188","2024","12","false","2449","North Dakota State","59","2623","Missouri State","21"
"401628985","2024","12","false","87","Notre Dame","35","258","Virginia","14"
"401635517","2024","12","false","24","Stanford","38","97","Louisville","35"
"401676402","2024","12","false","366","Ferrum","35","2047","Averett","6"
"401628420","2024","12","false","57","Florida","27","99","LSU","16"
"401635580","2024","12","false","2567","SMU","38","103","Boston College","28"
"401645368","2024","12","false","2429","Charlotte","24","58","South Florida","59"
"401643757","2024","12","false","2005","Air Force","28","204","Oregon State","0"
"401628552","2024","12","false","2509","Purdue","10","213","Penn State","49"
"401638695","2024","12","false","301","San Diego","45","56","Stetson","6"
"401643833","2024","12","false","295","Old Dominion","32","256","James Madison","35"
"401643830","2024","12","false","290","Georgia Southern","20","2653","Troy","28"
"401636929","2024","12","false","277","West Virginia","35","239","Baylor","49"
"401634037","2024","12","false","2320","Lamar","24","2447","Nicholls","7"
"401676286","2024","12","false","205","Pacific (OR)","39","415","NEWBERG","11"
"401734018","2024","12","false","17","Claremont-Mudd-Scripps College","24","29","Redlands","0"
"401734017","2024","12","false","2094","California Lutheran University","38","2318","La Verne","14"
"401654536","2024","12","false","2415","Morgan State","7","2569","South Carolina State","54"
"401634122","2024","12","false","331","Eastern Washington","77","304","Idaho State","42"
"401674497","2024","12","false","2927","Southwestern Oklahoma State","50","2823","Northwestern Oklahoma State","0"
"401628549","2024","12","false","30","USC","28","158","Nebraska","20"
"401632129","2024","12","false","3101","Utah Tech","31","2698","West Georgia","34"
"401676320","2024","12","false","2486","Pacific Lutheran","34","2508","Puget Sound","21"
"401675529","2024","12","false","2120","Central Washington","13","2848","Western Oregon","3"
"401628423","2024","12","false","2579","South Carolina","34","142","Missouri","30"
"401643831","2024","12","false","2247","Georgia State","20","2032","Arkansas State","27"
"401634121","2024","12","false","13","Cal Poly","26","16","Sacramento State","23"
"401678916","2024","12","false","2110","Central Arkansas","31","253","Southern Utah","38"
"401734016","2024","12","false","2923","Pomona Pitzer","37","411","Chapman","34"
"401676330","2024","12","false","2333","Lewis & Clark College","35","2930","Willamette","7"
"401628548","2024","12","false","120","Maryland","17","164","Rutgers","31"
"401675762","2024","12","false","122666","Wilson","21","2842","UVA Wise","24"
"401676794","2024","12","false","2107","Catawba","47","2839","Greeneville","15"
"401674299","2024","12","false","112335","Wheeling","40","2699","West Liberty","16"
"401636927","2024","12","false","2306","Kansas State","14","9","Arizona State","24"
"401643834","2024","12","false","309","Louisiana","22","6","South Alabama","24"
"401643835","2024","12","false","326","Texas State","58","2572","Southern Miss","3"
"401675521","2024","12","false","2025","Angelo State","56","2704","West Texas A&M","19"
"401643758","2024","12","false","23","San José State","21","68","Boise State","42"
"401675507","2024","12","false","2673","Valdosta State","28","110242","West Florida","7"
"401632139","2024","12","false","2627","Tarleton State","31","2000","Abilene Christian","35"
"401628421","2024","12","false","61","Georgia","31","2633","Tennessee","17"
"401628551","2024","12","false","275","Wisconsin","13","2483","Oregon","16"
"401628424","2024","12","false","245","Texas A&M","38","166","New Mexico State","3"
"401675537","2024","12","false","2658","Texas A&M-Kingsville","28","2201","Eastern New Mexico","13"
"401636926","2024","12","false","66","Iowa State","34","2132","Cincinnati","17"
"401635583","2024","12","false","153","North Carolina","31","154","Wake Forest","24"
"401645367","2024","12","false","235","Memphis","53","5","UAB","18"
"401634125","2024","12","false","302","UC Davis","28","147","Montana State","30"
"401634123","2024","12","false","70","Idaho","31","2692","Weber State","24"
"401643761","2024","12","false","167","New Mexico","38","265","Washington State","35"
"401636924","2024","12","false","252","BYU","13","2305","Kansas","17"
"401643762","2024","12","false","2439","UNLV","41","21","San Diego State","20"
"401644769","2024","13","false","2309","Kent State","17","2006","Akron","38"
"401644770","2024","13","false","2117","Central Michigan","16","2711","Western Michigan","14"
"401644690","2024","13","false","193","Miami (OH)","20","2459","Northern Illinois","9"
"401644772","2024","13","false","2199","Eastern Michigan","20","2084","Buffalo","37"
"401644773","2024","13","false","2649","Toledo","7","195","Ohio","24"
"401634039","2024","13","false","2447","Nicholls","16","2545","SE Louisiana","19"
"401634772","2024","13","false","59","Georgia Tech","30","152","NC State","29"
"401645374","2024","13","false","2636","UTSA","51","218","Temple","27"
"401628558","2024","13","false","127","Michigan State","24","2509","Purdue","17"
"401643767","2024","13","false","23","San José State","16","2439","UNLV","27"
"401734580","2024","13","false","2396","Miles College","14","2105","Carson-Newman College","13"
"401734590","2024","13","false","2302","John Carroll University","52","2419","Mount St. Joseph","7"
"401654623","2024","13","false","2329","Lehigh","38","322","Lafayette","14"
"401654496","2024","13","false","171","Columbia","17","172","Cornell","9"
"401654581","2024","13","false","2115","Central Connecticut","21","2184","Duquesne","14"
"401635619","2024","13","false","258","Virginia","7","2567","SMU","33"
"401635618","2024","13","false","2390","Miami","42","154","Wake Forest","14"
"401635612","2024","13","false","103","Boston College","41","153","North Carolina","21"
"401734571","2024","13","false","452","Endicott College","44","3162","Alfred State","0"
"401635518","2024","13","false","183","Syracuse","31","41","UConn","24"
"401654610","2024","13","false","2523","Robert Morris","31","284","Stonehill","13"
"401628695","2024","13","false","257","Richmond","27","2729","William & Mary","0"
"401634142","2024","13","false","2678","VMI","9","2193","East Tennessee State","16"
"401654462","2024","13","false","159","Dartmouth","56","225","Brown","28"
"401654600","2024","13","false","2681","Wagner","28","2341","Long Island University","35"
"401628555","2024","13","false","194","Ohio State","38","84","Indiana","15"
"401628556","2024","13","false","120","Maryland","13","2294","Iowa","29"
"401644605","2024","13","false","108","Harvard","29","43","Yale","34"
"401628429","2024","13","false","57","Florida","24","145","Ole Miss","17"
"401628554","2024","13","false","164","Rutgers","31","356","Illinois","38"
"401641005","2024","13","false","55","Jacksonville State","21","2534","Sam Houston","11"
"401734588","2024","13","false","2757","Berry College","16","2373","Maryville College (TN)","20"
"401734589","2024","13","false","247","Kings College (PA)","32","2667","Ursinus","29"
"401654640","2024","13","false","46","Georgetown","0","107","Holy Cross","34"
"401628430","2024","13","false","61","Georgia","59","113","Massachusetts","21"
"401654537","2024","13","false","2415","Morgan State","35","47","Howard","21"
"401628435","2024","13","false","2633","Tennessee","56","2638","UTEP","0"
"401734598","2024","13","false","2043","Augustana University (SD)","19","2364","Minnesota State Mankato","20"
"401734596","2024","13","false","125","Grand Valley State University","24","2292","Indianapolis","7"
"401628693","2024","13","false","311","Maine","9","160","New Hampshire","27"
"401628698","2024","13","false","399","UAlbany","41","2261","Hampton","34"
"401654653","2024","13","false","2083","Bucknell","48","2142","Colgate","34"
"401734569","2024","13","false","2740","Wisconsin-Lacrosse","59","583","Northwestern (MN)","14"
"401734581","2024","13","false","351","Wingate","31","2676","Virginia Union","34"
"401634196","2024","13","false","79","Southern Illinois","62","93","Murray State","0"
"401654504","2024","13","false","2169","Delaware State","10","2428","North Carolina Central","52"
"401734587","2024","13","false","386","Trinity University TX","22","2371","Mary Hardin-Baylor","29"
"401634259","2024","13","false","2400","Mississippi Valley State","35","2010","Alabama A&M","49"
"401638702","2024","13","false","2413","Morehead State","14","301","San Diego","37"
"401628696","2024","13","false","2448","North Carolina A&T","21","2210","Elon","31"
"401628697","2024","13","false","2619","Stony Brook","47","2405","Monmouth","55"
"401634168","2024","13","false","2287","Illinois State","35","155","North Dakota","13"
"401640996","2024","13","false","2335","Liberty","38","98","Western Kentucky","21"
"401638698","2024","13","false","2506","Presbyterian","30","2086","Butler","27"
"401634011","2024","13","false","2635","Tennessee Tech","23","2197","Eastern Illinois","6"
"401638701","2024","13","false","56","Stetson","10","2181","Drake","49"
"401628694","2024","13","false","222","Villanova","38","48","Delaware","28"
"401654615","2024","13","false","2230","Fordham","3","2771","Merrimack","19"
"401734570","2024","13","false","2141","Coe College","26","2802","Bethel (MN)","31"
"401654635","2024","13","false","2385","Mercyhurst","21","2598","St. Francis (PA)","20"
"401628699","2024","13","false","2803","Bryant","21","227","Rhode Island","35"
"401654469","2024","13","false","163","Princeton","20","219","Pennsylvania","17"
"401734577","2024","13","false","215","Slippery Rock","14","2441","New Haven","7"
"401734578","2024","13","false","2128","University Of Charleston (WV)","38","308","Ashland","40"
"401734579","2024","13","false","2858","PennWest California","30","2188","East Stroudsburg University","27"
"401654543","2024","13","false","2569","South Carolina State","53","2450","Norfolk State","21"
"401635616","2024","13","false","52","Florida State","41","2127","Charleston Southern","7"
"401634041","2024","13","false","2837","East Texas A&M","24","2916","Incarnate Word","38"
"401632142","2024","13","false","2046","Austin Peay","17","236","Chattanooga","24"
"401628700","2024","13","false","2097","Campbell","23","119","Towson","45"
"401638699","2024","13","false","2674","Valparaiso","18","2166","Davidson","17"
"401638700","2024","13","false","2900","St. Thomas (MN)","32","2168","Dayton","9"
"401634179","2024","13","false","2460","Northern Iowa","41","282","Indiana State","34"
"401634211","2024","13","false","233","South Dakota","29","2449","North Dakota State","28"
"401644774","2024","13","false","2050","Ball State","13","189","Bowling Green","38"
"401632132","2024","13","false","2198","Eastern Kentucky","21","2453","North Alabama","15"
"401634012","2024","13","false","2710","Western Illinois","45","2241","Gardner-Webb","28"
"401734582","2024","13","false","2695","West Alabama","34","2331","Lenoir-Rhyne","37"
"401634130","2024","13","false","147","Montana State","34","149","Montana","11"
"401734595","2024","13","false","2122","Central Oklahoma","38","2888","Ouachita Baptist","31"
"401734600","2024","13","false","2025","Angelo State","14","132","Bemidji State","24"
"401734597","2024","13","false","90","Pittsburg St","3","2264","Harding University","48"
"401645373","2024","13","false","5","UAB","40","242","Rice","14"
"401641027","2024","13","false","2393","Middle Tennessee","21","166","New Mexico State","36"
"401643836","2024","13","false","2026","App State","34","256","James Madison","20"
"401634127","2024","13","false","2692","Weber State","28","13","Cal Poly","17"
"401643841","2024","13","false","2572","Southern Miss","14","6","South Alabama","35"
"401734572","2024","13","false","2721","Whitworth","21","2923","Pomona Pitzer","13"
"401634013","2024","13","false","2630","UT Martin","33","2815","Lindenwood","26"
"401678896","2024","13","false","2617","Stephen F. Austin","32","2000","Abilene Christian","19"
"401634151","2024","13","false","2382","Mercer","49","231","Furman","23"
"401636362","2024","13","false","2029","Arkansas-Pine Bluff","23","2640","Texas Southern","31"
"401634189","2024","13","false","2623","Missouri State","9","2571","South Dakota State","45"
"401634040","2024","13","false","2277","Houston Christian","62","2466","Northwestern State","24"
"401636352","2024","13","false","2011","Alabama State","9","2504","Prairie View A&M","6"
"401636392","2024","13","false","2016","Alcorn State","10","2296","Jackson State","48"
"401632143","2024","13","false","253","Southern Utah","37","3101","Utah Tech","34"
"401645371","2024","13","false","2226","Florida Atlantic","27","2429","Charlotte","39"
"401734599","2024","13","false","2714","Western Colorado","28","2120","Central Washington","21"
"401636935","2024","13","false","2628","TCU","49","12","Arizona","28"
"401634128","2024","13","false","2464","Northern Arizona","30","331","Eastern Washington","18"
"401632131","2024","13","false","2627","Tarleton State","39","2110","Central Arkansas","14"
"401638350","2024","13","false","2535","Samford","42","2717","Western Carolina","47"
"401640987","2024","13","false","338","Kennesaw State","27","2229","Florida International","26"
"401643839","2024","13","false","2032","Arkansas State","28","2433","UL Monroe","21"
"401628436","2024","13","false","251","Texas","31","96","Kentucky","14"
"401645372","2024","13","false","249","North Texas","28","151","East Carolina","40"
"401628559","2024","13","false","135","Minnesota","25","213","Penn State","26"
"401636937","2024","13","false","277","West Virginia","31","2116","UCF","21"
"401628560","2024","13","false","158","Nebraska","44","275","Wisconsin","25"
"401636934","2024","13","false","197","Oklahoma State","48","2641","Texas Tech","56"
"401645375","2024","13","false","58","South Florida","63","202","Tulsa","30"
"401628557","2024","13","false","130","Michigan","50","77","Northwestern","6"
"401635614","2024","13","false","228","Clemson","51","2643","The Citadel","14"
"401643766","2024","13","false","328","Utah State","41","21","San Diego State","20"
"401636930","2024","13","false","9","Arizona State","28","252","BYU","23"
"401635613","2024","13","false","25","California","24","24","Stanford","21"
"401636371","2024","13","true","2065","Bethune-Cookman","38","50","Florida A&M","41"
"401636932","2024","13","true","2305","Kansas","37","38","Colorado","21"
"401643837","2024","13","false","324","Coastal Carolina","6","290","Georgia Southern","26"
"401635617","2024","13","false","97","Louisville","37","221","Pittsburgh","9"
"401628434","2024","13","false","2579","South Carolina","56","2747","Wofford","12"
"401634131","2024","13","false","2502","Portland State","45","2458","Northern Colorado","13"
"401628427","2024","13","false","8","Arkansas","35","2348","Louisiana Tech","14"
"401628432","2024","13","false","344","Mississippi State","20","142","Missouri","39"
"401634014","2024","13","false","2634","Tennessee State","28","2546","Southeast Missouri State","21"
"401643840","2024","13","false","309","Louisiana","51","2653","Troy","30"
"401634132","2024","13","false","16","Sacramento State","39","302","UC Davis","42"
"401634129","2024","13","false","304","Idaho State","17","70","Idaho","40"
"401636931","2024","13","false","248","Houston","10","239","Baylor","20"
"401643842","2024","13","false","326","Texas State","44","2247","Georgia State","52"
"401640959","2024","13","true","87","Notre Dame","49","349","Army","14"
"401643764","2024","13","false","2751","Wyoming","13","68","Boise State","17"
"401628572","2024","13","false","204","Oregon State","41","265","Washington State","38"
"401628433","2024","13","false","201","Oklahoma","24","333","Alabama","3"
"401636936","2024","13","false","254","Utah","28","66","Iowa State","31"
"401628428","2024","13","false","2","Auburn","43","245","Texas A&M","41"
"401643838","2024","13","false","295","Old Dominion","35","276","Marshall","42"
"401628431","2024","13","false","99","LSU","24","238","Vanderbilt","17"
"401634042","2024","13","false","2377","McNeese","24","2320","Lamar","26"
"401635615","2024","13","false","150","Duke","31","259","Virginia Tech","28"
"401636933","2024","13","false","2306","Kansas State","41","2132","Cincinnati","15"
"401643763","2024","13","false","2440","Nevada","19","2005","Air Force","22"
"401643765","2024","13","false","278","Fresno State","28","36","Colorado State","22"
"401628561","2024","13","false","26","UCLA","13","30","USC","19"
"401644775","2024","14","false","2006","Akron","21","2649","Toledo","14"
"401644776","2024","14","false","2084","Buffalo","43","2309","Kent State","7"
"401636353","2024","14","false","2011","Alabama State","34","2657","Tuskegee","6"
"401645376","2024","14","false","2655","Tulane","24","235","Memphis","34"
"401636938","2024","14","false","38","Colorado","52","197","Oklahoma State","0"
"401644777","2024","14","false","195","Ohio","42","2050","Ball State","21"
"401644691","2024","14","false","189","Bowling Green","12","193","Miami (OH)","28"
"401628568","2024","14","false","275","Wisconsin","7","135","Minnesota","24"
"401645379","2024","14","false","151","East Carolina","20","2426","Navy","34"
"401643769","2024","14","false","68","Boise State","34","204","Oregon State","18"
"401643770","2024","14","false","36","Colorado State","42","328","Utah State","37"
"401643843","2024","14","false","6","South Alabama","38","326","Texas State","45"
"401640997","2024","14","false","2534","Sam Houston","20","2335","Liberty","18"
"401628442","2024","14","false","145","Ole Miss","26","344","Mississippi State","14"
"401635625","2024","14","false","23","San José State","34","24","Stanford","31"
"401634252","2024","14","false","50","Florida A&M","28","2010","Alabama A&M","20"
"401628439","2024","14","false","61","Georgia","44","59","Georgia Tech","42"
"401628562","2024","14","false","2294","Iowa","13","158","Nebraska","10"
"401636939","2024","14","false","2116","UCF","14","254","Utah","28"
"401734593","2024","14","false","2516","Randolph-Macon","38","2686","Washington & Jefferson","22"
"401635622","2024","14","false","154","Wake Forest","17","150","Duke","23"
"401629038","2024","14","false","113","Massachusetts","42","41","UConn","47"
"401628566","2024","14","false","194","Ohio State","10","130","Michigan","13"
"401628563","2024","14","true","77","Northwestern","28","356","Illinois","38"
"401628446","2024","14","false","238","Vanderbilt","23","2633","Tennessee","36"
"401628444","2024","14","false","228","Clemson","14","2579","South Carolina","17"
"401734592","2024","14","false","118","Johns Hopkins University","17","146","Grove City College","14"
"401643848","2024","14","false","2433","UL Monroe","23","309","Louisiana","37"
"401734594","2024","14","false","2102","Carnegie Mellon","24","2121","Centre College Kentucky","15"
"401734924","2024","14","false","426","University of Mount Union","42","2302","John Carroll University","7"
"401734573","2024","14","false","216","Susquehanna","42","174","Hobart College","35"
"401645378","2024","14","false","349","Army","29","2636","UTSA","24"
"401636941","2024","14","false","239","Baylor","45","2305","Kansas","17"
"401729731","2024","14","false","2546","Southeast Missouri State","27","2287","Illinois State","35"
"401734994","2024","14","false","2222","Ferris State","78","2122","Central Oklahoma","17"
"401734923","2024","14","false","2532","Salisbury","33","247","Kings College (PA)","13"
"401734922","2024","14","false","2782","Cortland","17","452","Endicott College","9"
"401729737","2024","14","false","227","Rhode Island","21","2115","Central Connecticut","17"
"401645381","2024","14","false","218","Temple","17","249","North Texas","24"
"401734925","2024","14","false","83","Depauw","45","2373","Maryville College (TN)","20"
"401636945","2024","14","false","2641","Texas Tech","52","277","West Virginia","15"
"401628440","2024","14","false","96","Kentucky","14","97","Louisville","41"
"401734576","2024","14","false","2812","Hope College","49","2044","Aurora","21"
"401734989","2024","14","false","2315","Kutztown University","24","215","Slippery Rock","25"
"401734575","2024","14","false","81","Springfield","54","379","UMass Dartmouth","27"
"401734988","2024","14","false","2600","Saint John's (MN)","24","2740","Wisconsin-Lacrosse","13"
"401729729","2024","14","false","160","New Hampshire","10","2630","UT Martin","41"
"401734926","2024","14","false","262","Lake Forest College","21","2802","Bethel (MN)","48"
"401734987","2024","14","false","2810","Hardin-Simmons","13","2371","Mary Hardin-Baylor","17"
"401734992","2024","14","false","125","Grand Valley State University","26","2264","Harding University","44"
"401734996","2024","14","false","2676","Virginia Union","44","2331","Lenoir-Rhyne","12"
"401734991","2024","14","false","2858","PennWest California","34","308","Ashland","33"
"401734921","2024","14","false","2673","Valdosta State","33","2396","Miles College","17"
"401734997","2024","14","false","3071","North Central College","42","2721","Whitworth","17"
"401734574","2024","14","false","2685","Wartburg","19","272","Wisconsin-Platteville","14"
"401644780","2024","14","false","2711","Western Michigan","26","2199","Eastern Michigan","18"
"401645382","2024","14","false","242","Rice","35","58","South Florida","28"
"401640988","2024","14","true","2229","Florida International","35","2393","Middle Tennessee","24"
"401636386","2024","14","true","2582","Southern","24","2755","Grambling","14"
"401643849","2024","14","false","2653","Troy","52","2572","Southern Miss","20"
"401643845","2024","14","false","2247","Georgia State","27","324","Coastal Carolina","48"
"401729736","2024","14","false","222","Villanova","22","2198","Eastern Kentucky","17"
"401729730","2024","14","false","257","Richmond","16","2329","Lehigh","20"
"401734591","2024","14","false","203","Linfield College","65","2639","Texas Lutheran","3"
"401729738","2024","14","false","2000","Abilene Christian","24","2464","Northern Arizona","0"
"401734995","2024","14","false","2714","Western Colorado","19","132","Bemidji State","20"
"401643847","2024","14","false","2032","Arkansas State","32","295","Old Dominion","40"
"401635620","2024","14","false","103","Boston College","34","221","Pittsburgh","23"
"401729732","2024","14","false","2627","Tarleton State","43","2181","Drake","29"
"401734990","2024","14","false","2570","CSU Pueblo","23","2364","Minnesota State Mankato","26"
"401628567","2024","14","false","127","Michigan State","14","164","Rutgers","41"
"401628565","2024","14","false","213","Penn State","44","120","Maryland","7"
"401628570","2024","14","false","26","UCLA","20","278","Fresno State","13"
"401628571","2024","14","false","30","USC","35","87","Notre Dame","49"
"401635621","2024","14","false","2567","SMU","38","25","California","6"
"401635623","2024","14","false","183","Syracuse","42","2390","Miami","38"
"401635624","2024","14","false","153","North Carolina","30","152","NC State","35"
"401636940","2024","14","false","12","Arizona","7","9","Arizona State","49"
"401628443","2024","14","false","142","Missouri","28","8","Arkansas","21"
"401628437","2024","14","false","333","Alabama","28","2","Auburn","14"
"401645380","2024","14","false","202","Tulsa","16","2226","Florida Atlantic","63"
"401645377","2024","14","false","2429","Charlotte","29","5","UAB","27"
"401644779","2024","14","false","2459","Northern Illinois","24","2117","Central Michigan","16"
"401641014","2024","14","false","2348","Louisiana Tech","33","338","Kennesaw State","0"
"401641006","2024","14","false","98","Western Kentucky","19","55","Jacksonville State","17"
"401641031","2024","14","false","166","New Mexico State","35","2638","UTEP","42"
"401636943","2024","14","false","2132","Cincinnati","13","2628","TCU","20"
"401643844","2024","14","false","290","Georgia Southern","29","2026","App State","20"
"401643773","2024","14","false","265","Washington State","14","2751","Wyoming","15"
"401628438","2024","14","false","52","Florida State","11","57","Florida","31"
"401628441","2024","14","false","99","LSU","37","201","Oklahoma","17"
"401628564","2024","14","false","84","Indiana","66","2509","Purdue","0"
"401636944","2024","14","false","66","Iowa State","29","2306","Kansas State","21"
"401628445","2024","14","false","245","Texas A&M","7","251","Texas","17"
"401628569","2024","14","false","2483","Oregon","49","264","Washington","21"
"401635640","2024","14","false","259","Virginia Tech","37","258","Virginia","17"
"401643846","2024","14","false","256","James Madison","33","276","Marshall","35"
"401643772","2024","14","false","2439","UNLV","38","2440","Nevada","14"
"401636942","2024","14","false","252","BYU","30","248","Houston","18"
"401729734","2024","14","false","149","Montana","41","2634","Tennessee State","27"
"401643768","2024","14","false","21","San Diego State","20","2005","Air Force","31"
"401643771","2024","14","false","62","Hawai'i","38","167","New Mexico","30"
"401673466","2024","15","false","55","Jacksonville State","52","98","Western Kentucky","12"
"401673462","2024","15","false","349","Army","35","2655","Tulane","14"
"401673468","2024","15","false","68","Boise State","21","2439","UNLV","7"
"401673465","2024","15","true","9","Arizona State","45","66","Iowa State","19"
"401673467","2024","15","true","193","Miami (OH)","3","195","Ohio","38"
"401735971","2024","15","false","2782","Cortland","28","81","Springfield","40"
"401735948","2024","15","false","2102","Carnegie Mellon","19","426","University of Mount Union","24"
"401735947","2024","15","false","118","Johns Hopkins University","14","83","Depauw","9"
"401735972","2024","15","false","2532","Salisbury","35","2516","Randolph-Macon","14"
"401735967","2024","15","false","2812","Hope College","21","3071","North Central College","41"
"401735969","2024","15","false","2600","Saint John's (MN)","38","216","Susquehanna","41"
"401735968","2024","15","false","2858","PennWest California","13","215","Slippery Rock","31"
"401735970","2024","15","false","2673","Valdosta State","49","2676","Virginia Union","14"
"401735988","2024","15","false","2685","Wartburg","14","2802","Bethel (MN)","24"
"401735987","2024","15","false","2222","Ferris State","41","2264","Harding University","7"
"401673471","2024","15","false","2296","Jackson State","41","2582","Southern","13"
"401729750","2024","15","false","2571","South Dakota State","35","149","Montana","18"
"401729754","2024","15","false","2916","Incarnate Word","13","222","Villanova","6"
"401729756","2024","15","false","2382","Mercer","17","227","Rhode Island","10"
"401729745","2024","15","false","2449","North Dakota State","51","2000","Abilene Christian","31"
"401735990","2024","15","false","2364","Minnesota State Mankato","27","132","Bemidji State","23"
"401735989","2024","15","false","2371","Mary Hardin-Baylor","28","203","Linfield College","18"
"401729752","2024","15","false","233","South Dakota","42","2627","Tarleton State","31"
"401729743","2024","15","false","147","Montana State","49","2630","UT Martin","17"
"401729753","2024","15","false","302","UC Davis","42","2287","Illinois State","10"
"401673469","2024","15","true","251","Texas","19","61","Georgia","22"
"401673470","2024","15","false","309","Louisiana","3","276","Marshall","31"
"401673464","2024","15","true","2483","Oregon","45","213","Penn State","37"
"401673463","2024","15","true","2567","SMU","31","228","Clemson","34"
"401729759","2024","15","false","70","Idaho","34","2329","Lehigh","13"
"401729780","2024","16","false","147","Montana State","52","70","Idaho","19"
"401737153","2024","16","false","2673","Valdosta State","35","2364","Minnesota State Mankato","21"
"401729781","2024","16","false","2571","South Dakota State","55","2916","Incarnate Word","14"
"401737147","2024","16","false","2532","Salisbury","17","426","University of Mount Union","38"
"401737151","2024","16","false","118","Johns Hopkins University","17","2371","Mary Hardin-Baylor","10"
"401737149","2024","16","false","216","Susquehanna","24","2802","Bethel (MN)","21"
"401737148","2024","16","false","3071","North Central College","27","81","Springfield","3"
"401645383","2024","16","true","349","Army","13","2426","Navy","31"
"401737154","2024","16","false","2222","Ferris State","48","215","Slippery Rock","38"
"401729785","2024","16","false","2449","North Dakota State","31","2382","Mercer","7"
"401729783","2024","16","false","233","South Dakota","35","302","UC Davis","21"
"401677076","2024","1","true","2569","South Carolina State","7","2296","Jackson State","28"
"401677077","2024","1","true","2711","Western Michigan","23","6","South Alabama","30"
"401677080","2024","1","true","277","West Virginia","37","235","Memphis","42"
"401677079","2024","1","true","256","James Madison","27","98","Western Kentucky","17"
"401677081","2024","1","true","2439","UNLV","24","25","California","13"
"401677082","2024","1","true","2534","Sam Houston","31","290","Georgia Southern","26"
"401677083","2024","1","true","55","Jacksonville State","27","195","Ohio","30"
"401677084","2024","1","true","57","Florida","33","2655","Tulane","8"
"401677179","2024","1","false","87","Notre Dame","27","84","Indiana","17"
"401738295","2024","1","false","426","University of Mount Union","45","118","Johns Hopkins University","37"
"401729786","2024","1","false","2449","North Dakota State","28","2571","South Dakota State","21"
"401677178","2024","1","false","213","Penn State","38","2567","SMU","10"
"401738327","2024","1","true","2673","Valdosta State","14","2222","Ferris State","49"
"401738307","2024","1","false","3071","North Central College","66","216","Susquehanna","0"
"401729787","2024","1","false","147","Montana State","31","233","South Dakota","17"
"401677176","2024","1","false","251","Texas","38","228","Clemson","24"
"401677177","2024","1","false","194","Ohio State","42","2633","Tennessee","17"
"401677085","2024","1","false","2636","UTSA","44","324","Coastal Carolina","15"
"401677086","2024","1","true","278","Fresno State","20","2459","Northern Illinois","28"
"401677087","2024","1","true","23","San José State","39","58","South Florida","41"
"401677180","2024","1","true","2649","Toledo","48","221","Pittsburgh","46"
"401677088","2024","1","true","2306","Kansas State","44","164","Rutgers","41"
"401677089","2024","1","true","189","Bowling Green","31","2032","Arkansas State","38"
"401677090","2024","1","true","2426","Navy","21","201","Oklahoma","20"
"401677091","2024","1","true","238","Vanderbilt","35","59","Georgia Tech","27"
"401677092","2024","1","true","8","Arkansas","39","2641","Texas Tech","26"
"401729867","2024","1","true","265","Washington State","35","183","Syracuse","52"
"401677093","2024","1","true","30","USC","35","245","Texas A&M","31"
"401677094","2024","1","true","153","North Carolina","14","41","UConn","27"
"401677095","2024","1","true","158","Nebraska","20","103","Boston College","15"
"401677096","2024","1","true","2628","TCU","34","309","Louisiana","3"
"401677097","2024","1","true","2390","Miami","41","66","Iowa State","42"
"401677188","2024","1","true","36","Colorado State","17","193","Miami (OH)","43"
"401677098","2024","1","true","152","NC State","21","151","East Carolina","26"
"401677099","2024","1","true","38","Colorado","14","252","BYU","36"
"401677100","2024","1","true","349","Army","27","2348","Louisiana Tech","6"
"401677101","2024","1","true","142","Missouri","27","2294","Iowa","24"
"401677102","2024","1","true","130","Michigan","19","333","Alabama","13"
"401677190","2024","1","true","264","Washington","34","97","Louisville","35"
"401677103","2024","1","true","356","Illinois","21","2579","South Carolina","17"
"401677104","2024","1","true","99","LSU","44","239","Baylor","31"
"401677181","2024","1","true","68","Boise State","14","213","Penn State","31"
"401677182","2024","1","true","9","Arizona State","31","251","Texas","39"
"401677183","2024","1","true","2483","Oregon","21","194","Ohio State","41"
"401677184","2024","1","true","61","Georgia","10","87","Notre Dame","23"
"401677105","2024","1","true","145","Ole Miss","52","150","Duke","20"
"401677106","2024","1","true","326","Texas State","30","249","North Texas","28"
"401677107","2024","1","true","259","Virginia Tech","10","135","Minnesota","24"
"401677108","2024","1","true","2335","Liberty","7","2084","Buffalo","26"
"401741208","2024","1","true","3071","North Central College","41","426","University of Mount Union","25"
"401680057","2024","1","true","147","Montana State","32","2449","North Dakota State","35"
"401677189","2024","1","true","213","Penn State","24","87","Notre Dame","27"
"401677191","2024","1","true","251","Texas","14","194","Ohio State","28"
"401677192","2024","1","true","87","Notre Dame","23","194","Ohio State","34"
