"Id","Season","Week","NeutralSite","HomeId","HomeTeam","HomePoints","AwayId","AwayTeam","AwayPoints"
"401756846","2025","1","true","2306","Kansas State","21","66","Iowa State","24"
"401767476","2025","1","false","2447","Nicholls","20","2916","Incarnate Word","6"
"401760371","2025","1","false","2439","UNLV","38","304","Idaho State","31"
"401767126","2025","1","false","2502","Portland State","0","2627","Tarleton State","42"
"401756847","2025","1","false","2305","Kansas","31","278","Fresno State","7"
"401757218","2025","1","false","98","Western Kentucky","41","2534","Sam Houston","24"
"401767410","2025","1","true","2582","Southern","14","2428","North Carolina Central","31"
"401754516","2025","1","false","62","Hawai'i","23","24","Stanford","20"
"401773590","2025","1","false","2120","Central Washington","41","11","Colorado Mesa","14"
"401762522","2025","1","false","58","South Florida","34","68","Boise State","7"
"401773488","2025","1","false","129","Saginaw Valley State","21","196","Northeastern State","28"
"401773397","2025","1","true","2366","Marian College","21","2292","Indianapolis","45"
"401773470","2025","1","false","2392","Michigan Tech","37","132","Bemidji State","17"
"401773703","2025","1","false","2134","Clarion","34","112335","Wheeling","0"
"401767549","2025","1","false","2754","Youngstown State","24","2385","Mercyhurst","15"
"401752794","2025","1","false","164","Rutgers","34","195","Ohio","31"
"401762790","2025","1","false","189","Bowling Green","26","322","Lafayette","7"
"401773478","2025","1","false","128","Northern Michigan","37","2817","Minnesota State Moorhead","44"
"401773643","2025","1","false","2222","Ferris State","34","90","Pittsburg St","17"
"401773065","2025","1","false","122666","Wilson","7","330","Virginia St","35"
"401754373","2025","1","false","152","NC State","24","151","East Carolina","17"
"401773691","2025","1","false","2682","Walsh","38","2699","West Liberty","10"
"401773667","2025","1","false","611","Seton Hill","21","2986","Fairmont State","24"
"401773639","2025","1","false","2364","Minnesota State Mankato","38","138","Northwest Missouri St","14"
"401773514","2025","1","false","2170","Delta State","31","2118","Central Missouri","23"
"401767327","2025","1","false","2450","Norfolk State","7","119","Towson","27"
"401761588","2025","1","false","2433","UL Monroe","29","2598","St. Francis (PA)","0"
"401756848","2025","1","false","2116","UCF","17","55","Jacksonville State","10"
"401767209","2025","1","false","2900","St. Thomas (MN)","35","2815","Lindenwood","13"
"401773093","2025","1","false","2128","University Of Charleston (WV)","39","2940","Livingstone","10"
"401757219","2025","1","false","48","Delaware","35","2169","Delaware State","17"
"401773633","2025","1","false","2844","Wayne State (NE)","21","2438","Nebraska-Kearney","28"
"401767446","2025","1","false","282","Indiana State","41","2816","McKendree","24"
"401762789","2025","1","false","2006","Akron","0","2751","Wyoming","10"
"401767171","2025","1","false","2197","Eastern Illinois","24","2168","Dayton","14"
"401773827","2025","1","false","2188","East Stroudsburg University","14","2205","Edinboro University","29"
"401754517","2025","1","false","150","Duke","45","2210","Elon","17"
"401767468","2025","1","false","2277","Houston Christian","69","124386","Little Rock","0"
"401756876","2025","1","false","197","Oklahoma State","27","2630","UT Martin","7"
"401773431","2025","1","false","2825","Quincy","38","3066","Concordia University St Paul","7"
"401752674","2025","1","false","142","Missouri","61","2110","Central Arkansas","6"
"401767298","2025","1","false","2535","Samford","3","2698","West Georgia","34"
"401777556","2025","1","false","559","University of Mary","28","565","Midland Lutheran College","22"
"401767620","2025","1","false","2181","Drake","41","389","Upper Iowa University","7"
"401773788","2025","1","false","2069","Black Hills State","21","2894","Sioux Falls","27"
"401777554","2025","1","false","2851","Winona State","7","134","Minnesota Duluth","35"
"401773545","2025","1","false","2201","Eastern New Mexico","28","2424","New Mexico Highlands","34"
"401752793","2025","1","false","135","Minnesota","23","2084","Buffalo","10"
"401773579","2025","1","false","2714","Western Colorado","45","2704","West Texas A&M","28"
"401773604","2025","1","false","2214","Emporia State University","27","568","Minot State","7"
"401756852","2025","1","false","248","Houston","27","2617","Stephen F. Austin","0"
"401767369","2025","1","false","2466","Northwestern State","20","2016","Alcorn State","10"
"401773534","2025","1","false","2231","Fort Hays State","7","2025","Angelo State","28"
"401773910","2025","1","false","2570","CSU Pueblo","43","613","South Dakota Mines","0"
"401762430","2025","1","false","5","UAB","52","2011","Alabama State","42"
"401752796","2025","1","true","2132","Cincinnati","17","158","Nebraska","20"
"401762791","2025","1","false","275","Wisconsin","17","193","Miami (OH)","0"
"401760357","2025","1","false","21","San Diego State","42","2619","Stony Brook","0"
"401762432","2025","1","false","349","Army","27","2627","Tarleton State","30"
"401767140","2025","1","false","227","Rhode Island","31","2097","Campbell","20"
"401773529","2025","1","true","110242","West Florida","48","2331","Lenoir-Rhyne","21"
"401761589","2025","1","true","2429","Charlotte","11","2026","App State","34"
"401754374","2025","1","false","154","Wake Forest","10","338","Kennesaw State","9"
"401752802","2025","1","false","127","Michigan State","23","2711","Western Michigan","6"
"401767256","2025","1","false","2142","Colgate","39","2405","Monmouth","42"
"401766898","2025","1","false","2229","Florida International","42","2065","Bethune-Cookman","9"
"401779329","2025","1","false","2368","Marist","31","2441","New Haven","14"
"401752795","2025","1","false","356","Illinois","52","2710","Western Illinois","3"
"401756854","2025","1","false","2305","Kansas","46","2681","Wagner","7"
"401754375","2025","1","false","38","Colorado","20","59","Georgia Tech","27"
"401752667","2025","1","false","239","Baylor","24","2","Auburn","38"
"401757224","2025","1","true","2534","Sam Houston","21","2439","UNLV","38"
"401760358","2025","1","false","23","San José State","14","2117","Central Michigan","16"
"401773684","2025","1","false","2249","Glenville State","17","2213","Emory & Henry College","45"
"401752677","2025","1","false","194","Ohio State","14","251","Texas","7"
"401767732","2025","1","false","2329","Lehigh","21","257","Richmond","14"
"401773452","2025","1","false","367","Gannon","12","110254","Davenport","21"
"401754520","2025","1","false","221","Pittsburgh","61","2184","Duquesne","9"
"401773696","2025","1","false","2105","Carson-Newman College","41","2707","West Virginia State","10"
"401752673","2025","1","false","2572","Southern Miss","17","344","Mississippi State","34"
"401773141","2025","1","false","2560","Shorter","7","129469","Anderson (Sc)","34"
"401762434","2025","1","false","2426","Navy","52","2678","VMI","7"
"401762792","2025","1","false","2309","Kent State","21","2771","Merrimack","17"
"401767509","2025","1","false","2643","The Citadel","0","2449","North Dakota State","38"
"401752797","2025","1","false","120","Maryland","39","2226","Florida Atlantic","7"
"401752676","2025","1","true","2633","Tennessee","45","183","Syracuse","26"
"401752803","2025","1","false","2655","Tulane","23","77","Northwestern","3"
"401752801","2025","1","false","2509","Purdue","31","2050","Ball State","0"
"401752670","2025","1","false","96","Kentucky","24","2649","Toledo","16"
"401767602","2025","1","false","2166","Davidson","14","46","Georgetown","51"
"401767230","2025","1","false","2635","Tennessee Tech","65","2161","Cumberland (TN)","0"
"401773099","2025","1","false","2551","Shaw","7","2013","Albany State GA","51"
"401773057","2025","1","false","125","Grand Valley State University","45","2339","Lincoln (PA)","9"
"401773520","2025","1","true","2805","Clark Atlanta","28","2673","Valdosta State","31"
"401773699","2025","1","true","126086","Post University","51","455","West Virginia Wesleyan","14"
"401774011","2025","1","true","2119","Central State (OH)","24","2310","Kentucky State","34"
"401767339","2025","1","false","231","Furman","23","2729","William & Mary","21"
"401757167","2025","1","false","41","UConn","59","2115","Central Connecticut","13"
"401773444","2025","1","false","2687","Washburn","20","2654","Truman State","17"
"401756878","2025","1","false","277","West Virginia","45","2523","Robert Morris","3"
"401767657","2025","1","false","2529","Sacred Heart","12","284","Stonehill","7"
"401767655","2025","1","false","2674","Valparaiso","67","2355","Virginia University Of Lynchburg","10"
"401773448","2025","1","false","2237","Fort Lewis","14","2911","William Jewell","34"
"401773627","2025","1","false","2043","Augustana University (SD)","30","137","Missouri Western","26"
"401767536","2025","1","false","2460","Northern Iowa","38","2086","Butler","14"
"401754518","2025","1","false","103","Boston College","66","2230","Fordham","10"
"401752806","2025","1","false","84","Indiana","27","295","Old Dominion","14"
"401767119","2025","1","false","2458","Northern Colorado","17","2123","Chadron St","3"
"401754519","2025","1","false","97","Louisville","51","2198","Eastern Kentucky","17"
"401767179","2025","1","false","2296","Jackson State","28","2261","Hampton","14"
"401773086","2025","1","true","60","Morehouse College","9","2304","Johnson C Smith","45"
"401762793","2025","1","false","2459","Northern Illinois","19","107","Holy Cross","17"
"401762456","2025","1","false","113","Massachusetts","10","218","Temple","42"
"401752807","2025","1","false","213","Penn State","46","2440","Nevada","11"
"401752665","2025","1","false","52","Florida State","31","333","Alabama","17"
"401752669","2025","1","false","61","Georgia","45","276","Marshall","7"
"401756853","2025","1","false","66","Iowa State","55","233","South Dakota","7"
"401760359","2025","1","false","2005","Air Force","49","2083","Bucknell","13"
"401757220","2025","1","false","2335","Liberty","28","311","Maine","7"
"401752804","2025","1","false","2483","Oregon","59","147","Montana State","13"
"401767350","2025","1","true","50","Florida A&M","9","47","Howard","10"
"401752666","2025","1","false","8","Arkansas","52","2010","Alabama A&M","7"
"401767223","2025","1","false","2634","Tennessee State","24","2448","North Carolina A&T","21"
"401762433","2025","1","false","235","Memphis","45","236","Chattanooga","10"
"401773079","2025","1","false","490","Benedict College","10","2220","Fayetteville State","0"
"401767425","2025","1","false","2400","Mississippi Valley State","29","2582","Southern","34"
"401777980","2025","1","false","2487","Pace","10","2830","St. Anselm","34"
"401767454","2025","1","false","2193","East Tennessee State","45","93","Murray State","17"
"401767634","2025","1","false","2413","Morehead State","38","2019","Allen","31"
"401767415","2025","1","false","2569","South Carolina State","16","2747","Wofford","15"
"401773657","2025","1","false","2842","UVA Wise","29","2148","Concord University","37"
"401754616","2025","1","false","258","Virginia","48","324","Coastal Carolina","7"
"401767201","2025","1","false","2717","Western Carolina","45","2241","Gardner-Webb","52"
"401767572","2025","1","false","2382","Mercer","10","2506","Presbyterian","15"
"401773129","2025","1","false","351","Wingate","30","2882","UNC Pembroke","21"
"401767651","2025","1","false","56","Stetson","21","2691","Webber International","31"
"401774027","2025","1","false","2542","Savannah St","14","2206","Edward Waters","41"
"401773676","2025","1","false","341","Frostburg State","41","2974","Shepherd","27"
"401773113","2025","1","false","2804","Chowan","28","2207","Elizabeth City State","14"
"401752675","2025","1","false","201","Oklahoma","35","2287","Illinois State","3"
"401773926","2025","1","false","2107","Catawba","45","366","Ferrum","13"
"401761590","2025","1","false","256","James Madison","45","2692","Weber State","10"
"401752799","2025","1","false","2294","Iowa","34","399","UAlbany","7"
"401767265","2025","1","false","2428","North Carolina Central","10","160","New Hampshire","27"
"401773524","2025","1","true","2695","West Alabama","27","2232","Fort Valley State","17"
"401773406","2025","1","false","2876","Lincoln (MO)","55","124179","Lincoln (CA)","6"
"401788977","2025","1","true","2755","Grambling","55","2324","Langston University","7"
"401773572","2025","1","false","110243","UT Permian Basin","34","2122","Central Oklahoma","14"
"401773423","2025","1","false","2402","Missouri S&T","51","2860","Central Methodist","10"
"401773961","2025","1","false","124180","Bluefield State","23","2839","Greeneville","49"
"401757222","2025","1","false","2393","Middle Tennessee","14","2046","Austin Peay","34"
"401752668","2025","1","false","57","Florida","55","2341","Long Island University","0"
"401752678","2025","1","false","245","Texas A&M","42","2636","UTSA","24"
"401752679","2025","1","false","238","Vanderbilt","45","2127","Charleston Southern","3"
"401767130","2025","1","false","2571","South Dakota State","20","16","Sacramento State","3"
"401761595","2025","1","false","2653","Troy","38","2447","Nicholls","20"
"401761593","2025","1","false","6","South Alabama","38","2415","Morgan State","21"
"401756855","2025","1","false","2306","Kansas State","38","155","North Dakota","35"
"401761591","2025","1","false","2032","Arkansas State","42","2546","Southeast Missouri State","24"
"401757226","2025","1","false","98","Western Kentucky","55","2453","North Alabama","6"
"401767547","2025","1","false","79","Southern Illinois","49","2646","Thomas More College","3"
"401767490","2025","1","false","2377","McNeese","54","2347","Louisiana College","9"
"401767059","2025","1","false","2916","Incarnate Word","31","331","Eastern Washington","21"
"401752798","2025","1","false","30","USC","73","2623","Missouri State","13"
"401757221","2025","1","false","2348","Louisiana Tech","24","2545","SE Louisiana","0"
"401756877","2025","1","false","2641","Texas Tech","67","2029","Arkansas-Pine Bluff","7"
"401752671","2025","1","false","228","Clemson","10","99","LSU","17"
"401757225","2025","1","false","328","Utah State","28","2638","UTEP","16"
"401752808","2025","1","false","130","Michigan","34","167","New Mexico","17"
"401752672","2025","1","false","145","Ole Miss","63","2247","Georgia State","7"
"401761592","2025","1","false","309","Louisiana","12","242","Rice","14"
"401767431","2025","1","false","2640","Texas Southern","21","2504","Prairie View A&M","22"
"401761594","2025","1","false","326","Texas State","52","2199","Eastern Michigan","27"
"401762435","2025","1","false","249","North Texas","51","2320","Lamar","0"
"401773585","2025","1","false","2703","Western New Mexico","35","2001","Adams State","21"
"401767070","2025","1","false","301","San Diego","17","13","Cal Poly","41"
"401756851","2025","1","false","252","BYU","69","2502","Portland State","0"
"401773555","2025","1","false","2403","Missouri Southern State","33","2395","Midwestern State","19"
"401767526","2025","1","false","292","UT Rio Grande Valley","66","2834","Sul Ross State","0"
"401762457","2025","1","false","202","Tulsa","35","2000","Abilene Christian","7"
"401767080","2025","1","false","253","Southern Utah","46","304","Idaho State","24"
"401754521","2025","1","false","2567","SMU","42","2837","East Texas A&M","13"
"401757223","2025","1","false","166","New Mexico State","19","2803","Bryant","3"
"401760361","2025","1","false","278","Fresno State","42","290","Georgia Southern","14"
"401752947","2025","1","false","265","Washington State","13","70","Idaho","10"
"401767156","2025","1","false","3101","Utah Tech","24","302","UC Davis","31"
"401756850","2025","1","false","9","Arizona State","38","2464","Northern Arizona","19"
"401756849","2025","1","false","12","Arizona","40","62","Hawai'i","6"
"401752936","2025","1","false","204","Oregon State","15","25","California","34"
"401752800","2025","1","false","26","UCLA","10","254","Utah","43"
"401752805","2025","1","false","264","Washington","38","36","Colorado State","21"
"401752680","2025","1","true","2579","South Carolina","24","259","Virginia Tech","11"
"401773072","2025","1","true","2676","Virginia Union","45","2396","Miles College","3"
"401774028","2025","1","true","2657","Tuskegee","20","2736","Winston-Salem","17"
"401754522","2025","1","false","2390","Miami","27","87","Notre Dame","24"
"401754523","2025","1","false","153","North Carolina","14","2628","TCU","48"
"401773471","2025","2","false","613","South Dakota Mines","9","2392","Michigan Tech","45"
"401773494","2025","2","false","131","Wayne State (MI)","7","2838","Tiffin","34"
"401773700","2025","2","false","455","West Virginia Wesleyan","20","2134","Clarion","48"
"401773648","2025","2","false","2858","PennWest California","23","2128","University Of Charleston (WV)","19"
"401774218","2025","2","false","286","North Carolina Wesleyan","64","2047","Averett","12"
"401777085","2025","2","false","191","Heidelberg","65","2274","Hiram College","27"
"401776726","2025","2","true","628","Valley City State","27","124","Augsburg","0"
"401773668","2025","2","false","2986","Fairmont State","41","2071","Bloomsburg","40"
"401773331","2025","2","false","2927","Southwestern Oklahoma State","10","2033","Arkansas Tech","32"
"401773361","2025","2","false","2823","Northwestern Oklahoma State","7","2264","Harding University","49"
"401783311","2025","2","false","398","Wilkes","19","247","Kings College (PA)","16"
"401773677","2025","2","false","210","Millersville","34","341","Frostburg State","42"
"401773342","2025","2","false","199","Southeastern Oklahoma State","44","2028","Arkansas-Monticello","13"
"401773165","2025","2","false","2291","Indiana-Pennsylvania","9","308","Ashland","13"
"401773369","2025","2","false","2271","Henderson State","48","200","Southern Nazarene","13"
"401774272","2025","2","false","2639","Texas Lutheran","14","386","Trinity University TX","26"
"401773382","2025","2","false","2568","Southern Arkansas","49","319","Oklahoma Baptist","14"
"401778004","2025","2","false","2085","Buffalo State","0","2781","Brockport","41"
"401774062","2025","2","false","388","Lebanon Valley","21","2234","Franklin & Marshall","31"
"401774158","2025","2","false","2738","Wisconsin-Eau Claire","29","32","Carroll University (WI)","7"
"401777200","2025","2","false","2849","Westminster (PA)","8","317","Marietta","12"
"401777552","2025","2","false","2188","East Stroudsburg University","31","2487","Pace","12"
"401773706","2025","2","false","2315","Kutztown University","51","2038","Assumption","14"
"401773613","2025","2","false","2570","CSU Pueblo","35","2231","Fort Hays State","36"
"401773352","2025","2","false","2191","East Central (OK)","24","2888","Ouachita Baptist","22"
"401773044","2025","2","false","2155","Cornell College (IA)","6","2141","Coe College","62"
"401773580","2025","2","false","2704","West Texas A&M","31","2146","Colorado School Of Mines","33"
"401773258","2025","2","false","2758","Howard Payne","21","205","Pacific (OR)","13"
"401774462","2025","2","false","2056","Belhaven","50","2398","Millsaps","24"
"401766643","2025","2","false","2286","Illinois College","28","2257","Greenville","9"
"401778000","2025","2","false","40","Curry College","35","18","Bridgewater State","28"
"401778005","2025","2","false","417","Gallaudet","7","2015","Albright","9"
"401777027","2025","2","false","2644","Thiel","8","409","Concordia-Wisconsin","27"
"401777236","2025","2","false","2516","Randolph-Macon","48","2175","Dickinson (PA)","34"
"401789174","2025","2","true","112334","Franklin Pierce","13","215","Slippery Rock","24"
"401783361","2025","2","false","2383","Merchant Marine Academy","29","2818","Montclair State","15"
"401777002","2025","2","false","114","Fitchburg State","49","110438","Dean College","14"
"401773295","2025","2","false","365","Alfred University","28","174","Hobart College","23"
"401777731","2025","2","false","2108","Catholic","10","2700","McDaniel College","7"
"401774081","2025","2","false","2248","Gettysburg","30","246","Juniata College","31"
"401774147","2025","2","false","2779","St. Lawrence","19","2467","Norwich","3"
"401777995","2025","2","false","2422","Muhlenberg","38","323","Moravian","19"
"401754528","2025","2","false","97","Louisville","28","256","James Madison","14"
"401788913","2025","2","false","110","Mass Maritime","14","2951","SUNY Maritime","21"
"401752826","2025","2","false","120","Maryland","20","2459","Northern Illinois","9"
"401752817","2025","2","false","77","Northwestern","42","2710","Western Illinois","7"
"401783282","2025","2","false","111674","Reading","17","2667","Ursinus","41"
"401760363","2025","2","false","68","Boise State","51","331","Eastern Washington","14"
"401773535","2025","2","false","2025","Angelo State","41","2214","Emporia State University","20"
"401773276","2025","2","true","127954","Eastern University","46","15","Anna Maria College","7"
"401754524","2025","2","false","152","NC State","35","258","Virginia","31"
"401752822","2025","2","false","66","Iowa State","16","2294","Iowa","13"
"401774036","2025","2","false","2221","FDU-Florham","0","374","St John Fisher University","21"
"401774057","2025","2","false","2686","Washington & Jefferson","31","390","Utica","49"
"401777095","2025","2","false","359","Otterbein","28","2980","Ohio Wesleyan","65"
"401773479","2025","2","false","2886","Northwood (MI)","23","128","Northern Michigan","18"
"401777227","2025","2","false","2808","Delaware Valley","9","297","Hampden-Sydney","38"
"401767750","2025","2","false","2184","Duquesne","55","2339","Lincoln (PA)","14"
"401777019","2025","2","false","2151","Concordia University Chicago","17","2399","Minnesota Morris","16"
"401777774","2025","2","false","109","MIT","46","2884","Nichols College","13"
"401776993","2025","2","false","452","Endicott College","31","2969","Misericordia","21"
"401757227","2025","2","false","55","Jacksonville State","34","2335","Liberty","24"
"401754529","2025","2","false","221","Pittsburgh","45","2117","Central Michigan","17"
"401773087","2025","2","false","2304","Johnson C Smith","28","2673","Valdosta State","16"
"401767612","2025","2","false","2168","Dayton","38","2646","Thomas More College","0"
"401779511","2025","2","false","2385","Mercyhurst","48","2441","New Haven","14"
"401776968","2025","2","false","173","Hartwick","56","274","Maine Maritime","7"
"401756885","2025","2","false","2641","Texas Tech","62","2309","Kent State","14"
"401752811","2025","2","false","213","Penn State","34","2229","Florida International","0"
"401776793","2025","2","false","391","Oberlin","6","129738","Calvin University","88"
"401774091","2025","2","false","216","Susquehanna","33","237","Union (NY)","14"
"401774044","2025","2","false","2782","Cortland","14","146","Grove City College","31"
"401767741","2025","2","false","2115","Central Connecticut","34","2022","American International","7"
"401754525","2025","2","false","2567","SMU","45","239","Baylor","48"
"401774299","2025","2","false","2967","Framingham State","13","2280","Husson","40"
"401767658","2025","2","false","2329","Lehigh","28","2529","Sacred Heart","10"
"401777767","2025","2","true","131108","New England College","21","2972","Plymouth State","49"
"401778013","2025","2","false","2776","Salve Regina","34","379","UMass Dartmouth","13"
"401752693","2025","2","false","251","Texas","38","23","San José State","7"
"401773232","2025","2","false","2224","Findlay","38","2292","Indianapolis","35"
"401752813","2025","2","false","135","Minnesota","66","2466","Northwestern State","0"
"401776805","2025","2","false","184","University of Rochester (NY)","38","354","Olivet College","17"
"401752812","2025","2","false","84","Indiana","56","338","Kennesaw State","9"
"401773104","2025","2","false","2707","West Virginia State","28","122666","Wilson","14"
"401777976","2025","2","false","2060","Bentley","13","223","West Chester","30"
"401752825","2025","2","false","150","Duke","19","356","Illinois","45"
"401754618","2025","2","false","183","Syracuse","27","41","UConn","20"
"401754621","2025","2","false","52","Florida State","77","2837","East Texas A&M","3"
"401752694","2025","2","false","245","Texas A&M","44","328","Utah State","22"
"401774320","2025","2","false","2354","Lycoming","24","2442","College Of New Jersey","27"
"401767719","2025","2","false","46","Georgetown","31","2681","Wagner","20"
"401769891","2025","2","false","2086","Butler","37","2654","Truman State","27"
"401773304","2025","2","false","2614","Saint Vincent","28","125974","Hilbert College","7"
"401766652","2025","2","false","268","Lawrence University","14","446","Martin Luther","33"
"401767231","2025","2","false","2635","Tennessee Tech","45","236","Chattanooga","17"
"401774245","2025","2","false","2913","Brevard College","20","3077","Kentucky Christian","41"
"401774130","2025","2","false","2909","Westfield State","12","293","Castleton","16"
"401788304","2025","2","true","129469","Anderson (Sc)","35","101784","ERSKINE","7"
"401783301","2025","2","false","2702","Western New England","23","81","Springfield","22"
"401767332","2025","2","false","2169","Delaware State","37","399","UAlbany","32"
"401767172","2025","2","false","282","Indiana State","38","2197","Eastern Illinois","14"
"401769067","2025","2","false","2771","Merrimack","31","2830","St. Anselm","6"
"401767771","2025","2","false","284","Stonehill","26","322","Lafayette","42"
"401773497","2025","2","false","2316","Kentucky Wesleyan","7","110242","West Florida","28"
"401774051","2025","2","false","2871","Kean","17","3110","SUNY Morrisville","14"
"401777249","2025","2","false","2688","Washington and Lee","21","2532","Salisbury","42"
"401773114","2025","2","false","2804","Chowan","28","2695","West Alabama","38"
"401774280","2025","2","false","2062","Bethany (WV)","6","2553","Sewanee","41"
"401774421","2025","2","false","2362","Manchester","14","433","Westminster College (MO)","21"
"401777266","2025","2","false","2827","Rowan","17","2963","Case Western Reserve","17"
"401773927","2025","2","false","2213","Emory & Henry College","35","2107","Catawba","7"
"401774072","2025","2","false","175","Ithaca College","14","118","Johns Hopkins University","42"
"401767626","2025","2","false","2368","Marist","23","2083","Bucknell","34"
"401773028","2025","2","false","2559","Shippensburg","7","2075","Bowie State","23"
"401773692","2025","2","false","2699","West Liberty","21","611","Seton Hill","42"
"401776976","2025","2","false","111675","Biddeford","56","2557","Coast Guard","49"
"401773266","2025","2","false","2023","Anderson (IN)","7","3162","Alfred State","6"
"401773242","2025","2","false","2816","McKendree","17","2273","Hillsdale","22"
"401774208","2025","2","false","2896","Southern Virginia","27","3111","Apprentice School","6"
"401773658","2025","2","false","124180","Bluefield State","38","2148","Concord University","31"
"401776787","2025","2","false","2723","Wisconsin-River Falls","45","2800","Alma","33"
"401777197","2025","2","false","2845","Waynesburg","14","2302","John Carroll University","48"
"401774120","2025","2","false","3112","Christopher Newport","38","2651","Trine University","7"
"401777274","2025","2","false","2725","Widener","44","2242","Geneva","18"
"401766644","2025","2","false","80","Chicago","0","2102","Carnegie Mellon","20"
"401774235","2025","2","false","418","Hendrix College","14","2373","Maryville College (TN)","40"
"401774227","2025","2","false","2828","Shenandoah","25","291","Methodist","6"
"401774395","2025","2","false","426","University of Mount Union","37","396","Wheaton","29"
"401774407","2025","2","false","2233","Franklin","27","427","Ohio Northern","20"
"401767587","2025","2","false","2678","VMI","42","366","Ferrum","7"
"401777049","2025","2","false","2018","Allegheny","24","2171","Denison University","35"
"401754620","2025","2","false","154","Wake Forest","42","2717","Western Carolina","10"
"401773640","2025","2","false","2687","Washburn","7","138","Northwest Missouri St","34"
"401773767","2025","2","false","2043","Augustana University (SD)","37","2939","Jamestown College","7"
"401777953","2025","2","false","437","Lake Erie","6","2222","Ferris State","63"
"401774197","2025","2","false","2745","Wisconsin-Whitewater","45","2101","Carleton","14"
"401762462","2025","2","false","218","Temple","55","47","Howard","7"
"401777134","2025","2","false","2746","Wittenberg","13","188","Baldwin Wallace","31"
"401773751","2025","2","false","2364","Minnesota State Mankato","34","568","Minot State","16"
"401777045","2025","2","false","2832","St. Norbert","21","89","Wabash College","55"
"401767550","2025","2","false","2754","Youngstown State","56","2523","Robert Morris","17"
"401773489","2025","2","false","129","Saginaw Valley State","49","367","Gannon","28"
"401773155","2025","2","false","2283","Benedictine University","35","63","Buena Vista","0"
"401766646","2025","2","false","2524","Rockford","19","266","Beloit","15"
"401773179","2025","2","false","263","Loras College","0","2812","Hope College","62"
"401776761","2025","2","false","162","Hamline University","28","509","Crown College","21"
"401776743","2025","2","false","133","St. Olaf","32","583","Northwestern (MN)","7"
"401773732","2025","2","false","2851","Winona State","21","132","Bemidji State","17"
"401767565","2025","2","false","231","Furman","38","2506","Presbyterian","39"
"401773035","2025","2","false","306","Illinois Wesleyan","18","2964","Central College","27"
"401773172","2025","2","false","2744","Wisconsin-Stout","38","49","Dubuque","35"
"401766645","2025","2","false","65","Grinnell","15","2359","Macalester","20"
"401773185","2025","2","false","67","Luther","3","74","Millikin","33"
"401773972","2025","2","false","2310","Kentucky State","21","2013","Albany State GA","49"
"401776735","2025","2","false","2741","Wisconsin-Lutheran","27","375","St. Scholastica","41"
"401773432","2025","2","true","127991","Roosevelt","23","2825","Quincy","21"
"401774182","2025","2","false","2044","Aurora","0","272","Wisconsin-Platteville","41"
"401774188","2025","2","false","2743","Wisconsin-Stevens Pt","28","2790","Albion","21"
"401767224","2025","2","false","2634","Tennessee State","3","2449","North Dakota State","59"
"401773407","2025","2","false","2323","Lane College","15","2876","Lincoln (MO)","27"
"401773994","2025","2","false","2805","Clark Atlanta","17","125762","Florida Memorial University","12"
"401760366","2025","2","false","167","New Mexico","32","304","Idaho State","22"
"401778022","2025","2","false","2930","Willamette","17","2923","Pomona Pitzer","41"
"401762458","2025","2","false","2426","Navy","38","5","UAB","24"
"401752818","2025","2","false","164","Rutgers","45","193","Miami (OH)","17"
"401761596","2025","2","false","2026","App State","20","2815","Lindenwood","13"
"401754637","2025","2","false","228","Clemson","27","2653","Troy","16"
"401762816","2025","2","false","113","Massachusetts","26","2803","Bryant","27"
"401767579","2025","2","false","2535","Samford","13","2643","The Citadel","40"
"401752824","2025","2","false","2483","Oregon","69","197","Oklahoma State","3"
"401762461","2025","2","false","2711","Western Michigan","30","249","North Texas","33"
"401752689","2025","2","false","142","Missouri","42","2305","Kansas","31"
"401762794","2025","2","false","2084","Buffalo","45","2598","St. Francis (PA)","6"
"401752692","2025","2","false","2633","Tennessee","72","2193","East Tennessee State","17"
"401752686","2025","2","false","96","Kentucky","23","145","Ole Miss","30"
"401752815","2025","2","false","194","Ohio State","70","2755","Grambling","0"
"401756881","2025","2","false","38","Colorado","31","48","Delaware","7"
"401752685","2025","2","false","61","Georgia","28","2046","Austin Peay","6"
"401761603","2025","2","false","2636","UTSA","36","326","Texas State","43"
"401752937","2025","2","false","204","Oregon State","27","278","Fresno State","36"
"401754622","2025","2","false","59","Georgia Tech","59","2241","Gardner-Webb","12"
"401756880","2025","2","false","2132","Cincinnati","34","189","Bowling Green","20"
"401756883","2025","2","false","195","Ohio","17","277","West Virginia","10"
"401774024","2025","2","false","2206","Edward Waters","46","2396","Miles College","14"
"401752820","2025","2","false","275","Wisconsin","42","2393","Middle Tennessee","10"
"401774175","2025","2","false","203","Linfield College","14","271","Wisconsin-Oshkosh","31"
"401777166","2025","2","false","2508","Puget Sound","20","2333","Lewis & Clark College","56"
"401767089","2025","2","false","70","Idaho","37","2900","St. Thomas (MN)","30"
"401777159","2025","2","false","2094","California Lutheran University","18","2486","Pacific Lutheran","15"
"401776766","2025","2","false","2721","Whitworth","23","2968","Gustavus Adolphus","10"
"401760367","2025","2","false","2751","Wyoming","31","2460","Northern Iowa","7"
"401773593","2025","2","false","2848","Western Oregon","27","2584","Southern Oregon","7"
"401752684","2025","2","false","57","Florida","16","58","South Florida","18"
"401761602","2025","2","false","2572","Southern Miss","38","2296","Jackson State","20"
"401752682","2025","2","true","8","Arkansas","56","2032","Arkansas State","14"
"401774140","2025","2","false","2843","Western Connecticut St","21","2970","William Paterson","20"
"401767112","2025","2","false","2464","Northern Arizona","38","3101","Utah Tech","31"
"401760365","2025","2","false","2440","Nevada","20","16","Sacramento State","17"
"401774335","2025","2","false","2757","Berry College","58","2938","Huntingdon College (AL)","28"
"401773955","2025","2","false","2842","UVA Wise","24","2444","Newberry","31"
"401773704","2025","2","false","112335","Wheeling","15","2682","Walsh","31"
"401773094","2025","2","false","2019","Allen","17","2940","Livingstone","28"
"401757228","2025","2","false","276","Marshall","20","2623","Missouri State","21"
"401767277","2025","2","false","2198","Eastern Kentucky","20","2277","Houston Christian","10"
"401767266","2025","2","false","160","New Hampshire","19","107","Holy Cross","16"
"401761599","2025","2","false","295","Old Dominion","54","2428","North Carolina Central","6"
"401756887","2025","2","false","254","Utah","63","13","Cal Poly","9"
"401767180","2025","2","false","2261","Hampton","27","2207","Elizabeth City State","20"
"401767404","2025","2","false","2450","Norfolk State","34","330","Virginia St","31"
"401767149","2025","2","false","2210","Elon","55","2166","Davidson","7"
"401767593","2025","2","false","2747","Wofford","10","257","Richmond","14"
"401773142","2025","2","false","2542","Savannah St","13","2560","Shorter","0"
"401773742","2025","2","false","2587","Southwest Minnesota State","3","2817","Minnesota State Moorhead","51"
"401767317","2025","2","false","2619","Stony Brook","17","227","Rhode Island","31"
"401767189","2025","2","false","2729","William & Mary","28","311","Maine","27"
"401767257","2025","2","false","2230","Fordham","28","2405","Monmouth","49"
"401773080","2025","2","false","2882","UNC Pembroke","31","2220","Fayetteville State","24"
"401773950","2025","2","false","2839","Greeneville","7","2331","Lenoir-Rhyne","28"
"401774111","2025","2","false","2749","Worcester Polytechnic Institute","9","2528","Rensselaer","26"
"401773685","2025","2","false","209","Lock Haven University","16","2249","Glenville State","13"
"401777102","2025","2","false","2733","Wilmington (OH)","59","2748","Wooster","35"
"401754530","2025","2","false","25","California","35","2640","Texas Southern","3"
"401762459","2025","2","false","151","East Carolina","56","2097","Campbell","3"
"401762460","2025","2","false","2226","Florida Atlantic","56","50","Florida A&M","14"
"401767336","2025","2","false","222","Villanova","24","2142","Colgate","17"
"401767652","2025","2","false","56","Stetson","59","2683","Warner University","13"
"401777542","2025","2","false","2369","Mars Hill","25","2736","Winston-Salem","28"
"401767432","2025","2","false","2504","Prairie View A&M","21","292","UT Rio Grande Valley","27"
"401767656","2025","2","false","2674","Valparaiso","7","2003","Adrian","10"
"401774428","2025","2","false","332","Muskingum University","27","2419","Mount St. Joseph","33"
"401777586","2025","2","false","2371","Mary Hardin-Baylor","30","2064","Bethel University Tennessee","23"
"401762795","2025","2","false","2199","Eastern Michigan","23","2341","Long Island University","28"
"401752691","2025","2","false","2579","South Carolina","38","2569","South Carolina State","10"
"401766648","2025","2","false","101","Eureka College","14","255","Knox College","13"
"401773204","2025","2","false","2564","Simpson College (IA)","41","2042","Augustana (IL)","42"
"401773135","2025","2","false","2170","Delta State","41","2822","North Greenville","9"
"401767127","2025","2","false","155","North Dakota","50","2502","Portland State","20"
"401767328","2025","2","false","2415","Morgan State","22","119","Towson","27"
"401773424","2025","2","false","196","Northeastern State","24","2402","Missouri S&T","27"
"401756884","2025","2","false","242","Rice","9","248","Houston","35"
"401773462","2025","2","false","125","Grand Valley State University","48","2069","Black Hills State","36"
"401761601","2025","2","false","6","South Alabama","31","2655","Tulane","33"
"401767379","2025","2","false","2110","Central Arkansas","41","2029","Arkansas-Pine Bluff","17"
"401767455","2025","2","false","93","Murray State","24","2545","SE Louisiana","45"
"401773439","2025","2","false","2586","Southwest Baptist","31","2403","Missouri Southern State","38"
"401774397","2025","2","false","2074","Bluffton","20","352","Kenyon","17"
"401767216","2025","2","false","2546","Southeast Missouri State","30","2453","North Alabama","21"
"401774012","2025","2","false","2657","Tuskegee","33","2119","Central State (OH)","0"
"401773798","2025","2","false","2844","Wayne State (NE)","42","559","University of Mary","7"
"401761598","2025","2","false","2247","Georgia State","16","235","Memphis","38"
"401760364","2025","2","false","36","Colorado State","21","2458","Northern Colorado","17"
"401767359","2025","2","false","2582","Southern","7","2011","Alabama State","30"
"401754527","2025","2","false","2429","Charlotte","3","153","North Carolina","20"
"401767304","2025","2","false","2627","Tarleton State","59","2400","Mississippi Valley State","3"
"401757232","2025","2","false","2649","Toledo","45","98","Western Kentucky","21"
"401767437","2025","2","false","2287","Illinois State","41","2413","Morehead State","13"
"401767482","2025","2","false","2320","Lamar","20","233","South Dakota","13"
"401773759","2025","2","false","2894","Sioux Falls","42","425","Northern State","28"
"401756886","2025","2","false","2116","UCF","68","2448","North Carolina A&T","7"
"401778036","2025","2","false","2258","Guilford College","7","2256","Greensboro College","21"
"401756882","2025","2","false","2306","Kansas State","21","349","Army","24"
"401776801","2025","2","false","2045","Austin","10","126","Kalamazoo","14"
"401766650","2025","2","false","2891","Ripon","19","75","North Park","35"
"401774366","2025","2","false","6353","Lakeland","40","2106","Carthage","51"
"401767309","2025","2","false","2010","Alabama A&M","41","2016","Alcorn State","31"
"401769868","2025","2","false","2447","Nicholls","10","2698","West Georgia","34"
"401774343","2025","2","false","2121","Centre College Kentucky","23","2262","Hanover College","15"
"401754641","2025","2","false","2390","Miami","45","2065","Bethune-Cookman","3"
"401778025","2025","2","false","2079","Bridgewater (VA)","27","471","Stevenson","32"
"401774457","2025","2","false","241","McMurry","19","2588","Southwestern University","27"
"401774434","2025","2","false","86","Rose-Hulman","0","83","Depauw","40"
"401752816","2025","2","false","127","Michigan State","42","103","Boston College","40"
"401752695","2025","2","false","259","Virginia Tech","20","238","Vanderbilt","44"
"401752688","2025","2","false","344","Mississippi State","24","9","Arizona State","20"
"401752814","2025","2","false","30","USC","59","290","Georgia Southern","20"
"401752819","2025","2","false","2509","Purdue","34","79","Southern Illinois","17"
"401752810","2025","2","false","158","Nebraska","68","2006","Akron","0"
"401752690","2025","2","false","201","Oklahoma","24","130","Michigan","13"
"401752687","2025","2","false","99","LSU","23","2348","Louisiana Tech","7"
"401752683","2025","2","false","2","Auburn","42","2050","Ball State","3"
"401773775","2025","2","false","3066","Concordia University St Paul","7","134","Minnesota Duluth","61"
"401761597","2025","2","false","324","Coastal Carolina","13","2127","Charleston Southern","0"
"401752681","2025","2","false","333","Alabama","73","2433","UL Monroe","0"
"401766649","2025","2","true","262","Lake Forest College","7","17","Claremont-Mudd-Scripps College","14"
"401752823","2025","2","false","2439","UNLV","30","26","UCLA","23"
"401761600","2025","2","false","309","Louisiana","34","2377","McNeese","10"
"401777596","2025","2","true","3179","Point University","14","548","Lagrange College","36"
"401774392","2025","2","false","143","Washington University (St. Louis)","49","2519","Rhodes College","0"
"401766651","2025","2","false","2685","Wartburg","21","2919","Monmouth (IL)","7"
"401767097","2025","2","false","149","Montana","42","2120","Central Washington","17"
"401773190","2025","2","true","512","Dakota State University","37","6845","Nebraska Wesleyan","7"
"401773573","2025","2","false","2001","Adams State","7","110243","UT Permian Basin","41"
"401767105","2025","2","false","147","Montana State","24","2571","South Dakota State","30"
"401773564","2025","2","false","2658","Texas A&M-Kingsville","60","124179","Lincoln (CA)","12"
"401773595","2025","2","false","2122","Central Oklahoma","27","90","Pittsburg St","24"
"401776770","2025","2","false","2152","Concordia Moorhead","17","561","Mayville State","6"
"401773556","2025","2","false","2395","Midwestern State","13","2714","Western Colorado","38"
"401767238","2025","2","false","2000","Abilene Christian","28","2617","Stephen F. Austin","20"
"401773586","2025","2","false","2424","New Mexico Highlands","69","2703","Western New Mexico","55"
"401777300","2025","2","false","2194","East Texas Baptist University","47","101161","LYONCOLL","8"
"401773546","2025","2","false","11","Colorado Mesa","28","2201","Eastern New Mexico","7"
"401773634","2025","2","false","2438","Nebraska-Kearney","41","2123","Chadron St","21"
"401767292","2025","2","false","301","San Diego","30","253","Southern Utah","27"
"401757231","2025","2","false","2638","UTEP","42","2630","UT Martin","17"
"401757229","2025","2","false","166","New Mexico State","21","202","Tulsa","14"
"401773900","2025","2","true","108358","Phoenix","10","2237","Fort Lewis","58"
"401773208","2025","2","false","411","Chapman","30","2810","Hardin-Simmons","37"
"401756879","2025","2","false","12","Arizona","48","2692","Weber State","3"
"401774251","2025","2","false","29","Redlands","10","415","NEWBERG","7"
"401752948","2025","2","false","265","Washington State","36","21","San Diego State","13"
"401754526","2025","2","false","252","BYU","27","24","Stanford","3"
"401752821","2025","2","false","264","Washington","70","302","UC Davis","10"
"401757230","2025","2","false","62","Hawai'i","37","2534","Sam Houston","20"
"401773701","2025","3","false","455","West Virginia Wesleyan","0","2477","Ohio Dominican","31"
"401754531","2025","3","false","154","Wake Forest","24","152","NC State","34"
"401773332","2025","3","false","2033","Arkansas Tech","44","2823","Northwestern Oklahoma State","0"
"401773995","2025","3","false","2805","Clark Atlanta","26","2232","Fort Valley State","21"
"401773362","2025","3","false","2264","Harding University","55","2927","Southwestern Oklahoma State","0"
"401777559","2025","3","false","2118","Central Missouri","24","2570","CSU Pueblo","29"
"401752836","2025","3","false","84","Indiana","73","282","Indiana State","0"
"401754532","2025","3","false","183","Syracuse","66","2142","Colgate","24"
"401756893","2025","3","false","248","Houston","36","38","Colorado","20"
"401756888","2025","3","false","12","Arizona","23","2306","Kansas State","17"
"401752837","2025","3","false","26","UCLA","10","167","New Mexico","35"
"401773058","2025","3","false","2736","Winston-Salem","51","2339","Lincoln (PA)","14"
"401773100","2025","3","false","366","Ferrum","14","2551","Shaw","6"
"401774219","2025","3","false","3111","Apprentice School","16","286","North Carolina Wesleyan","49"
"401773707","2025","3","false","2022","American International","21","2038","Assumption","39"
"401777996","2025","3","false","452","Endicott College","20","2422","Muhlenberg","28"
"401773277","2025","3","false","15","Anna Maria College","25","2967","Framingham State","31"
"401774159","2025","3","false","352","Kenyon","6","2738","Wisconsin-Eau Claire","35"
"401776788","2025","3","false","2800","Alma","53","2171","Denison University","27"
"401783338","2025","3","true","127954","Eastern University","24","111674","Reading","14"
"401774045","2025","3","false","2782","Cortland","30","237","Union (NY)","6"
"401774073","2025","3","false","118","Johns Hopkins University","27","2302","John Carroll University","13"
"401773287","2025","3","false","110438","Dean College","0","110","Mass Maritime","28"
"401773296","2025","3","false","365","Alfred University","14","175","Ithaca College","45"
"401773686","2025","3","false","210","Millersville","28","2249","Glenville State","44"
"401774092","2025","3","false","216","Susquehanna","56","2079","Bridgewater (VA)","17"
"401774099","2025","3","false","2781","Brockport","14","174","Hobart College","10"
"401774131","2025","3","false","293","Castleton","30","2467","Norwich","8"
"401754619","2025","3","false","258","Virginia","55","2729","William & Mary","16"
"401786484","2025","3","false","2972","Plymouth State","47","402","Worcester St","46"
"401767742","2025","3","false","2115","Central Connecticut","31","2598","St. Francis (PA)","7"
"401774321","2025","3","false","2442","College Of New Jersey","17","398","Wilkes","3"
"401774398","2025","3","false","2074","Bluffton","39","2790","Albion","45"
"401756891","2025","3","false","239","Baylor","42","2535","Samford","7"
"401754623","2025","3","false","59","Georgia Tech","24","228","Clemson","21"
"401767733","2025","3","false","2184","Duquesne","21","2329","Lehigh","35"
"401776994","2025","3","false","2969","Misericordia","42","2015","Albright","21"
"401777780","2025","3","false","2085","Buffalo State","27","173","Hartwick","29"
"401778014","2025","3","false","2776","Salve Regina","34","2702","Western New England","28"
"401778037","2025","3","false","2256","Greensboro College","22","131109","Roanoke College","32"
"401762817","2025","3","false","2309","Kent State","28","2084","Buffalo","31"
"401773233","2025","3","false","2224","Findlay","7","131","Wayne State (MI)","3"
"401774168","2025","3","false","2102","Carnegie Mellon","14","2740","Wisconsin-Lacrosse","38"
"401752838","2025","3","false","120","Maryland","44","119","Towson","17"
"401761608","2025","3","false","2653","Troy","7","235","Memphis","28"
"401752839","2025","3","false","130","Michigan","63","2117","Central Michigan","3"
"401773800","2025","3","false","611","Seton Hill","31","2071","Bloomsburg","28"
"401752703","2025","3","false","218","Temple","3","201","Oklahoma","42"
"401773810","2025","3","false","2858","PennWest California","26","223","West Chester","24"
"401774037","2025","3","false","374","St John Fisher University","28","2779","St. Lawrence","23"
"401767659","2025","3","false","2341","Long Island University","21","2529","Sacred Heart","24"
"401774052","2025","3","false","3110","SUNY Morrisville","14","184","University of Rochester (NY)","30"
"401774300","2025","3","false","81","Springfield","38","2280","Husson","6"
"401773267","2025","3","true","125974","Hilbert College","13","3162","Alfred State","49"
"401752828","2025","3","false","158","Nebraska","59","2277","Houston Christian","7"
"401752696","2025","3","false","333","Alabama","38","275","Wisconsin","14"
"401752831","2025","3","false","77","Northwestern","14","2483","Oregon","34"
"401752697","2025","3","false","2","Auburn","31","6","South Alabama","15"
"401773725","2025","3","true","126086","Post University","39","2583","Southern Connecticut State","30"
"401783304","2025","3","true","2818","Montclair State","27","2354","Lycoming","24"
"401776802","2025","3","false","126","Kalamazoo","50","2062","Bethany (WV)","7"
"401778001","2025","3","false","2557","Coast Guard","34","40","Curry College","24"
"401783308","2025","3","false","2827","Rowan","56","323","Moravian","0"
"401777775","2025","3","false","2884","Nichols College","24","2383","Merchant Marine Academy","56"
"401767351","2025","3","true","47","Howard","38","60","Morehouse College","10"
"401773088","2025","3","false","2207","Elizabeth City State","17","2304","Johnson C Smith","21"
"401773936","2025","3","false","2369","Mars Hill","31","2105","Carson-Newman College","24"
"401774063","2025","3","false","2234","Franklin & Marshall","7","2849","Westminster (PA)","27"
"401773987","2025","3","false","2119","Central State (OH)","0","490","Benedict College","10"
"401766659","2025","3","false","2977","Trinity (CT)","6","33","Colby College","13"
"401773445","2025","3","false","2654","Truman State","28","110254","Davenport","27"
"401767648","2025","3","false","128","Northern Michigan","7","2900","St. Thomas (MN)","20"
"401774314","2025","3","false","2667","Ursinus","42","2871","Kean","14"
"401752702","2025","3","false","142","Missouri","52","309","Louisiana","10"
"401767627","2025","3","false","2681","Wagner","10","2368","Marist","21"
"401804601","2025","3","false","2951","SUNY Maritime","48","2023","Anderson (IN)","0"
"401774422","2025","3","false","2362","Manchester","14","2151","Concordia University Chicago","35"
"401774429","2025","3","false","2419","Mount St. Joseph","28","2044","Aurora","35"
"401776794","2025","3","true","129738","Calvin University","34","409","Concordia-Wisconsin","7"
"401777228","2025","3","false","297","Hampden-Sydney","38","2686","Washington & Jefferson","31"
"401777103","2025","3","false","2748","Wooster","28","2614","Saint Vincent","14"
"401773834","2025","3","false","367","Gannon","22","2188","East Stroudsburg University","69"
"401767720","2025","3","false","46","Georgetown","37","322","Lafayette","42"
"401776775","2025","3","false","2003","Adrian","76","2644","Thiel","0"
"401777620","2025","3","false","2175","Dickinson (PA)","52","2845","Waynesburg","19"
"401777206","2025","3","false","146","Grove City College","14","426","University of Mount Union","49"
"401773828","2025","3","false","2205","Edinboro University","0","2315","Kutztown University","34"
"401773819","2025","3","false","2134","Clarion","31","2559","Shippensburg","24"
"401767232","2025","3","false","2635","Tennessee Tech","72","2166","Davidson","14"
"401773243","2025","3","false","2273","Hillsdale","21","2392","Michigan Tech","34"
"401774082","2025","3","false","246","Juniata College","40","2018","Allegheny","38"
"401776977","2025","3","false","111675","Biddeford","41","2749","Worcester Polytechnic Institute","3"
"401773130","2025","3","false","2882","UNC Pembroke","25","2170","Delta State","21"
"401766662","2025","3","false","121","Bates","26","7","Amherst","23"
"401773115","2025","3","false","2804","Chowan","3","2673","Valdosta State","56"
"401777109","2025","3","false","89","Wabash College","38","2963","Case Western Reserve","28"
"401783356","2025","3","false","471","Stevenson","19","2725","Widener","3"
"401766661","2025","3","false","336","Wesleyan University (CT)","31","2394","Middlebury","17"
"401774287","2025","3","false","2248","Gettysburg","14","3112","Christopher Newport","49"
"401777135","2025","3","false","2746","Wittenberg","24","2688","Washington and Lee","21"
"401783344","2025","3","false","2808","Delaware Valley","49","247","Kings College (PA)","7"
"401776984","2025","3","false","388","Lebanon Valley","37","2221","FDU-Florham","13"
"401776806","2025","3","false","354","Olivet College","28","127078","Madonna University (Mich.)","45"
"401777175","2025","3","false","188","Baldwin Wallace","63","2733","Wilmington (OH)","21"
"401769892","2025","3","false","2262","Hanover College","7","2086","Butler","16"
"401766660","2025","3","false","348","Hamilton","17","2731","Williams","24"
"401777183","2025","3","false","424","Capital","36","2108","Catholic","20"
"401774408","2025","3","false","2233","Franklin","14","2812","Hope College","38"
"401777768","2025","3","true","131108","New England College","0","109","MIT","55"
"401766653","2025","3","false","2919","Monmouth (IL)","78","268","Lawrence University","7"
"401766654","2025","3","false","2155","Cornell College (IA)","12","80","Chicago","28"
"401767318","2025","3","false","107","Holy Cross","7","227","Rhode Island","9"
"401774450","2025","3","false","2938","Huntingdon College (AL)","28","418","Hendrix College","30"
"401767120","2025","3","false","233","South Dakota","24","2458","Northern Colorado","17"
"401762818","2025","3","false","2050","Ball State","34","160","New Hampshire","29"
"401773743","2025","3","false","2817","Minnesota State Moorhead","45","2851","Winona State","21"
"401777034","2025","3","false","6353","Lakeland","28","2257","Greenville","29"
"401774176","2025","3","false","3071","North Central College","45","271","Wisconsin-Oshkosh","14"
"401809170","2025","3","false","130180","Saint Xavier (IL)","0","2745","Wisconsin-Whitewater","37"
"401777732","2025","3","false","2700","McDaniel College","7","2532","Salisbury","62"
"401773156","2025","3","false","63","Buena Vista","17","2741","Wisconsin-Lutheran","6"
"401773073","2025","3","false","2206","Edward Waters","41","2676","Virginia Union","38"
"401773166","2025","3","false","2292","Indianapolis","33","308","Ashland","26"
"401773525","2025","3","false","2695","West Alabama","28","2128","University Of Charleston (WV)","24"
"401773646","2025","3","false","2146","Colorado School Of Mines","41","2687","Washburn","27"
"401773733","2025","3","false","132","Bemidji State","23","2894","Sioux Falls","56"
"401773793","2025","3","true","2939","Jamestown College","7","2587","Southwest Minnesota State","12"
"401773917","2025","3","true","129469","Anderson (Sc)","30","2839","Greeneville","0"
"401774189","2025","3","false","2743","Wisconsin-Stevens Pt","41","2832","St. Norbert","17"
"401774246","2025","3","false","2553","Sewanee","10","2913","Brevard College","26"
"401773186","2025","3","false","446","Martin Luther","34","67","Luther","0"
"401766656","2025","3","false","255","Knox College","7","2891","Ripon","50"
"401774236","2025","3","false","2980","Ohio Wesleyan","24","2373","Maryville College (TN)","48"
"401776750","2025","3","false","2600","Saint John's (MN)","49","2399","Minnesota Morris","0"
"401773036","2025","3","false","2964","Central College","10","2516","Randolph-Macon","0"
"401777040","2025","3","false","72","Elmhurst","34","2524","Rockford","30"
"401773191","2025","3","true","6845","Nebraska Wesleyan","13","561","Mayville State","20"
"401773440","2025","3","true","127991","Roosevelt","34","2586","Southwest Baptist","40"
"401773207","2025","3","false","2744","Wisconsin-Stout","0","2685","Wartburg","16"
"401773205","2025","3","false","509","Crown College","7","2564","Simpson College (IA)","45"
"401773045","2025","3","false","2723","Wisconsin-River Falls","59","2141","Coe College","47"
"401766657","2025","3","false","2286","Illinois College","28","262","Lake Forest College","25"
"401766655","2025","3","false","65","Grinnell","24","266","Beloit","0"
"401767150","2025","3","false","2717","Western Carolina","31","2210","Elon","37"
"401773565","2025","3","false","138","Northwest Missouri St","49","2658","Texas A&M-Kingsville","20"
"401783914","2025","3","false","18","Bridgewater State","29","2909","Westfield State","16"
"401767421","2025","3","false","2296","Jackson State","30","2657","Tuskegee","0"
"401767173","2025","3","false","2197","Eastern Illinois","30","2287","Illinois State","42"
"401767098","2025","3","false","149","Montana","24","155","North Dakota","23"
"401767106","2025","3","false","147","Montana State","41","301","San Diego","7"
"401766658","2025","3","false","340","Bowdoin","0","112","Tufts","13"
"401773768","2025","3","false","559","University of Mary","20","2043","Augustana University (SD)","21"
"401757168","2025","3","false","48","Delaware","44","41","UConn","41"
"401773393","2025","3","false","200","Southern Nazarene","18","2568","Southern Arkansas","26"
"401767341","2025","3","false","2169","Delaware State","36","2075","Bowie State","14"
"401773752","2025","3","false","568","Minot State","21","3066","Concordia University St Paul","27"
"401754639","2025","3","false","153","North Carolina","41","257","Richmond","6"
"401752834","2025","3","false","127","Michigan State","41","2754","Youngstown State","24"
"401754615","2025","3","false","2623","Missouri State","10","2567","SMU","28"
"401762819","2025","3","false","2649","Toledo","60","2415","Morgan State","0"
"401752949","2025","3","false","249","North Texas","59","265","Washington State","10"
"401752832","2025","3","false","2509","Purdue","17","30","USC","33"
"401754638","2025","3","false","277","West Virginia","31","221","Pittsburgh","24"
"401767217","2025","3","false","2449","North Dakota State","41","2546","Southeast Missouri State","14"
"401767141","2025","3","false","2097","Campbell","24","231","Furman","28"
"401762467","2025","3","false","2636","UTSA","48","2916","Incarnate Word","20"
"401756892","2025","3","false","2132","Cincinnati","70","2466","Northwestern State","0"
"401773911","2025","3","false","389","Upper Iowa University","58","613","South Dakota Mines","14"
"401752705","2025","3","false","2633","Tennessee","41","61","Georgia","44"
"401767322","2025","3","false","2619","Stony Brook","41","2230","Fordham","18"
"401767588","2025","3","false","2083","Bucknell","35","2678","VMI","28"
"401752938","2025","3","false","2641","Texas Tech","45","204","Oregon State","14"
"401752835","2025","3","false","213","Penn State","52","222","Villanova","6"
"401752833","2025","3","false","164","Rutgers","60","2450","Norfolk State","10"
"401756890","2025","3","false","2032","Arkansas State","16","66","Iowa State","24"
"401767161","2025","3","false","2127","Charleston Southern","28","2815","Lindenwood","35"
"401777160","2025","3","false","2486","Pacific Lutheran","42","129758","Simpson University (Ca)","16"
"401773840","2025","3","false","2291","Indiana-Pennsylvania","42","209","Lock Haven University","10"
"401777139","2025","3","false","2333","Lewis & Clark College","38","415","NEWBERG","10"
"401773705","2025","3","false","437","Lake Erie","31","112335","Wheeling","35"
"401777003","2025","3","false","379","UMass Dartmouth","25","114","Fitchburg State","24"
"401777172","2025","3","true","2202","Eastern Oregon","16","2721","Whitworth","10"
"401777153","2025","3","false","2930","Willamette","0","205","Pacific (OR)","42"
"401777191","2025","3","false","427","Ohio Northern","33","191","Heidelberg","13"
"401767090","2025","3","false","70","Idaho","20","3101","Utah Tech","6"
"401752706","2025","3","false","251","Texas","27","2638","UTEP","10"
"401767225","2025","3","false","2634","Tennessee State","21","2010","Alabama A&M","23"
"401754535","2025","3","false","2390","Miami","49","58","South Florida","12"
"401773782","2025","3","false","134","Minnesota Duluth","17","2364","Minnesota State Mankato","14"
"401767360","2025","3","false","2011","Alabama State","37","2396","Miles College","9"
"401767060","2025","3","false","2460","Northern Iowa","17","331","Eastern Washington","14"
"401773463","2025","3","false","90","Pittsburg St","17","125","Grand Valley State University","14"
"401757258","2025","3","false","2440","Nevada","13","2393","Middle Tennessee","14"
"401757256","2025","3","false","189","Bowling Green","23","2335","Liberty","13"
"401757235","2025","3","false","338","Kennesaw State","27","2771","Merrimack","13"
"401778030","2025","3","false","433","Westminster College (MO)","29","101","Eureka College","6"
"401767030","2025","3","false","2803","Bryant","42","2060","Bentley","6"
"401761606","2025","3","false","276","Marshall","38","2198","Eastern Kentucky","7"
"401774058","2025","3","false","390","Utica","41","2528","Rensselaer","14"
"401773944","2025","3","false","2331","Lenoir-Rhyne","31","2213","Emory & Henry College","28"
"401767529","2025","3","false","236","Chattanooga","63","56","Stetson","0"
"401767388","2025","3","false","2569","South Carolina State","55","2065","Bethune-Cookman","41"
"401774209","2025","3","false","2047","Averett","14","2896","Southern Virginia","46"
"401767300","2025","3","false","2698","West Georgia","35","2193","East Tennessee State","31"
"401777086","2025","3","false","2274","Hiram College","58","391","Oberlin","21"
"401773509","2025","3","false","2222","Ferris State","41","2838","Tiffin","34"
"401783234","2025","3","false","351","Wingate","72","124180","Bluefield State","7"
"401752701","2025","3","false","344","Mississippi State","63","2016","Alcorn State","0"
"401757233","2025","3","false","2229","Florida International","38","2226","Florida Atlantic","28"
"401774228","2025","3","false","291","Methodist","40","2258","Guilford College","42"
"401777301","2025","3","true","101161","LYONCOLL","19","124386","Little Rock","20"
"401767380","2025","3","false","2029","Arkansas-Pine Bluff","34","124179","Lincoln (CA)","8"
"401767573","2025","3","false","2382","Mercer","22","2747","Wofford","21"
"401762464","2025","3","false","2429","Charlotte","42","2405","Monmouth","35"
"401767762","2025","3","false","2523","Robert Morris","28","2699","West Liberty","14"
"401767411","2025","3","false","2428","North Carolina Central","49","2220","Fayetteville State","19"
"401773864","2025","3","false","215","Slippery Rock","35","2974","Shepherd","28"
"401773716","2025","3","true","112334","Franklin Pierce","30","2487","Pace","6"
"401773490","2025","3","false","129","Saginaw Valley State","14","2886","Northwood (MI)","38"
"401773980","2025","3","false","2019","Allen","29","2323","Lane College","21"
"401773928","2025","3","false","2107","Catawba","44","2842","UVA Wise","34"
"401767190","2025","3","false","311","Maine","10","284","Stonehill","13"
"401761607","2025","3","false","2572","Southern Miss","38","2026","App State","22"
"401767181","2025","3","false","2448","North Carolina A&T","33","2261","Hampton","30"
"401767237","2025","3","false","2710","Western Illinois","51","2674","Valparaiso","30"
"401767285","2025","3","false","2453","North Alabama","49","196","Northeastern State","21"
"401752827","2025","3","false","194","Ohio State","37","195","Ohio","9"
"401767544","2025","3","false","2571","South Dakota State","37","2181","Drake","21"
"401767639","2025","3","false","2506","Presbyterian","42","101784","ERSKINE","14"
"401767248","2025","3","false","2046","Austin Peay","56","2413","Morehead State","7"
"401773180","2025","3","false","2283","Benedictine University","20","263","Loras College","13"
"401762466","2025","3","false","242","Rice","38","2504","Prairie View A&M","17"
"401773143","2025","3","true","110242","West Florida","42","2560","Shorter","20"
"401773173","2025","3","false","49","Dubuque","27","272","Wisconsin-Platteville","56"
"401773209","2025","3","false","2810","Hardin-Simmons","24","241","McMurry","19"
"401773259","2025","3","false","2639","Texas Lutheran","18","2758","Howard Payne","28"
"401773343","2025","3","false","2028","Arkansas-Monticello","13","2191","East Central (OK)","38"
"401773449","2025","3","true","2911","William Jewell","48","2316","Kentucky Wesleyan","21"
"401776774","2025","3","false","2802","Bethel (MN)","50","583","Northwestern (MN)","3"
"401788912","2025","3","false","2194","East Texas Baptist University","28","2824","Oklahoma Panhandle St","0"
"401752829","2025","3","false","356","Illinois","38","2711","Western Michigan","0"
"401774121","2025","3","false","2651","Trine University","27","86","Rose-Hulman","10"
"401778033","2025","3","false","386","Trinity University TX","49","2056","Belhaven","0"
"401773956","2025","3","false","2444","Newberry","49","3179","Point University","0"
"401773105","2025","3","false","2822","North Greenville","41","122666","Wilson","28"
"401773425","2025","3","false","137","Missouri Western","27","2402","Missouri S&T","10"
"401774344","2025","3","false","2121","Centre College Kentucky","14","83","Depauw","35"
"401774463","2025","3","false","2398","Millsaps","56","101442","CENTENARY","14"
"401777201","2025","3","false","317","Marietta","47","359","Otterbein","31"
"401777294","2025","3","false","2519","Rhodes College","31","2045","Austin","17"
"401761605","2025","3","false","2247","Georgia State","37","93","Murray State","21"
"401783278","2025","3","false","399","UAlbany","17","2441","New Haven","24"
"401769832","2025","3","false","50","Florida A&M","33","2013","Albany State GA","25"
"401767305","2025","3","false","2110","Central Arkansas","10","2627","Tarleton State","56"
"401767235","2025","3","false","2630","UT Martin","10","79","Southern Illinois","37"
"401767202","2025","3","false","2241","Gardner-Webb","23","2643","The Citadel","13"
"401767159","2025","3","false","2377","McNeese","41","2692","Weber State","42"
"401767458","2025","3","false","2640","Texas Southern","7","2320","Lamar","31"
"401752700","2025","3","false","145","Ole Miss","41","8","Arkansas","35"
"401767395","2025","3","false","2755","Grambling","37","2310","Kentucky State","31"
"401754536","2025","3","false","259","Virginia Tech","26","295","Old Dominion","45"
"401757234","2025","3","false","290","Georgia Southern","41","55","Jacksonville State","34"
"401777243","2025","3","false","2242","Geneva","28","2828","Shenandoah","29"
"401773760","2025","3","false","425","Northern State","26","2844","Wayne State (NE)","7"
"401767426","2025","3","false","2545","SE Louisiana","56","2400","Mississippi Valley State","3"
"401752699","2025","3","false","99","LSU","20","57","Florida","10"
"401757257","2025","3","false","2348","Louisiana Tech","49","166","New Mexico State","14"
"401774336","2025","3","false","548","Lagrange College","0","2757","Berry College","48"
"401761604","2025","3","false","324","Coastal Carolina","0","151","East Carolina","38"
"401752707","2025","3","false","87","Notre Dame","40","245","Texas A&M","41"
"401752698","2025","3","false","96","Kentucky","48","2199","Eastern Michigan","23"
"401752830","2025","3","false","2294","Iowa","47","113","Massachusetts","7"
"401752704","2025","3","false","2579","South Carolina","7","238","Vanderbilt","31"
"401756894","2025","3","false","2628","TCU","42","2000","Abilene Christian","21"
"401773370","2025","3","false","319","Oklahoma Baptist","14","2271","Henderson State","28"
"401773385","2025","3","false","2888","Ouachita Baptist","41","199","Southeastern Oklahoma State","21"
"401767071","2025","3","false","13","Cal Poly","56","2848","Western Oregon","7"
"401773614","2025","3","false","2231","Fort Hays State","26","2438","Nebraska-Kearney","7"
"401767524","2025","3","false","2617","Stephen F. Austin","63","2834","Sul Ross State","0"
"401773581","2025","3","false","2703","Western New Mexico","27","2704","West Texas A&M","58"
"401773536","2025","3","false","2201","Eastern New Mexico","20","2025","Angelo State","31"
"401762465","2025","3","false","202","Tulsa","23","2426","Navy","42"
"401777167","2025","3","false","2588","Southwestern University","51","2508","Puget Sound","43"
"401773880","2025","3","false","2123","Chadron St","31","2069","Black Hills State","28"
"401754534","2025","3","false","2655","Tulane","34","150","Duke","27"
"401756895","2025","3","false","2751","Wyoming","6","254","Utah","31"
"401767527","2025","3","false","292","UT Rio Grande Valley","80","2324","Langston University","0"
"401767113","2025","3","false","253","Southern Utah","49","2464","Northern Arizona","52"
"401762463","2025","3","false","5","UAB","31","2006","Akron","28"
"401767131","2025","3","false","16","Sacramento State","49","2385","Mercyhurst","28"
"401760368","2025","3","false","328","Utah State","49","2005","Air Force","30"
"401760369","2025","3","false","278","Fresno State","56","2582","Southern","7"
"401756889","2025","3","false","9","Arizona State","34","326","Texas State","15"
"401752840","2025","3","false","25","California","27","135","Minnesota","14"
"401754533","2025","3","false","24","Stanford","30","103","Boston College","20"
"401760370","2025","3","false","62","Hawai'i","23","2502","Portland State","3"
"401773988","2025","4","false","490","Benedict College","45","2657","Tuskegee","24"
"401762468","2025","4","false","2429","Charlotte","17","242","Rice","28"
"401773708","2025","4","false","2038","Assumption","30","2830","St. Anselm","8"
"401767679","2025","4","false","322","Lafayette","38","171","Columbia","14"
"401756900","2025","4","false","197","Oklahoma State","12","202","Tulsa","19"
"401752844","2025","4","false","164","Rutgers","28","2294","Iowa","38"
"401754617","2025","4","false","259","Virginia Tech","38","2747","Wofford","6"
"401752845","2025","4","false","275","Wisconsin","10","120","Maryland","27"
"401754642","2025","4","false","97","Louisville","40","189","Bowling Green","17"
"401786376","2025","4","false","2967","Framingham State","14","379","UMass Dartmouth","10"
"401783915","2025","4","false","18","Bridgewater State","21","2972","Plymouth State","42"
"401777997","2025","4","false","398","Wilkes","18","2422","Muhlenberg","26"
"401777981","2025","4","false","2487","Pace","19","126086","Post University","27"
"401777004","2025","4","false","114","Fitchburg State","48","131108","New England College","0"
"401774435","2025","4","false","2790","Albion","25","86","Rose-Hulman","17"
"401774337","2025","4","false","2102","Carnegie Mellon","17","2757","Berry College","9"
"401774132","2025","4","false","293","Castleton","8","111675","Biddeford","35"
"401774112","2025","4","false","2528","Rensselaer","30","2781","Brockport","24"
"401756901","2025","4","false","254","Utah","10","2641","Texas Tech","34"
"401754537","2025","4","false","228","Clemson","21","183","Syracuse","34"
"401752708","2025","4","false","235","Memphis","32","8","Arkansas","31"
"401767644","2025","4","false","163","Princeton","35","301","San Diego","42"
"401774013","2025","4","false","2415","Morgan State","27","2119","Central State (OH)","0"
"401767551","2025","4","false","225","Brown","46","46","Georgetown","0"
"401773510","2025","4","false","2477","Ohio Dominican","20","2838","Tiffin","14"
"401783331","2025","4","false","2015","Albright","28","2808","Delaware Valley","35"
"401760376","2025","4","false","193","Miami (OH)","38","2439","UNLV","41"
"401800975","2025","4","false","452","Endicott College","41","2951","SUNY Maritime","7"
"401774199","2025","4","false","2371","Mary Hardin-Baylor","6","2745","Wisconsin-Whitewater","26"
"401774220","2025","4","false","286","North Carolina Wesleyan","0","2553","Sewanee","33"
"401773835","2025","4","false","2315","Kutztown University","46","367","Gannon","7"
"401783302","2025","4","false","2702","Western New England","48","402","Worcester St","13"
"401762469","2025","4","false","349","Army","38","249","North Texas","45"
"401762470","2025","4","false","58","South Florida","63","2569","South Carolina State","14"
"401773288","2025","4","false","110438","Dean College","6","2909","Westfield State","48"
"401754636","2025","4","false","2628","TCU","35","2567","SMU","24"
"401773144","2025","4","false","2560","Shorter","57","2355","Virginia University Of Lynchburg","20"
"401773504","2025","4","false","2886","Northwood (MI)","10","2646","Thomas More College","6"
"401773811","2025","4","false","2858","PennWest California","42","209","Lock Haven University","6"
"401767726","2025","4","false","43","Yale","28","107","Holy Cross","10"
"401773260","2025","4","false","2758","Howard Payne","18","630","Wayland Baptist","21"
"401778034","2025","4","false","2056","Belhaven","0","2723","Wisconsin-River Falls","65"
"401774399","2025","4","false","354","Olivet College","28","2074","Bluffton","37"
"401752715","2025","4","false","2633","Tennessee","56","5","UAB","24"
"401773744","2025","4","false","2817","Minnesota State Moorhead","17","2844","Wayne State (NE)","27"
"401773066","2025","4","false","2736","Winston-Salem","33","330","Virginia St","34"
"401773605","2025","4","false","2438","Nebraska-Kearney","34","2214","Emporia State University","20"
"401773453","2025","4","false","128","Northern Michigan","16","110254","Davenport","35"
"401773937","2025","4","false","2105","Carson-Newman College","24","2331","Lenoir-Rhyne","7"
"401774053","2025","4","false","237","Union (NY)","31","3110","SUNY Morrisville","7"
"401773498","2025","4","false","2316","Kentucky Wesleyan","7","2682","Walsh","31"
"401783349","2025","4","false","247","Kings College (PA)","27","2221","FDU-Florham","21"
"401777219","2025","4","false","417","Gallaudet","39","2047","Averett","30"
"401777087","2025","4","false","2845","Waynesburg","35","2274","Hiram College","27"
"401774345","2025","4","false","548","Lagrange College","20","2121","Centre College Kentucky","6"
"401774210","2025","4","false","122774","Keystone","0","2896","Southern Virginia","42"
"401773278","2025","4","false","110","Mass Maritime","27","15","Anna Maria College","33"
"401773167","2025","4","false","308","Ashland","26","2273","Hillsdale","9"
"401773081","2025","4","false","2207","Elizabeth City State","8","2220","Fayetteville State","51"
"401773059","2025","4","false","2339","Lincoln (PA)","21","2551","Shaw","36"
"401766672","2025","4","false","7","Amherst","23","348","Hamilton","13"
"401766670","2025","4","false","2731","Williams","38","33","Colby College","0"
"401766669","2025","4","false","2394","Middlebury","31","340","Bowdoin","10"
"401783339","2025","4","false","111674","Reading","13","471","Stevenson","35"
"401778015","2025","4","false","2970","William Paterson","12","2776","Salve Regina","24"
"401777991","2025","4","false","2354","Lycoming","29","2175","Dickinson (PA)","52"
"401777229","2025","4","false","297","Hampden-Sydney","42","2828","Shenandoah","7"
"401774141","2025","4","false","2843","Western Connecticut St","55","2248","Gettysburg","21"
"401774074","2025","4","false","216","Susquehanna","22","118","Johns Hopkins University","40"
"401774064","2025","4","false","2234","Franklin & Marshall","42","2108","Catholic","7"
"401774059","2025","4","false","174","Hobart College","20","390","Utica","17"
"401773918","2025","4","false","2369","Mars Hill","21","129469","Anderson (Sc)","14"
"401773820","2025","4","false","2134","Clarion","51","2974","Shepherd","38"
"401773697","2025","4","false","455","West Virginia Wesleyan","16","2707","West Virginia State","45"
"401773678","2025","4","false","341","Frostburg State","21","2699","West Liberty","7"
"401766668","2025","4","false","2977","Trinity (CT)","30","121","Bates","13"
"401767286","2025","4","false","2287","Illinois State","38","2453","North Alabama","36"
"401773649","2025","4","false","2128","University Of Charleston (WV)","38","2148","Concord University","24"
"401767653","2025","4","false","56","Stetson","7","108","Harvard","59"
"401767772","2025","4","false","284","Stonehill","21","219","Pennsylvania","24"
"401774038","2025","4","false","184","University of Rochester (NY)","28","374","St John Fisher University","21"
"401777304","2025","4","false","509","Crown College","30","2399","Minnesota Morris","20"
"401783283","2025","4","false","323","Moravian","7","2667","Ursinus","35"
"401773491","2025","4","false","2441","New Haven","35","129","Saginaw Valley State","28"
"401762822","2025","4","false","2117","Central Michigan","49","2681","Wagner","10"
"401776985","2025","4","false","388","Lebanon Valley","24","127954","Eastern University","21"
"401774005","2025","4","false","60","Morehouse College","17","2310","Kentucky State","35"
"401774301","2025","4","false","2280","Husson","13","2749","Worcester Polytechnic Institute","15"
"401773297","2025","4","false","2779","St. Lawrence","13","365","Alfred University","35"
"401767267","2025","4","false","159","Dartmouth","27","160","New Hampshire","20"
"401767342","2025","4","false","2598","St. Francis (PA)","10","2169","Delaware State","39"
"401774415","2025","4","false","2800","Alma","23","2262","Hanover College","24"
"401773669","2025","4","false","2986","Fairmont State","28","112335","Wheeling","35"
"401774430","2025","4","false","2812","Hope College","31","2419","Mount St. Joseph","28"
"401776995","2025","4","false","2725","Widener","7","2969","Misericordia","21"
"401777078","2025","4","false","83","Depauw","35","352","Kenyon","14"
"401767640","2025","4","false","2506","Presbyterian","76","495","BLUEFIELD","3"
"401767672","2025","4","false","2142","Colgate","44","2230","Fordham","21"
"401767258","2025","4","false","2405","Monmouth","51","222","Villanova","33"
"401774183","2025","4","false","272","Wisconsin-Platteville","28","81","Springfield","12"
"401777198","2025","4","false","2302","John Carroll University","63","391","Oberlin","0"
"401773726","2025","4","false","2583","Southern Connecticut State","10","2022","American International","3"
"401774122","2025","4","false","2651","Trine University","35","2233","Franklin","27"
"401777216","2025","4","false","332","Muskingum University","56","2733","Wilmington (OH)","49"
"401777776","2025","4","false","2557","Coast Guard","92","2884","Nichols College","60"
"401777176","2025","4","false","424","Capital","7","188","Baldwin Wallace","44"
"401773801","2025","4","false","2071","Bloomsburg","34","2205","Edinboro University","18"
"401773881","2025","4","false","2237","Fort Lewis","19","2069","Black Hills State","25"
"401773305","2025","4","false","125974","Hilbert College","3","175","Ithaca College","65"
"401773250","2025","4","false","2810","Hardin-Simmons","52","2347","Louisiana College","17"
"401773734","2025","4","false","132","Bemidji State","14","2043","Augustana University (SD)","42"
"401773484","2025","4","false","271","Wisconsin-Oshkosh","38","127991","Roosevelt","21"
"401766665","2025","4","false","262","Lake Forest College","6","2919","Monmouth (IL)","49"
"401776744","2025","4","false","133","St. Olaf","17","2152","Concordia Moorhead","16"
"401774458","2025","4","false","2938","Huntingdon College (AL)","52","241","McMurry","46"
"401777020","2025","4","false","2151","Concordia University Chicago","28","2832","St. Norbert","59"
"401774083","2025","4","false","2700","McDaniel College","24","246","Juniata College","7"
"401773887","2025","4","false","2146","Colorado School Of Mines","28","2123","Chadron St","34"
"401776757","2025","4","false","2101","Carleton","51","2359","Macalester","7"
"401766664","2025","4","false","2891","Ripon","30","65","Grinnell","20"
"401766663","2025","4","false","80","Chicago","24","2286","Illinois College","21"
"401767541","2025","4","false","233","South Dakota","42","2181","Drake","21"
"401774160","2025","4","false","2738","Wisconsin-Eau Claire","42","446","Martin Luther","6"
"401776727","2025","4","false","375","St. Scholastica","23","124","Augsburg","30"
"401773206","2025","4","false","2564","Simpson College (IA)","13","2685","Wartburg","27"
"401774358","2025","4","false","32","Carroll University (WI)","29","143","Washington University (St. Louis)","41"
"401767589","2025","4","false","257","Richmond","38","2678","VMI","14"
"401774451","2025","4","false","418","Hendrix College","19","2398","Millsaps","41"
"401773234","2025","4","false","437","Lake Erie","3","2224","Findlay","33"
"401773037","2025","4","false","67","Luther","26","2964","Central College","63"
"401773753","2025","4","false","2851","Winona State","35","568","Minot State","25"
"401773841","2025","4","false","2291","Indiana-Pennsylvania","70","210","Millersville","24"
"401773945","2025","4","false","2839","Greeneville","13","2213","Emory & Henry College","34"
"401773861","2025","4","false","223","West Chester","34","611","Seton Hill","16"
"401773046","2025","4","false","2141","Coe College","62","6845","Nebraska Wesleyan","14"
"401773783","2025","4","true","2939","Jamestown College","7","2364","Minnesota State Mankato","36"
"401774367","2025","4","false","3071","North Central College","62","2106","Carthage","0"
"401773789","2025","4","false","2894","Sioux Falls","17","134","Minnesota Duluth","34"
"401777302","2025","4","false","2257","Greenville","0","101161","LYONCOLL","0"
"401777237","2025","4","false","2079","Bridgewater (VA)","3","2516","Randolph-Macon","27"
"401777104","2025","4","false","2748","Wooster","7","89","Wabash College","34"
"401773794","2025","4","false","2587","Southwest Minnesota State","9","559","University of Mary","40"
"401766666","2025","4","false","268","Lawrence University","0","2155","Cornell College (IA)","20"
"401774148","2025","4","false","2467","Norwich","63","274","Maine Maritime","0"
"401777011","2025","4","false","2044","Aurora","35","2283","Benedictine University","36"
"401776751","2025","4","false","162","Hamline University","0","2600","Saint John's (MN)","58"
"401774374","2025","4","false","306","Illinois Wesleyan","42","72","Elmhurst","6"
"401776767","2025","4","false","2968","Gustavus Adolphus","7","2802","Bethel (MN)","41"
"401777041","2025","4","false","2524","Rockford","20","101","Eureka College","40"
"401767574","2025","4","false","2643","The Citadel","0","2382","Mercer","38"
"401773174","2025","4","false","49","Dubuque","34","263","Loras College","27"
"401767613","2025","4","false","2523","Robert Morris","14","2168","Dayton","17"
"401773495","2025","4","false","2740","Wisconsin-Lacrosse","31","131","Wayne State (MI)","22"
"401767580","2025","4","false","2717","Western Carolina","50","2535","Samford","35"
"401774025","2025","4","false","2396","Miles College","19","2542","Savannah St","45"
"401788907","2025","4","false","2222","Ferris State","76","131239","University of Rio Grande","0"
"401767389","2025","4","false","2065","Bethune-Cookman","35","2206","Edward Waters","9"
"401773717","2025","4","false","2060","Bentley","21","112334","Franklin Pierce","35"
"401752841","2025","4","false","2483","Oregon","41","204","Oregon State","7"
"401777161","2025","4","false","2486","Pacific Lutheran","8","386","Trinity University TX","45"
"401773515","2025","4","false","2232","Fort Valley State","16","2170","Delta State","21"
"401774423","2025","4","false","2003","Adrian","57","2362","Manchester","0"
"401767107","2025","4","false","147","Montana State","17","2385","Mercyhurst","0"
"401774252","2025","4","false","2721","Whitworth","17","29","Redlands","34"
"401778023","2025","4","false","2318","La Verne","14","2930","Willamette","29"
"401773906","2025","4","false","2424","New Mexico Highlands","48","613","South Dakota Mines","42"
"401767099","2025","4","false","149","Montana","63","282","Indiana State","20"
"401774046","2025","4","false","173","Hartwick","9","2782","Cortland","59"
"401762820","2025","4","false","2711","Western Michigan","14","2649","Toledo","13"
"401773761","2025","4","false","425","Northern State","31","3066","Concordia University St Paul","10"
"401754640","2025","4","false","2116","UCF","34","153","North Carolina","9"
"401761613","2025","4","false","2084","Buffalo","17","2653","Troy","21"
"401761610","2025","4","false","2199","Eastern Michigan","34","309","Louisiana","31"
"401757169","2025","4","false","41","UConn","31","2050","Ball State","25"
"401752711","2025","4","false","145","Ole Miss","45","2655","Tulane","10"
"401752848","2025","4","false","87","Notre Dame","56","2509","Purdue","30"
"401762823","2025","4","false","195","Ohio","52","2241","Gardner-Webb","35"
"401752846","2025","4","false","158","Nebraska","27","130","Michigan","30"
"401757262","2025","4","false","2335","Liberty","13","256","James Madison","31"
"401754541","2025","4","false","52","Florida State","66","2309","Kent State","10"
"401752714","2025","4","false","201","Oklahoma","24","2","Auburn","17"
"401773029","2025","4","false","2940","Livingstone","17","2075","Bowie State","16"
"401767182","2025","4","true","47","Howard","34","2261","Hampton","7"
"401767162","2025","4","false","2729","William & Mary","34","2127","Charleston Southern","7"
"401773472","2025","4","false","2392","Michigan Tech","14","389","Upper Iowa University","21"
"401773123","2025","4","false","2913","Brevard College","38","101784","ERSKINE","34"
"401754538","2025","4","false","150","Duke","45","152","NC State","33"
"401767405","2025","4","false","2450","Norfolk State","28","2529","Sacred Heart","31"
"401767502","2025","4","false","155","North Dakota","58","2674","Valparaiso","7"
"401774260","2025","4","false","415","NEWBERG","21","17","Claremont-Mudd-Scripps College","28"
"401777168","2025","4","false","2508","Puget Sound","28","2094","California Lutheran University","55"
"401777250","2025","4","false","2688","Washington and Lee","35","2258","Guilford College","7"
"401788916","2025","4","false","2923","Pomona Pitzer","3","2333","Lewis & Clark College","21"
"401767272","2025","4","false","2448","North Carolina A&T","20","2428","North Carolina Central","62"
"401774266","2025","4","false","203","Linfield College","28","411","Chapman","13"
"401777548","2025","4","false","11","Colorado Mesa","24","2570","CSU Pueblo","31"
"401773594","2025","4","false","2848","Western Oregon","66","2834","Sul Ross State","3"
"401752712","2025","4","false","344","Mississippi State","38","2459","Northern Illinois","10"
"401754542","2025","4","false","59","Georgia Tech","45","218","Temple","24"
"401760375","2025","4","false","23","San José State","31","70","Idaho","28"
"401773615","2025","4","false","90","Pittsburg St","31","2231","Fort Hays State","16"
"401773621","2025","4","false","2403","Missouri Southern State","14","138","Northwest Missouri St","21"
"401767114","2025","4","false","2464","Northern Arizona","31","2916","Incarnate Word","23"
"401767151","2025","4","false","2193","East Tennessee State","26","2210","Elon","16"
"401767081","2025","4","false","304","Idaho State","90","124179","Lincoln (CA)","0"
"401777096","2025","4","false","2980","Ohio Wesleyan","17","2746","Wittenberg","55"
"401776803","2025","4","false","126","Kalamazoo","27","2023","Anderson (IN)","0"
"401773398","2025","4","false","2292","Indianapolis","47","2816","McKendree","19"
"401773131","2025","4","false","2882","UNC Pembroke","41","366","Ferrum","14"
"401767031","2025","4","false","2097","Campbell","50","2803","Bryant","48"
"401767319","2025","4","false","227","Rhode Island","28","2341","Long Island University","7"
"401767664","2025","4","false","2083","Bucknell","24","2329","Lehigh","41"
"401773981","2025","4","false","2019","Allen","49","2805","Clark Atlanta","38"
"401762821","2025","4","false","2006","Akron","51","2184","Duquesne","7"
"401773868","2025","4","false","215","Slippery Rock","42","2559","Shippensburg","0"
"401757261","2025","4","false","338","Kennesaw State","28","2032","Arkansas State","21"
"401756899","2025","4","false","2305","Kansas","41","277","West Virginia","10"
"401767635","2025","4","false","2413","Morehead State","45","3077","Kentucky Christian","28"
"401757259","2025","4","false","2229","Florida International","16","48","Delaware","38"
"401767329","2025","4","false","119","Towson","28","2754","Youngstown State","31"
"401773074","2025","4","false","2676","Virginia Union","28","2304","Johnson C Smith","10"
"401773966","2025","4","false","2842","UVA Wise","7","351","Wingate","28"
"401767278","2025","4","false","2698","West Georgia","33","2198","Eastern Kentucky","12"
"401767743","2025","4","false","2771","Merrimack","16","2115","Central Connecticut","14"
"401773268","2025","4","false","3162","Alfred State","56","2085","Buffalo State","20"
"401773353","2025","4","false","2191","East Central (OK)","13","200","Southern Nazarene","17"
"401773426","2025","4","false","2402","Missouri S&T","20","2654","Truman State","49"
"401767603","2025","4","false","2166","Davidson","48","2256","Greensboro College","0"
"401777028","2025","4","false","2741","Wisconsin-Lutheran","20","409","Concordia-Wisconsin","27"
"401767310","2025","4","false","2010","Alabama A&M","49","2323","Lane College","7"
"401767306","2025","4","false","2627","Tarleton State","52","236","Chattanooga","24"
"401767333","2025","4","false","399","UAlbany","13","172","Cornell","10"
"401760372","2025","4","false","2005","Air Force","37","68","Boise State","49"
"401767061","2025","4","false","331","Eastern Washington","52","2710","Western Illinois","31"
"401773390","2025","4","false","199","Southeastern Oklahoma State","14","2927","Southwestern Oklahoma State","35"
"401757265","2025","4","false","2623","Missouri State","42","2630","UT Martin","10"
"401767433","2025","4","false","2504","Prairie View A&M","27","2466","Northwestern State","24"
"401774380","2025","4","false","74","Millikin","22","75","North Park","17"
"401773547","2025","4","false","2395","Midwestern State","31","2201","Eastern New Mexico","56"
"401773628","2025","4","false","137","Missouri Western","26","2118","Central Missouri","34"
"401773929","2025","4","false","2444","Newberry","10","2107","Catawba","21"
"401777254","2025","4","false","2018","Allegheny","26","2644","Thiel","0"
"401777298","2025","4","false","101442","CENTENARY","33","2194","East Texas Baptist University","50"
"401757264","2025","4","false","2393","Middle Tennessee","28","276","Marshall","42"
"401757268","2025","4","false","98","Western Kentucky","31","2440","Nevada","16"
"401767210","2025","4","false","2815","Lindenwood","30","2619","Stony Brook","27"
"401773106","2025","4","false","2695","West Alabama","52","122666","Wilson","14"
"401767218","2025","4","false","2546","Southeast Missouri State","31","79","Southern Illinois","59"
"401777275","2025","4","false","2242","Geneva","55","2614","Saint Vincent","35"
"401776795","2025","4","false","191","Heidelberg","37","129738","Calvin University","40"
"401767416","2025","4","false","2755","Grambling","31","2837","East Texas A&M","28"
"401767121","2025","4","false","2277","Houston Christian","23","2458","Northern Colorado","26"
"401757260","2025","4","false","55","Jacksonville State","45","93","Murray State","10"
"401773363","2025","4","false","2568","Southern Arkansas","12","2264","Harding University","31"
"401766671","2025","4","false","112","Tufts","22","336","Wesleyan University (CT)","20"
"401773537","2025","4","false","2025","Angelo State","56","2703","Western New Mexico","27"
"401773344","2025","4","false","2028","Arkansas-Monticello","18","2271","Henderson State","48"
"401773136","2025","4","false","2822","North Greenville","17","110242","West Florida","25"
"401766667","2025","4","false","266","Beloit","14","255","Knox College","16"
"401752713","2025","4","false","142","Missouri","29","2579","South Carolina","20"
"401761609","2025","4","false","290","Georgia Southern","45","311","Maine","17"
"401761611","2025","4","false","6","South Alabama","20","324","Coastal Carolina","38"
"401774194","2025","4","false","583","Northwestern (MN)","13","2744","Wisconsin-Stout","56"
"401773441","2025","4","false","2911","William Jewell","19","2586","Southwest Baptist","29"
"401777267","2025","4","false","2963","Case Western Reserve","23","2849","Westminster (PA)","28"
"401774309","2025","4","false","2042","Augustana (IL)","7","396","Wheaton","50"
"401756898","2025","4","false","151","East Carolina","13","252","BYU","34"
"401752842","2025","4","false","265","Washington State","24","264","Washington","59"
"401756896","2025","4","false","239","Baylor","24","9","Arizona State","27"
"401757263","2025","4","false","2348","Louisiana Tech","30","2572","Southern Miss","20"
"401752709","2025","4","false","2390","Miami","26","57","Florida","7"
"401773408","2025","4","false","2876","Lincoln (MO)","21","2825","Quincy","24"
"401752843","2025","4","false","84","Indiana","63","356","Illinois","10"
"401752716","2025","4","false","238","Vanderbilt","70","2247","Georgia State","21"
"401754539","2025","4","false","258","Virginia","48","24","Stanford","20"
"401752710","2025","4","false","99","LSU","56","2545","SE Louisiana","10"
"401773376","2025","4","false","319","Oklahoma Baptist","16","2823","Northwestern Oklahoma State","8"
"401761612","2025","4","false","326","Texas State","35","2447","Nicholls","3"
"401767528","2025","4","false","292","UT Rio Grande Valley","61","102626","Texas Wesleyan","13"
"401752723","2025","4","false","251","Texas","55","2534","Sam Houston","0"
"401767072","2025","4","false","2617","Stephen F. Austin","35","13","Cal Poly","17"
"401773872","2025","4","false","2001","Adams State","6","2714","Western Colorado","45"
"401774273","2025","4","false","2588","Southwestern University","35","2639","Texas Lutheran","38"
"401773566","2025","4","false","2658","Texas A&M-Kingsville","30","110243","UT Permian Basin","43"
"401767308","2025","4","false","3101","Utah Tech","20","2460","Northern Iowa","9"
"401767239","2025","4","false","2000","Abilene Christian","45","2046","Austin Peay","31"
"401760377","2025","4","false","328","Utah State","48","2377","McNeese","7"
"401773333","2025","4","false","2888","Ouachita Baptist","23","2033","Arkansas Tech","28"
"401773596","2025","4","false","2122","Central Oklahoma","34","2687","Washburn","28"
"401757267","2025","4","false","2638","UTEP","25","2433","UL Monroe","31"
"401767160","2025","4","false","2692","Weber State","38","2086","Butler","24"
"401774190","2025","4","false","205","Pacific (OR)","13","2743","Wisconsin-Stevens Pt","36"
"401773582","2025","4","false","2120","Central Washington","52","2704","West Texas A&M","6"
"401767132","2025","4","false","16","Sacramento State","45","2110","Central Arkansas","16"
"401760373","2025","4","false","36","Colorado State","16","2636","UTSA","17"
"401767157","2025","4","false","302","UC Davis","50","253","Southern Utah","34"
"401756897","2025","4","false","38","Colorado","37","2751","Wyoming","20"
"401754540","2025","4","false","21","San Diego State","34","25","California","0"
"401752847","2025","4","false","30","USC","45","127","Michigan State","31"
"401760374","2025","4","false","62","Hawai'i","21","278","Fresno State","23"
"401773454","2025","5","false","110254","Davenport","0","124179","Lincoln (CA)","0"
"401762471","2025","5","false","151","East Carolina","28","349","Army","6"
"401754543","2025","5","false","258","Virginia","46","52","Florida State","38"
"401756902","2025","5","false","9","Arizona State","27","2628","TCU","24"
"401752939","2025","5","false","204","Oregon State","24","248","Houston","27"
"401761617","2025","5","false","249","North Texas","36","6","South Alabama","22"
"401774149","2025","5","false","2467","Norwich","0","2383","Merchant Marine Academy","49"
"401773856","2025","5","false","210","Millersville","7","223","West Chester","38"
"401773306","2025","5","false","125974","Hilbert College","8","2085","Buffalo State","15"
"401788914","2025","5","false","2972","Plymouth State","14","110","Mass Maritime","10"
"401777238","2025","5","false","2516","Randolph-Macon","24","2688","Washington and Lee","6"
"401767343","2025","5","false","2529","Sacred Heart","35","2169","Delaware State","31"
"401776996","2025","5","false","2969","Misericordia","41","111674","Reading","10"
"401799146","2025","5","false","2749","Worcester Polytechnic Institute","21","2557","Coast Guard","49"
"401783907","2025","5","false","109","MIT","7","81","Springfield","31"
"401783350","2025","5","false","2221","FDU-Florham","20","471","Stevenson","55"
"401773842","2025","5","false","611","Seton Hill","13","2291","Indiana-Pennsylvania","40"
"401773821","2025","5","false","2205","Edinboro University","21","2134","Clarion","20"
"401773116","2025","5","false","2560","Shorter","29","2804","Chowan","30"
"401752850","2025","5","false","356","Illinois","34","30","USC","32"
"401773137","2025","5","false","2822","North Greenville","44","2695","West Alabama","52"
"401767697","2025","5","false","2115","Central Connecticut","28","159","Dartmouth","35"
"401774047","2025","5","false","3110","SUNY Morrisville","3","2782","Cortland","48"
"401777970","2025","5","false","2022","American International","34","2060","Bentley","41"
"401779328","2025","5","false","2184","Duquesne","44","2441","New Haven","18"
"401767689","2025","5","false","43","Yale","41","172","Cornell","24"
"401756905","2025","5","false","2305","Kansas","34","2132","Cincinnati","37"
"401773289","2025","5","false","40","Curry College","52","110438","Dean College","12"
"401774113","2025","5","false","2528","Rensselaer","31","184","University of Rochester (NY)","3"
"401767406","2025","5","false","2681","Wagner","18","2450","Norfolk State","13"
"401783916","2025","5","false","2967","Framingham State","46","18","Bridgewater State","40"
"401783332","2025","5","false","2015","Albright","35","2725","Widener","9"
"401754546","2025","5","false","154","Wake Forest","29","59","Georgia Tech","30"
"401752849","2025","5","false","135","Minnesota","31","164","Rutgers","28"
"401767734","2025","5","false","2329","Lehigh","44","219","Pennsylvania","30"
"401774093","2025","5","false","3112","Christopher Newport","41","216","Susquehanna","27"
"401754545","2025","5","false","183","Syracuse","3","150","Duke","38"
"401754547","2025","5","false","221","Pittsburgh","27","97","Louisville","34"
"401762825","2025","5","false","195","Ohio","35","189","Bowling Green","20"
"401767614","2025","5","false","2168","Dayton","48","56","Stetson","14"
"401773845","2025","5","false","2974","Shepherd","10","2315","Kutztown University","49"
"401773168","2025","5","false","2886","Northwood (MI)","13","308","Ashland","21"
"401777105","2025","5","false","391","Oberlin","0","2748","Wooster","38"
"401752717","2025","5","false","8","Arkansas","13","87","Notre Dame","56"
"401756906","2025","5","false","2306","Kansas State","34","2116","UCF","20"
"401767721","2025","5","false","171","Columbia","19","46","Georgetown","10"
"401752725","2025","5","false","238","Vanderbilt","55","328","Utah State","35"
"401766674","2025","5","false","33","Colby College","17","2394","Middlebury","27"
"401773067","2025","5","false","2220","Fayetteville State","34","330","Virginia St","14"
"401777088","2025","5","false","2614","Saint Vincent","38","2274","Hiram College","40"
"401774229","2025","5","false","291","Methodist","20","3111","Apprentice School","19"
"401774142","2025","5","false","2871","Kean","7","2843","Western Connecticut St","38"
"401783353","2025","5","false","247","Kings College (PA)","37","127954","Eastern University","39"
"401774100","2025","5","false","175","Ithaca College","13","174","Hobart College","7"
"401774014","2025","5","false","2119","Central State (OH)","42","2323","Lane College","13"
"401773776","2025","5","false","3066","Concordia University St Paul","22","2939","Jamestown College","33"
"401773745","2025","5","false","134","Minnesota Duluth","28","2817","Minnesota State Moorhead","14"
"401773709","2025","5","false","112334","Franklin Pierce","26","2038","Assumption","28"
"401773659","2025","5","false","2148","Concord University","44","2699","West Liberty","21"
"401773433","2025","5","false","131","Wayne State (MI)","14","2825","Quincy","31"
"401767032","2025","5","false","2803","Bryant","24","119","Towson","26"
"401773269","2025","5","false","390","Utica","45","3162","Alfred State","13"
"401783305","2025","5","false","2354","Lycoming","23","2827","Rowan","34"
"401809184","2025","5","false","2373","Maryville College (TN)","34","95","Pikeville","30"
"401767594","2025","5","false","2086","Butler","31","2368","Marist","28"
"401773050","2025","5","false","2075","Bowie State","21","2736","Winston-Salem","28"
"401773650","2025","5","false","2249","Glenville State","28","2128","University Of Charleston (WV)","31"
"401767636","2025","5","false","2506","Presbyterian","41","2413","Morehead State","0"
"401767268","2025","5","false","160","New Hampshire","24","399","UAlbany","6"
"401777781","2025","5","false","2781","Brockport","56","173","Hartwick","0"
"401774302","2025","5","false","2280","Husson","14","452","Endicott College","48"
"401766673","2025","5","false","348","Hamilton","27","340","Bowdoin","13"
"401762826","2025","5","false","2117","Central Michigan","24","2199","Eastern Michigan","13"
"401766676","2025","5","false","121","Bates","7","336","Wesleyan University (CT)","23"
"401777230","2025","5","false","2258","Guilford College","14","297","Hampden-Sydney","69"
"401776978","2025","5","false","111675","Biddeford","37","2702","Western New England","31"
"401773919","2025","5","false","2213","Emory & Henry College","42","129469","Anderson (Sc)","13"
"401777079","2025","5","false","2746","Wittenberg","0","83","Depauw","28"
"401777982","2025","5","false","2830","St. Anselm","31","2487","Pace","29"
"401776986","2025","5","false","2808","Delaware Valley","18","388","Lebanon Valley","21"
"401777587","2025","5","false","2369","Mars Hill","21","2371","Mary Hardin-Baylor","7"
"401773973","2025","5","false","2013","Albany State GA","57","2019","Allen","14"
"401783309","2025","5","false","323","Moravian","14","2970","William Paterson","38"
"401778016","2025","5","false","2776","Salve Regina","28","2951","SUNY Maritime","20"
"401773851","2025","5","false","209","Lock Haven University","21","2188","East Stroudsburg University","24"
"401773802","2025","5","false","2559","Shippensburg","10","2071","Bloomsburg","7"
"401776969","2025","5","false","274","Maine Maritime","22","122774","Keystone","47"
"401773075","2025","5","false","2551","Shaw","7","2676","Virginia Union","59"
"401777769","2025","5","false","2884","Nichols College","41","131108","New England College","21"
"401767673","2025","5","false","2230","Fordham","26","107","Holy Cross","21"
"401766677","2025","5","false","7","Amherst","30","112","Tufts","14"
"401767758","2025","5","false","284","Stonehill","10","2341","Long Island University","3"
"401776789","2025","5","false","2812","Hope College","26","2800","Alma","29"
"401777199","2025","5","false","352","Kenyon","0","2302","John Carroll University","52"
"401773279","2025","5","false","15","Anna Maria College","47","379","UMass Dartmouth","43"
"401766675","2025","5","false","2731","Williams","28","2977","Trinity (CT)","34"
"401777177","2025","5","false","188","Baldwin Wallace","23","426","University of Mount Union","42"
"401777211","2025","5","false","2733","Wilmington (OH)","35","427","Ohio Northern","41"
"401761614","2025","5","false","256","James Madison","35","290","Georgia Southern","10"
"401777184","2025","5","false","424","Capital","21","317","Marietta","24"
"401773670","2025","5","false","2707","West Virginia State","60","2986","Fairmont State","39"
"401773089","2025","5","false","2304","Johnson C Smith","69","124180","Bluefield State","13"
"401773735","2025","5","false","568","Minot State","28","132","Bemidji State","21"
"401774350","2025","5","false","2042","Augustana (IL)","33","74","Millikin","6"
"401777214","2025","5","false","359","Otterbein","13","332","Muskingum University","37"
"401773409","2025","5","false","389","Upper Iowa University","31","2876","Lincoln (MO)","10"
"401767152","2025","5","false","2210","Elon","41","2261","Hampton","20"
"401773047","2025","5","false","2685","Wartburg","17","2141","Coe College","7"
"401777268","2025","5","false","2062","Bethany (WV)","0","2963","Case Western Reserve","55"
"401767510","2025","5","false","2449","North Dakota State","51","233","South Dakota","13"
"401773038","2025","5","false","2964","Central College","35","49","Dubuque","16"
"401773622","2025","5","false","2118","Central Missouri","62","2403","Missouri Southern State","10"
"401773635","2025","5","false","2687","Washburn","24","2438","Nebraska-Kearney","31"
"401773769","2025","5","false","2043","Augustana University (SD)","34","2851","Winona State","26"
"401773795","2025","5","false","2844","Wayne State (NE)","51","2587","Southwest Minnesota State","6"
"401773962","2025","5","false","2842","UVA Wise","35","2839","Greeneville","21"
"401778009","2025","5","false","2108","Catholic","6","2532","Salisbury","55"
"401776776","2025","5","false","354","Olivet College","27","2003","Adrian","59"
"401778006","2025","5","true","131109","Roanoke College","38","417","Gallaudet","14"
"401773157","2025","5","false","63","Buena Vista","0","2564","Simpson College (IA)","41"
"401773606","2025","5","false","2214","Emporia State University","29","90","Pittsburg St","42"
"401773187","2025","5","false","6845","Nebraska Wesleyan","44","67","Luther","7"
"401776768","2025","5","false","2152","Concordia Moorhead","14","2968","Gustavus Adolphus","13"
"401777029","2025","5","false","409","Concordia-Wisconsin","28","2283","Benedictine University","20"
"401777035","2025","5","false","2524","Rockford","7","6353","Lakeland","35"
"401777070","2025","5","false","89","Wabash College","36","2171","Denison University","0"
"401776745","2025","5","false","2101","Carleton","35","133","St. Olaf","28"
"401774359","2025","5","false","396","Wheaton","61","32","Carroll University (WI)","13"
"401776762","2025","5","false","162","Hamline University","12","2802","Bethel (MN)","62"
"401774368","2025","5","false","2106","Carthage","10","306","Illinois Wesleyan","34"
"401776736","2025","5","false","375","St. Scholastica","37","2359","Macalester","34"
"401767249","2025","5","false","2046","Austin Peay","42","3101","Utah Tech","10"
"401786476","2025","5","false","2909","Westfield State","31","402","Worcester St","22"
"401777255","2025","5","false","2018","Allegheny","16","2242","Geneva","28"
"401777220","2025","5","false","2047","Averett","14","2079","Bridgewater (VA)","41"
"401767352","2025","5","false","257","Richmond","13","47","Howard","12"
"401776728","2025","5","false","2600","Saint John's (MN)","63","124","Augsburg","0"
"401774274","2025","5","false","2639","Texas Lutheran","21","2194","East Texas Baptist University","24"
"401773298","2025","5","false","374","St John Fisher University","21","365","Alfred University","7"
"401773244","2025","5","false","2273","Hillsdale","44","2316","Kentucky Wesleyan","0"
"401777021","2025","5","false","2741","Wisconsin-Lutheran","28","2151","Concordia University Chicago","6"
"401774385","2025","5","false","143","Washington University (St. Louis)","14","3071","North Central College","44"
"401773399","2025","5","false","2654","Truman State","20","2292","Indianapolis","30"
"401773597","2025","5","false","138","Northwest Missouri St","38","2122","Central Oklahoma","16"
"401773762","2025","5","false","559","University of Mary","14","425","Northern State","55"
"401767361","2025","5","false","50","Florida A&M","14","2011","Alabama State","42"
"401773261","2025","5","false","241","McMurry","31","2758","Howard Payne","24"
"401774084","2025","5","false","2442","College Of New Jersey","35","246","Juniata College","0"
"401773989","2025","5","false","2805","Clark Atlanta","24","490","Benedict College","59"
"401767082","2025","5","false","2458","Northern Colorado","18","304","Idaho State","26"
"401773416","2025","5","false","2816","McKendree","40","2911","William Jewell","24"
"401767311","2025","5","false","2065","Bethune-Cookman","41","2010","Alabama A&M","34"
"401773784","2025","5","false","2364","Minnesota State Mankato","38","2894","Sioux Falls","12"
"401767545","2025","5","false","2571","South Dakota State","51","2385","Mercyhurst","7"
"401777621","2025","5","false","2644","Thiel","14","2845","Waynesburg","45"
"401774000","2025","5","false","2657","Tuskegee","20","2232","Fort Valley State","27"
"401773907","2025","5","false","2714","Western Colorado","30","2424","New Mexico Highlands","3"
"401767398","2025","5","true","2415","Morgan State","24","2396","Miles College","17"
"401773888","2025","5","false","2123","Chadron St","34","11","Colorado Mesa","27"
"401761616","2025","5","false","2433","UL Monroe","28","2032","Arkansas State","16"
"401773882","2025","5","false","2069","Black Hills State","27","2146","Colorado School Of Mines","36"
"401752853","2025","5","false","2294","Iowa","15","84","Indiana","20"
"401767323","2025","5","false","2619","Stony Brook","35","2771","Merrimack","10"
"401754544","2025","5","false","103","Boston College","24","25","California","28"
"401752719","2025","5","false","145","Ole Miss","24","99","LSU","19"
"401760380","2025","5","false","2459","Northern Illinois","3","21","San Diego State","6"
"401752724","2025","5","false","245","Texas A&M","16","2","Auburn","10"
"401752852","2025","5","false","264","Washington","6","194","Ohio State","24"
"401762827","2025","5","false","193","Miami (OH)","38","2815","Lindenwood","0"
"401752851","2025","5","false","77","Northwestern","17","26","UCLA","14"
"401769866","2025","5","false","322","Lafayette","28","163","Princeton","38"
"401767566","2025","5","false","2535","Samford","13","231","Furman","31"
"401756907","2025","5","false","197","Oklahoma State","27","239","Baylor","45"
"401757170","2025","5","false","2084","Buffalo","17","41","UConn","20"
"401762473","2025","5","false","2426","Navy","21","242","Rice","13"
"401767337","2025","5","false","222","Villanova","31","2729","William & Mary","24"
"401767142","2025","5","false","2097","Campbell","35","2717","Western Carolina","42"
"401756908","2025","5","false","277","West Virginia","14","254","Utah","48"
"401762824","2025","5","false","2649","Toledo","45","2006","Akron","3"
"401767191","2025","5","false","311","Maine","37","2448","North Carolina A&T","30"
"401777969","2025","5","false","2682","Walsh","14","2477","Ohio Dominican","7"
"401757274","2025","5","false","167","New Mexico","38","166","New Mexico State","20"
"401773060","2025","5","false","2940","Livingstone","31","2339","Lincoln (PA)","7"
"401767062","2025","5","false","147","Montana State","57","331","Eastern Washington","3"
"401773391","2025","5","false","200","Southern Nazarene","21","199","Southeastern Oklahoma State","27"
"401789237","2025","5","false","2107","Catawba","63","2583","Southern Connecticut State","23"
"401773132","2025","5","false","2673","Valdosta State","0","2882","UNC Pembroke","31"
"401762474","2025","5","false","202","Tulsa","14","2655","Tulane","31"
"401767174","2025","5","false","2710","Western Illinois","23","2197","Eastern Illinois","31"
"401773511","2025","5","false","437","Lake Erie","14","2838","Tiffin","27"
"401767645","2025","5","false","301","San Diego","30","2900","St. Thomas (MN)","27"
"401760378","2025","5","false","2005","Air Force","35","62","Hawai'i","44"
"401773901","2025","5","false","613","South Dakota Mines","22","2237","Fort Lewis","21"
"401790373","2025","5","false","2570","CSU Pueblo","55","2001","Adams State","7"
"401752720","2025","5","false","344","Mississippi State","34","2633","Tennessee","41"
"401767226","2025","5","false","2634","Tennessee State","8","2635","Tennessee Tech","35"
"401774117","2025","5","false","237","Union (NY)","44","2779","St. Lawrence","12"
"401767427","2025","5","false","2400","Mississippi Valley State","20","2640","Texas Southern","23"
"401767115","2025","5","false","2502","Portland State","17","2464","Northern Arizona","31"
"401783312","2025","5","false","2818","Montclair State","21","398","Wilkes","24"
"401777303","2025","5","false","101161","LYONCOLL","38","433","Westminster College (MO)","24"
"401767558","2025","5","false","2193","East Tennessee State","34","2382","Mercer","38"
"401773951","2025","5","false","2331","Lenoir-Rhyne","17","2444","Newberry","20"
"401774018","2025","5","false","2542","Savannah St","20","2310","Kentucky State","37"
"401767163","2025","5","false","2127","Charleston Southern","31","2569","South Carolina State","24"
"401757270","2025","5","false","338","Kennesaw State","24","2393","Middle Tennessee","16"
"401773938","2025","5","false","351","Wingate","14","2105","Carson-Newman College","21"
"401767552","2025","5","false","108","Harvard","41","225","Brown","7"
"401773812","2025","5","false","215","Slippery Rock","38","2858","PennWest California","45"
"401773930","2025","5","false","2107","Catawba","","2336","Limestone",""
"401774006","2025","5","false","2206","Edward Waters","27","60","Morehouse College","24"
"401774123","2025","5","false","2790","Albion","35","2651","Trine University","38"
"401767279","2025","5","false","2198","Eastern Kentucky","27","2447","Nicholls","7"
"401757271","2025","5","false","295","Old Dominion","21","2335","Liberty","7"
"401767665","2025","5","false","2083","Bucknell","30","2598","St. Francis (PA)","23"
"401767530","2025","5","false","236","Chattanooga","10","2643","The Citadel","28"
"401762828","2025","5","false","2711","Western Michigan","47","227","Rhode Island","14"
"401774389","2025","5","false","75","North Park","34","72","Elmhurst","6"
"401773235","2025","5","false","2224","Findlay","37","2646","Thomas More College","7"
"401773427","2025","5","false","2586","Southwest Baptist","40","2402","Missouri S&T","42"
"401773124","2025","5","false","2170","Delta State","52","101784","ERSKINE","0"
"401773383","2025","5","false","2927","Southwestern Oklahoma State","38","319","Oklahoma Baptist","24"
"401777281","2025","5","false","146","Grove City College","14","2686","Washington & Jefferson","34"
"401777012","2025","5","false","101","Eureka College","0","2044","Aurora","66"
"401776796","2025","5","false","129738","Calvin University","24","126","Kalamazoo","16"
"401774452","2025","5","false","418","Hendrix College","47","2519","Rhodes College","28"
"401767417","2025","5","true","2504","Prairie View A&M","28","2755","Grambling","13"
"401762472","2025","5","false","2226","Florida Atlantic","26","235","Memphis","55"
"401756904","2025","5","false","66","Iowa State","39","12","Arizona","14"
"401767483","2025","5","false","2320","Lamar","35","2110","Central Arkansas","32"
"401767240","2025","5","false","2916","Incarnate Word","38","2000","Abilene Christian","7"
"401773679","2025","5","false","455","West Virginia Wesleyan","9","341","Frostburg State","55"
"401767370","2025","5","true","2016","Alcorn State","20","2029","Arkansas-Pine Bluff","24"
"401767422","2025","5","false","2582","Southern","13","2296","Jackson State","38"
"401767412","2025","5","false","2837","East Texas A&M","42","2428","North Carolina Central","50"
"401773354","2025","5","false","2823","Northwestern Oklahoma State","20","2191","East Central (OK)","41"
"401773334","2025","5","false","2033","Arkansas Tech","24","2028","Arkansas-Monticello","31"
"401767219","2025","5","false","2630","UT Martin","34","2546","Southeast Missouri State","10"
"401773557","2025","5","false","110243","UT Permian Basin","37","2395","Midwestern State","15"
"401773371","2025","5","false","2271","Henderson State","21","2568","Southern Arkansas","24"
"401767523","2025","5","false","2545","SE Louisiana","45","292","UT Rio Grande Valley","31"
"401757269","2025","5","false","2572","Southern Miss","42","55","Jacksonville State","25"
"401757273","2025","5","false","2623","Missouri State","22","98","Western Kentucky","27"
"401754548","2025","5","false","152","NC State","21","259","Virginia Tech","23"
"401754549","2025","5","false","24","Stanford","30","23","San José State","29"
"401752950","2025","5","false","36","Colorado State","3","265","Washington State","20"
"401752718","2025","5","false","61","Georgia","21","333","Alabama","24"
"401752721","2025","5","false","142","Missouri","42","113","Massachusetts","6"
"401752854","2025","5","false","213","Penn State","24","2483","Oregon","30"
"401760379","2025","5","false","68","Boise State","47","2026","App State","14"
"401752722","2025","5","false","2579","South Carolina","35","96","Kentucky","13"
"401773583","2025","5","false","2704","West Texas A&M","35","2848","Western Oregon","7"
"401767491","2025","5","false","2617","Stephen F. Austin","34","2377","McNeese","17"
"401773364","2025","5","false","2264","Harding University","24","2888","Ouachita Baptist","7"
"401773616","2025","5","false","2231","Fort Hays State","31","137","Missouri Western","23"
"401773567","2025","5","false","2834","Sul Ross State","3","2658","Texas A&M-Kingsville","52"
"401761615","2025","5","false","309","Louisiana","54","276","Marshall","51"
"401773587","2025","5","false","2703","Western New Mexico","31","2120","Central Washington","91"
"401767293","2025","5","false","253","Southern Utah","24","2698","West Georgia","27"
"401767073","2025","5","false","16","Sacramento State","24","13","Cal Poly","32"
"401757272","2025","5","false","2638","UTEP","11","2348","Louisiana Tech","30"
"401767158","2025","5","false","302","UC Davis","34","2692","Weber State","12"
"401774267","2025","5","false","411","Chapman","56","2318","La Verne","6"
"401774261","2025","5","false","2923","Pomona Pitzer","25","17","Claremont-Mudd-Scripps College","17"
"401774253","2025","5","false","29","Redlands","10","2094","California Lutheran University","27"
"401767091","2025","5","false","149","Montana","41","70","Idaho","30"
"401756903","2025","5","false","38","Colorado","21","252","BYU","24"
"401757275","2025","6","false","166","New Mexico State","37","2534","Sam Houston","10"
"401774075","2025","6","false","118","Johns Hopkins University","55","2175","Dickinson (PA)","10"
"401762475","2025","6","false","58","South Florida","54","2429","Charlotte","26"
"401757276","2025","6","false","48","Delaware","24","98","Western Kentucky","27"
"401767320","2025","6","false","225","Brown","28","227","Rhode Island","21"
"401786377","2025","6","false","379","UMass Dartmouth","31","110","Mass Maritime","7"
"401767681","2025","6","false","163","Princeton","17","171","Columbia","10"
"401760384","2025","6","false","23","San José State","35","167","New Mexico","28"
"401756909","2025","6","false","252","BYU","38","277","West Virginia","24"
"401760382","2025","6","false","21","San Diego State","45","36","Colorado State","24"
"401774247","2025","6","false","2056","Belhaven","23","2913","Brevard College","20"
"401756911","2025","6","false","239","Baylor","35","2306","Kansas State","34"
"401773280","2025","6","false","2909","Westfield State","14","15","Anna Maria College","41"
"401762476","2025","6","false","5","UAB","13","349","Army","31"
"401773299","2025","6","false","365","Alfred University","45","173","Hartwick","24"
"401767735","2025","6","false","2329","Lehigh","31","43","Yale","13"
"401773290","2025","6","false","110438","Dean College","0","2972","Plymouth State","34"
"401754552","2025","6","false","153","North Carolina","10","228","Clemson","38"
"401773813","2025","6","false","2858","PennWest California","7","611","Seton Hill","16"
"401773270","2025","6","false","3162","Alfred State","41","3110","SUNY Morrisville","21"
"401773836","2025","6","false","367","Gannon","38","215","Slippery Rock","35"
"401762830","2025","6","false","2050","Ball State","20","195","Ohio","14"
"401752856","2025","6","false","130","Michigan","24","275","Wisconsin","10"
"401752861","2025","6","false","2509","Purdue","27","356","Illinois","43"
"401767628","2025","6","false","2368","Marist","19","301","San Diego","14"
"401752728","2025","6","false","61","Georgia","35","96","Kentucky","14"
"401767751","2025","6","false","2184","Duquesne","34","284","Stonehill","14"
"401760381","2025","6","false","2426","Navy","34","2005","Air Force","31"
"401767660","2025","6","false","2115","Central Connecticut","42","2529","Sacred Heart","35"
"401767666","2025","6","false","2083","Bucknell","33","257","Richmond","28"
"401777080","2025","6","false","83","Depauw","75","391","Oberlin","0"
"401778010","2025","6","false","398","Wilkes","15","2108","Catholic","13"
"401774039","2025","6","false","374","St John Fisher University","31","2781","Brockport","24"
"401774106","2025","6","false","184","University of Rochester (NY)","6","175","Ithaca College","10"
"401773846","2025","6","false","2315","Kutztown University","49","2559","Shippensburg","0"
"401778017","2025","6","false","81","Springfield","28","2776","Salve Regina","14"
"401777967","2025","6","false","2477","Ohio Dominican","3","2886","Northwood (MI)","28"
"401783362","2025","6","false","2383","Merchant Marine Academy","6","109","MIT","3"
"401777005","2025","6","false","114","Fitchburg State","12","2967","Framingham State","22"
"401776979","2025","6","false","452","Endicott College","53","111675","Biddeford","14"
"401754550","2025","6","false","221","Pittsburgh","48","103","Boston College","7"
"401756912","2025","6","false","2132","Cincinnati","38","66","Iowa State","30"
"401767674","2025","6","false","322","Lafayette","24","2230","Fordham","10"
"401773939","2025","6","false","2213","Emory & Henry College","19","2105","Carson-Newman College","13"
"401773410","2025","6","false","2876","Lincoln (MO)","21","2586","Southwest Baptist","50"
"401776970","2025","6","false","274","Maine Maritime","20","2884","Nichols College","49"
"401773076","2025","6","false","2736","Winston-Salem","34","2676","Virginia Union","44"
"401767259","2025","6","false","2405","Monmouth","49","2169","Delaware State","38"
"401767399","2025","6","false","46","Georgetown","27","2415","Morgan State","24"
"401762479","2025","6","false","218","Temple","27","2636","UTSA","21"
"401767615","2025","6","false","2413","Morehead State","28","2168","Dayton","35"
"401777998","2025","6","false","2422","Muhlenberg","39","2667","Ursinus","36"
"401777985","2025","6","false","126086","Post University","23","2830","St. Anselm","30"
"401777292","2025","6","false","2849","Westminster (PA)","52","2062","Bethany (WV)","0"
"401777269","2025","6","false","2614","Saint Vincent","14","2963","Case Western Reserve","42"
"401777256","2025","6","false","2845","Waynesburg","11","2018","Allegheny","21"
"401799147","2025","6","false","2951","SUNY Maritime","26","2557","Coast Guard","28"
"401776729","2025","6","false","124","Augsburg","44","133","St. Olaf","13"
"401777231","2025","6","false","297","Hampden-Sydney","34","2688","Washington and Lee","42"
"401773051","2025","6","false","2075","Bowie State","10","2220","Fayetteville State","38"
"401767233","2025","6","false","2635","Tennessee Tech","66","2710","Western Illinois","20"
"401777983","2025","6","false","2441","New Haven","28","2487","Pace","14"
"401767698","2025","6","false","219","Pennsylvania","36","159","Dartmouth","24"
"401767604","2025","6","false","56","Stetson","35","2166","Davidson","32"
"401773145","2025","6","false","366","Ferrum","28","2560","Shorter","25"
"401773307","2025","6","false","2779","St. Lawrence","45","125974","Hilbert College","14"
"401773473","2025","6","false","131","Wayne State (MI)","24","2392","Michigan Tech","48"
"401773660","2025","6","false","341","Frostburg State","33","2148","Concord University","7"
"401773693","2025","6","false","2699","West Liberty","47","2707","West Virginia State","41"
"401773718","2025","6","false","112334","Franklin Pierce","30","2022","American International","20"
"401773746","2025","6","false","2817","Minnesota State Moorhead","40","568","Minot State","37"
"401773777","2025","6","false","3066","Concordia University St Paul","19","2364","Minnesota State Mankato","47"
"401774211","2025","6","false","2896","Southern Virginia","35","2256","Greensboro College","22"
"401767757","2025","6","false","2385","Mercyhurst","22","2341","Long Island University","13"
"401773671","2025","6","false","2249","Glenville State","36","2986","Fairmont State","24"
"401766684","2025","6","false","336","Wesleyan University (CT)","56","348","Hamilton","14"
"401773386","2025","6","false","2888","Ouachita Baptist","35","319","Oklahoma Baptist","13"
"401774322","2025","6","false","2532","Salisbury","55","2442","College Of New Jersey","10"
"401774048","2025","6","false","2782","Cortland","28","390","Utica","13"
"401774085","2025","6","false","246","Juniata College","15","2843","Western Connecticut St","63"
"401774288","2025","6","false","2827","Rowan","41","3112","Christopher Newport","49"
"401774101","2025","6","false","174","Hobart College","10","2528","Rensselaer","36"
"401774346","2025","6","false","2121","Centre College Kentucky","37","2398","Millsaps","36"
"401777244","2025","6","false","2828","Shenandoah","24","2079","Bridgewater (VA)","21"
"401778007","2025","6","false","417","Gallaudet","0","2258","Guilford College","55"
"401773095","2025","6","false","2207","Elizabeth City State","39","2940","Livingstone","27"
"401773101","2025","6","false","124180","Bluefield State","35","2551","Shaw","33"
"401774303","2025","6","false","2702","Western New England","35","2280","Husson","10"
"401774124","2025","6","false","2651","Trine University","35","2812","Hope College","55"
"401774133","2025","6","false","2970","William Paterson","32","293","Castleton","7"
"401774315","2025","6","false","2871","Kean","28","2818","Montclair State","38"
"401773236","2025","6","false","2682","Walsh","10","2224","Findlay","31"
"401767763","2025","6","false","2771","Merrimack","24","2523","Robert Morris","7"
"401773117","2025","6","false","2804","Chowan","16","2822","North Greenville","31"
"401783306","2025","6","false","2354","Lycoming","17","323","Moravian","0"
"401773796","2025","6","false","134","Minnesota Duluth","63","2587","Southwest Minnesota State","28"
"401774150","2025","6","false","2467","Norwich","7","2749","Worcester Polytechnic Institute","14"
"401777089","2025","6","false","2274","Hiram College","13","2686","Washington & Jefferson","70"
"401767269","2025","6","false","160","New Hampshire","7","222","Villanova","37"
"401774221","2025","6","false","548","Lagrange College","41","286","North Carolina Wesleyan","24"
"401774065","2025","6","false","2248","Gettysburg","28","2234","Franklin & Marshall","35"
"401776777","2025","6","false","2003","Adrian","28","2790","Albion","7"
"401774338","2025","6","false","2757","Berry College","54","2519","Rhodes College","14"
"401767621","2025","6","false","2181","Drake","41","2674","Valparaiso","0"
"401754556","2025","6","false","259","Virginia Tech","23","154","Wake Forest","30"
"401774001","2025","6","false","2232","Fort Valley State","14","2119","Central State (OH)","18"
"401766683","2025","6","false","340","Bowdoin","17","2731","Williams","35"
"401777207","2025","6","false","426","University of Mount Union","62","359","Otterbein","7"
"401767531","2025","6","false","2678","VMI","14","236","Chattanooga","21"
"401783917","2025","6","false","402","Worcester St","19","18","Bridgewater State","10"
"401767164","2025","6","false","2241","Gardner-Webb","30","2127","Charleston Southern","27"
"401777185","2025","6","false","191","Heidelberg","30","424","Capital","27"
"401767592","2025","6","false","2747","Wofford","21","2717","Western Carolina","23"
"401766685","2025","6","false","2977","Trinity (CT)","41","112","Tufts","14"
"401773125","2025","6","false","101784","ERSKINE","7","2882","UNC Pembroke","44"
"401774400","2025","6","false","2074","Bluffton","39","2362","Manchester","23"
"401767436","2025","6","false","2569","South Carolina State","49","2542","Savannah St","6"
"401774431","2025","6","false","2419","Mount St. Joseph","41","2023","Anderson (IN)","21"
"401777030","2025","6","false","2832","St. Norbert","17","409","Concordia-Wisconsin","24"
"401776790","2025","6","false","2800","Alma","55","129738","Calvin University","6"
"401774369","2025","6","false","72","Elmhurst","7","2106","Carthage","31"
"401776737","2025","6","false","2152","Concordia Moorhead","49","375","St. Scholastica","21"
"401773857","2025","6","false","210","Millersville","23","2974","Shepherd","38"
"401773873","2025","6","false","2001","Adams State","2","2123","Chadron St","45"
"401774360","2025","6","false","74","Millikin","17","32","Carroll University (WI)","28"
"401773829","2025","6","false","2291","Indiana-Pennsylvania","35","2205","Edinboro University","12"
"401777588","2025","6","false","2194","East Texas Baptist University","28","2371","Mary Hardin-Baylor","42"
"401776804","2025","6","false","126","Kalamazoo","44","354","Olivet College","47"
"401777013","2025","6","false","6353","Lakeland","28","2044","Aurora","49"
"401773894","2025","6","false","2146","Colorado School Of Mines","24","11","Colorado Mesa","28"
"401773803","2025","6","false","2071","Bloomsburg","17","209","Lock Haven University","38"
"401774351","2025","6","false","75","North Park","21","2042","Augustana (IL)","24"
"401774169","2025","6","false","2745","Wisconsin-Whitewater","20","2740","Wisconsin-Lacrosse","23"
"401774230","2025","6","false","2938","Huntingdon College (AL)","26","291","Methodist","0"
"401774238","2025","6","false","2553","Sewanee","7","2373","Maryville College (TN)","40"
"401774416","2025","6","false","86","Rose-Hulman","10","2262","Hanover College","44"
"401773039","2025","6","false","263","Loras College","27","2964","Central College","45"
"401773728","2025","6","false","2583","Southern Connecticut State","21","2060","Bentley","34"
"401773068","2025","6","false","330","Virginia St","20","2304","Johnson C Smith","31"
"401766681","2025","6","false","65","Grinnell","9","2919","Monmouth (IL)","49"
"401774184","2025","6","false","272","Wisconsin-Platteville","52","2743","Wisconsin-Stevens Pt","0"
"401773107","2025","6","false","122666","Wilson","0","2170","Delta State","45"
"401773158","2025","6","false","2141","Coe College","37","63","Buena Vista","10"
"401778031","2025","6","false","2257","Greenville","38","433","Westminster College (MO)","24"
"401773188","2025","6","false","67","Luther","3","2685","Wartburg","36"
"401766687","2025","6","false","2394","Middlebury","17","7","Amherst","27"
"401767211","2025","6","false","2815","Lindenwood","30","2630","UT Martin","14"
"401766682","2025","6","false","2286","Illinois College","59","268","Lawrence University","0"
"401766680","2025","6","false","255","Knox College","0","80","Chicago","52"
"401777071","2025","6","false","2171","Denison University","35","2980","Ohio Wesleyan","20"
"401773617","2025","6","false","2403","Missouri Southern State","21","2231","Fort Hays State","28"
"401777106","2025","6","false","2748","Wooster","14","2746","Wittenberg","12"
"401777553","2025","6","false","223","West Chester","14","2188","East Stroudsburg University","45"
"401777261","2025","6","false","2102","Carnegie Mellon","56","2700","McDaniel College","7"
"401773251","2025","6","false","2810","Hardin-Simmons","69","2758","Howard Payne","14"
"401773428","2025","6","false","2402","Missouri S&T","26","389","Upper Iowa University","36"
"401777770","2025","6","true","131108","New England College","7","40","Curry College","62"
"401783818","2025","6","false","386","Trinity University TX","65","2588","Southwestern University","14"
"401777202","2025","6","false","427","Ohio Northern","42","317","Marietta","9"
"401777022","2025","6","false","2151","Concordia University Chicago","49","101","Eureka College","20"
"401777042","2025","6","false","2283","Benedictine University","42","2524","Rockford","9"
"401776752","2025","6","false","2802","Bethel (MN)","17","2600","Saint John's (MN)","10"
"401777557","2025","6","true","2939","Jamestown College","22","559","University of Mary","44"
"401773736","2025","6","false","132","Bemidji State","24","425","Northern State","21"
"401773485","2025","6","false","127991","Roosevelt","0","2222","Ferris State","66"
"401773982","2025","6","false","490","Benedict College","38","2019","Allen","28"
"401777239","2025","6","true","131109","Roanoke College","17","2516","Randolph-Macon","35"
"401773530","2025","6","false","196","Northeastern State","24","110242","West Florida","31"
"401773920","2025","6","false","129469","Anderson (Sc)","50","2842","UVA Wise","7"
"401774177","2025","6","false","2723","Wisconsin-River Falls","17","271","Wisconsin-Oshkosh","21"
"401754557","2025","6","false","152","NC State","56","2097","Campbell","10"
"401767033","2025","6","false","2803","Bryant","14","311","Maine","34"
"401766678","2025","6","false","266","Beloit","19","2155","Cornell College (IA)","26"
"401773902","2025","6","false","2237","Fort Lewis","10","2714","Western Colorado","49"
"401776769","2025","6","false","2968","Gustavus Adolphus","28","2101","Carleton","45"
"401773480","2025","6","false","129","Saginaw Valley State","47","128","Northern Michigan","25"
"401773770","2025","6","false","2894","Sioux Falls","28","2043","Augustana University (SD)","29"
"401773799","2025","6","false","2851","Winona State","21","2844","Wayne State (NE)","14"
"401767727","2025","6","false","107","Holy Cross","24","108","Harvard","59"
"401767559","2025","6","false","231","Furman","31","2193","East Tennessee State","22"
"401767690","2025","6","false","172","Cornell","21","2142","Colgate","41"
"401767595","2025","6","false","2900","St. Thomas (MN)","14","2086","Butler","21"
"401774161","2025","6","false","2738","Wisconsin-Eau Claire","17","2744","Wisconsin-Stout","42"
"401762832","2025","6","false","113","Massachusetts","3","2711","Western Michigan","21"
"401777130","2025","6","false","2302","John Carroll University","31","89","Wabash College","28"
"401767175","2025","6","false","2197","Eastern Illinois","31","2634","Tennessee State","7"
"401773908","2025","6","false","2424","New Mexico Highlands","13","2570","CSU Pueblo","59"
"401773974","2025","6","false","2323","Lane College","6","2013","Albany State GA","47"
"401773175","2025","6","false","49","Dubuque","21","6845","Nebraska Wesleyan","10"
"401756910","2025","6","false","12","Arizona","41","197","Oklahoma State","13"
"401773636","2025","6","false","90","Pittsburg St","23","2438","Nebraska-Kearney","6"
"401773377","2025","6","false","2823","Northwestern Oklahoma State","16","2568","Southern Arkansas","42"
"401773345","2025","6","false","2028","Arkansas-Monticello","23","200","Southern Nazarene","9"
"401773417","2025","6","false","2825","Quincy","21","2816","McKendree","24"
"401767241","2025","6","false","2000","Abilene Christian","52","2453","North Alabama","23"
"401773355","2025","6","false","2264","Harding University","65","2191","East Central (OK)","0"
"401773372","2025","6","false","2927","Southwestern Oklahoma State","32","2271","Henderson State","35"
"401767496","2025","6","false","233","South Dakota","49","93","Murray State","24"
"401774019","2025","6","false","2396","Miles College","17","2310","Kentucky State","38"
"401767362","2025","6","false","2011","Alabama State","52","2065","Bethune-Cookman","35"
"401752940","2025","6","false","2026","App State","27","204","Oregon State","23"
"401752855","2025","6","false","26","UCLA","42","213","Penn State","37"
"401752726","2025","6","false","333","Alabama","30","238","Vanderbilt","14"
"401762831","2025","6","false","2084","Buffalo","31","2199","Eastern Michigan","30"
"401754555","2025","6","false","2567","SMU","31","183","Syracuse","18"
"401757165","2025","6","false","87","Notre Dame","28","68","Boise State","7"
"401757171","2025","6","false","41","UConn","51","2229","Florida International","10"
"401767273","2025","6","false","2729","William & Mary","38","2448","North Carolina A&T","34"
"401752727","2025","6","false","57","Florida","29","251","Texas","21"
"401773702","2025","6","false","112335","Wheeling","40","455","West Virginia Wesleyan","14"
"401754554","2025","6","false","97","Louisville","27","258","Virginia","30"
"401762873","2025","6","false","2459","Northern Illinois","14","193","Miami (OH)","25"
"401762829","2025","6","false","2006","Akron","28","2117","Central Michigan","22"
"401752858","2025","6","false","77","Northwestern","42","2433","UL Monroe","7"
"401752857","2025","6","false","120","Maryland","20","264","Washington","24"
"401767324","2025","6","false","399","UAlbany","12","2619","Stony Brook","47"
"401761618","2025","6","false","2247","Georgia State","7","256","James Madison","14"
"401752729","2025","6","false","201","Oklahoma","44","2309","Kent State","0"
"401767371","2025","6","false","2016","Alcorn State","12","2504","Prairie View A&M","13"
"401767250","2025","6","false","2046","Austin Peay","44","2698","West Georgia","30"
"401774118","2025","6","false","2085","Buffalo State","6","237","Union (NY)","28"
"401761620","2025","6","false","2032","Arkansas State","31","326","Texas State","30"
"401777162","2025","6","false","2486","Pacific Lutheran","31","2930","Willamette","28"
"401777169","2025","6","false","2333","Lewis & Clark College","58","2508","Puget Sound","21"
"401766679","2025","6","false","2891","Ripon","0","262","Lake Forest College","38"
"401767183","2025","6","false","2261","Hampton","41","2450","Norfolk State","34"
"401767153","2025","6","false","119","Towson","3","2210","Elon","17"
"401773455","2025","6","false","125","Grand Valley State University","37","110254","Davenport","14"
"401767484","2025","6","false","2320","Lamar","24","2447","Nicholls","17"
"401752860","2025","6","false","158","Nebraska","38","127","Michigan State","27"
"401777154","2025","6","false","205","Pacific (OR)","14","2721","Whitworth","28"
"401773245","2025","6","false","2838","Tiffin","28","2273","Hillsdale","21"
"401773521","2025","6","false","2673","Valdosta State","25","2331","Lenoir-Rhyne","32"
"401767575","2025","6","false","2382","Mercer","45","2535","Samford","21"
"401773588","2025","6","false","2848","Western Oregon","41","2703","Western New Mexico","20"
"401777140","2025","6","false","415","NEWBERG","17","203","Linfield College","35"
"401769869","2025","6","false","2110","Central Arkansas","23","3101","Utah Tech","17"
"401773169","2025","6","false","2316","Kentucky Wesleyan","0","308","Ashland","55"
"401767503","2025","6","false","2460","Northern Iowa","7","155","North Dakota","35"
"401767108","2025","6","false","2464","Northern Arizona","10","147","Montana State","34"
"401767312","2025","6","true","2010","Alabama A&M","24","2296","Jackson State","57"
"401774409","2025","6","false","332","Muskingum University","33","2233","Franklin","34"
"401767546","2025","6","false","2754","Youngstown State","30","2571","South Dakota State","35"
"401761619","2025","6","false","295","Old Dominion","47","324","Coastal Carolina","7"
"401773931","2025","6","false","2107","Catawba","42","2369","Mars Hill","28"
"401773400","2025","6","false","2292","Indianapolis","63","2911","William Jewell","17"
"401767477","2025","6","false","2916","Incarnate Word","17","2617","Stephen F. Austin","31"
"401773505","2025","6","false","2646","Thomas More College","15","437","Lake Erie","21"
"401773558","2025","6","false","2395","Midwestern State","31","2658","Texas A&M-Kingsville","24"
"401773538","2025","6","false","2025","Angelo State","14","110243","UT Permian Basin","28"
"401767492","2025","6","false","2377","McNeese","0","2545","SE Louisiana","38"
"401773526","2025","6","false","2695","West Alabama","0","124179","Lincoln (CA)","0"
"401773957","2025","6","false","2444","Newberry","43","351","Wingate","42"
"401774007","2025","6","true","60","Morehouse College","27","2657","Tuskegee","20"
"401773607","2025","6","false","137","Missouri Western","14","2214","Emporia State University","50"
"401773335","2025","6","false","2033","Arkansas Tech","14","199","Southeastern Oklahoma State","10"
"401762477","2025","6","false","242","Rice","21","2226","Florida Atlantic","27"
"401767063","2025","6","false","331","Eastern Washington","35","2502","Portland State","27"
"401766686","2025","6","false","121","Bates","6","33","Colby College","13"
"401760385","2025","6","false","2751","Wyoming","17","2439","UNLV","31"
"401756913","2025","6","false","248","Houston","11","2641","Texas Tech","35"
"401788917","2025","6","false","2318","La Verne","12","2923","Pomona Pitzer","34"
"401777305","2025","6","false","2399","Minnesota Morris","35","446","Martin Luther","28"
"401774386","2025","6","false","3071","North Central College","35","396","Wheaton","0"
"401774375","2025","6","false","143","Washington University (St. Louis)","42","306","Illinois Wesleyan","40"
"401767447","2025","6","false","79","Southern Illinois","55","282","Indiana State","27"
"401767294","2025","6","false","2627","Tarleton State","52","253","Southern Utah","42"
"401767438","2025","6","false","2287","Illinois State","16","2449","North Dakota State","33"
"401767460","2025","6","false","2466","Northwestern State","10","2837","East Texas A&M","40"
"401777295","2025","6","false","2045","Austin","41","101442","CENTENARY","15"
"401767381","2025","6","false","2640","Texas Southern","51","2029","Arkansas-Pine Bluff","7"
"401761621","2025","6","false","2653","Troy","31","6","South Alabama","24"
"401756914","2025","6","false","2628","TCU","35","38","Colorado","21"
"401752859","2025","6","false","194","Ohio State","42","135","Minnesota","3"
"401752730","2025","6","false","245","Texas A&M","31","344","Mississippi State","9"
"401754553","2025","6","false","52","Florida State","22","2390","Miami","28"
"401756915","2025","6","false","2116","UCF","20","2305","Kansas","27"
"401777276","2025","6","false","2242","Geneva","9","146","Grove City College","22"
"401767083","2025","6","false","304","Idaho State","38","149","Montana","42"
"401776758","2025","6","false","2359","Macalester","29","162","Hamline University","0"
"401767469","2025","6","false","292","UT Rio Grande Valley","27","2277","Houston Christian","7"
"401767074","2025","6","false","13","Cal Poly","27","302","UC Davis","34"
"401762478","2025","6","false","235","Memphis","45","202","Tulsa","7"
"401773598","2025","6","false","2122","Central Oklahoma","34","2118","Central Missouri","35"
"401773883","2025","6","false","2069","Black Hills State","13","613","South Dakota Mines","27"
"401773584","2025","6","false","2704","West Texas A&M","56","2834","Sul Ross State","7"
"401777612","2025","6","false","509","Crown College","22","583","Northwestern (MN)","3"
"401773548","2025","6","false","2120","Central Washington","58","2201","Eastern New Mexico","7"
"401774262","2025","6","false","2094","California Lutheran University","22","17","Claremont-Mudd-Scripps College","17"
"401774254","2025","6","false","411","Chapman","27","29","Redlands","0"
"401760383","2025","6","false","278","Fresno State","20","2440","Nevada","17"
"401754551","2025","6","false","25","California","21","150","Duke","45"
"401757278","2025","7","false","2393","Middle Tennessee","20","2623","Missouri State","22"
"401757277","2025","7","false","2638","UTEP","8","2335","Liberty","19"
"401773365","2025","7","false","199","Southeastern Oklahoma State","7","2264","Harding University","35"
"401757280","2025","7","false","338","Kennesaw State","35","2348","Louisiana Tech","7"
"401762480","2025","7","false","2655","Tulane","26","151","East Carolina","19"
"401761622","2025","7","false","290","Georgia Southern","35","2572","Southern Miss","38"
"401757279","2025","7","true","2534","Sam Houston","27","55","Jacksonville State","29"
"401767034","2025","7","false","2803","Bryant","19","225","Brown","29"
"401783354","2025","7","false","471","Stevenson","28","247","Kings College (PA)","35"
"401767629","2025","7","false","219","Pennsylvania","28","2368","Marist","9"
"401767691","2025","7","false","108","Harvard","34","172","Cornell","10"
"401762481","2025","7","false","249","North Texas","36","58","South Florida","63"
"401752862","2025","7","false","264","Washington","38","164","Rutgers","19"
"401760388","2025","7","false","36","Colorado State","49","278","Fresno State","21"
"401776971","2025","7","false","40","Curry College","60","274","Maine Maritime","0"
"401773862","2025","7","false","611","Seton Hill","7","215","Slippery Rock","49"
"401762835","2025","7","false","189","Bowling Green","28","2649","Toledo","23"
"401783345","2025","7","false","127954","Eastern University","37","2808","Delaware Valley","20"
"401777954","2025","7","false","2886","Northwood (MI)","52","437","Lake Erie","7"
"401773710","2025","7","false","2038","Assumption","24","2487","Pace","7"
"401756917","2025","7","false","2132","Cincinnati","20","2116","UCF","11"
"401773446","2025","7","false","2654","Truman State","48","389","Upper Iowa University","21"
"401773822","2025","7","false","367","Gannon","46","2134","Clarion","48"
"401774134","2025","7","false","293","Castleton","7","3112","Christopher Newport","69"
"401754559","2025","7","false","52","Florida State","31","221","Pittsburgh","34"
"401767576","2025","7","false","163","Princeton","14","2382","Mercer","38"
"401774094","2025","7","false","216","Susquehanna","69","2354","Lycoming","7"
"401774054","2025","7","false","390","Utica","27","3110","SUNY Morrisville","21"
"401777006","2025","7","false","402","Worcester St","6","114","Fitchburg State","21"
"401773308","2025","7","false","184","University of Rochester (NY)","38","125974","Hilbert College","0"
"401777277","2025","7","false","2644","Thiel","38","2242","Geneva","51"
"401773865","2025","7","false","2974","Shepherd","28","223","West Chester","24"
"401774076","2025","7","false","118","Johns Hopkins University","28","2102","Carnegie Mellon","27"
"401752734","2025","7","false","142","Missouri","24","333","Alabama","27"
"401762483","2025","7","false","349","Army","24","2429","Charlotte","7"
"401754561","2025","7","false","2567","SMU","34","24","Stanford","10"
"401767776","2025","7","false","2681","Wagner","7","2385","Mercyhurst","19"
"401756920","2025","7","false","197","Oklahoma State","17","248","Houston","39"
"401767344","2025","7","false","2169","Delaware State","70","2583","Southern Connecticut State","23"
"401752865","2025","7","false","356","Illinois","16","194","Ohio State","34"
"401752863","2025","7","false","127","Michigan State","13","26","UCLA","38"
"401777136","2025","7","false","2746","Wittenberg","7","2302","John Carroll University","44"
"401762833","2025","7","false","2006","Akron","7","193","Miami (OH)","20"
"401767736","2025","7","false","171","Columbia","7","2329","Lehigh","31"
"401761625","2025","7","false","256","James Madison","24","309","Louisiana","14"
"401774222","2025","7","false","286","North Carolina Wesleyan","38","2056","Belhaven","41"
"401767667","2025","7","false","322","Lafayette","62","2083","Bucknell","24"
"401774162","2025","7","false","2740","Wisconsin-Lacrosse","41","2738","Wisconsin-Eau Claire","21"
"401752733","2025","7","false","145","Ole Miss","24","265","Washington State","21"
"401767605","2025","7","false","2166","Davidson","13","2900","St. Thomas (MN)","57"
"401777992","2025","7","false","2175","Dickinson (PA)","49","2248","Gettysburg","21"
"401777733","2025","7","false","2667","Ursinus","52","2700","McDaniel College","0"
"401779512","2025","7","false","2441","New Haven","69","2843","Western Connecticut St","0"
"401774102","2025","7","false","237","Union (NY)","33","174","Hobart College","16"
"401773499","2025","7","false","2316","Kentucky Wesleyan","3","2477","Ohio Dominican","21"
"401773512","2025","7","false","2838","Tiffin","54","2682","Walsh","7"
"401774316","2025","7","false","2532","Salisbury","38","2871","Kean","24"
"401777613","2025","7","false","583","Northwestern (MN)","20","2257","Greenville","23"
"401777306","2025","7","false","433","Westminster College (MO)","27","2399","Minnesota Morris","30"
"401777221","2025","7","false","2516","Randolph-Macon","77","2047","Averett","20"
"401783905","2025","7","false","2818","Montclair State","26","2827","Rowan","38"
"401783363","2025","7","false","2383","Merchant Marine Academy","14","2951","SUNY Maritime","34"
"401783351","2025","7","false","2725","Widener","20","2221","FDU-Florham","17"
"401783333","2025","7","false","111674","Reading","14","2015","Albright","38"
"401767400","2025","7","false","2415","Morgan State","44","2355","Virginia University Of Lynchburg","6"
"401783310","2025","7","false","323","Moravian","7","398","Wilkes","26"
"401767353","2025","7","false","2529","Sacred Heart","32","47","Howard","14"
"401767274","2025","7","false","2448","North Carolina A&T","16","2569","South Carolina State","22"
"401767270","2025","7","false","227","Rhode Island","38","160","New Hampshire","27"
"401767192","2025","7","false","2771","Merrimack","13","311","Maine","20"
"401767739","2025","7","false","2142","Colgate","19","257","Richmond","24"
"401767637","2025","7","false","56","Stetson","21","2413","Morehead State","14"
"401777251","2025","7","false","2688","Washington and Lee","45","417","Gallaudet","0"
"401777245","2025","7","false","2258","Guilford College","7","2828","Shenandoah","45"
"401774086","2025","7","false","2108","Catholic","20","246","Juniata College","17"
"401767448","2025","7","false","282","Indiana State","14","233","South Dakota","19"
"401767596","2025","7","false","2086","Butler","25","2506","Presbyterian","31"
"401777591","2025","7","false","2256","Greensboro College","10","2938","Huntingdon College (AL)","17"
"401776730","2025","7","false","124","Augsburg","7","2802","Bethel (MN)","56"
"401774281","2025","7","false","2588","Southwestern University","39","2553","Sewanee","31"
"401762836","2025","7","false","2199","Eastern Michigan","16","2459","Northern Illinois","10"
"401773496","2025","7","false","2222","Ferris State","59","131","Wayne State (MI)","0"
"401776987","2025","7","false","388","Lebanon Valley","21","2969","Misericordia","23"
"401774114","2025","7","false","2528","Rensselaer","57","2085","Buffalo State","13"
"401773210","2025","7","false","308","Ashland","38","2646","Thomas More College","14"
"401773975","2025","7","false","2013","Albany State GA","32","2805","Clark Atlanta","7"
"401773858","2025","7","false","2559","Shippensburg","41","210","Millersville","28"
"401773680","2025","7","false","341","Frostburg State","13","2249","Glenville State","19"
"401767752","2025","7","false","2184","Duquesne","52","2598","St. Francis (PA)","7"
"401774066","2025","7","false","2234","Franklin & Marshall","28","2422","Muhlenberg","27"
"401774008","2025","7","false","2119","Central State (OH)","26","60","Morehouse College","31"
"401766695","2025","7","false","348","Hamilton","0","2977","Trinity (CT)","49"
"401773061","2025","7","false","124180","Bluefield State","30","2339","Lincoln (PA)","27"
"401773411","2025","7","false","2876","Lincoln (MO)","3","196","Northeastern State","52"
"401777097","2025","7","false","89","Wabash College","44","2980","Ohio Wesleyan","27"
"401774239","2025","7","false","2373","Maryville College (TN)","33","2121","Centre College Kentucky","13"
"401774231","2025","7","false","291","Methodist","7","548","Lagrange College","26"
"401773052","2025","7","false","2075","Bowie State","21","330","Virginia St","28"
"401773077","2025","7","false","2207","Elizabeth City State","18","2676","Virginia Union","37"
"401773102","2025","7","false","2551","Shaw","20","2736","Winston-Salem","13"
"401774107","2025","7","false","2779","St. Lawrence","7","175","Ithaca College","24"
"401774410","2025","7","false","2233","Franklin","34","86","Rose-Hulman","35"
"401773082","2025","7","false","2220","Fayetteville State","38","2940","Livingstone","14"
"401773126","2025","7","false","101784","ERSKINE","0","2822","North Greenville","30"
"401774401","2025","7","false","2023","Anderson (IN)","7","2074","Bluffton","49"
"401777212","2025","7","false","332","Muskingum University","16","427","Ohio Northern","54"
"401774417","2025","7","false","2419","Mount St. Joseph","21","2262","Hanover College","45"
"401777208","2025","7","false","2733","Wilmington (OH)","0","426","University of Mount Union","59"
"401767699","2025","7","false","159","Dartmouth","17","43","Yale","16"
"401766697","2025","7","false","340","Bowdoin","7","7","Amherst","34"
"401766694","2025","7","false","33","Colby College","7","336","Wesleyan University (CT)","24"
"401774424","2025","7","false","2362","Manchester","27","424","Capital","52"
"401777178","2025","7","false","359","Otterbein","14","188","Baldwin Wallace","56"
"401767407","2025","7","false","2747","Wofford","31","2450","Norfolk State","14"
"401776763","2025","7","false","162","Hamline University","12","2152","Concordia Moorhead","58"
"401773958","2025","7","false","2839","Greeneville","28","2444","Newberry","35"
"401773990","2025","7","false","490","Benedict College","14","2232","Fort Valley State","7"
"401774464","2025","7","false","2519","Rhodes College","19","2398","Millsaps","45"
"401773737","2025","7","false","2844","Wayne State (NE)","21","132","Bemidji State","26"
"401776746","2025","7","false","133","St. Olaf","21","2968","Gustavus Adolphus","35"
"401773895","2025","7","false","613","South Dakota Mines","14","2146","Colorado School Of Mines","24"
"401773048","2025","7","false","2564","Simpson College (IA)","7","2141","Coe College","34"
"401774178","2025","7","false","2744","Wisconsin-Stout","27","271","Wisconsin-Oshkosh","16"
"401774453","2025","7","false","418","Hendrix College","60","2045","Austin","21"
"401773641","2025","7","false","2118","Central Missouri","32","138","Northwest Missouri St","49"
"401774020","2025","7","false","2310","Kentucky State","42","2206","Edward Waters","14"
"401773771","2025","7","false","2043","Augustana University (SD)","50","3066","Concordia University St Paul","10"
"401773651","2025","7","false","112335","Wheeling","13","2128","University Of Charleston (WV)","20"
"401766692","2025","7","false","80","Chicago","66","268","Lawrence University","0"
"401767744","2025","7","false","2523","Robert Morris","12","2115","Central Connecticut","24"
"401766696","2025","7","false","2731","Williams","24","2394","Middlebury","17"
"401777014","2025","7","false","2044","Aurora","48","2524","Rockford","0"
"401767154","2025","7","false","2210","Elon","21","222","Villanova","29"
"401777289","2025","7","false","2686","Washington & Jefferson","24","2849","Westminster (PA)","7"
"401777282","2025","7","false","146","Grove City College","24","2845","Waynesburg","14"
"401773608","2025","7","false","2214","Emporia State University","31","2403","Missouri Southern State","24"
"401766688","2025","7","false","2919","Monmouth (IL)","48","2286","Illinois College","15"
"401766690","2025","7","false","262","Lake Forest College","59","266","Beloit","0"
"401773181","2025","7","false","6845","Nebraska Wesleyan","28","263","Loras College","31"
"401766689","2025","7","false","255","Knox College","20","65","Grinnell","17"
"401773456","2025","7","false","110254","Davenport","14","2392","Michigan Tech","16"
"401773418","2025","7","false","2586","Southwest Baptist","24","2816","McKendree","26"
"401773252","2025","7","false","2810","Hardin-Simmons","34","2371","Mary Hardin-Baylor","7"
"401773373","2025","7","false","2271","Henderson State","59","2823","Northwestern Oklahoma State","0"
"401773108","2025","7","false","366","Ferrum","20","122666","Wilson","34"
"401773785","2025","7","false","2364","Minnesota State Mankato","47","2851","Winona State","21"
"401767260","2025","7","false","119","Towson","31","2405","Monmouth","42"
"401776753","2025","7","false","2600","Saint John's (MN)","70","2359","Macalester","0"
"401776738","2025","7","false","375","St. Scholastica","14","2101","Carleton","41"
"401773672","2025","7","false","2986","Fairmont State","45","455","West Virginia Wesleyan","10"
"401773486","2025","7","false","129","Saginaw Valley State","55","127991","Roosevelt","10"
"401767583","2025","7","false","2643","The Citadel","38","2673","Valdosta State","14"
"401767242","2025","7","false","2698","West Georgia","13","2000","Abilene Christian","30"
"401767616","2025","7","false","2674","Valparaiso","10","2168","Dayton","41"
"401778026","2025","7","false","2079","Bridgewater (VA)","14","131109","Roanoke College","24"
"401777977","2025","7","false","2060","Bentley","59","126086","Post University","0"
"401774459","2025","7","false","241","McMurry","65","101161","LYONCOLL","7"
"401774376","2025","7","false","306","Illinois Wesleyan","21","396","Wheaton","65"
"401774370","2025","7","false","2106","Carthage","23","143","Washington University (St. Louis)","31"
"401774191","2025","7","false","2743","Wisconsin-Stevens Pt","14","2745","Wisconsin-Whitewater","45"
"401774185","2025","7","false","2723","Wisconsin-River Falls","31","272","Wisconsin-Platteville","21"
"401777031","2025","7","false","409","Concordia-Wisconsin","41","6353","Lakeland","34"
"401773814","2025","7","false","2205","Edinboro University","35","2858","PennWest California","29"
"401767143","2025","7","false","2261","Hampton","21","2097","Campbell","38"
"401773661","2025","7","false","2148","Concord University","21","2707","West Virginia State","28"
"401777603","2025","7","false","446","Martin Luther","7","509","Crown College","17"
"401773159","2025","7","false","63","Buena Vista","31","67","Luther","7"
"401773237","2025","7","false","2224","Findlay","16","2273","Hillsdale","14"
"401762837","2025","7","false","2309","Kent State","42","113","Massachusetts","6"
"401777192","2025","7","false","317","Marietta","27","191","Heidelberg","30"
"401773946","2025","7","false","2369","Mars Hill","23","2213","Emory & Henry College","48"
"401773176","2025","7","false","2685","Wartburg","33","49","Dubuque","7"
"401767567","2025","7","false","2717","Western Carolina","52","231","Furman","7"
"401767236","2025","7","false","2630","UT Martin","32","2710","Western Illinois","31"
"401774323","2025","7","false","2442","College Of New Jersey","42","2970","William Paterson","0"
"401767196","2025","7","false","2197","Eastern Illinois","10","2241","Gardner-Webb","21"
"401767390","2025","7","false","2065","Bethune-Cookman","45","2582","Southern","14"
"401773133","2025","7","false","2882","UNC Pembroke","52","2560","Shorter","21"
"401767084","2025","7","false","147","Montana State","48","304","Idaho State","14"
"401767372","2025","7","false","2016","Alcorn State","42","124179","Lincoln (CA)","0"
"401767313","2025","7","false","2010","Alabama A&M","45","2400","Mississippi Valley State","25"
"401767413","2025","7","false","50","Florida A&M","7","2428","North Carolina Central","45"
"401773754","2025","7","false","568","Minot State","35","2939","Jamestown College","28"
"401773629","2025","7","false","2438","Nebraska-Kearney","27","137","Missouri Western","7"
"401773747","2025","7","false","559","University of Mary","35","2817","Minnesota State Moorhead","38"
"401773644","2025","7","false","90","Pittsburg St","34","2687","Washburn","10"
"401773387","2025","7","false","200","Southern Nazarene","7","2888","Ouachita Baptist","28"
"401773346","2025","7","false","319","Oklahoma Baptist","17","2028","Arkansas-Monticello","14"
"401773336","2025","7","false","2191","East Central (OK)","37","2033","Arkansas Tech","21"
"401773889","2025","7","false","2123","Chadron St","37","2424","New Mexico Highlands","20"
"401766691","2025","7","false","2155","Cornell College (IA)","14","2891","Ripon","22"
"401774040","2025","7","false","173","Hartwick","21","374","St John Fisher University","35"
"401773884","2025","7","false","2714","Western Colorado","56","2069","Black Hills State","17"
"401774022","2025","7","false","2323","Lane College","13","2396","Miles College","23"
"401773921","2025","7","false","2331","Lenoir-Rhyne","28","129469","Anderson (Sc)","35"
"401774212","2025","7","false","2913","Brevard College","35","2896","Southern Virginia","32"
"401774361","2025","7","false","32","Carroll University (WI)","24","75","North Park","10"
"401767537","2025","7","false","2571","South Dakota State","31","2460","Northern Iowa","3"
"401760386","2025","7","false","2439","UNLV","51","2005","Air Force","48"
"401752870","2025","7","false","2483","Oregon","20","84","Indiana","30"
"401752736","2025","7","true","251","Texas","23","201","Oklahoma","6"
"401761626","2025","7","false","276","Marshall","48","295","Old Dominion","24"
"401756918","2025","7","false","38","Colorado","24","66","Iowa State","17"
"401754563","2025","7","false","204","Oregon State","14","154","Wake Forest","39"
"401754562","2025","7","false","87","Notre Dame","36","152","NC State","7"
"401754560","2025","7","false","59","Georgia Tech","35","259","Virginia Tech","20"
"401752866","2025","7","false","213","Penn State","21","77","Northwestern","22"
"401773394","2025","7","false","2568","Southern Arkansas","14","2927","Southwestern Oklahoma State","12"
"401773262","2025","7","false","2758","Howard Payne","36","2194","East Texas Baptist University","18"
"401762834","2025","7","false","2711","Western Michigan","42","2050","Ball State","0"
"401752867","2025","7","false","120","Maryland","31","158","Nebraska","34"
"401761624","2025","7","false","2247","Georgia State","20","2026","App State","41"
"401767363","2025","7","false","2296","Jackson State","38","2011","Alabama State","34"
"401756919","2025","7","false","2306","Kansas State","41","2628","TCU","28"
"401767511","2025","7","false","2449","North Dakota State","45","79","Southern Illinois","17"
"401767560","2025","7","false","2193","East Tennessee State","45","2678","VMI","10"
"401783816","2025","7","false","2318","La Verne","19","2094","California Lutheran University","23"
"401767220","2025","7","false","2546","Southeast Missouri State","28","2634","Tennessee State","12"
"401767165","2025","7","false","2127","Charleston Southern","13","2635","Tennessee Tech","27"
"401767287","2025","7","false","2453","North Alabama","21","2110","Central Arkansas","49"
"401778024","2025","7","false","2930","Willamette","20","2333","Lewis & Clark College","28"
"401767079","2025","7","false","149","Montana","28","13","Cal Poly","9"
"401767504","2025","7","false","155","North Dakota","35","2754","Youngstown State","17"
"401777147","2025","7","false","203","Linfield College","23","205","Pacific (OR)","6"
"401777163","2025","7","false","2508","Puget Sound","27","2486","Pacific Lutheran","41"
"401777624","2025","7","false","391","Oberlin","2","352","Kenyon","57"
"401773903","2025","7","false","2570","CSU Pueblo","49","2237","Fort Lewis","13"
"401773434","2025","7","false","2911","William Jewell","33","2825","Quincy","34"
"401777141","2025","7","false","2721","Whitworth","40","415","NEWBERG","16"
"401773401","2025","7","false","2402","Missouri S&T","13","2292","Indianapolis","56"
"401774255","2025","7","false","17","Claremont-Mudd-Scripps College","10","29","Redlands","17"
"401762484","2025","7","false","218","Temple","31","2426","Navy","32"
"401752735","2025","7","false","2633","Tennessee","34","8","Arkansas","31"
"401777257","2025","7","false","2963","Case Western Reserve","62","2018","Allegheny","21"
"401767122","2025","7","false","70","Idaho","33","2458","Northern Colorado","49"
"401773549","2025","7","false","2201","Eastern New Mexico","18","2848","Western Oregon","21"
"401773118","2025","7","false","110242","West Florida","40","2804","Chowan","10"
"401767622","2025","7","false","301","San Diego","16","2181","Drake","19"
"401767251","2025","7","false","2198","Eastern Kentucky","34","2046","Austin Peay","20"
"401762482","2025","7","false","2226","Florida Atlantic","53","5","UAB","33"
"401774339","2025","7","false","2757","Berry College","29","386","Trinity University TX","6"
"401773847","2025","7","false","209","Lock Haven University","7","2315","Kutztown University","34"
"401773983","2025","7","false","2019","Allen","20","2542","Savannah St","23"
"401783913","2025","7","false","101","Eureka College","0","2283","Benedictine University","56"
"401773719","2025","7","false","2830","St. Anselm","21","112334","Franklin Pierce","0"
"401773932","2025","7","false","351","Wingate","41","2107","Catawba","28"
"401773790","2025","7","false","2587","Southwest Minnesota State","14","2894","Sioux Falls","35"
"401773804","2025","7","false","2188","East Stroudsburg University","38","2071","Bloomsburg","35"
"401767418","2025","7","false","2755","Grambling","20","2640","Texas Southern","21"
"401752869","2025","7","false","275","Wisconsin","0","2294","Iowa","37"
"401766693","2025","7","false","112","Tufts","28","121","Bates","35"
"401760391","2025","7","false","2751","Wyoming","35","23","San José State","28"
"401767439","2025","7","false","93","Murray State","32","2287","Illinois State","46"
"401777072","2025","7","false","2748","Wooster","7","2171","Denison University","28"
"401774275","2025","7","false","101442","CENTENARY","27","2639","Texas Lutheran","55"
"401767470","2025","7","false","2277","Houston Christian","20","2466","Northwestern State","17"
"401767461","2025","7","false","2837","East Texas A&M","23","2320","Lamar","33"
"401774352","2025","7","false","72","Elmhurst","7","2042","Augustana (IL)","48"
"401773763","2025","7","false","425","Northern State","34","134","Minnesota Duluth","31"
"401773574","2025","7","false","110243","UT Permian Basin","14","2120","Central Washington","27"
"401773464","2025","7","false","128","Northern Michigan","7","125","Grand Valley State University","35"
"401767116","2025","7","false","302","UC Davis","45","2464","Northern Arizona","24"
"401761623","2025","7","false","324","Coastal Carolina","23","2433","UL Monroe","8"
"401777285","2025","7","false","2062","Bethany (WV)","35","2614","Saint Vincent","57"
"401774381","2025","7","false","3071","North Central College","59","74","Millikin","10"
"401752737","2025","7","false","245","Texas A&M","34","57","Florida","17"
"401777046","2025","7","false","2741","Wisconsin-Lutheran","14","2832","St. Norbert","17"
"401756921","2025","7","false","2641","Texas Tech","42","2305","Kansas","17"
"401754558","2025","7","false","103","Boston College","10","228","Clemson","41"
"401752731","2025","7","false","2","Auburn","10","61","Georgia","20"
"401752868","2025","7","false","30","USC","31","130","Michigan","13"
"401762485","2025","7","false","2636","UTSA","61","242","Rice","13"
"401752864","2025","7","false","135","Minnesota","27","2509","Purdue","20"
"401752732","2025","7","false","99","LSU","20","2579","South Carolina","10"
"401773559","2025","7","false","2834","Sul Ross State","23","2395","Midwestern State","69"
"401761627","2025","7","false","326","Texas State","41","2653","Troy","48"
"401767307","2025","7","false","3101","Utah Tech","23","2627","Tarleton State","41"
"401767133","2025","7","false","2692","Weber State","27","16","Sacramento State","55"
"401773599","2025","7","false","2231","Fort Hays State","14","2122","Central Oklahoma","21"
"401773539","2025","7","false","2658","Texas A&M-Kingsville","24","2025","Angelo State","19"
"401773874","2025","7","false","11","Colorado Mesa","54","2001","Adams State","17"
"401756916","2025","7","false","12","Arizona","27","252","BYU","33"
"401760387","2025","7","false","68","Boise State","41","167","New Mexico","25"
"401774268","2025","7","false","2923","Pomona Pitzer","10","411","Chapman","17"
"401756922","2025","7","false","254","Utah","42","9","Arizona State","10"
"401760390","2025","7","false","2440","Nevada","10","21","San Diego State","44"
"401760389","2025","7","false","62","Hawai'i","44","328","Utah State","26"
"401757282","2025","8","false","2335","Liberty","30","166","New Mexico State","27"
"401761628","2025","8","false","6","South Alabama","14","2032","Arkansas State","15"
"401757281","2025","8","false","98","Western Kentucky","6","2229","Florida International","25"
"401757283","2025","8","false","55","Jacksonville State","38","48","Delaware","25"
"401757284","2025","8","true","2534","Sam Houston","17","2638","UTEP","35"
"401774125","2025","8","false","354","Olivet College","7","2651","Trine University","59"
"401773395","2025","8","false","200","Southern Nazarene","6","2927","Southwestern Oklahoma State","31"
"401762486","2025","8","false","151","East Carolina","41","202","Tulsa","27"
"401776972","2025","8","false","274","Maine Maritime","14","111675","Biddeford","77"
"401754564","2025","8","false","2390","Miami","21","97","Louisville","24"
"401783908","2025","8","false","2749","Worcester Polytechnic Institute","10","81","Springfield","24"
"401773720","2025","8","false","2310","Kentucky State","17","112334","Franklin Pierce","14"
"401752872","2025","8","false","135","Minnesota","24","158","Nebraska","6"
"401774195","2025","8","false","2745","Wisconsin-Whitewater","34","2744","Wisconsin-Stout","2"
"401760396","2025","8","false","328","Utah State","30","23","San José State","25"
"401754371","2025","8","false","25","California","21","153","North Carolina","18"
"401774377","2025","8","false","74","Millikin","27","306","Illinois Wesleyan","49"
"401773673","2025","8","false","2205","Edinboro University","30","2986","Fairmont State","35"
"401756927","2025","8","false","2628","TCU","42","239","Baylor","36"
"401762841","2025","8","false","193","Miami (OH)","44","2199","Eastern Michigan","30"
"401777771","2025","8","false","2280","Husson","48","131108","New England College","0"
"401762839","2025","8","false","189","Bowling Green","6","2117","Central Michigan","27"
"401773506","2025","8","false","2646","Thomas More College","10","2838","Tiffin","45"
"401773711","2025","8","false","126086","Post University","27","2038","Assumption","63"
"401767704","2025","8","false","108","Harvard","31","2771","Merrimack","7"
"401799148","2025","8","false","2557","Coast Guard","24","109","MIT","14"
"401767597","2025","8","false","2168","Dayton","17","2086","Butler","23"
"401767759","2025","8","false","2341","Long Island University","17","2523","Robert Morris","7"
"401762488","2025","8","false","2655","Tulane","24","349","Army","17"
"401767553","2025","8","false","225","Brown","21","163","Princeton","40"
"401783346","2025","8","false","2221","FDU-Florham","14","2808","Delaware Valley","41"
"401786477","2025","8","false","2967","Framingham State","35","2909","Westfield State","24"
"401767568","2025","8","false","2747","Wofford","31","231","Furman","13"
"401767773","2025","8","false","43","Yale","47","284","Stonehill","7"
"401777007","2025","8","false","110","Mass Maritime","10","114","Fitchburg State","0"
"401778018","2025","8","false","2776","Salve Regina","34","2383","Merchant Marine Academy","38"
"401754569","2025","8","false","103","Boston College","23","41","UConn","38"
"401774135","2025","8","false","293","Castleton","7","2442","College Of New Jersey","48"
"401773238","2025","8","false","2224","Findlay","28","2316","Kentucky Wesleyan","0"
"401777777","2025","8","false","40","Curry College","71","2884","Nichols College","27"
"401773698","2025","8","false","2707","West Virginia State","20","112335","Wheeling","24"
"401773211","2025","8","false","2477","Ohio Dominican","14","308","Ashland","31"
"401773281","2025","8","false","2972","Plymouth State","28","15","Anna Maria College","35"
"401773271","2025","8","false","2781","Brockport","48","3162","Alfred State","14"
"401773474","2025","8","false","2392","Michigan Tech","10","2222","Ferris State","38"
"401783902","2025","8","false","2818","Montclair State","21","2532","Salisbury","56"
"401752873","2025","8","false","130","Michigan","24","264","Washington","7"
"401778011","2025","8","false","2108","Catholic","26","323","Moravian","20"
"401754566","2025","8","false","150","Duke","18","59","Georgia Tech","27"
"401752745","2025","8","false","238","Vanderbilt","31","99","LSU","24"
"401756925","2025","8","false","248","Houston","31","12","Arizona","28"
"401752744","2025","8","false","2579","South Carolina","7","201","Oklahoma","26"
"401774077","2025","8","false","118","Johns Hopkins University","52","2667","Ursinus","21"
"401773852","2025","8","false","209","Lock Haven University","28","223","West Chester","21"
"401783340","2025","8","false","247","Kings College (PA)","52","111674","Reading","0"
"401773457","2025","8","false","131","Wayne State (MI)","14","110254","Davenport","49"
"401767440","2025","8","false","2287","Illinois State","35","2754","Youngstown State","40"
"401767722","2025","8","false","46","Georgetown","21","2142","Colgate","17"
"401778028","2025","8","false","509","Crown College","19","433","Westminster College (MO)","6"
"401767692","2025","8","false","172","Cornell","30","2083","Bucknell","20"
"401767606","2025","8","false","2181","Drake","45","2166","Davidson","0"
"401767700","2025","8","false","2230","Fordham","13","159","Dartmouth","30"
"401806691","2025","8","false","348","Hamilton","28","112","Tufts","38"
"401773694","2025","8","false","455","West Virginia Wesleyan","11","2699","West Liberty","35"
"401766703","2025","8","false","336","Wesleyan University (CT)","17","340","Bowdoin","25"
"401766705","2025","8","false","121","Bates","30","2731","Williams","37"
"401766706","2025","8","false","7","Amherst","9","33","Colby College","13"
"401767505","2025","8","false","79","Southern Illinois","19","155","North Dakota","38"
"401773053","2025","8","false","124180","Bluefield State","37","2075","Bowie State","42"
"401773947","2025","8","false","2213","Emory & Henry College","20","351","Wingate","27"
"401773922","2025","8","false","129469","Anderson (Sc)","6","2105","Carson-Newman College","28"
"401774143","2025","8","false","2843","Western Connecticut St","24","2354","Lycoming","42"
"401773652","2025","8","false","2128","University Of Charleston (WV)","30","341","Frostburg State","32"
"401774087","2025","8","false","246","Juniata College","7","216","Susquehanna","56"
"401776988","2025","8","false","2725","Widener","14","388","Lebanon Valley","34"
"401776782","2025","8","false","2790","Albion","27","2800","Alma","48"
"401776778","2025","8","false","129738","Calvin University","17","2003","Adrian","48"
"401774289","2025","8","false","3112","Christopher Newport","49","2871","Kean","0"
"401774248","2025","8","false","548","Lagrange College","17","2913","Brevard College","10"
"401783819","2025","8","false","386","Trinity University TX","63","2519","Rhodes College","0"
"401774009","2025","8","false","60","Morehouse College","31","2323","Lane College","7"
"401767641","2025","8","false","2506","Presbyterian","42","56","Stetson","7"
"401783334","2025","8","false","127954","Eastern University","17","2015","Albright","10"
"401773062","2025","8","false","2676","Virginia Union","66","2339","Lincoln (PA)","21"
"401773090","2025","8","false","2551","Shaw","0","2304","Johnson C Smith","52"
"401766704","2025","8","false","2977","Trinity (CT)","28","2394","Middlebury","26"
"401773096","2025","8","false","2736","Winston-Salem","42","2940","Livingstone","10"
"401773300","2025","8","false","2782","Cortland","65","365","Alfred University","12"
"401773729","2025","8","false","2487","Pace","35","2583","Southern Connecticut State","34"
"401767261","2025","8","false","2405","Monmouth","49","2619","Stony Brook","21"
"401774213","2025","8","false","2896","Southern Virginia","30","291","Methodist","13"
"401773246","2025","8","false","2273","Hillsdale","19","2886","Northwood (MI)","48"
"401773843","2025","8","false","215","Slippery Rock","30","2291","Indiana-Pennsylvania","27"
"401773976","2025","8","false","2013","Albany State GA","7","2657","Tuskegee","3"
"401774067","2025","8","false","2175","Dickinson (PA)","20","2234","Franklin & Marshall","23"
"401777286","2025","8","false","2614","Saint Vincent","10","2686","Washington & Jefferson","56"
"401777293","2025","8","false","2849","Westminster (PA)","48","2644","Thiel","6"
"401777955","2025","8","false","437","Lake Erie","13","2682","Walsh","20"
"401777604","2025","8","false","446","Martin Luther","41","2257","Greenville","39"
"401766698","2025","8","false","80","Chicago","37","2891","Ripon","12"
"401767184","2025","8","false","222","Villanova","56","2261","Hampton","14"
"401767197","2025","8","false","2546","Southeast Missouri State","42","2197","Eastern Illinois","13"
"401777278","2025","8","false","2845","Waynesburg","20","2242","Geneva","62"
"401777262","2025","8","false","2102","Carnegie Mellon","44","2248","Gettysburg","20"
"401777131","2025","8","false","352","Kenyon","12","89","Wabash College","46"
"401777098","2025","8","false","2980","Ohio Wesleyan","20","2748","Wooster","24"
"401778035","2025","8","false","2056","Belhaven","41","2256","Greensboro College","26"
"401777240","2025","8","false","2258","Guilford College","0","2516","Randolph-Macon","47"
"401777081","2025","8","false","83","Depauw","27","2302","John Carroll University","31"
"401777090","2025","8","false","2062","Bethany (WV)","21","2274","Hiram College","42"
"401777971","2025","8","false","2830","St. Anselm","27","2022","American International","14"
"401756928","2025","8","false","2116","UCF","45","277","West Virginia","13"
"401767449","2025","8","false","282","Indiana State","7","2449","North Dakota State","38"
"401773662","2025","8","false","2249","Glenville State","42","2148","Concord University","30"
"401767581","2025","8","false","2678","VMI","22","2535","Samford","24"
"401774411","2025","8","false","2233","Franklin","48","2362","Manchester","21"
"401774436","2025","8","false","188","Baldwin Wallace","52","86","Rose-Hulman","20"
"401774418","2025","8","false","2262","Hanover College","58","2023","Anderson (IN)","0"
"401767203","2025","8","false","2241","Gardner-Webb","7","2630","UT Martin","37"
"401767532","2025","8","false","236","Chattanooga","42","2193","East Tennessee State","38"
"401777215","2025","8","false","359","Otterbein","41","2733","Wilmington (OH)","54"
"401776997","2025","8","false","471","Stevenson","28","2969","Misericordia","29"
"401767683","2025","8","false","171","Columbia","21","219","Pennsylvania","35"
"401773347","2025","8","false","2028","Arkansas-Monticello","10","2888","Ouachita Baptist","45"
"401777203","2025","8","false","317","Marietta","31","332","Muskingum University","35"
"401774402","2025","8","false","2074","Bluffton","7","2419","Mount St. Joseph","35"
"401777186","2025","8","false","427","Ohio Northern","56","424","Capital","0"
"401777193","2025","8","false","191","Heidelberg","6","426","University of Mount Union","38"
"401767649","2025","8","false","2900","St. Thomas (MN)","55","2674","Valparaiso","17"
"401777734","2025","8","false","2700","McDaniel College","7","2422","Muhlenberg","56"
"401773481","2025","8","false","127991","Roosevelt","21","128","Northern Michigan","42"
"401773516","2025","8","false","2170","Delta State","51","366","Ferrum","10"
"401774015","2025","8","false","2119","Central State (OH)","27","3077","Kentucky Christian","35"
"401774163","2025","8","false","271","Wisconsin-Oshkosh","28","2738","Wisconsin-Eau Claire","21"
"401774170","2025","8","false","272","Wisconsin-Platteville","38","2740","Wisconsin-Lacrosse","21"
"401774192","2025","8","false","2743","Wisconsin-Stevens Pt","7","2723","Wisconsin-River Falls","52"
"401774387","2025","8","false","75","North Park","0","3071","North Central College","75"
"401778008","2025","8","false","2079","Bridgewater (VA)","73","417","Gallaudet","13"
"401773623","2025","8","false","2403","Missouri Southern State","24","2438","Nebraska-Kearney","16"
"401767497","2025","8","false","93","Murray State","14","2571","South Dakota State","35"
"401783906","2025","8","false","2827","Rowan","45","2970","William Paterson","16"
"401774353","2025","8","false","2042","Augustana (IL)","31","32","Carroll University (WI)","24"
"401767584","2025","8","false","2643","The Citadel","38","2717","Western Carolina","45"
"401773465","2025","8","false","125","Grand Valley State University","19","129","Saginaw Valley State","20"
"401767538","2025","8","false","2460","Northern Iowa","14","233","South Dakota","17"
"401767459","2025","8","false","2640","Texas Southern","61","2355","Virginia University Of Lynchburg","10"
"401774276","2025","8","false","2639","Texas Lutheran","50","418","Hendrix College","48"
"401774223","2025","8","false","2938","Huntingdon College (AL)","20","286","North Carolina Wesleyan","21"
"401774240","2025","8","false","2398","Millsaps","31","2373","Maryville College (TN)","21"
"401774282","2025","8","false","2553","Sewanee","7","2757","Berry College","44"
"401773442","2025","8","false","389","Upper Iowa University","39","2586","Southwest Baptist","2"
"401773837","2025","8","false","611","Seton Hill","28","367","Gannon","14"
"401773875","2025","8","false","2146","Colorado School Of Mines","72","2001","Adams State","14"
"401773890","2025","8","false","2237","Fort Lewis","0","2123","Chadron St","41"
"401773069","2025","8","false","330","Virginia St","24","2207","Elizabeth City State","20"
"401773134","2025","8","false","2822","North Greenville","20","2882","UNC Pembroke","7"
"401773182","2025","8","false","263","Loras College","20","2685","Wartburg","40"
"401777036","2025","8","false","6353","Lakeland","31","2741","Wisconsin-Lutheran","34"
"401777047","2025","8","false","2832","St. Norbert","44","101","Eureka College","0"
"401776747","2025","8","false","2802","Bethel (MN)","64","133","St. Olaf","10"
"401767728","2025","8","false","257","Richmond","22","107","Holy Cross","28"
"401773366","2025","8","false","2271","Henderson State","10","2264","Harding University","35"
"401773402","2025","8","false","2292","Indianapolis","62","2876","Lincoln (MO)","7"
"401762842","2025","8","false","2649","Toledo","45","2309","Kent State","10"
"401773253","2025","8","false","2194","East Texas Baptist University","16","2810","Hardin-Simmons","34"
"401766699","2025","8","false","268","Lawrence University","0","266","Beloit","34"
"401766700","2025","8","false","262","Lake Forest College","70","65","Grinnell","0"
"401776731","2025","8","false","2359","Macalester","21","124","Augsburg","32"
"401767630","2025","8","false","2413","Morehead State","23","2368","Marist","21"
"401774151","2025","8","false","2951","SUNY Maritime","42","2467","Norwich","0"
"401776799","2025","8","false","2812","Hope College","56","126","Kalamazoo","21"
"401773040","2025","8","false","2964","Central College","34","6845","Nebraska Wesleyan","13"
"401773805","2025","8","false","2071","Bloomsburg","13","2974","Shepherd","37"
"401773912","2025","8","false","613","South Dakota Mines","13","2714","Western Colorado","34"
"401773189","2025","8","false","67","Luther","3","2564","Simpson College (IA)","36"
"401774393","2025","8","false","143","Washington University (St. Louis)","17","72","Elmhurst","0"
"401776739","2025","8","false","2968","Gustavus Adolphus","45","375","St. Scholastica","6"
"401776771","2025","8","false","2152","Concordia Moorhead","6","2600","Saint John's (MN)","41"
"401777015","2025","8","false","2044","Aurora","45","409","Concordia-Wisconsin","54"
"401777246","2025","8","true","131109","Roanoke College","20","2828","Shenandoah","33"
"401776764","2025","8","false","2101","Carleton","63","162","Hamline University","14"
"401777023","2025","8","false","2524","Rockford","26","2151","Concordia University Chicago","37"
"401774371","2025","8","false","396","Wheaton","47","2106","Carthage","21"
"401767212","2025","8","false","2815","Lindenwood","28","2635","Tennessee Tech","52"
"401774460","2025","8","false","2045","Austin","13","241","McMurry","31"
"401762840","2025","8","false","113","Massachusetts","21","2084","Buffalo","28"
"401773618","2025","8","false","138","Northwest Missouri St","52","2231","Fort Hays State","3"
"401773435","2025","8","false","2654","Truman State","44","2825","Quincy","21"
"401773815","2025","8","false","2858","PennWest California","31","2134","Clarion","28"
"401766702","2025","8","false","2286","Illinois College","64","255","Knox College","14"
"401773848","2025","8","false","2315","Kutztown University","43","210","Millersville","14"
"401773337","2025","8","false","2568","Southern Arkansas","42","2033","Arkansas Tech","7"
"401773647","2025","8","false","2687","Washburn","37","2118","Central Missouri","17"
"401804721","2025","8","false","2371","Mary Hardin-Baylor","28","102626","Texas Wesleyan","19"
"401767383","2025","8","false","2029","Arkansas-Pine Bluff","16","2755","Grambling","20"
"401767429","2025","8","false","2400","Mississippi Valley State","49","124179","Lincoln (CA)","0"
"401790374","2025","8","false","2069","Black Hills State","14","2570","CSU Pueblo","40"
"401773996","2025","8","false","2396","Miles College","27","2805","Clark Atlanta","20"
"401774002","2025","8","true","2232","Fort Valley State","7","2542","Savannah St","0"
"401773378","2025","8","false","199","Southeastern Oklahoma State","56","2823","Northwestern Oklahoma State","14"
"401766701","2025","8","false","2919","Monmouth (IL)","45","2155","Cornell College (IA)","3"
"401773952","2025","8","false","2331","Lenoir-Rhyne","23","2842","UVA Wise","10"
"401773160","2025","8","false","49","Dubuque","47","63","Buena Vista","20"
"401752874","2025","8","false","77","Northwestern","19","2509","Purdue","0"
"401773909","2025","8","false","2424","New Mexico Highlands","28","11","Colorado Mesa","22"
"401777307","2025","8","false","2399","Minnesota Morris","3","583","Northwestern (MN)","21"
"401761633","2025","8","false","2433","UL Monroe","14","2653","Troy","37"
"401767100","2025","8","false","149","Montana","43","2529","Sacred Heart","21"
"401762491","2025","8","false","249","North Texas","55","2636","UTSA","17"
"401777299","2025","8","false","101161","LYONCOLL","20","101442","CENTENARY","23"
"401754565","2025","8","false","228","Clemson","24","2567","SMU","35"
"401762843","2025","8","false","195","Ohio","48","2459","Northern Illinois","21"
"401762838","2025","8","false","2050","Ball State","42","2006","Akron","28"
"401762489","2025","8","false","2429","Charlotte","14","218","Temple","49"
"401761631","2025","8","false","256","James Madison","63","295","Old Dominion","27"
"401761629","2025","8","false","2026","App State","37","324","Coastal Carolina","45"
"401752878","2025","8","false","84","Indiana","38","127","Michigan State","13"
"401752742","2025","8","false","61","Georgia","43","145","Ole Miss","35"
"401767155","2025","8","false","2729","William & Mary","26","2210","Elon","21"
"401760393","2025","8","false","68","Boise State","56","2439","UNLV","31"
"401752877","2025","8","false","275","Wisconsin","0","194","Ohio State","34"
"401767321","2025","8","false","399","UAlbany","17","227","Rhode Island","58"
"401760392","2025","8","false","2005","Air Force","24","2751","Wyoming","21"
"401767144","2025","8","false","2097","Campbell","10","160","New Hampshire","24"
"401761632","2025","8","false","276","Marshall","40","326","Texas State","37"
"401752739","2025","8","false","8","Arkansas","42","245","Texas A&M","45"
"401786378","2025","8","false","379","UMass Dartmouth","32","402","Worcester St","7"
"401773127","2025","8","false","2560","Shorter","19","101784","ERSKINE","23"
"401767485","2025","8","false","2320","Lamar","23","292","UT Rio Grande Valley","21"
"401773291","2025","8","false","18","Bridgewater State","47","110438","Dean College","25"
"401773356","2025","8","false","2191","East Central (OK)","37","319","Oklahoma Baptist","31"
"401773450","2025","8","false","2911","William Jewell","7","196","Northeastern State","35"
"401774263","2025","8","false","17","Claremont-Mudd-Scripps College","22","2318","La Verne","19"
"401777073","2025","8","false","2746","Wittenberg","40","2171","Denison University","43"
"401773109","2025","8","false","122666","Wilson","28","2804","Chowan","21"
"401777148","2025","8","false","203","Linfield College","20","2721","Whitworth","30"
"401777155","2025","8","false","2486","Pacific Lutheran","47","205","Pacific (OR)","29"
"401777170","2025","8","false","2508","Puget Sound","45","2930","Willamette","28"
"401777222","2025","8","false","2047","Averett","7","297","Hampden-Sydney","67"
"401767166","2025","8","false","2710","Western Illinois","24","2127","Charleston Southern","29"
"401777258","2025","8","false","2018","Allegheny","6","146","Grove City College","42"
"401773991","2025","8","false","2206","Edward Waters","27","490","Benedict College","31"
"401767373","2025","8","false","50","Florida A&M","33","2016","Alcorn State","28"
"401762487","2025","8","false","5","UAB","31","235","Memphis","24"
"401756923","2025","8","false","9","Arizona State","26","2641","Texas Tech","22"
"401773575","2025","8","false","2848","Western Oregon","31","110243","UT Permian Basin","28"
"401752741","2025","8","false","57","Florida","23","344","Mississippi State","21"
"401777142","2025","8","false","415","NEWBERG","42","2333","Lewis & Clark College","28"
"401761668","2025","8","false","309","Louisiana","10","2572","Southern Miss","22"
"401767521","2025","8","false","2545","SE Louisiana","49","2466","Northwestern State","0"
"401783303","2025","8","false","452","Endicott College","45","2702","Western New England","24"
"401773764","2025","8","false","425","Northern State","55","2587","Southwest Minnesota State","23"
"401767434","2025","8","false","2582","Southern","3","2504","Prairie View A&M","24"
"401767128","2025","8","false","2502","Portland State","27","2692","Weber State","43"
"401767745","2025","8","false","2681","Wagner","17","2115","Central Connecticut","24"
"401767227","2025","8","false","2634","Tennessee State","24","47","Howard","7"
"401767462","2025","8","false","2916","Incarnate Word","45","2837","East Texas A&M","52"
"401773959","2025","8","false","2444","Newberry","38","2369","Mars Hill","24"
"401767753","2025","8","false","2385","Mercyhurst","0","2184","Duquesne","37"
"401773869","2025","8","false","2188","East Stroudsburg University","24","2559","Shippensburg","7"
"401752876","2025","8","false","164","Rutgers","10","2483","Oregon","56"
"401752951","2025","8","false","258","Virginia","22","265","Washington State","20"
"401773540","2025","8","false","2025","Angelo State","48","2395","Midwestern State","24"
"401773527","2025","8","false","2695","West Alabama","16","110242","West Florida","23"
"401767517","2025","8","false","2617","Stephen F. Austin","34","2447","Nicholls","7"
"401774347","2025","8","false","2121","Centre College Kentucky","19","2588","Southwestern University","16"
"401773630","2025","8","false","137","Missouri Western","20","90","Pittsburg St","44"
"401767301","2025","8","false","2627","Tarleton State","45","2698","West Georgia","10"
"401752743","2025","8","false","96","Kentucky","13","251","Texas","16"
"401752875","2025","8","false","2294","Iowa","25","213","Penn State","24"
"401761630","2025","8","false","290","Georgia Southern","41","2247","Georgia State","24"
"401767280","2025","8","false","2453","North Alabama","35","2198","Eastern Kentucky","14"
"401752879","2025","8","false","26","UCLA","20","120","Maryland","17"
"401767471","2025","8","false","2377","McNeese","27","2277","Houston Christian","0"
"401760394","2025","8","false","36","Colorado State","19","62","Hawai'i","31"
"401767092","2025","8","false","331","Eastern Washington","21","70","Idaho","14"
"401752738","2025","8","false","333","Alabama","37","2633","Tennessee","20"
"401752871","2025","8","false","87","Notre Dame","34","30","USC","24"
"401754568","2025","8","false","183","Syracuse","13","221","Pittsburgh","30"
"401762490","2025","8","false","58","South Florida","48","2226","Florida Atlantic","13"
"401752740","2025","8","false","2","Auburn","17","142","Missouri","23"
"401773600","2025","8","false","2122","Central Oklahoma","56","2214","Emporia State University","22"
"401756926","2025","8","false","197","Oklahoma State","17","2132","Cincinnati","49"
"401773550","2025","8","false","2704","West Texas A&M","43","2201","Eastern New Mexico","14"
"401756924","2025","8","false","252","BYU","24","254","Utah","21"
"401767243","2025","8","false","253","Southern Utah","31","2000","Abilene Christian","24"
"401767123","2025","8","false","16","Sacramento State","40","2458","Northern Colorado","35"
"401773568","2025","8","false","2120","Central Washington","24","2658","Texas A&M-Kingsville","21"
"401773589","2025","8","false","2703","Western New Mexico","45","2834","Sul Ross State","42"
"401760395","2025","8","false","167","New Mexico","24","2440","Nevada","22"
"401752941","2025","8","false","204","Oregon State","45","322","Lafayette","13"
"401774269","2025","8","false","2094","California Lutheran University","25","411","Chapman","35"
"401774256","2025","8","false","29","Redlands","16","2923","Pomona Pitzer","14"
"401754567","2025","8","false","24","Stanford","20","52","Florida State","13"
"401773419","2025","8","false","2816","McKendree","10","2402","Missouri S&T","29"
"401757285","2025","9","false","2229","Florida International","26","338","Kennesaw State","45"
"401757286","2025","9","false","2348","Louisiana Tech","27","98","Western Kentucky","28"
"401757287","2025","9","false","48","Delaware","31","2393","Middle Tennessee","28"
"401757288","2025","9","false","166","New Mexico State","17","2623","Missouri State","24"
"401761634","2025","9","false","2247","Georgia State","31","6","South Alabama","38"
"401767701","2025","9","false","159","Dartmouth","49","171","Columbia","3"
"401762492","2025","9","false","2429","Charlotte","20","249","North Texas","54"
"401754372","2025","9","false","259","Virginia Tech","42","25","California","34"
"401760397","2025","9","false","2440","Nevada","3","68","Boise State","24"
"401767101","2025","9","false","16","Sacramento State","35","149","Montana","49"
"401756932","2025","9","false","2305","Kansas","17","2306","Kansas State","42"
"401754573","2025","9","false","153","North Carolina","16","258","Virginia","17"
"401773806","2025","9","false","210","Millersville","21","2071","Bloomsburg","37"
"401774136","2025","9","false","293","Castleton","20","2818","Montclair State","48"
"401773239","2025","9","false","2224","Findlay","27","2477","Ohio Dominican","20"
"401777270","2025","9","false","2644","Thiel","7","2963","Case Western Reserve","55"
"401773507","2025","9","false","2682","Walsh","41","2646","Thomas More College","20"
"401767754","2025","9","false","2681","Wagner","24","2184","Duquesne","13"
"401767617","2025","9","false","2168","Dayton","35","2506","Presbyterian","19"
"401783364","2025","9","false","81","Springfield","35","2383","Merchant Marine Academy","7"
"401777223","2025","9","false","2828","Shenandoah","48","2047","Averett","3"
"401773475","2025","9","false","128","Northern Michigan","17","2392","Michigan Tech","56"
"401778002","2025","9","false","40","Curry College","52","2702","Western New England","31"
"401762848","2025","9","false","2199","Eastern Michigan","21","195","Ohio","28"
"401762846","2025","9","false","2309","Kent State","24","189","Bowling Green","21"
"401762494","2025","9","false","235","Memphis","34","58","South Florida","31"
"401761635","2025","9","false","295","Old Dominion","24","2026","App State","21"
"401754571","2025","9","false","59","Georgia Tech","41","183","Syracuse","16"
"401774055","2025","9","false","3110","SUNY Morrisville","3","2781","Brockport","61"
"401773830","2025","9","false","367","Gannon","20","2205","Edinboro University","41"
"401773866","2025","9","false","2974","Shepherd","26","2188","East Stroudsburg University","21"
"401773458","2025","9","false","110254","Davenport","75","127991","Roosevelt","23"
"401773849","2025","9","false","223","West Chester","7","2315","Kutztown University","41"
"401773301","2025","9","false","365","Alfred University","28","390","Utica","51"
"401752750","2025","9","false","201","Oklahoma","26","145","Ole Miss","34"
"401773282","2025","9","false","15","Anna Maria College","30","114","Fitchburg State","22"
"401767668","2025","9","false","2083","Bucknell","24","46","Georgetown","31"
"401752885","2025","9","false","84","Indiana","56","26","UCLA","6"
"401777978","2025","9","false","2060","Bentley","42","2487","Pace","13"
"401767623","2025","9","false","2368","Marist","17","2181","Drake","31"
"401779510","2025","9","false","2341","Long Island University","38","2441","New Haven","16"
"401777263","2025","9","false","2422","Muhlenberg","27","2102","Carnegie Mellon","23"
"401752884","2025","9","false","2509","Purdue","24","164","Rutgers","27"
"401783918","2025","9","false","18","Bridgewater State","35","379","UMass Dartmouth","15"
"401752883","2025","9","false","158","Nebraska","28","77","Northwestern","21"
"401773309","2025","9","false","125974","Hilbert College","14","2528","Rensselaer","69"
"401774214","2025","9","false","286","North Carolina Wesleyan","10","2896","Southern Virginia","19"
"401767607","2025","9","false","2166","Davidson","28","301","San Diego","40"
"401774152","2025","9","false","2557","Coast Guard","59","2467","Norwich","28"
"401767705","2025","9","false","163","Princeton","14","108","Harvard","35"
"401776973","2025","9","true","131108","New England College","14","274","Maine Maritime","10"
"401767774","2025","9","false","2385","Mercyhurst","15","284","Stonehill","22"
"401788997","2025","9","false","43","Yale","35","219","Pennsylvania","13"
"401777972","2025","9","false","2038","Assumption","35","2022","American International","14"
"401783347","2025","9","false","2808","Delaware Valley","41","471","Stevenson","38"
"401778019","2025","9","false","109","MIT","28","2776","Salve Regina","20"
"401777778","2025","9","false","2884","Nichols College","3","452","Endicott College","56"
"401783335","2025","9","false","2015","Albright","32","2221","FDU-Florham","18"
"401788915","2025","9","false","110","Mass Maritime","14","2967","Framingham State","12"
"401752942","2025","9","false","154","Wake Forest","13","2567","SMU","12"
"401752746","2025","9","false","8","Arkansas","24","2","Auburn","33"
"401773687","2025","9","false","2699","West Liberty","28","2249","Glenville State","32"
"401774078","2025","9","false","2248","Gettysburg","21","118","Johns Hopkins University","59"
"401783341","2025","9","false","111674","Reading","14","2725","Widener","32"
"401783903","2025","9","false","2827","Rowan","28","2532","Salisbury","31"
"401774068","2025","9","false","2667","Ursinus","20","2234","Franklin & Marshall","52"
"401777605","2025","9","false","433","Westminster College (MO)","28","446","Martin Luther","38"
"401767176","2025","9","false","311","Maine","35","2210","Elon","14"
"401774310","2025","9","false","2970","William Paterson","7","3112","Christopher Newport","52"
"401774016","2025","9","false","2119","Central State (OH)","24","2396","Miles College","28"
"401767650","2025","9","false","56","Stetson","10","2900","St. Thomas (MN)","52"
"401773083","2025","9","false","2551","Shaw","13","2220","Fayetteville State","31"
"401766707","2025","9","false","2891","Ripon","0","2286","Illinois College","31"
"401777283","2025","9","false","146","Grove City College","14","2849","Westminster (PA)","7"
"401774232","2025","9","false","2056","Belhaven","28","291","Methodist","7"
"401774108","2025","9","false","175","Ithaca College","14","237","Union (NY)","19"
"401766714","2025","9","false","33","Colby College","17","348","Hamilton","10"
"401766713","2025","9","false","340","Bowdoin","3","2977","Trinity (CT)","45"
"401800973","2025","9","false","2749","Worcester Polytechnic Institute","7","2951","SUNY Maritime","28"
"401774126","2025","9","false","129738","Calvin University","34","2651","Trine University","31"
"401773500","2025","9","false","2316","Kentucky Wesleyan","14","2886","Northwood (MI)","49"
"401773681","2025","9","false","112335","Wheeling","13","341","Frostburg State","31"
"401767345","2025","9","false","2428","North Carolina Central","26","2169","Delaware State","35"
"401773212","2025","9","false","2838","Tiffin","27","308","Ashland","30"
"401773721","2025","9","false","126086","Post University","17","112334","Franklin Pierce","28"
"401767554","2025","9","false","172","Cornell","30","225","Brown","24"
"401767145","2025","9","false","2448","North Carolina A&T","28","2097","Campbell","24"
"401777735","2025","9","false","2700","McDaniel College","20","2175","Dickinson (PA)","23"
"401766712","2025","9","false","2394","Middlebury","34","121","Bates","16"
"401773063","2025","9","false","2339","Lincoln (PA)","14","2207","Elizabeth City State","62"
"401773128","2025","9","false","366","Ferrum","35","101784","ERSKINE","33"
"401774454","2025","9","false","418","Hendrix College","38","101161","LYONCOLL","21"
"401773054","2025","9","false","2676","Virginia Union","24","2075","Bowie State","7"
"401774095","2025","9","false","216","Susquehanna","69","2108","Catholic","13"
"401777558","2025","9","false","134","Minnesota Duluth","54","559","University of Mary","32"
"401776998","2025","9","false","2969","Misericordia","21","127954","Eastern University","28"
"401777099","2025","9","false","352","Kenyon","13","2980","Ohio Wesleyan","55"
"401777592","2025","9","false","548","Lagrange College","30","2938","Huntingdon College (AL)","14"
"401777107","2025","9","false","2302","John Carroll University","66","2748","Wooster","7"
"401777290","2025","9","false","2686","Washington & Jefferson","56","2845","Waynesburg","0"
"401777232","2025","9","false","297","Hampden-Sydney","35","131109","Roanoke College","10"
"401777241","2025","9","false","417","Gallaudet","7","2516","Randolph-Macon","47"
"401777308","2025","9","false","2257","Greenville","27","2399","Minnesota Morris","20"
"401774241","2025","9","false","2588","Southwestern University","13","2373","Maryville College (TN)","44"
"401774144","2025","9","false","323","Moravian","35","2843","Western Connecticut St","28"
"401773091","2025","9","false","2304","Johnson C Smith","52","2736","Winston-Salem","27"
"401773466","2025","9","false","2222","Ferris State","38","125","Grand Valley State University","31"
"401773953","2025","9","false","2369","Mars Hill","0","2331","Lenoir-Rhyne","45"
"401773997","2025","9","false","2805","Clark Atlanta","41","2206","Edward Waters","55"
"401774041","2025","9","false","374","St John Fisher University","7","2782","Cortland","31"
"401774305","2025","9","false","111675","Biddeford","38","2280","Husson","28"
"401774340","2025","9","false","2757","Berry College","43","2398","Millsaps","20"
"401776791","2025","9","false","354","Olivet College","21","2800","Alma","53"
"401776989","2025","9","false","388","Lebanon Valley","20","247","Kings College (PA)","21"
"401766716","2025","9","false","336","Wesleyan University (CT)","31","7","Amherst","21"
"401774317","2025","9","false","2871","Kean","7","2442","College Of New Jersey","24"
"401776732","2025","9","false","124","Augsburg","7","2152","Concordia Moorhead","26"
"401776779","2025","9","false","2003","Adrian","17","2812","Hope College","19"
"401776783","2025","9","false","126","Kalamazoo","30","2790","Albion","26"
"401773853","2025","9","false","2559","Shippensburg","21","209","Lock Haven University","35"
"401783307","2025","9","false","2354","Lycoming","31","398","Wilkes","21"
"401773730","2025","9","false","2583","Southern Connecticut State","37","2830","St. Anselm","13"
"401774103","2025","9","false","174","Hobart College","49","2779","St. Lawrence","17"
"401767271","2025","9","false","160","New Hampshire","34","2729","William & Mary","24"
"401767675","2025","9","false","2230","Fordham","6","2329","Lehigh","27"
"401767638","2025","9","false","2674","Valparaiso","13","2413","Morehead State","17"
"401773653","2025","9","false","2986","Fairmont State","35","2128","University Of Charleston (WV)","45"
"401767035","2025","9","false","227","Rhode Island","38","2803","Bryant","17"
"401767729","2025","9","false","107","Holy Cross","28","2142","Colgate","29"
"401762844","2025","9","false","2084","Buffalo","16","2006","Akron","24"
"401767221","2025","9","false","2635","Tennessee Tech","42","2546","Southeast Missouri State","23"
"401777194","2025","9","false","332","Muskingum University","14","191","Heidelberg","27"
"401774419","2025","9","false","2262","Hanover College","76","2362","Manchester","7"
"401777217","2025","9","false","2023","Anderson (IN)","23","2733","Wilmington (OH)","34"
"401777209","2025","9","false","426","University of Mount Union","33","427","Ohio Northern","7"
"401777187","2025","9","false","424","Capital","19","359","Otterbein","20"
"401766715","2025","9","false","112","Tufts","41","2731","Williams","20"
"401774412","2025","9","false","2419","Mount St. Joseph","52","2233","Franklin","21"
"401773292","2025","9","false","402","Worcester St","52","110438","Dean College","27"
"401774348","2025","9","false","386","Trinity University TX","19","2121","Centre College Kentucky","14"
"401767408","2025","9","false","2450","Norfolk State","20","2569","South Carolina State","51"
"401767441","2025","9","false","233","South Dakota","13","2287","Illinois State","21"
"401766709","2025","9","false","268","Lawrence University","0","255","Knox College","0"
"401766710","2025","9","false","266","Beloit","0","2919","Monmouth (IL)","72"
"401766711","2025","9","false","2155","Cornell College (IA)","24","262","Lake Forest College","49"
"401773823","2025","9","false","2134","Clarion","23","611","Seton Hill","17"
"401773977","2025","9","false","490","Benedict College","3","2013","Albany State GA","31"
"401773451","2025","9","false","2911","William Jewell","10","389","Upper Iowa University","28"
"401773492","2025","9","false","129","Saginaw Valley State","28","131","Wayne State (MI)","7"
"401773097","2025","9","false","2940","Livingstone","44","2355","Virginia University Of Lynchburg","22"
"401773177","2025","9","false","2564","Simpson College (IA)","27","49","Dubuque","7"
"401774164","2025","9","false","2738","Wisconsin-Eau Claire","21","2723","Wisconsin-River Falls","73"
"401773254","2025","9","false","2810","Hardin-Simmons","68","2904","Southwestern Assemblies Of God","14"
"401773110","2025","9","false","122666","Wilson","7","2560","Shorter","33"
"401773161","2025","9","false","63","Buena Vista","14","263","Loras College","28"
"401776755","2025","9","false","2600","Saint John's (MN)","49","2101","Carleton","10"
"401776765","2025","9","false","162","Hamline University","9","2968","Gustavus Adolphus","63"
"401793943","2025","9","false","129469","Anderson (Sc)","3","351","Wingate","30"
"401773755","2025","9","false","568","Minot State","17","2894","Sioux Falls","24"
"401773738","2025","9","false","132","Bemidji State","47","2939","Jamestown College","25"
"401773619","2025","9","false","2687","Washburn","10","2231","Fort Hays State","13"
"401773443","2025","9","false","2586","Southwest Baptist","16","2654","Truman State","27"
"401773388","2025","9","false","2888","Ouachita Baptist","42","2568","Southern Arkansas","14"
"401786478","2025","9","false","2909","Westfield State","35","2972","Plymouth State","42"
"401777024","2025","9","false","2151","Concordia University Chicago","20","409","Concordia-Wisconsin","47"
"401777043","2025","9","false","2832","St. Norbert","61","2524","Rockford","10"
"401776759","2025","9","false","2802","Bethel (MN)","53","2359","Macalester","0"
"401776740","2025","9","false","133","St. Olaf","44","375","St. Scholastica","41"
"401774403","2025","9","false","86","Rose-Hulman","27","2074","Bluffton","30"
"401767498","2025","9","false","2754","Youngstown State","51","93","Murray State","17"
"401767167","2025","9","false","2127","Charleston Southern","17","2197","Eastern Illinois","16"
"401777037","2025","9","false","2283","Benedictine University","42","6353","Lakeland","35"
"401777137","2025","9","false","391","Oberlin","0","2746","Wittenberg","52"
"401767569","2025","9","false","231","Furman","24","2643","The Citadel","14"
"401777589","2025","9","false","2371","Mary Hardin-Baylor","41","2758","Howard Payne","17"
"401777179","2025","9","false","188","Baldwin Wallace","38","317","Marietta","0"
"401773049","2025","9","false","2141","Coe College","42","67","Luther","21"
"401767302","2025","9","false","2698","West Georgia","18","2110","Central Arkansas","17"
"401773438","2025","9","false","2825","Quincy","31","2402","Missouri S&T","30"
"401773663","2025","9","false","2148","Concord University","31","455","West Virginia Wesleyan","21"
"401767185","2025","9","false","2261","Hampton","10","2405","Monmouth","28"
"401774193","2025","9","false","2744","Wisconsin-Stout","42","2743","Wisconsin-Stevens Pt","22"
"401774354","2025","9","false","3071","North Central College","76","2042","Augustana (IL)","14"
"401774362","2025","9","false","32","Carroll University (WI)","47","72","Elmhurst","7"
"401774394","2025","9","false","396","Wheaton","28","143","Washington University (St. Louis)","24"
"401774378","2025","9","false","306","Illinois Wesleyan","49","75","North Park","21"
"401774186","2025","9","false","2745","Wisconsin-Whitewater","29","272","Wisconsin-Platteville","19"
"401773816","2025","9","false","2291","Indiana-Pennsylvania","38","2858","PennWest California","30"
"401774372","2025","9","false","2106","Carthage","24","74","Millikin","7"
"401773786","2025","9","false","2844","Wayne State (NE)","35","2364","Minnesota State Mankato","20"
"401773772","2025","9","false","2587","Southwest Minnesota State","29","2043","Augustana University (SD)","57"
"401773412","2025","9","false","2816","McKendree","54","2876","Lincoln (MO)","48"
"401766708","2025","9","false","65","Grinnell","7","80","Chicago","38"
"401773041","2025","9","false","2685","Wartburg","28","2964","Central College","13"
"401773070","2025","9","false","330","Virginia St","51","124180","Bluefield State","34"
"401773247","2025","9","false","2273","Hillsdale","35","437","Lake Erie","10"
"401767228","2025","9","false","2634","Tennessee State","16","2710","Western Illinois","17"
"401773609","2025","9","false","2118","Central Missouri","27","2214","Emporia State University","31"
"401783327","2025","9","false","2085","Buffalo State","3","184","University of Rochester (NY)","23"
"401774003","2025","9","false","2323","Lane College","19","2232","Fort Valley State","23"
"401767539","2025","9","false","79","Southern Illinois","31","2460","Northern Iowa","17"
"401767374","2025","9","false","2016","Alcorn State","32","2400","Mississippi Valley State","10"
"401774010","2025","9","false","2542","Savannah St","24","60","Morehouse College","16"
"401773624","2025","9","false","2403","Missouri Southern State","12","137","Missouri Western","19"
"401767124","2025","9","false","2458","Northern Colorado","16","302","UC Davis","27"
"401773984","2025","9","false","2657","Tuskegee","13","2019","Allen","28"
"401767065","2025","9","false","2692","Weber State","20","331","Eastern Washington","23"
"401773778","2025","9","false","2851","Winona State","24","3066","Concordia University St Paul","14"
"401774283","2025","9","false","2519","Rhodes College","6","2553","Sewanee","28"
"401773517","2025","9","false","2695","West Alabama","38","2170","Delta State","41"
"401773138","2025","9","false","2673","Valdosta State","35","2822","North Greenville","24"
"401773637","2025","9","false","138","Northwest Missouri St","14","2438","Nebraska-Kearney","0"
"401774171","2025","9","false","2740","Wisconsin-Lacrosse","44","271","Wisconsin-Oshkosh","13"
"401773348","2025","9","false","2264","Harding University","55","2028","Arkansas-Monticello","0"
"401773896","2025","9","false","2714","Western Colorado","40","2146","Colorado School Of Mines","17"
"401773941","2025","9","false","2105","Carson-Newman College","35","2842","UVA Wise","14"
"401777074","2025","9","false","2171","Denison University","28","83","Depauw","35"
"401773531","2025","9","false","110242","West Florida","55","2707","West Virginia State","6"
"401773357","2025","9","false","2927","Southwestern Oklahoma State","38","2191","East Central (OK)","14"
"401777091","2025","9","false","2274","Hiram College","13","2018","Allegheny","28"
"401777279","2025","9","false","2242","Geneva","75","2062","Bethany (WV)","28"
"401767486","2025","9","false","2466","Northwestern State","14","2320","Lamar","41"
"401767435","2025","9","false","2504","Prairie View A&M","38","124179","Lincoln (CA)","0"
"401767384","2025","9","false","2065","Bethune-Cookman","31","2029","Arkansas-Pine Bluff","14"
"401767204","2025","9","false","2815","Lindenwood","20","2241","Gardner-Webb","48"
"401757172","2025","9","false","242","Rice","37","41","UConn","34"
"401767281","2025","9","false","2198","Eastern Kentucky","7","2627","Tarleton State","31"
"401760400","2025","9","false","167","New Mexico","33","328","Utah State","14"
"401767577","2025","9","false","2382","Mercer","62","2678","VMI","0"
"401767472","2025","9","false","2277","Houston Christian","14","2545","SE Louisiana","38"
"401767764","2025","9","false","2598","St. Francis (PA)","14","2523","Robert Morris","24"
"401752880","2025","9","false","264","Washington","42","356","Illinois","25"
"401767325","2025","9","false","2619","Stony Brook","27","119","Towson","19"
"401756931","2025","9","false","66","Iowa State","27","252","BYU","41"
"401762845","2025","9","false","2459","Northern Illinois","21","2050","Ball State","7"
"401752751","2025","9","false","2579","South Carolina","22","333","Alabama","29"
"401762847","2025","9","false","2117","Central Michigan","38","113","Massachusetts","13"
"401752882","2025","9","false","2294","Iowa","41","135","Minnesota","3"
"401762493","2025","9","false","2426","Navy","42","2226","Florida Atlantic","32"
"401767533","2025","9","false","2535","Samford","13","236","Chattanooga","49"
"401762495","2025","9","false","202","Tulsa","37","218","Temple","38"
"401767561","2025","9","false","2193","East Tennessee State","14","2747","Wofford","10"
"401752752","2025","9","false","238","Vanderbilt","17","142","Missouri","10"
"401767334","2025","9","false","222","Villanova","29","399","UAlbany","16"
"401752952","2025","9","false","265","Washington State","28","2649","Toledo","7"
"401767354","2025","9","false","47","Howard","33","2415","Morgan State","27"
"401761637","2025","9","false","2572","Southern Miss","49","2433","UL Monroe","21"
"401762874","2025","9","false","193","Miami (OH)","26","2711","Western Michigan","17"
"401754574","2025","9","false","221","Pittsburgh","53","152","NC State","34"
"401767314","2025","9","true","2010","Alabama A&M","13","2011","Alabama State","56"
"401760399","2025","9","false","278","Fresno State","0","21","San Diego State","23"
"401777149","2025","9","false","2486","Pacific Lutheran","15","203","Linfield College","31"
"401773272","2025","9","false","3162","Alfred State","54","173","Hartwick","28"
"401767252","2025","9","false","2046","Austin Peay","56","2453","North Alabama","28"
"401767093","2025","9","false","70","Idaho","45","2502","Portland State","6"
"401767493","2025","9","false","2447","Nicholls","31","2377","McNeese","7"
"401756930","2025","9","false","2132","Cincinnati","41","239","Baylor","20"
"401777173","2025","9","false","2333","Lewis & Clark College","35","2721","Whitworth","42"
"401777156","2025","9","false","205","Pacific (OR)","35","2930","Willamette","14"
"401767450","2025","9","false","155","North Dakota","46","282","Indiana State","17"
"401777252","2025","9","false","2688","Washington and Lee","20","2079","Bridgewater (VA)","17"
"401773904","2025","9","false","11","Colorado Mesa","24","2237","Fort Lewis","14"
"401756933","2025","9","false","2641","Texas Tech","42","197","Oklahoma State","0"
"401773379","2025","9","false","2823","Northwestern Oklahoma State","33","200","Southern Nazarene","22"
"401752749","2025","9","false","344","Mississippi State","38","251","Texas","45"
"401777143","2025","9","false","415","NEWBERG","48","2508","Puget Sound","23"
"401767456","2025","9","false","2582","Southern","35","50","Florida A&M","43"
"401774277","2025","9","false","2045","Austin","7","2639","Texas Lutheran","55"
"401773551","2025","9","false","2201","Eastern New Mexico","59","2703","Western New Mexico","35"
"401773338","2025","9","false","2033","Arkansas Tech","17","2271","Henderson State","6"
"401773119","2025","9","false","2804","Chowan","10","2882","UNC Pembroke","42"
"401774461","2025","9","false","101442","CENTENARY","6","241","McMurry","52"
"401783911","2025","9","false","101","Eureka College","12","2741","Wisconsin-Lutheran","42"
"401774249","2025","9","false","2256","Greensboro College","7","2913","Brevard College","34"
"401773948","2025","9","false","2444","Newberry","36","2213","Emory & Henry College","34"
"401773933","2025","9","false","2107","Catawba","38","2839","Greeneville","3"
"401767419","2025","9","true","2755","Grambling","26","2296","Jackson State","24"
"401767085","2025","9","false","304","Idaho State","18","2464","Northern Arizona","31"
"401756935","2025","9","false","277","West Virginia","17","2628","TCU","23"
"401752886","2025","9","false","2483","Oregon","21","275","Wisconsin","7"
"401761636","2025","9","false","2032","Arkansas State","34","290","Georgia Southern","24"
"401754572","2025","9","false","2390","Miami","42","24","Stanford","7"
"401773748","2025","9","false","425","Northern State","49","2817","Minnesota State Moorhead","48"
"401761638","2025","9","false","2653","Troy","35","309","Louisiana","23"
"401773576","2025","9","false","110243","UT Permian Basin","22","2704","West Texas A&M","6"
"401767463","2025","9","false","2837","East Texas A&M","21","2617","Stephen F. Austin","31"
"401773384","2025","9","false","319","Oklahoma Baptist","10","199","Southeastern Oklahoma State","14"
"401752881","2025","9","false","127","Michigan State","20","130","Michigan","31"
"401754570","2025","9","false","97","Louisville","38","103","Boston College","24"
"401752748","2025","9","false","99","LSU","25","245","Texas A&M","49"
"401760398","2025","9","false","2751","Wyoming","28","36","Colorado State","0"
"401752747","2025","9","false","96","Kentucky","34","2633","Tennessee","56"
"401767478","2025","9","false","292","UT Rio Grande Valley","56","2916","Incarnate Word","28"
"401767295","2025","9","false","3101","Utah Tech","7","253","Southern Utah","28"
"401777614","2025","9","false","583","Northwestern (MN)","24","509","Crown College","16"
"401756929","2025","9","false","9","Arizona State","16","248","Houston","24"
"401767075","2025","9","false","13","Cal Poly","17","147","Montana State","34"
"401773541","2025","9","false","2834","Sul Ross State","","2025","Angelo State","62"
"401773876","2025","9","false","2001","Adams State","10","2424","New Mexico Highlands","49"
"401773569","2025","9","false","2658","Texas A&M-Kingsville","27","2848","Western Oregon","34"
"401773560","2025","9","false","2395","Midwestern State","13","2120","Central Washington","56"
"401773532","2025","9","false","2122","Central Oklahoma","21","196","Northeastern State","28"
"401767512","2025","9","false","2571","South Dakota State","7","2449","North Dakota State","38"
"401774257","2025","9","false","2094","California Lutheran University","24","29","Redlands","30"
"401774264","2025","9","false","411","Chapman","37","17","Claremont-Mudd-Scripps College","31"
"401788918","2025","9","false","2923","Pomona Pitzer","8","2318","La Verne","26"
"401756934","2025","9","false","254","Utah","53","38","Colorado","7"
"401761639","2025","10","false","326","Texas State","20","256","James Madison","52"
"401757289","2025","10","false","338","Kennesaw State","33","2638","UTEP","20"
"401757292","2025","10","false","2393","Middle Tennessee","21","55","Jacksonville State","24"
"401757291","2025","10","false","2623","Missouri State","28","2229","Florida International","21"
"401767346","2025","10","true","2169","Delaware State","27","2450","Norfolk State","20"
"401761640","2025","10","false","324","Coastal Carolina","44","276","Marshall","27"
"401762443","2025","10","false","2636","UTSA","48","2655","Tulane","26"
"401762497","2025","10","false","242","Rice","14","235","Memphis","38"
"401767555","2025","10","false","219","Pennsylvania","28","225","Brown","21"
"401754575","2025","10","false","183","Syracuse","10","153","North Carolina","27"
"401757290","2025","10","false","2348","Louisiana Tech","55","2534","Sam Houston","14"
"401767094","2025","10","false","2464","Northern Arizona","32","70","Idaho","35"
"401786479","2025","10","false","2909","Westfield State","14","110","Mass Maritime","21"
"401754581","2025","10","false","2567","SMU","26","2390","Miami","20"
"401773240","2025","10","false","2886","Northwood (MI)","16","2224","Findlay","31"
"401806318","2025","10","false","2972","Plymouth State","28","2967","Framingham State","26"
"401752891","2025","10","false","356","Illinois","35","164","Rutgers","13"
"401776974","2025","10","false","452","Endicott College","69","274","Maine Maritime","7"
"401774056","2025","10","false","173","Hartwick","24","3110","SUNY Morrisville","13"
"401752758","2025","10","false","251","Texas","34","238","Vanderbilt","31"
"401762849","2025","10","false","189","Bowling Green","3","2084","Buffalo","28"
"401756936","2025","10","false","239","Baylor","30","2116","UCF","3"
"401767275","2025","10","false","2448","North Carolina A&T","9","119","Towson","62"
"401762499","2025","10","false","249","North Texas","31","2426","Navy","17"
"401756938","2025","10","false","248","Houston","35","277","West Virginia","45"
"401773248","2025","10","false","2646","Thomas More College","10","2273","Hillsdale","24"
"401777956","2025","10","false","2477","Ohio Dominican","30","437","Lake Erie","14"
"401767768","2025","10","false","2598","St. Francis (PA)","20","2681","Wagner","23"
"401778012","2025","10","false","2108","Catholic","12","2354","Lycoming","38"
"401767661","2025","10","false","2529","Sacred Heart","35","2441","New Haven","20"
"401778020","2025","10","false","2776","Salve Regina","31","2557","Coast Guard","36"
"401777979","2025","10","false","2830","St. Anselm","14","2060","Bentley","28"
"401774324","2025","10","false","2442","College Of New Jersey","30","2827","Rowan","44"
"401767685","2025","10","false","43","Yale","24","171","Columbia","10"
"401774306","2025","10","false","2280","Husson","21","40","Curry College","40"
"401773664","2025","10","false","112335","Wheeling","26","2148","Concord University","21"
"401773713","2025","10","false","2038","Assumption","38","2583","Southern Connecticut State","7"
"401773293","2025","10","false","110438","Dean College","7","379","UMass Dartmouth","48"
"401776999","2025","10","false","2221","FDU-Florham","16","2969","Misericordia","35"
"401773807","2025","10","false","223","West Chester","46","2071","Bloomsburg","44"
"401773831","2025","10","false","611","Seton Hill","6","2205","Edinboro University","22"
"401767723","2025","10","false","2329","Lehigh","41","46","Georgetown","0"
"401773850","2025","10","false","2315","Kutztown University","49","2188","East Stroudsburg University","6"
"401773139","2025","10","false","2822","North Greenville","27","366","Ferrum","0"
"401800974","2025","10","false","109","MIT","19","2749","Worcester Polytechnic Institute","7"
"401774088","2025","10","false","398","Wilkes","38","246","Juniata College","7"
"401777008","2025","10","false","114","Fitchburg State","18","18","Bridgewater State","38"
"401774250","2025","10","false","2913","Brevard College","26","2938","Huntingdon College (AL)","32"
"401774153","2025","10","false","2467","Norwich","6","81","Springfield","48"
"401767746","2025","10","false","2115","Central Connecticut","10","2341","Long Island University","7"
"401757173","2025","10","false","41","UConn","38","5","UAB","19"
"401760401","2025","10","false","2005","Air Force","17","349","Army","20"
"401773854","2025","10","false","210","Millersville","7","209","Lock Haven University","42"
"401774104","2025","10","false","184","University of Rochester (NY)","21","174","Hobart College","28"
"401754577","2025","10","false","228","Clemson","45","150","Duke","46"
"401773476","2025","10","false","2392","Michigan Tech","56","127991","Roosevelt","31"
"401773459","2025","10","false","110254","Davenport","31","129","Saginaw Valley State","17"
"401773420","2025","10","false","389","Upper Iowa University","57","2816","McKendree","7"
"401773302","2025","10","false","2781","Brockport","51","365","Alfred University","0"
"401773867","2025","10","false","2974","Shepherd","48","2559","Shippensburg","7"
"401752889","2025","10","false","194","Ohio State","38","213","Penn State","14"
"401766724","2025","10","false","348","Hamilton","21","2394","Middlebury","24"
"401773084","2025","10","false","2220","Fayetteville State","14","2304","Johnson C Smith","17"
"401773522","2025","10","false","2673","Valdosta State","45","2695","West Alabama","35"
"401773654","2025","10","false","2128","University Of Charleston (WV)","69","455","West Virginia Wesleyan","15"
"401773824","2025","10","false","215","Slippery Rock","42","2134","Clarion","23"
"401767598","2025","10","false","2086","Butler","19","2181","Drake","24"
"401773934","2025","10","false","2105","Carson-Newman College","24","2107","Catawba","16"
"401773787","2025","10","false","2364","Minnesota State Mankato","48","2587","Southwest Minnesota State","7"
"401774042","2025","10","false","390","Utica","31","374","St John Fisher University","7"
"401773985","2025","10","false","60","Morehouse College","17","2019","Allen","28"
"401766722","2025","10","false","340","Bowdoin","17","121","Bates","9"
"401777622","2025","10","false","2062","Bethany (WV)","28","2845","Waynesburg","48"
"401773501","2025","10","false","2838","Tiffin","24","2316","Kentucky Wesleyan","12"
"401767642","2025","10","false","2506","Presbyterian","43","2674","Valparaiso","14"
"401774373","2025","10","false","75","North Park","14","2106","Carthage","10"
"401773482","2025","10","false","2222","Ferris State","70","128","Northern Michigan","35"
"401767136","2025","10","false","2803","Bryant","7","2405","Monmouth","35"
"401783904","2025","10","false","2532","Salisbury","51","2970","William Paterson","7"
"401773674","2025","10","false","2699","West Liberty","44","2986","Fairmont State","45"
"401773273","2025","10","false","3162","Alfred State","7","2782","Cortland","49"
"401773978","2025","10","false","2013","Albany State GA","21","2542","Savannah St","18"
"401773213","2025","10","false","308","Ashland","23","2682","Walsh","16"
"401773601","2025","10","false","2438","Nebraska-Kearney","35","2122","Central Oklahoma","24"
"401766726","2025","10","false","2977","Trinity (CT)","14","7","Amherst","7"
"401777284","2025","10","false","146","Grove City College","59","2614","Saint Vincent","14"
"401766725","2025","10","false","2731","Williams","28","336","Wesleyan University (CT)","34"
"401766723","2025","10","false","112","Tufts","6","33","Colby College","33"
"401773688","2025","10","false","2707","West Virginia State","52","2249","Glenville State","28"
"401777597","2025","10","false","2256","Greensboro College","20","548","Lagrange College","49"
"401777242","2025","10","false","2516","Randolph-Macon","31","2828","Shenandoah","14"
"401777973","2025","10","false","2022","American International","19","126086","Post University","10"
"401767205","2025","10","false","2635","Tennessee Tech","27","2241","Gardner-Webb","21"
"401773739","2025","10","false","2817","Minnesota State Moorhead","49","132","Bemidji State","21"
"401756939","2025","10","false","66","Iowa State","19","9","Arizona State","24"
"401777772","2025","10","false","2702","Western New England","55","131108","New England College","0"
"401773682","2025","10","false","2858","PennWest California","31","341","Frostburg State","26"
"401767608","2025","10","false","2413","Morehead State","28","2166","Davidson","24"
"401789790","2025","10","false","2725","Widener","0","127954","Eastern University","35"
"401783285","2025","10","false","2667","Ursinus","40","2248","Gettysburg","13"
"401783336","2025","10","false","247","Kings College (PA)","24","2015","Albright","14"
"401783342","2025","10","false","111674","Reading","10","2808","Delaware Valley","43"
"401769068","2025","10","false","2142","Colgate","23","2771","Merrimack","20"
"401777075","2025","10","false","2171","Denison University","62","391","Oberlin","9"
"401773467","2025","10","false","131","Wayne State (MI)","13","125","Grand Valley State University","59"
"401777259","2025","10","false","2849","Westminster (PA)","57","2018","Allegheny","21"
"401776784","2025","10","false","2790","Albion","0","2812","Hope College","62"
"401777092","2025","10","false","2274","Hiram College","20","2644","Thiel","48"
"401777108","2025","10","false","2748","Wooster","49","352","Kenyon","6"
"401774242","2025","10","false","2373","Maryville College (TN)","42","2519","Rhodes College","22"
"401774341","2025","10","false","2121","Centre College Kentucky","13","2757","Berry College","31"
"401767765","2025","10","false","284","Stonehill","17","2523","Robert Morris","20"
"401777233","2025","10","false","417","Gallaudet","8","297","Hampden-Sydney","61"
"401774363","2025","10","false","32","Carroll University (WI)","7","3071","North Central College","64"
"401774311","2025","10","false","3112","Christopher Newport","49","2818","Montclair State","42"
"401774396","2025","10","false","72","Elmhurst","0","396","Wheaton","65"
"401773310","2025","10","false","237","Union (NY)","34","125974","Hilbert College","13"
"401777082","2025","10","false","2980","Ohio Wesleyan","10","83","Depauw","40"
"401776780","2025","10","false","126","Kalamazoo","7","2003","Adrian","34"
"401774215","2025","10","false","2896","Southern Virginia","19","2056","Belhaven","41"
"401776990","2025","10","false","471","Stevenson","15","388","Lebanon Valley","13"
"401774115","2025","10","false","2779","St. Lawrence","0","2528","Rensselaer","48"
"401777132","2025","10","false","89","Wabash College","28","2746","Wittenberg","21"
"401774284","2025","10","false","2553","Sewanee","3","386","Trinity University TX","32"
"401767730","2025","10","false","107","Holy Cross","13","322","Lafayette","21"
"401773779","2025","10","false","3066","Concordia University St Paul","0","2844","Wayne State (NE)","34"
"401776797","2025","10","false","129738","Calvin University","50","354","Olivet College","20"
"401774069","2025","10","false","2234","Franklin & Marshall","24","2700","McDaniel College","3"
"401774127","2025","10","false","2651","Trine University","28","2800","Alma","42"
"401767193","2025","10","false","311","Maine","28","2619","Stony Brook","21"
"401776981","2025","10","false","111675","Biddeford","58","2884","Nichols College","34"
"401774137","2025","10","false","2871","Kean","14","293","Castleton","9"
"401767693","2025","10","false","172","Cornell","20","163","Princeton","17"
"401774109","2025","10","false","175","Ithaca College","49","2085","Buffalo State","7"
"401774096","2025","10","false","2843","Western Connecticut St","0","216","Susquehanna","34"
"401774425","2025","10","false","2362","Manchester","13","86","Rose-Hulman","35"
"401774432","2025","10","false","427","Ohio Northern","49","2419","Mount St. Joseph","42"
"401777180","2025","10","false","332","Muskingum University","28","188","Baldwin Wallace","35"
"401777188","2025","10","false","426","University of Mount Union","65","424","Capital","17"
"401777195","2025","10","false","191","Heidelberg","69","359","Otterbein","13"
"401773283","2025","10","false","402","Worcester St","35","15","Anna Maria College","45"
"401767582","2025","10","false","2747","Wofford","26","2535","Samford","16"
"401774404","2025","10","false","2074","Bluffton","0","2262","Hanover College","48"
"401773120","2025","10","false","101784","ERSKINE","30","2804","Chowan","34"
"401774413","2025","10","false","2023","Anderson (IN)","7","2233","Franklin","41"
"401774355","2025","10","false","2042","Augustana (IL)","42","306","Illinois Wesleyan","21"
"401774465","2025","10","false","2398","Millsaps","27","2588","Southwestern University","24"
"401773791","2025","10","false","2894","Sioux Falls","49","2851","Winona State","24"
"401773838","2025","10","false","2291","Indiana-Pennsylvania","26","367","Gannon","6"
"401773897","2025","10","false","2146","Colorado School Of Mines","48","2424","New Mexico Highlands","21"
"401777296","2025","10","false","2045","Austin","28","101161","LYONCOLL","40"
"401762498","2025","10","false","218","Temple","14","151","East Carolina","45"
"401773610","2025","10","false","2214","Emporia State University","14","138","Northwest Missouri St","41"
"401773577","2025","10","false","2703","Western New Mexico","7","110243","UT Permian Basin","66"
"401773413","2025","10","false","2876","Lincoln (MO)","26","2654","Truman State","59"
"401773380","2025","10","false","2888","Ouachita Baptist","55","2823","Northwestern Oklahoma State","14"
"401773255","2025","10","false","2758","Howard Payne","24","2810","Hardin-Simmons","54"
"401777990","2025","10","true","2939","Jamestown College","29","134","Minnesota Duluth","45"
"401777730","2025","10","false","2371","Mary Hardin-Baylor","62","2194","East Texas Baptist University","14"
"401777606","2025","10","false","446","Martin Luther","17","583","Northwestern (MN)","24"
"401773765","2025","10","false","2043","Augustana University (SD)","27","425","Northern State","14"
"401773620","2025","10","false","2231","Fort Hays State","24","2118","Central Missouri","28"
"401767109","2025","10","false","2458","Northern Colorado","7","147","Montana State","55"
"401773430","2025","10","false","2402","Missouri S&T","24","2911","William Jewell","17"
"401766719","2025","10","false","262","Lake Forest College","72","268","Lawrence University","0"
"401777048","2025","10","false","2832","St. Norbert","24","2283","Benedictine University","17"
"401777016","2025","10","false","2741","Wisconsin-Lutheran","42","2044","Aurora","49"
"401776772","2025","10","false","2152","Concordia Moorhead","9","2802","Bethel (MN)","55"
"401773992","2025","10","false","490","Benedict College","42","2355","Virginia University Of Lynchburg","10"
"401773964","2025","10","false","2839","Greeneville","7","2369","Mars Hill","28"
"401767631","2025","10","false","2900","St. Thomas (MN)","45","2368","Marist","0"
"401767506","2025","10","false","233","South Dakota","26","155","North Dakota","21"
"401778032","2025","10","false","433","Westminster College (MO)","24","2257","Greenville","7"
"401773403","2025","10","false","2825","Quincy","3","2292","Indianapolis","49"
"401767168","2025","10","false","2546","Southeast Missouri State","17","2127","Charleston Southern","23"
"401777025","2025","10","false","6353","Lakeland","47","2151","Concordia University Chicago","16"
"401774200","2025","10","false","2723","Wisconsin-River Falls","52","2745","Wisconsin-Whitewater","14"
"401777032","2025","10","false","409","Concordia-Wisconsin","35","2524","Rockford","0"
"401773170","2025","10","false","49","Dubuque","7","2141","Coe College","19"
"401773891","2025","10","false","613","South Dakota Mines","10","2123","Chadron St","35"
"401767570","2025","10","false","231","Furman","28","2382","Mercer","52"
"401774172","2025","10","false","2740","Wisconsin-Lacrosse","31","2744","Wisconsin-Stout","14"
"401776733","2025","10","false","2101","Carleton","48","124","Augsburg","17"
"401776741","2025","10","false","375","St. Scholastica","49","162","Hamline University","18"
"401774017","2025","10","false","2206","Edward Waters","17","2119","Central State (OH)","21"
"401774079","2025","10","false","2422","Muhlenberg","26","118","Johns Hopkins University","47"
"401774165","2025","10","false","2743","Wisconsin-Stevens Pt","39","2738","Wisconsin-Eau Claire","36"
"401774179","2025","10","false","272","Wisconsin-Platteville","21","271","Wisconsin-Oshkosh","14"
"401776756","2025","10","false","2968","Gustavus Adolphus","13","2600","Saint John's (MN)","31"
"401766717","2025","10","false","255","Knox College","14","2155","Cornell College (IA)","35"
"401766718","2025","10","false","2891","Ripon","49","266","Beloit","0"
"401766720","2025","10","false","2286","Illinois College","14","65","Grinnell","7"
"401766721","2025","10","false","80","Chicago","0","2919","Monmouth (IL)","29"
"401773055","2025","10","false","2075","Bowie State","27","2207","Elizabeth City State","28"
"401773064","2025","10","false","330","Virginia St","35","2339","Lincoln (PA)","14"
"401773098","2025","10","false","2940","Livingstone","43","2551","Shaw","13"
"401773162","2025","10","false","2964","Central College","52","63","Buena Vista","27"
"401767716","2025","10","false","257","Richmond","17","2230","Fordham","14"
"401773183","2025","10","false","263","Loras College","27","2564","Simpson College (IA)","28"
"401774382","2025","10","false","74","Millikin","7","143","Washington University (St. Louis)","38"
"401773192","2025","10","false","6845","Nebraska Wesleyan","10","2685","Wartburg","34"
"401777204","2025","10","false","2733","Wilmington (OH)","14","317","Marietta","44"
"401767585","2025","10","false","2643","The Citadel","35","2678","VMI","24"
"401767401","2025","10","false","2569","South Carolina State","36","2415","Morgan State","30"
"401773885","2025","10","false","2069","Black Hills State","38","11","Colorado Mesa","45"
"401767702","2025","10","false","108","Harvard","31","159","Dartmouth","10"
"401767375","2025","10","false","2640","Texas Southern","14","2016","Alcorn State","33"
"401760404","2025","10","false","2439","UNLV","35","167","New Mexico","40"
"401767364","2025","10","false","2504","Prairie View A&M","28","2011","Alabama State","31"
"401767315","2025","10","false","2755","Grambling","13","2010","Alabama A&M","10"
"401767451","2025","10","false","2571","South Dakota State","12","282","Indiana State","24"
"401767391","2025","10","false","2065","Bethune-Cookman","42","2400","Mississippi Valley State","34"
"401773625","2025","10","false","90","Pittsburg St","30","2403","Missouri Southern State","10"
"401773631","2025","10","false","137","Missouri Western","27","2687","Washburn","24"
"401773349","2025","10","false","2028","Arkansas-Monticello","7","2927","Southwestern Oklahoma State","49"
"401767442","2025","10","false","2287","Illinois State","31","2460","Northern Iowa","16"
"401754580","2025","10","false","259","Virginia Tech","16","97","Louisville","28"
"401767198","2025","10","false","2197","Eastern Illinois","20","2630","UT Martin","27"
"401773877","2025","10","false","2237","Fort Lewis","44","2001","Adams State","24"
"401767385","2025","10","false","2029","Arkansas-Pine Bluff","40","2582","Southern","21"
"401767102","2025","10","false","2692","Weber State","17","149","Montana","38"
"401774023","2025","10","false","2657","Tuskegee","18","2323","Lane College","13"
"401777309","2025","10","false","2399","Minnesota Morris","15","509","Crown College","34"
"401773111","2025","10","false","2882","UNC Pembroke","34","122666","Wilson","17"
"401773914","2025","10","false","2714","Western Colorado","21","2570","CSU Pueblo","24"
"401773756","2025","10","false","559","University of Mary","36","568","Minot State","21"
"401767479","2025","10","false","2916","Incarnate Word","24","2320","Lamar","17"
"401773954","2025","10","false","351","Wingate","38","2331","Lenoir-Rhyne","37"
"401773998","2025","10","false","2310","Kentucky State","43","2805","Clark Atlanta","28"
"401773339","2025","10","false","2033","Arkansas Tech","42","200","Southern Nazarene","17"
"401773358","2025","10","false","2191","East Central (OK)","44","2568","Southern Arkansas","22"
"401773374","2025","10","false","199","Southeastern Oklahoma State","20","2271","Henderson State","21"
"401767513","2025","10","false","2449","North Dakota State","38","2754","Youngstown State","30"
"401767355","2025","10","false","47","Howard","14","2428","North Carolina Central","35"
"401761642","2025","10","false","6","South Alabama","22","309","Louisiana","31"
"401754582","2025","10","false","24","Stanford","20","221","Pittsburgh","35"
"401752755","2025","10","true","57","Florida","20","61","Georgia","24"
"401752887","2025","10","false","120","Maryland","10","84","Indiana","55"
"401761641","2025","10","false","2433","UL Monroe","6","295","Old Dominion","31"
"401756941","2025","10","false","2306","Kansas State","20","2641","Texas Tech","43"
"401767335","2025","10","false","2729","William & Mary","37","399","UAlbany","7"
"401777264","2025","10","false","2175","Dickinson (PA)","29","2102","Carnegie Mellon","70"
"401760402","2025","10","false","68","Boise State","7","278","Fresno State","30"
"401754583","2025","10","false","103","Boston College","10","87","Notre Dame","25"
"401757293","2025","10","false","2335","Liberty","59","48","Delaware","30"
"401757294","2025","10","false","98","Western Kentucky","35","166","New Mexico State","16"
"401752888","2025","10","false","135","Minnesota","23","127","Michigan State","20"
"401754576","2025","10","false","25","California","21","258","Virginia","31"
"401767618","2025","10","false","301","San Diego","31","2168","Dayton","13"
"401752753","2025","10","false","8","Arkansas","35","344","Mississippi State","38"
"401767288","2025","10","false","3101","Utah Tech","34","2453","North Alabama","33"
"401777144","2025","10","false","2930","Willamette","9","415","NEWBERG","31"
"401767066","2025","10","false","331","Eastern Washington","13","16","Sacramento State","35"
"401773924","2025","10","false","129469","Anderson (Sc)","21","2444","Newberry","24"
"401777224","2025","10","false","2047","Averett","21","2688","Washington and Lee","61"
"401773518","2025","10","false","2170","Delta State","38","110242","West Florida","51"
"401767244","2025","10","false","2000","Abilene Christian","31","2627","Tarleton State","28"
"401777157","2025","10","false","2508","Puget Sound","35","205","Pacific (OR)","52"
"401767534","2025","10","false","236","Chattanooga","28","2717","Western Carolina","35"
"401762850","2025","10","false","2711","Western Michigan","24","2117","Central Michigan","21"
"401767086","2025","10","false","302","UC Davis","36","304","Idaho State","38"
"401773367","2025","10","false","2264","Harding University","69","319","Oklahoma Baptist","0"
"401777164","2025","10","false","2721","Whitworth","10","2486","Pacific Lutheran","6"
"401774258","2025","10","false","2318","La Verne","14","29","Redlands","29"
"401767473","2025","10","false","2447","Nicholls","31","2277","Houston Christian","7"
"401756940","2025","10","false","2305","Kansas","38","197","Oklahoma State","21"
"401777150","2025","10","false","203","Linfield College","29","2333","Lewis & Clark College","21"
"401774265","2025","10","false","17","Claremont-Mudd-Scripps College","18","2094","California Lutheran University","21"
"401773561","2025","10","false","2848","Western Oregon","31","2395","Midwestern State","3"
"401767213","2025","10","false","2634","Tennessee State","13","2815","Lindenwood","35"
"401767282","2025","10","false","2110","Central Arkansas","13","2198","Eastern Kentucky","34"
"401774224","2025","10","false","291","Methodist","17","286","North Carolina Wesleyan","48"
"401767076","2025","10","false","13","Cal Poly","35","2502","Portland State","40"
"401773570","2025","10","false","2704","West Texas A&M","53","2658","Texas A&M-Kingsville","48"
"401767499","2025","10","false","93","Murray State","7","79","Southern Illinois","27"
"401774004","2025","10","false","2232","Fort Valley State","24","2396","Miles College","14"
"401779072","2025","10","true","131109","Roanoke College","21","2258","Guilford College","20"
"401777271","2025","10","false","2686","Washington & Jefferson","28","2963","Case Western Reserve","17"
"401773078","2025","10","false","124180","Bluefield State","14","2676","Virginia Union","70"
"401767464","2025","10","false","2545","SE Louisiana","59","2837","East Texas A&M","14"
"401752756","2025","10","false","145","Ole Miss","30","2579","South Carolina","14"
"401767525","2025","10","false","2617","Stephen F. Austin","41","292","UT Rio Grande Valley","17"
"401767423","2025","10","false","50","Florida A&M","16","2296","Jackson State","41"
"401774278","2025","10","false","241","McMurry","13","2639","Texas Lutheran","42"
"401774455","2025","10","false","418","Hendrix College","64","101442","CENTENARY","10"
"401760405","2025","10","false","21","San Diego State","24","2751","Wyoming","7"
"401752890","2025","10","false","130","Michigan","21","2509","Purdue","16"
"401773533","2025","10","false","196","Northeastern State","68","124179","Lincoln (CA)","0"
"401767494","2025","10","false","2377","McNeese","50","2466","Northwestern State","3"
"401756937","2025","10","false","38","Colorado","17","12","Arizona","52"
"401754578","2025","10","false","52","Florida State","42","154","Wake Forest","7"
"401752754","2025","10","false","2","Auburn","3","96","Kentucky","10"
"401754579","2025","10","false","152","NC State","48","59","Georgia Tech","36"
"401752757","2025","10","false","2633","Tennessee","27","201","Oklahoma","33"
"401752892","2025","10","false","158","Nebraska","17","30","USC","21"
"401752943","2025","10","false","204","Oregon State","10","265","Washington State","7"
"401776748","2025","10","false","2359","Macalester","27","133","St. Olaf","6"
"401761643","2025","10","false","2653","Troy","10","2032","Arkansas State","23"
"401773552","2025","10","false","2201","Eastern New Mexico","40","2834","Sul Ross State","34"
"401767253","2025","10","false","253","Southern Utah","33","2046","Austin Peay","17"
"401773542","2025","10","false","2120","Central Washington","38","2025","Angelo State","21"
"401774270","2025","10","false","411","Chapman","22","2923","Pomona Pitzer","14"
"401756942","2025","10","false","254","Utah","45","2132","Cincinnati","14"
"401760403","2025","10","false","23","San José State","45","62","Hawai'i","38"
"401762851","2025","11","false","2006","Akron","44","113","Massachusetts","10"
"401762852","2025","11","false","195","Ohio","24","193","Miami (OH)","20"
"401762854","2025","11","false","2649","Toledo","42","2459","Northern Illinois","3"
"401762853","2025","11","false","2050","Ball State","17","2309","Kent State","13"
"401762500","2025","11","false","58","South Florida","55","2636","UTSA","23"
"401761644","2025","11","false","2026","App State","23","290","Georgia Southern","25"
"401767706","2025","11","false","171","Columbia","14","108","Harvard","31"
"401767347","2025","11","false","2415","Morgan State","12","2169","Delaware State","14"
"401756946","2025","11","false","2116","UCF","27","248","Houston","30"
"401752896","2025","11","false","30","USC","38","77","Northwestern","17"
"401762501","2025","11","false","235","Memphis","32","2655","Tulane","38"
"401786375","2025","11","false","2085","Buffalo State","19","2779","St. Lawrence","24"
"401776975","2025","11","false","274","Maine Maritime","7","2702","Western New England","70"
"401776785","2025","11","false","354","Olivet College","42","2790","Albion","58"
"401774225","2025","11","false","286","North Carolina Wesleyan","29","2256","Greensboro College","38"
"401777773","2025","11","true","131108","New England College","0","452","Endicott College","63"
"401786379","2025","11","false","379","UMass Dartmouth","33","2909","Westfield State","13"
"401783365","2025","11","false","2383","Merchant Marine Academy","34","2749","Worcester Polytechnic Institute","14"
"401773832","2025","11","false","2205","Edinboro University","38","215","Slippery Rock","8"
"401773825","2025","11","false","2134","Clarion","42","2291","Indiana-Pennsylvania","45"
"401774154","2025","11","false","2467","Norwich","10","2776","Salve Regina","38"
"401767731","2025","11","false","2329","Lehigh","38","107","Holy Cross","3"
"401762503","2025","11","false","349","Army","14","218","Temple","13"
"401804602","2025","11","false","2951","SUNY Maritime","27","109","MIT","30"
"401774307","2025","11","false","2884","Nichols College","19","2280","Husson","63"
"401766734","2025","11","false","336","Wesleyan University (CT)","31","2977","Trinity (CT)","28"
"401774049","2025","11","false","2782","Cortland","44","2781","Brockport","14"
"401774097","2025","11","false","216","Susquehanna","26","398","Wilkes","3"
"401774145","2025","11","false","2843","Western Connecticut St","52","2108","Catholic","19"
"401767316","2025","11","false","2619","Stony Brook","38","2448","North Carolina A&T","12"
"401783909","2025","11","false","81","Springfield","30","2557","Coast Guard","10"
"401767535","2025","11","false","236","Chattanooga","45","231","Furman","28"
"401767769","2025","11","false","2598","St. Francis (PA)","15","2385","Mercyhurst","16"
"401786485","2025","11","false","110","Mass Maritime","10","402","Worcester St","17"
"401767766","2025","11","false","2523","Robert Morris","20","2681","Wagner","24"
"401776982","2025","11","false","40","Curry College","47","111675","Biddeford","30"
"401777133","2025","11","false","391","Oberlin","13","89","Wabash College","42"
"401774089","2025","11","false","246","Juniata College","13","323","Moravian","38"
"401774080","2025","11","false","118","Johns Hopkins University","42","2700","McDaniel College","0"
"401774070","2025","11","false","2102","Carnegie Mellon","24","2234","Franklin & Marshall","31"
"401783337","2025","11","false","2015","Albright","7","471","Stevenson","17"
"401752893","2025","11","false","213","Penn State","24","84","Indiana","27"
"401773460","2025","11","false","110254","Davenport","45","128","Northern Michigan","47"
"401773294","2025","11","false","2967","Framingham State","31","110438","Dean College","6"
"401773508","2025","11","false","2646","Thomas More College","29","2477","Ohio Dominican","31"
"401767747","2025","11","false","2115","Central Connecticut","40","284","Stonehill","10"
"401774119","2025","11","false","184","University of Rochester (NY)","10","237","Union (NY)","14"
"401754584","2025","11","false","103","Boston College","13","2567","SMU","45"
"401756945","2025","11","false","2641","Texas Tech","29","252","BYU","7"
"401774110","2025","11","false","2528","Rensselaer","23","175","Ithaca College","24"
"401773513","2025","11","false","2886","Northwood (MI)","40","2838","Tiffin","37"
"401777009","2025","11","false","2972","Plymouth State","27","114","Fitchburg State","0"
"401766735","2025","11","false","121","Bates","21","348","Hamilton","24"
"401767662","2025","11","false","2529","Sacred Heart","56","2355","Virginia University Of Lynchburg","10"
"401773249","2025","11","false","2682","Walsh","20","2273","Hillsdale","23"
"401766736","2025","11","false","7","Amherst","14","2731","Williams","13"
"401773502","2025","11","false","437","Lake Erie","27","2316","Kentucky Wesleyan","9"
"401773817","2025","11","false","367","Gannon","21","2858","PennWest California","41"
"401756947","2025","11","false","277","West Virginia","29","38","Colorado","22"
"401774138","2025","11","false","2827","Rowan","62","293","Castleton","7"
"401761646","2025","11","false","276","Marshall","23","256","James Madison","35"
"401761647","2025","11","false","2032","Arkansas State","21","2572","Southern Miss","27"
"401752762","2025","11","false","344","Mississippi State","21","61","Georgia","41"
"401767262","2025","11","false","2405","Monmouth","13","160","New Hampshire","34"
"401773714","2025","11","false","2060","Bentley","20","2038","Assumption","17"
"401767676","2025","11","false","225","Brown","22","43","Yale","34"
"401773311","2025","11","false","125974","Hilbert College","6","174","Hobart College","63"
"401767755","2025","11","false","2341","Long Island University","29","2184","Duquesne","11"
"401766733","2025","11","false","2394","Middlebury","33","112","Tufts","30"
"401769849","2025","11","false","322","Lafayette","59","2142","Colgate","42"
"401783352","2025","11","false","127954","Eastern University","28","2221","FDU-Florham","7"
"401777000","2025","11","false","2969","Misericordia","20","2808","Delaware Valley","51"
"401773855","2025","11","false","209","Lock Haven University","19","2974","Shepherd","35"
"401773870","2025","11","false","2559","Shippensburg","43","223","West Chester","14"
"401783820","2025","11","false","2519","Rhodes College","22","2588","Southwestern University","35"
"401783901","2025","11","false","2644","Thiel","12","2062","Bethany (WV)","17"
"401777974","2025","11","false","2022","American International","21","2487","Pace","9"
"401776792","2025","11","false","2800","Alma","53","126","Kalamazoo","3"
"401774383","2025","11","false","396","Wheaton","61","74","Millikin","14"
"401773178","2025","11","false","67","Luther","20","49","Dubuque","27"
"401773274","2025","11","false","3162","Alfred State","35","365","Alfred University","28"
"401773749","2025","11","false","2817","Minnesota State Moorhead","44","2939","Jamestown College","20"
"401777044","2025","11","false","2524","Rockford","3","2741","Wisconsin-Lutheran","48"
"401777076","2025","11","false","352","Kenyon","18","2171","Denison University","33"
"401777100","2025","11","false","2302","John Carroll University","55","2980","Ohio Wesleyan","17"
"401777234","2025","11","false","297","Hampden-Sydney","42","2079","Bridgewater (VA)","45"
"401777253","2025","11","false","2688","Washington and Lee","35","131109","Roanoke College","14"
"401776991","2025","11","false","388","Lebanon Valley","38","111674","Reading","7"
"401777541","2025","11","false","2207","Elizabeth City State","70","124180","Bluefield State","30"
"401773121","2025","11","false","2804","Chowan","37","366","Ferrum","40"
"401773414","2025","11","false","2876","Lincoln (MO)","0","2402","Missouri S&T","59"
"401773723","2025","11","false","112334","Franklin Pierce","38","2583","Southern Connecticut State","7"
"401773740","2025","11","false","134","Minnesota Duluth","42","132","Bemidji State","28"
"401774356","2025","11","false","2106","Carthage","3","2042","Augustana (IL)","23"
"401774388","2025","11","false","72","Elmhurst","0","3071","North Central College","58"
"401774390","2025","11","false","143","Washington University (St. Louis)","42","75","North Park","14"
"401776742","2025","11","false","2600","Saint John's (MN)","70","375","St. Scholastica","21"
"401777555","2025","11","false","559","University of Mary","29","2851","Winona State","36"
"401767330","2025","11","false","119","Towson","10","222","Villanova","28"
"401773214","2025","11","false","308","Ashland","3","2224","Findlay","14"
"401776734","2025","11","false","124","Augsburg","10","2968","Gustavus Adolphus","31"
"401776760","2025","11","false","2359","Macalester","14","2152","Concordia Moorhead","17"
"401777615","2025","11","false","2257","Greenville","14","583","Northwestern (MN)","17"
"401767624","2025","11","false","2181","Drake","13","2900","St. Thomas (MN)","20"
"401767186","2025","11","false","2261","Hampton","7","311","Maine","35"
"401777598","2025","11","false","548","Lagrange College","38","2056","Belhaven","6"
"401767609","2025","11","false","2166","Davidson","14","2506","Presbyterian","13"
"401767694","2025","11","false","219","Pennsylvania","17","172","Cornell","39"
"401767646","2025","11","false","2674","Valparaiso","27","301","San Diego","43"
"401774318","2025","11","false","2970","William Paterson","7","2871","Kean","17"
"401774243","2025","11","false","2757","Berry College","36","2373","Maryville College (TN)","7"
"401774233","2025","11","false","291","Methodist","20","2913","Brevard College","47"
"401776749","2025","11","false","133","St. Olaf","41","162","Hamline University","34"
"401752761","2025","11","false","145","Ole Miss","49","2643","The Citadel","0"
"401757299","2025","11","false","2335","Liberty","17","2623","Missouri State","21"
"401752897","2025","11","false","2509","Purdue","10","194","Ohio State","34"
"401773968","2025","11","false","2369","Mars Hill","60","2842","UVA Wise","19"
"401773942","2025","11","false","2444","Newberry","28","2105","Carson-Newman College","21"
"401773421","2025","11","false","196","Northeastern State","44","2816","McKendree","10"
"401773085","2025","11","false","2220","Fayetteville State","31","2736","Winston-Salem","21"
"401773071","2025","11","false","2676","Virginia Union","14","330","Virginia St","3"
"401773689","2025","11","false","2249","Glenville State","35","112335","Wheeling","38"
"401777272","2025","11","false","2963","Case Western Reserve","14","146","Grove City College","28"
"401762855","2025","11","false","2199","Eastern Michigan","27","189","Bowling Green","21"
"401774060","2025","11","false","390","Utica","64","173","Hartwick","7"
"401773092","2025","11","false","2304","Johnson C Smith","26","2940","Livingstone","21"
"401773493","2025","11","false","129","Saginaw Valley State","45","2222","Ferris State","51"
"401773655","2025","11","false","2128","University Of Charleston (WV)","45","2699","West Liberty","28"
"401773103","2025","11","false","2213","Emory & Henry College","55","2551","Shaw","7"
"401767724","2025","11","false","46","Georgetown","24","257","Richmond","31"
"401767599","2025","11","false","2413","Morehead State","31","2086","Butler","30"
"401767632","2025","11","false","2368","Marist","41","56","Stetson","13"
"401773056","2025","11","false","2339","Lincoln (PA)","17","2075","Bowie State","28"
"401767199","2025","11","false","2197","Eastern Illinois","9","2635","Tennessee Tech","21"
"401767703","2025","11","false","159","Dartmouth","20","163","Princeton","17"
"401774128","2025","11","false","2003","Adrian","44","2651","Trine University","21"
"401773683","2025","11","false","341","Frostburg State","29","2707","West Virginia State","24"
"401777310","2025","11","false","2399","Minnesota Morris","14","433","Westminster College (MO)","7"
"401777999","2025","11","false","2248","Gettysburg","27","2422","Muhlenberg","59"
"401777093","2025","11","false","2849","Westminster (PA)","76","2274","Hiram College","0"
"401777280","2025","11","false","2242","Geneva","7","2686","Washington & Jefferson","49"
"401777287","2025","11","false","2845","Waynesburg","35","2614","Saint Vincent","24"
"401777083","2025","11","false","83","Depauw","59","2748","Wooster","0"
"401777986","2025","11","false","126086","Post University","41","2830","St. Anselm","35"
"401783355","2025","11","false","2725","Widener","40","247","Kings College (PA)","24"
"401777993","2025","11","false","2175","Dickinson (PA)","47","2667","Ursinus","22"
"401773665","2025","11","false","2148","Concord University","17","2986","Fairmont State","31"
"401767137","2025","11","false","399","UAlbany","24","2803","Bryant","27"
"401767669","2025","11","false","2230","Fordham","19","2083","Bucknell","37"
"401767443","2025","11","false","282","Indiana State","20","2287","Illinois State","52"
"401774043","2025","11","false","3110","SUNY Morrisville","7","374","St John Fisher University","21"
"401766727","2025","11","false","255","Knox College","0","262","Lake Forest College","63"
"401767396","2025","11","false","2569","South Carolina State","42","47","Howard","12"
"401767590","2025","11","false","2678","VMI","10","2747","Wofford","52"
"401767206","2025","11","false","2241","Gardner-Webb","27","2546","Southeast Missouri State","24"
"401777205","2025","11","false","317","Marietta","19","426","University of Mount Union","30"
"401774426","2025","11","false","2419","Mount St. Joseph","48","2362","Manchester","20"
"401777181","2025","11","false","427","Ohio Northern","30","188","Baldwin Wallace","28"
"401777196","2025","11","false","191","Heidelberg","34","2733","Wilmington (OH)","31"
"401777189","2025","11","false","424","Capital","3","332","Muskingum University","7"
"401774420","2025","11","false","2262","Hanover College","49","359","Otterbein","8"
"401774405","2025","11","false","2233","Franklin","59","2074","Bluffton","57"
"401773965","2025","11","false","2839","Greeneville","10","351","Wingate","56"
"401773602","2025","11","false","2122","Central Oklahoma","44","2403","Missouri Southern State","17"
"401774166","2025","11","false","2745","Wisconsin-Whitewater","51","2738","Wisconsin-Eau Claire","10"
"401831243","2025","11","false","2695","West Alabama","0","124179","Lincoln (CA)","0"
"401773645","2025","11","false","2118","Central Missouri","35","90","Pittsburg St","48"
"401773404","2025","11","false","2586","Southwest Baptist","21","2292","Indianapolis","66"
"401773487","2025","11","false","127991","Roosevelt","48","131","Wayne State (MI)","14"
"401774364","2025","11","false","306","Illinois Wesleyan","14","32","Carroll University (WI)","34"
"401774456","2025","11","false","241","McMurry","34","418","Hendrix College","28"
"401773611","2025","11","false","2687","Washburn","17","2214","Emporia State University","45"
"401774279","2025","11","false","101161","LYONCOLL","10","2639","Texas Lutheran","54"
"401773436","2025","11","false","389","Upper Iowa University","41","2825","Quincy","8"
"401773562","2025","11","false","2395","Midwestern State","42","2704","West Texas A&M","56"
"401773878","2025","11","false","2001","Adams State","0","2069","Black Hills State","59"
"401773898","2025","11","false","2146","Colorado School Of Mines","34","2570","CSU Pueblo","41"
"401773979","2025","11","true","2232","Fort Valley State","3","2013","Albany State GA","48"
"401774437","2025","11","false","86","Rose-Hulman","38","2023","Anderson (IN)","0"
"401777026","2025","11","false","2283","Benedictine University","38","2151","Concordia University Chicago","7"
"401777038","2025","11","false","101","Eureka College","12","6353","Lakeland","40"
"401777607","2025","11","false","509","Crown College","34","446","Martin Luther","21"
"401774285","2025","11","false","2553","Sewanee","0","2121","Centre College Kentucky","28"
"401767507","2025","11","false","155","North Dakota","10","2449","North Dakota State","15"
"401766730","2025","11","false","266","Beloit","0","80","Chicago","40"
"401773171","2025","11","false","2141","Coe College","63","263","Loras College","7"
"401773264","2025","11","false","2194","East Texas Baptist University","27","2758","Howard Payne","34"
"401774216","2025","11","false","2938","Huntingdon College (AL)","44","2896","Southern Virginia","21"
"401773359","2025","11","false","2271","Henderson State","45","2191","East Central (OK)","35"
"401766728","2025","11","false","2919","Monmouth (IL)","58","2891","Ripon","3"
"401766731","2025","11","false","2155","Cornell College (IA)","0","2286","Illinois College","24"
"401773163","2025","11","false","63","Buena Vista","34","6845","Nebraska Wesleyan","21"
"401773042","2025","11","false","2564","Simpson College (IA)","10","2964","Central College","35"
"401773780","2025","11","false","2587","Southwest Minnesota State","14","3066","Concordia University St Paul","19"
"401773792","2025","11","false","2894","Sioux Falls","13","2844","Wayne State (NE)","42"
"401774466","2025","11","false","386","Trinity University TX","42","2398","Millsaps","24"
"401767146","2025","11","false","2097","Campbell","27","2729","William & Mary","30"
"401773773","2025","11","false","2043","Augustana University (SD)","21","2364","Minnesota State Mankato","45"
"401773808","2025","11","false","2071","Bloomsburg","27","2315","Kutztown University","35"
"401774173","2025","11","false","2723","Wisconsin-River Falls","41","2740","Wisconsin-Lacrosse","7"
"401767409","2025","11","false","2428","North Carolina Central","31","2450","Norfolk State","28"
"401774180","2025","11","false","271","Wisconsin-Oshkosh","41","2743","Wisconsin-Stevens Pt","15"
"401762502","2025","11","false","242","Rice","24","5","UAB","17"
"401773986","2025","11","false","2019","Allen","53","2206","Edward Waters","30"
"401766729","2025","11","false","65","Grinnell","63","268","Lawrence University","6"
"401773256","2025","11","false","2371","Mary Hardin-Baylor","21","2810","Hardin-Simmons","17"
"401777017","2025","11","false","2044","Aurora","37","2832","St. Norbert","14"
"401773468","2025","11","false","125","Grand Valley State University","18","2392","Michigan Tech","15"
"401767480","2025","11","false","2466","Northwestern State","3","2916","Incarnate Word","38"
"401767500","2025","11","false","2460","Northern Iowa","31","93","Murray State","14"
"401776773","2025","11","false","2802","Bethel (MN)","49","2101","Carleton","7"
"401767229","2025","11","false","2630","UT Martin","26","2634","Tennessee State","7"
"401767177","2025","11","false","2210","Elon","20","227","Rhode Island","34"
"401767214","2025","11","false","2710","Western Illinois","24","2815","Lindenwood","21"
"401767548","2025","11","false","2754","Youngstown State","48","79","Southern Illinois","38"
"401773632","2025","11","false","138","Northwest Missouri St","38","137","Missouri Western","7"
"401767578","2025","11","false","2717","Western Carolina","47","2382","Mercer","49"
"401752894","2025","11","false","164","Rutgers","35","120","Maryland","20"
"401777225","2025","11","false","2258","Guilford College","21","2047","Averett","27"
"401757295","2025","11","false","48","Delaware","25","2348","Louisiana Tech","24"
"401774187","2025","11","false","272","Wisconsin-Platteville","24","2744","Wisconsin-Stout","23"
"401757296","2025","11","false","2393","Middle Tennessee","30","2229","Florida International","56"
"401757297","2025","11","false","2638","UTEP","27","55","Jacksonville State","30"
"401767424","2025","11","false","2400","Mississippi Valley State","3","2296","Jackson State","42"
"401773757","2025","11","false","425","Northern State","28","568","Minot State","49"
"401773892","2025","11","false","2123","Chadron St","27","2714","Western Colorado","24"
"401773905","2025","11","false","2424","New Mexico Highlands","31","2237","Fort Lewis","14"
"401774026","2025","11","false","2396","Miles College","23","2657","Tuskegee","24"
"401767386","2025","11","false","2029","Arkansas-Pine Bluff","28","50","Florida A&M","31"
"401767365","2025","11","false","2011","Alabama State","42","2640","Texas Southern","24"
"401762504","2025","11","false","151","East Carolina","48","2429","Charlotte","22"
"401767110","2025","11","false","147","Montana State","66","2692","Weber State","14"
"401773350","2025","11","false","2823","Northwestern Oklahoma State","40","2028","Arkansas-Monticello","7"
"401762505","2025","11","false","2226","Florida Atlantic","40","202","Tulsa","21"
"401767245","2025","11","false","2000","Abilene Christian","31","3101","Utah Tech","10"
"401773368","2025","11","false","200","Southern Nazarene","14","2264","Harding University","52"
"401767356","2025","11","false","2010","Alabama A&M","5","2504","Prairie View A&M","48"
"401767069","2025","11","false","149","Montana","29","331","Eastern Washington","24"
"401773389","2025","11","false","2927","Southwestern Oklahoma State","38","2888","Ouachita Baptist","42"
"401767392","2025","11","false","2755","Grambling","31","2065","Bethune-Cookman","23"
"401773392","2025","11","false","2568","Southern Arkansas","16","199","Southeastern Oklahoma State","14"
"401774021","2025","11","false","2323","Lane College","0","2310","Kentucky State","55"
"401773340","2025","11","false","319","Oklahoma Baptist","25","2033","Arkansas Tech","38"
"401767474","2025","11","false","2277","Houston Christian","3","2617","Stephen F. Austin","50"
"401773993","2025","11","false","2542","Savannah St","13","490","Benedict College","16"
"401767283","2025","11","false","2198","Eastern Kentucky","17","253","Southern Utah","27"
"401752898","2025","11","false","2294","Iowa","16","2483","Oregon","18"
"401756944","2025","11","false","2628","TCU","17","66","Iowa State","20"
"401756943","2025","11","false","12","Arizona","24","2305","Kansas","20"
"401783279","2025","11","false","2441","New Haven","41","2771","Merrimack","31"
"401767562","2025","11","false","2535","Samford","14","2193","East Tennessee State","38"
"401754587","2025","11","false","2390","Miami","38","183","Syracuse","10"
"401754590","2025","11","false","41","UConn","37","150","Duke","34"
"401752763","2025","11","false","142","Missouri","17","245","Texas A&M","38"
"401774271","2025","11","false","2318","La Verne","14","411","Chapman","30"
"401773447","2025","11","false","2654","Truman State","35","2911","William Jewell","17"
"401773913","2025","11","false","11","Colorado Mesa","38","613","South Dakota Mines","12"
"401777151","2025","11","false","2508","Puget Sound","14","203","Linfield College","77"
"401773284","2025","11","false","18","Bridgewater State","41","15","Anna Maria College","35"
"401757298","2025","11","false","166","New Mexico State","21","338","Kennesaw State","24"
"401767376","2025","11","false","2016","Alcorn State","35","2582","Southern","17"
"401752764","2025","11","false","238","Vanderbilt","45","2","Auburn","38"
"401761645","2025","11","false","324","Coastal Carolina","40","2247","Georgia State","27"
"401767542","2025","11","false","233","South Dakota","24","2571","South Dakota State","17"
"401777174","2025","11","false","2930","Willamette","0","2721","Whitworth","29"
"401767254","2025","11","false","2046","Austin Peay","41","2110","Central Arkansas","38"
"401777165","2025","11","false","2333","Lewis & Clark College","36","2486","Pacific Lutheran","46"
"401767289","2025","11","false","2453","North Alabama","17","2698","West Georgia","24"
"401767487","2025","11","false","2320","Lamar","14","2545","SE Louisiana","12"
"401774259","2025","11","false","29","Redlands","14","17","Claremont-Mudd-Scripps College","28"
"401773519","2025","11","false","2673","Valdosta State","27","2170","Delta State","23"
"401752899","2025","11","false","275","Wisconsin","13","264","Washington","10"
"401754588","2025","11","false","153","North Carolina","20","24","Stanford","15"
"401777145","2025","11","false","415","NEWBERG","27","205","Pacific (OR)","21"
"401773112","2025","11","false","122666","Wilson","37","101784","ERSKINE","7"
"401776798","2025","11","false","2812","Hope College","52","129738","Calvin University","0"
"401773140","2025","11","false","2560","Shorter","33","2822","North Greenville","35"
"401774325","2025","11","false","2818","Montclair State","30","2442","College Of New Jersey","27"
"401766732","2025","11","false","33","Colby College","16","340","Bowdoin","6"
"401767465","2025","11","false","2837","East Texas A&M","20","2377","McNeese","35"
"401761648","2025","11","false","309","Louisiana","42","326","Texas State","39"
"401767129","2025","11","false","2502","Portland State","24","16","Sacramento State","52"
"401767077","2025","11","false","304","Idaho State","27","13","Cal Poly","17"
"401767518","2025","11","false","292","UT Rio Grande Valley","28","2447","Nicholls","21"
"401767117","2025","11","false","2464","Northern Arizona","49","2458","Northern Colorado","10"
"401760406","2025","11","false","23","San José State","16","2005","Air Force","26"
"401774312","2025","11","false","3112","Christopher Newport","45","2532","Salisbury","42"
"401777247","2025","11","false","2828","Shenandoah","52","417","Gallaudet","14"
"401773925","2025","11","false","2107","Catawba","44","129469","Anderson (Sc)","20"
"401773999","2025","11","false","2805","Clark Atlanta","48","60","Morehouse College","45"
"401773859","2025","11","false","2188","East Stroudsburg University","45","210","Millersville","21"
"401754586","2025","11","false","228","Clemson","24","52","Florida State","10"
"401773543","2025","11","false","2025","Angelo State","7","2848","Western Oregon","31"
"401767095","2025","11","false","70","Idaho","14","302","UC Davis","28"
"401754585","2025","11","false","97","Louisville","26","25","California","29"
"401754589","2025","11","false","258","Virginia","9","154","Wake Forest","16"
"401777297","2025","11","false","101442","CENTENARY","10","2045","Austin","20"
"401752760","2025","11","false","96","Kentucky","38","57","Florida","7"
"401757166","2025","11","false","87","Notre Dame","49","2426","Navy","10"
"401760409","2025","11","false","328","Utah State","51","2440","Nevada","14"
"401752759","2025","11","false","333","Alabama","20","99","LSU","9"
"401773591","2025","11","false","2834","Sul Ross State","7","2120","Central Washington","73"
"401773571","2025","11","false","2658","Texas A&M-Kingsville","64","2703","Western New Mexico","13"
"401773553","2025","11","false","110243","UT Permian Basin","47","2201","Eastern New Mexico","34"
"401752895","2025","11","false","26","UCLA","21","158","Nebraska","28"
"401760407","2025","11","false","36","Colorado State","10","2439","UNLV","42"
"401783817","2025","11","false","2923","Pomona Pitzer","28","2094","California Lutheran University","18"
"401752944","2025","11","false","204","Oregon State","17","2534","Sam Houston","21"
"401760408","2025","11","false","62","Hawai'i","38","21","San Diego State","6"
"401762856","2025","12","false","2006","Akron","35","2309","Kent State","42"
"401762857","2025","12","false","2711","Western Michigan","17","195","Ohio","13"
"401762860","2025","12","false","193","Miami (OH)","3","2649","Toledo","24"
"401762859","2025","12","false","113","Massachusetts","3","2459","Northern Illinois","45"
"401762858","2025","12","false","2117","Central Michigan","38","2084","Buffalo","19"
"401761649","2025","12","false","295","Old Dominion","33","2653","Troy","0"
"401767414","2025","12","false","2428","North Carolina Central","27","2569","South Carolina State","34"
"401774313","2025","12","false","2442","College Of New Jersey","7","3112","Christopher Newport","27"
"401774139","2025","12","false","2532","Salisbury","63","293","Castleton","13"
"401774155","2025","12","false","109","MIT","48","2467","Norwich","14"
"401754591","2025","12","false","97","Louisville","19","228","Clemson","20"
"401833370","2025","12","false","124","Augsburg","43","162","Hamline University","3"
"401752904","2025","12","false","2483","Oregon","42","135","Minnesota","13"
"401834154","2025","12","true","2045","Austin","16","101442","CENTENARY","14"
"401774146","2025","12","false","398","Wilkes","38","2843","Western Connecticut St","0"
"401778021","2025","12","false","2749","Worcester Polytechnic Institute","9","2776","Salve Regina","45"
"401773724","2025","12","false","2487","Pace","10","112334","Franklin Pierce","24"
"401773863","2025","12","false","2974","Shepherd","21","611","Seton Hill","13"
"401773833","2025","12","false","210","Millersville","10","2205","Edinboro University","63"
"401773844","2025","12","false","2315","Kutztown University","28","2291","Indiana-Pennsylvania","23"
"401783343","2025","12","false","2221","FDU-Florham","52","111674","Reading","3"
"401777968","2025","12","false","2682","Walsh","13","2886","Northwood (MI)","17"
"401777323","2025","12","true","2557","Coast Guard","38","2383","Merchant Marine Academy","39"
"401777010","2025","12","false","114","Fitchburg State","7","2909","Westfield State","10"
"401774342","2025","12","false","2588","Southwestern University","7","2757","Berry College","49"
"401774234","2025","12","false","2256","Greensboro College","13","291","Methodist","12"
"401762510","2025","12","false","2426","Navy","41","58","South Florida","38"
"401762507","2025","12","false","2429","Charlotte","7","2636","UTSA","28"
"401757174","2025","12","false","41","UConn","26","2005","Air Force","16"
"401767501","2025","12","false","93","Murray State","17","155","North Dakota","35"
"401767402","2025","12","false","2450","Norfolk State","28","2415","Morgan State","35"
"401767748","2025","12","false","2184","Duquesne","38","2115","Central Connecticut","33"
"401767563","2025","12","false","2717","Western Carolina","35","2193","East Tennessee State","52"
"401767670","2025","12","false","2083","Bucknell","20","107","Holy Cross","37"
"401762861","2025","12","false","2050","Ball State","9","2199","Eastern Michigan","24"
"401752901","2025","12","false","84","Indiana","31","275","Wisconsin","7"
"401754597","2025","12","false","221","Pittsburgh","15","87","Notre Dame","37"
"401786486","2025","12","false","402","Worcester St","27","2967","Framingham State","28"
"401767452","2025","12","false","2754","Youngstown State","48","282","Indiana State","29"
"401783281","2025","12","false","223","West Chester","24","2038","Assumption","42"
"401773477","2025","12","false","2392","Michigan Tech","21","129","Saginaw Valley State","24"
"401776992","2025","12","false","2015","Albright","35","388","Lebanon Valley","38"
"401773715","2025","12","false","2060","Bentley","21","2022","American International","7"
"401783919","2025","12","false","18","Bridgewater State","7","110","Mass Maritime","20"
"401783348","2025","12","false","2808","Delaware Valley","28","2725","Widener","7"
"401773656","2025","12","false","2707","West Virginia State","21","2128","University Of Charleston (WV)","38"
"401752905","2025","12","true","77","Northwestern","22","130","Michigan","24"
"401767619","2025","12","false","2168","Dayton","6","2181","Drake","14"
"401786380","2025","12","false","379","UMass Dartmouth","42","2972","Plymouth State","21"
"401767767","2025","12","false","2385","Mercyhurst","27","2523","Robert Morris","13"
"401767775","2025","12","false","2681","Wagner","20","284","Stonehill","14"
"401776786","2025","12","false","2790","Albion","24","129738","Calvin University","53"
"401767677","2025","12","false","171","Columbia","29","225","Brown","32"
"401767138","2025","12","false","2803","Bryant","14","160","New Hampshire","42"
"401767610","2025","12","false","2368","Marist","37","2166","Davidson","10"
"401767263","2025","12","false","2448","North Carolina A&T","19","2405","Monmouth","63"
"401777273","2025","12","false","2963","Case Western Reserve","16","2242","Geneva","43"
"401777265","2025","12","false","2667","Ursinus","27","2102","Carnegie Mellon","20"
"401756952","2025","12","false","197","Oklahoma State","6","2306","Kansas State","14"
"401756951","2025","12","false","2132","Cincinnati","24","12","Arizona","30"
"401773241","2025","12","false","2224","Findlay","21","2838","Tiffin","23"
"401774050","2025","12","false","175","Ithaca College","26","2782","Cortland","21"
"401773809","2025","12","false","2071","Bloomsburg","30","215","Slippery Rock","24"
"401778003","2025","12","false","452","Endicott College","45","40","Curry College","17"
"401767760","2025","12","false","2598","St. Francis (PA)","3","2341","Long Island University","10"
"401767663","2025","12","false","2529","Sacred Heart","42","2771","Merrimack","37"
"401777213","2025","12","false","359","Otterbein","14","427","Ohio Northern","56"
"401773275","2025","12","false","374","St John Fisher University","41","3162","Alfred State","14"
"401773461","2025","12","false","110254","Davenport","23","2222","Ferris State","44"
"401773675","2025","12","false","2986","Fairmont State","18","341","Frostburg State","35"
"401752772","2025","12","false","245","Texas A&M","31","2579","South Carolina","30"
"401774244","2025","12","false","2373","Maryville College (TN)","14","386","Trinity University TX","31"
"401773285","2025","12","false","15","Anna Maria College","62","110438","Dean College","15"
"401773312","2025","12","false","173","Hartwick","52","125974","Hilbert College","0"
"401776983","2025","12","false","111675","Biddeford","59","131108","New England College","3"
"401788998","2025","12","false","163","Princeton","10","43","Yale","13"
"401777001","2025","12","false","2969","Misericordia","27","247","Kings College (PA)","21"
"401777616","2025","12","false","583","Northwestern (MN)","6","433","Westminster College (MO)","15"
"401773695","2025","12","false","2699","West Liberty","68","112335","Wheeling","67"
"401773731","2025","12","false","2583","Southern Connecticut State","52","126086","Post University","45"
"401767707","2025","12","false","108","Harvard","45","219","Pennsylvania","43"
"401774098","2025","12","false","323","Moravian","7","216","Susquehanna","48"
"401752768","2025","12","false","99","LSU","23","8","Arkansas","22"
"401776800","2025","12","false","2812","Hope College","63","354","Olivet College","6"
"401767348","2025","12","false","2169","Delaware State","26","47","Howard","13"
"401767543","2025","12","false","79","Southern Illinois","51","233","South Dakota","53"
"401774384","2025","12","false","74","Millikin","29","72","Elmhurst","22"
"401777094","2025","12","false","2274","Hiram College","14","146","Grove City College","63"
"401777033","2025","12","false","409","Concordia-Wisconsin","35","101","Eureka College","0"
"401777235","2025","12","false","2516","Randolph-Macon","42","297","Hampden-Sydney","14"
"401773469","2025","12","false","125","Grand Valley State University","69","127991","Roosevelt","13"
"401774129","2025","12","false","2651","Trine University","25","126","Kalamazoo","24"
"401773797","2025","12","false","2851","Winona State","30","2587","Southwest Minnesota State","6"
"401773483","2025","12","false","128","Northern Michigan","45","131","Wayne State (MI)","11"
"401773690","2025","12","false","455","West Virginia Wesleyan","16","2249","Glenville State","56"
"401773638","2025","12","false","2438","Nebraska-Kearney","24","2118","Central Missouri","38"
"401774105","2025","12","false","174","Hobart College","35","2085","Buffalo State","9"
"401773839","2025","12","false","209","Lock Haven University","49","367","Gannon","28"
"401773330","2025","12","false","2273","Hillsdale","31","2477","Ohio Dominican","14"
"401774090","2025","12","false","246","Juniata College","16","2354","Lycoming","24"
"401766737","2025","12","false","65","Grinnell","17","2155","Cornell College (IA)","22"
"401773215","2025","12","false","308","Ashland","34","437","Lake Erie","14"
"401767331","2025","12","false","399","UAlbany","19","119","Towson","36"
"401767393","2025","12","false","2296","Jackson State","28","2065","Bethune-Cookman","13"
"401767717","2025","12","false","46","Georgetown","14","2230","Fordham","0"
"401767654","2025","12","false","2674","Valparaiso","32","56","Stetson","31"
"401774217","2025","12","false","2896","Southern Virginia","27","548","Lagrange College","65"
"401767187","2025","12","false","2261","Hampton","14","2729","William & Mary","55"
"401807013","2025","12","false","262","Lake Forest College","34","80","Chicago","28"
"401777077","2025","12","false","2171","Denison University","21","2302","John Carroll University","48"
"401774226","2025","12","false","2913","Brevard College","45","286","North Carolina Wesleyan","6"
"401774308","2025","12","false","2280","Husson","48","274","Maine Maritime","7"
"401773818","2025","12","false","2559","Shippensburg","10","2858","PennWest California","35"
"401773781","2025","12","false","3066","Concordia University St Paul","18","2894","Sioux Falls","34"
"401773750","2025","12","false","2364","Minnesota State Mankato","23","2817","Minnesota State Moorhead","31"
"401773503","2025","12","false","2316","Kentucky Wesleyan","11","2646","Thomas More College","14"
"401774391","2025","12","false","75","North Park","6","396","Wheaton","52"
"401774379","2025","12","false","3071","North Central College","24","306","Illinois Wesleyan","7"
"401766739","2025","12","false","2919","Monmouth (IL)","69","255","Knox College","0"
"401766738","2025","12","false","266","Beloit","7","2286","Illinois College","38"
"401806686","2025","12","false","124","Augsburg","43","162","Hamline University","3"
"401773303","2025","12","false","365","Alfred University","34","3110","SUNY Morrisville","21"
"401783910","2025","12","false","81","Springfield","23","2951","SUNY Maritime","7"
"401783357","2025","12","false","471","Stevenson","10","127954","Eastern University","16"
"401767737","2025","12","false","2142","Colgate","7","2329","Lehigh","27"
"401774365","2025","12","false","2106","Carthage","7","32","Carroll University (WI)","3"
"401777248","2025","12","false","2828","Shenandoah","17","2688","Washington and Lee","14"
"401778029","2025","12","false","2257","Greenville","20","509","Crown College","38"
"401788994","2025","12","false","2970","William Paterson","21","2818","Montclair State","24"
"401806689","2025","12","false","2968","Gustavus Adolphus","38","2359","Macalester","14"
"401783328","2025","12","false","2779","St. Lawrence","37","184","University of Rochester (NY)","17"
"401806688","2025","12","false","2101","Carleton","24","2152","Concordia Moorhead","31"
"401777994","2025","12","false","2422","Muhlenberg","30","2175","Dickinson (PA)","17"
"401767695","2025","12","false","159","Dartmouth","24","172","Cornell","14"
"401774357","2025","12","false","2042","Augustana (IL)","13","143","Washington University (St. Louis)","35"
"401767571","2025","12","false","231","Furman","32","2678","VMI","14"
"401777226","2025","12","false","2047","Averett","0","131109","Roanoke College","1"
"401806932","2025","12","false","268","Lawrence University","7","2891","Ripon","48"
"401774116","2025","12","false","237","Union (NY)","28","2528","Rensselaer","21"
"401777779","2025","12","false","2702","Western New England","63","2884","Nichols College","20"
"401773360","2025","12","false","199","Southeastern Oklahoma State","24","2191","East Central (OK)","19"
"401773935","2025","12","false","2331","Lenoir-Rhyne","48","2107","Catawba","46"
"401777260","2025","12","false","2018","Allegheny","42","2062","Bethany (WV)","6"
"401752945","2025","12","false","202","Tulsa","31","204","Oregon State","14"
"401833372","2025","12","false","2013","Albany State GA","22","490","Benedict College","16"
"401777138","2025","12","false","2746","Wittenberg","35","352","Kenyon","0"
"401777291","2025","12","false","2686","Washington & Jefferson","67","2644","Thiel","0"
"401777288","2025","12","false","2614","Saint Vincent","14","2849","Westminster (PA)","57"
"401767194","2025","12","false","311","Maine","13","227","Rhode Island","45"
"401774071","2025","12","false","2234","Franklin & Marshall","29","118","Johns Hopkins University","28"
"401767326","2025","12","false","222","Villanova","30","2619","Stony Brook","27"
"401756948","2025","12","false","9","Arizona State","25","277","West Virginia","23"
"401773943","2025","12","false","2105","Carson-Newman College","26","2839","Greeneville","0"
"401833536","2025","12","false","2822","North Greenville","34","2882","UNC Pembroke","20"
"401774319","2025","12","false","2871","Kean","34","2827","Rowan","47"
"401777018","2025","12","false","2151","Concordia University Chicago","26","2044","Aurora","59"
"401777736","2025","12","false","2700","McDaniel College","23","2248","Gettysburg","36"
"401777101","2025","12","false","2980","Ohio Wesleyan","35","391","Oberlin","0"
"401806690","2025","12","false","2600","Saint John's (MN)","63","133","St. Olaf","21"
"401773826","2025","12","false","2188","East Stroudsburg University","42","2134","Clarion","34"
"401777084","2025","12","false","89","Wabash College","20","83","Depauw","41"
"401774427","2025","12","false","2362","Manchester","20","2023","Anderson (IN)","26"
"401777190","2025","12","false","2733","Wilmington (OH)","27","424","Capital","28"
"401777182","2025","12","false","188","Baldwin Wallace","41","191","Heidelberg","38"
"401774433","2025","12","false","86","Rose-Hulman","0","2419","Mount St. Joseph","48"
"401774414","2025","12","false","2262","Hanover College","51","2233","Franklin","18"
"401777210","2025","12","false","426","University of Mount Union","51","332","Muskingum University","7"
"401752767","2025","12","false","96","Kentucky","42","2635","Tennessee Tech","10"
"401806687","2025","12","false","375","St. Scholastica","0","2802","Bethel (MN)","62"
"401773879","2025","12","false","613","South Dakota Mines","45","2001","Adams State","21"
"401773949","2025","12","false","2842","UVA Wise","13","2213","Emory & Henry College","70"
"401776781","2025","12","false","2800","Alma","35","2003","Adrian","34"
"401761651","2025","12","false","2247","Georgia State","18","276","Marshall","30"
"401774349","2025","12","false","2519","Rhodes College","3","2121","Centre College Kentucky","28"
"401762506","2025","12","false","5","UAB","24","249","North Texas","53"
"401773184","2025","12","false","263","Loras College","45","67","Luther","12"
"401773265","2025","12","false","2758","Howard Payne","9","2371","Mary Hardin-Baylor","65"
"401773774","2025","12","false","2844","Wayne State (NE)","38","2043","Augustana University (SD)","31"
"401773741","2025","12","false","132","Bemidji State","34","559","University of Mary","21"
"401773766","2025","12","true","2939","Jamestown College","40","425","Northern State","46"
"401767643","2025","12","false","2900","St. Thomas (MN)","9","2506","Presbyterian","23"
"401767222","2025","12","false","2710","Western Illinois","17","2546","Southeast Missouri State","22"
"401767740","2025","12","false","257","Richmond","28","322","Lafayette","35"
"401773405","2025","12","false","2292","Indianapolis","28","389","Upper Iowa University","21"
"401773257","2025","12","false","2810","Hardin-Simmons","63","2194","East Texas Baptist University","14"
"401773193","2025","12","false","6845","Nebraska Wesleyan","22","2564","Simpson College (IA)","23"
"401778027","2025","12","false","2079","Bridgewater (VA)","1","2258","Guilford College","0"
"401773758","2025","12","false","568","Minot State","7","134","Minnesota Duluth","33"
"401773563","2025","12","false","2703","Western New Mexico","23","2395","Midwestern State","70"
"401777593","2025","12","false","2056","Belhaven","13","2938","Huntingdon College (AL)","30"
"401777039","2025","12","false","6353","Lakeland","35","2832","St. Norbert","25"
"401834132","2025","12","false","2310","Kentucky State","35","2560","Shorter","7"
"401773437","2025","12","false","2825","Quincy","37","2586","Southwest Baptist","35"
"401774061","2025","12","false","2781","Brockport","20","390","Utica","28"
"401773899","2025","12","false","2237","Fort Lewis","21","2146","Colorado School Of Mines","55"
"401774174","2025","12","false","2743","Wisconsin-Stevens Pt","0","2740","Wisconsin-Lacrosse","52"
"401773375","2025","12","false","2888","Ouachita Baptist","14","2271","Henderson State","41"
"401767169","2025","12","false","2630","UT Martin","17","2127","Charleston Southern","14"
"401773164","2025","12","false","2685","Wartburg","63","63","Buena Vista","20"
"401767147","2025","12","false","2097","Campbell","24","2210","Elon","31"
"401773415","2025","12","false","2911","William Jewell","49","2876","Lincoln (MO)","13"
"401767255","2025","12","false","2046","Austin Peay","30","2535","Samford","16"
"401773528","2025","12","false","2695","West Alabama","20","196","Northeastern State","33"
"401767303","2025","12","false","2698","West Georgia","23","3101","Utah Tech","0"
"401773666","2025","12","false","366","Ferrum","34","2148","Concord University","56"
"401774196","2025","12","false","2744","Wisconsin-Stout","19","2723","Wisconsin-River Falls","29"
"401773612","2025","12","false","2214","Emporia State University","7","2231","Fort Hays State","13"
"401774406","2025","12","false","317","Marietta","37","2074","Bluffton","14"
"401774181","2025","12","false","271","Wisconsin-Oshkosh","7","2745","Wisconsin-Whitewater","24"
"401783912","2025","12","false","2283","Benedictine University","10","2741","Wisconsin-Lutheran","14"
"401777311","2025","12","false","446","Martin Luther","36","2399","Minnesota Morris","14"
"401774167","2025","12","false","2738","Wisconsin-Eau Claire","28","272","Wisconsin-Platteville","55"
"401773626","2025","12","false","2403","Missouri Southern State","24","2687","Washburn","29"
"401774467","2025","12","false","2398","Millsaps","34","2553","Sewanee","20"
"401773043","2025","12","false","2964","Central College","7","2141","Coe College","13"
"401767586","2025","12","false","2643","The Citadel","14","2747","Wofford","16"
"401773642","2025","12","false","90","Pittsburg St","27","138","Northwest Missouri St","14"
"401767207","2025","12","false","2634","Tennessee State","14","2241","Gardner-Webb","30"
"401773341","2025","12","false","2033","Arkansas Tech","13","2264","Harding University","47"
"401773351","2025","12","false","2568","Southern Arkansas","49","2028","Arkansas-Monticello","10"
"401773893","2025","12","false","2570","CSU Pueblo","30","2123","Chadron St","27"
"401773915","2025","12","false","2714","Western Colorado","42","11","Colorado Mesa","28"
"401833535","2025","12","false","2170","Delta State","","2310","Kentucky State",""
"401767200","2025","12","false","2815","Lindenwood","42","2197","Eastern Illinois","12"
"401760411","2025","12","false","167","New Mexico","20","36","Colorado State","17"
"401773554","2025","12","false","2201","Eastern New Mexico","28","2658","Texas A&M-Kingsville","45"
"401777171","2025","12","false","2721","Whitworth","59","2508","Puget Sound","31"
"401773969","2025","12","false","351","Wingate","37","2369","Mars Hill","22"
"401773396","2025","12","false","200","Southern Nazarene","49","319","Oklahoma Baptist","19"
"401767457","2025","12","false","2582","Southern","30","2640","Texas Southern","35"
"401767377","2025","12","false","2016","Alcorn State","27","2755","Grambling","16"
"401767387","2025","12","false","2504","Prairie View A&M","56","2029","Arkansas-Pine Bluff","9"
"401767357","2025","12","false","2010","Alabama A&M","23","50","Florida A&M","26"
"401767444","2025","12","false","2571","South Dakota State","21","2287","Illinois State","35"
"401757304","2025","12","false","2623","Missouri State","38","2638","UTEP","24"
"401767556","2025","12","false","2382","Mercer","63","236","Chattanooga","17"
"401767481","2025","12","false","2916","Incarnate Word","7","2545","SE Louisiana","10"
"401767246","2025","12","false","2198","Eastern Kentucky","10","2000","Abilene Christian","17"
"401773603","2025","12","false","137","Missouri Western","10","2122","Central Oklahoma","54"
"401773523","2025","12","false","110242","West Florida","44","2673","Valdosta State","47"
"401773886","2025","12","false","2069","Black Hills State","55","2424","New Mexico Highlands","28"
"401752765","2025","12","false","333","Alabama","21","201","Oklahoma","23"
"401752903","2025","12","false","127","Michigan State","10","213","Penn State","28"
"401754592","2025","12","false","103","Boston College","34","59","Georgia Tech","36"
"401754593","2025","12","false","150","Duke","17","258","Virginia","34"
"401754595","2025","12","false","2390","Miami","41","152","NC State","7"
"401760413","2025","12","false","2440","Nevada","55","23","San José State","10"
"401761653","2025","12","false","2433","UL Monroe","14","6","South Alabama","26"
"401761654","2025","12","false","2572","Southern Miss","14","326","Texas State","41"
"401761652","2025","12","false","256","James Madison","58","2026","App State","10"
"401756953","2025","12","false","2641","Texas Tech","48","2116","UCF","9"
"401757303","2025","12","false","98","Western Kentucky","42","2393","Middle Tennessee","26"
"401752906","2025","12","false","356","Illinois","24","120","Maryland","6"
"401752907","2025","12","false","30","USC","26","2294","Iowa","21"
"401767514","2025","12","false","2449","North Dakota State","48","2460","Northern Iowa","16"
"401834158","2025","12","false","17","Claremont-Mudd-Scripps College","5","2318","La Verne","0"
"401777146","2025","12","false","2486","Pacific Lutheran","55","415","NEWBERG","21"
"401773381","2025","12","false","2823","Northwestern Oklahoma State","3","2927","Southwestern Oklahoma State","45"
"401777158","2025","12","false","205","Pacific (OR)","21","2333","Lewis & Clark College","28"
"401767600","2025","12","false","301","San Diego","29","2086","Butler","7"
"401762509","2025","12","false","2655","Tulane","35","2226","Florida Atlantic","24"
"401834159","2025","12","false","29","Redlands","0","2923","Pomona Pitzer","12"
"401762508","2025","12","false","151","East Carolina","31","235","Memphis","27"
"401773422","2025","12","false","2816","McKendree","13","2654","Truman State","45"
"401777152","2025","12","false","203","Linfield College","65","2930","Willamette","19"
"401767519","2025","12","false","2447","Nicholls","26","2466","Northwestern State","21"
"401767078","2025","12","false","2464","Northern Arizona","35","13","Cal Poly","27"
"401834155","2025","12","true","418","Hendrix College","55","101161","LYONCOLL","28"
"401834157","2025","12","false","411","Chapman","27","2094","California Lutheran University","17"
"401834160","2025","12","false","2019","Allen","42","101784","ERSKINE","24"
"401767067","2025","12","false","331","Eastern Washington","27","2458","Northern Colorado","7"
"401773592","2025","12","false","2848","Western Oregon","17","2120","Central Washington","19"
"401752771","2025","12","false","2633","Tennessee","42","166","New Mexico State","9"
"401754596","2025","12","false","154","Wake Forest","28","153","North Carolina","12"
"401767488","2025","12","false","2617","Stephen F. Austin","26","2320","Lamar","15"
"401773544","2025","12","false","2704","West Texas A&M","45","2025","Angelo State","44"
"401767103","2025","12","false","2502","Portland State","17","149","Montana","63"
"401767366","2025","12","false","2400","Mississippi Valley State","3","2011","Alabama State","41"
"401757301","2025","12","false","2229","Florida International","34","2335","Liberty","27"
"401767466","2025","12","false","2837","East Texas A&M","37","2277","Houston Christian","32"
"401834161","2025","12","false","122666","Wilson","6","2804","Chowan","20"
"401767087","2025","12","false","304","Idaho State","31","2692","Weber State","3"
"401761650","2025","12","false","290","Georgia Southern","45","324","Coastal Carolina","40"
"401752769","2025","12","false","145","Ole Miss","34","57","Florida","24"
"401767495","2025","12","false","2377","McNeese","13","292","UT Rio Grande Valley","28"
"401756949","2025","12","false","239","Baylor","28","254","Utah","55"
"401767290","2025","12","false","2627","Tarleton State","61","2453","North Alabama","0"
"401760414","2025","12","false","2439","UNLV","29","328","Utah State","26"
"401757300","2025","12","true","2534","Sam Houston","26","48","Delaware","23"
"401752902","2025","12","false","264","Washington","49","2509","Purdue","13"
"401752766","2025","12","false","61","Georgia","35","251","Texas","10"
"401752900","2025","12","false","194","Ohio State","48","26","UCLA","10"
"401754594","2025","12","false","52","Florida State","34","259","Virginia Tech","14"
"401752770","2025","12","false","142","Missouri","49","344","Mississippi State","27"
"401773578","2025","12","false","110243","UT Permian Basin","74","2834","Sul Ross State","10"
"401757302","2025","12","false","55","Jacksonville State","35","338","Kennesaw State","26"
"401767296","2025","12","false","253","Southern Utah","28","2110","Central Arkansas","21"
"401767096","2025","12","false","16","Sacramento State","23","70","Idaho","20"
"401834156","2025","12","true","2639","Texas Lutheran","19","241","McMurry","27"
"401752953","2025","12","false","265","Washington State","28","2348","Louisiana Tech","3"
"401756950","2025","12","false","252","BYU","44","2628","TCU","13"
"401760412","2025","12","false","278","Fresno State","24","2751","Wyoming","3"
"401767111","2025","12","false","147","Montana State","38","302","UC Davis","17"
"401760410","2025","12","false","21","San Diego State","17","68","Boise State","7"
"401762862","2025","13","false","189","Bowling Green","16","2006","Akron","19"
"401762863","2025","13","false","195","Ohio","42","113","Massachusetts","14"
"401762864","2025","13","false","2459","Northern Illinois","19","2711","Western Michigan","35"
"401762865","2025","13","false","2084","Buffalo","20","193","Miami (OH)","37"
"401762866","2025","13","false","2309","Kent State","16","2117","Central Michigan","28"
"401767520","2025","13","false","2545","SE Louisiana","38","2447","Nicholls","26"
"401761655","2025","13","false","2032","Arkansas State","30","309","Louisiana","34"
"401767522","2025","13","false","2466","Northwestern State","14","2617","Stephen F. Austin","62"
"401835275","2025","13","false","40","Curry College","24","2383","Merchant Marine Academy","27"
"401754598","2025","13","false","152","NC State","21","52","Florida State","11"
"401760418","2025","13","false","2439","UNLV","38","62","Hawai'i","10"
"401756958","2025","13","false","66","Iowa State","38","2305","Kansas","14"
"401767718","2025","13","false","2771","Merrimack","27","2230","Fordham","26"
"401835277","2025","13","false","374","St John Fisher University","24","2528","Rensselaer","35"
"401835278","2025","13","false","2102","Carnegie Mellon","24","2969","Misericordia","17"
"401835280","2025","13","true","2354","Lycoming","12","2688","Washington and Lee","14"
"401767708","2025","13","false","43","Yale","45","108","Harvard","28"
"401767591","2025","13","false","2678","VMI","6","2717","Western Carolina","48"
"401835276","2025","13","false","2808","Delaware Valley","14","2175","Dickinson (PA)","13"
"401835281","2025","13","false","2781","Brockport","46","2242","Geneva","10"
"401767749","2025","13","false","2115","Central Connecticut","35","2385","Mercyhurst","28"
"401767264","2025","13","false","2405","Monmouth","24","399","UAlbany","31"
"401767761","2025","13","false","2341","Long Island University","24","2681","Wagner","17"
"401754606","2025","13","false","154","Wake Forest","52","48","Delaware","14"
"401762512","2025","13","false","349","Army","25","202","Tulsa","26"
"401752778","2025","13","false","201","Oklahoma","17","142","Missouri","6"
"401835279","2025","13","true","2286","Illinois College","14","2044","Aurora","49"
"401752781","2025","13","false","245","Texas A&M","48","2535","Samford","0"
"401754602","2025","13","false","2567","SMU","38","97","Louisville","6"
"401754603","2025","13","false","259","Virginia Tech","17","2390","Miami","34"
"401752912","2025","13","false","194","Ohio State","42","164","Rutgers","9"
"401752909","2025","13","true","77","Northwestern","38","135","Minnesota","35"
"401767139","2025","13","false","2619","Stony Brook","35","2803","Bryant","28"
"401767403","2025","13","false","2415","Morgan State","14","2428","North Carolina Central","33"
"401767678","2025","13","false","225","Brown","35","159","Dartmouth","28"
"401767738","2025","13","false","322","Lafayette","32","2329","Lehigh","42"
"401752776","2025","13","false","61","Georgia","35","2429","Charlotte","3"
"401835282","2025","13","false","2667","Ursinus","31","388","Lebanon Valley","13"
"401761657","2025","13","false","290","Georgia Southern","10","295","Old Dominion","45"
"401756954","2025","13","false","12","Arizona","41","239","Baylor","17"
"401752954","2025","13","false","256","James Madison","24","265","Washington State","20"
"401835284","2025","13","false","2951","SUNY Maritime","14","174","Hobart College","42"
"401767770","2025","13","false","284","Stonehill","20","2598","St. Francis (PA)","10"
"401767188","2025","13","false","227","Rhode Island","38","2261","Hampton","10"
"401767234","2025","13","false","2635","Tennessee Tech","20","2630","UT Martin","17"
"401767340","2025","13","false","2729","William & Mary","21","257","Richmond","28"
"401767367","2025","13","false","2011","Alabama State","44","2029","Arkansas-Pine Bluff","13"
"401767453","2025","13","false","282","Indiana State","17","93","Murray State","31"
"401767601","2025","13","false","2086","Butler","27","2674","Valparaiso","20"
"401767611","2025","13","false","2166","Davidson","14","2168","Dayton","42"
"401767633","2025","13","false","2506","Presbyterian","29","2368","Marist","25"
"401767647","2025","13","false","56","Stetson","8","301","San Diego","42"
"401767671","2025","13","false","2142","Colgate","38","2083","Bucknell","19"
"401767696","2025","13","false","172","Cornell","12","171","Columbia","29"
"401767564","2025","13","false","2193","East Tennessee State","28","2643","The Citadel","26"
"401767625","2025","13","false","2181","Drake","17","2413","Morehead State","10"
"401767148","2025","13","false","119","Towson","35","2097","Campbell","31"
"401767195","2025","13","false","160","New Hampshire","33","311","Maine","27"
"401835285","2025","13","false","390","Utica","20","2827","Rowan","26"
"401767338","2025","13","false","222","Villanova","34","2529","Sacred Heart","10"
"401767349","2025","13","false","2169","Delaware State","17","2569","South Carolina State","28"
"401788996","2025","13","false","219","Pennsylvania","17","163","Princeton","6"
"401767445","2025","13","false","2287","Illinois State","7","79","Southern Illinois","37"
"401835283","2025","13","true","89","Wabash College","32","427","Ohio Northern","31"
"401767557","2025","13","false","2747","Wofford","35","236","Chattanooga","13"
"401767208","2025","13","false","2241","Gardner-Webb","24","2710","Western Illinois","29"
"401752774","2025","13","false","2","Auburn","62","2382","Mercer","17"
"401767215","2025","13","false","2546","Southeast Missouri State","13","2815","Lindenwood","30"
"401767508","2025","13","false","155","North Dakota","31","2571","South Dakota State","34"
"401767756","2025","13","false","2523","Robert Morris","17","2184","Duquesne","20"
"401762867","2025","13","false","2649","Toledo","38","2050","Ball State","9"
"401767125","2025","13","false","2458","Northern Colorado","24","2502","Portland State","13"
"401757306","2025","13","false","338","Kennesaw State","41","2623","Missouri State","34"
"401752773","2025","13","false","333","Alabama","56","2197","Eastern Illinois","0"
"401767291","2025","13","false","2453","North Alabama","34","253","Southern Utah","36"
"401767178","2025","13","false","2210","Elon","55","2448","North Carolina A&T","17"
"401760419","2025","13","false","2751","Wyoming","7","2440","Nevada","13"
"401767170","2025","13","false","2127","Charleston Southern","7","2634","Tennessee State","6"
"401767540","2025","13","false","2460","Northern Iowa","32","2754","Youngstown State","35"
"401767104","2025","13","false","149","Montana","28","147","Montana State","31"
"401761656","2025","13","false","2026","App State","26","276","Marshall","24"
"401835286","2025","13","true","2744","Wisconsin-Stout","31","143","Washington University (St. Louis)","23"
"401762511","2025","13","false","5","UAB","18","58","South Florida","48"
"401757308","2025","13","false","2393","Middle Tennessee","31","2534","Sam Houston","17"
"401757175","2025","13","false","2226","Florida Atlantic","45","41","UConn","48"
"401757309","2025","13","false","2638","UTEP","31","166","New Mexico State","34"
"401767358","2025","13","false","2640","Texas Southern","24","2010","Alabama A&M","7"
"401757307","2025","13","false","2348","Louisiana Tech","34","2335","Liberty","28"
"401767475","2025","13","false","2277","Houston Christian","10","2916","Incarnate Word","31"
"401767118","2025","13","false","2692","Weber State","48","2464","Northern Arizona","28"
"401767430","2025","13","false","2504","Prairie View A&M","59","2400","Mississippi Valley State","6"
"401752782","2025","13","false","238","Vanderbilt","45","96","Kentucky","17"
"401754600","2025","13","false","153","North Carolina","25","150","Duke","32"
"401752911","2025","13","false","2483","Oregon","42","30","USC","27"
"401767515","2025","13","false","2449","North Dakota State","62","2900","St. Thomas (MN)","7"
"401767394","2025","13","true","50","Florida A&M","34","2065","Bethune-Cookman","38"
"401767397","2025","13","true","47","Howard","44","2450","Norfolk State","15"
"401767378","2025","13","false","2016","Alcorn State","21","2296","Jackson State","27"
"401761658","2025","13","false","6","South Alabama","42","2572","Southern Miss","35"
"401757305","2025","13","false","2229","Florida International","27","55","Jacksonville State","21"
"401754604","2025","13","false","87","Notre Dame","70","183","Syracuse","7"
"401752913","2025","13","false","2294","Iowa","20","127","Michigan State","17"
"401752780","2025","13","false","251","Texas","52","8","Arkansas","37"
"401762513","2025","13","false","2636","UTSA","58","151","East Carolina","24"
"401762515","2025","13","false","218","Temple","13","2655","Tulane","37"
"401756957","2025","13","false","248","Houston","14","2628","TCU","17"
"401761660","2025","13","false","2653","Troy","31","2247","Georgia State","19"
"401752914","2025","13","false","120","Maryland","20","130","Michigan","45"
"401835287","2025","13","true","2828","Shenandoah","35","398","Wilkes","37"
"401756960","2025","13","false","254","Utah","51","2306","Kansas State","47"
"401756959","2025","13","false","2116","UCF","17","197","Oklahoma State","14"
"401767725","2025","13","true","107","Holy Cross","42","46","Georgetown","7"
"401767284","2025","13","false","3101","Utah Tech","10","2198","Eastern Kentucky","33"
"401767134","2025","13","false","302","UC Davis","31","16","Sacramento State","27"
"401767088","2025","13","false","70","Idaho","16","304","Idaho State","37"
"401767489","2025","13","false","2320","Lamar","19","2377","McNeese","21"
"401752779","2025","13","false","2579","South Carolina","51","324","Coastal Carolina","7"
"401754605","2025","13","false","228","Clemson","45","231","Furman","10"
"401761659","2025","13","false","326","Texas State","31","2433","UL Monroe","14"
"401767276","2025","13","false","2627","Tarleton State","45","2046","Austin Peay","44"
"401767068","2025","13","false","13","Cal Poly","43","331","Eastern Washington","34"
"401767247","2025","13","false","2110","Central Arkansas","28","2000","Abilene Christian","49"
"401767467","2025","13","false","292","UT Rio Grande Valley","33","2837","East Texas A&M","14"
"401835288","2025","13","true","2849","Westminster (PA)","40","2419","Mount St. Joseph","21"
"401754601","2025","13","false","59","Georgia Tech","28","221","Pittsburgh","42"
"401752908","2025","13","false","213","Penn State","37","158","Nebraska","10"
"401760415","2025","13","false","2005","Air Force","3","167","New Mexico","20"
"401760416","2025","13","false","68","Boise State","49","36","Colorado State","21"
"401754599","2025","13","false","24","Stanford","31","25","California","10"
"401752775","2025","13","false","57","Florida","11","2633","Tennessee","31"
"401752915","2025","13","false","275","Wisconsin","27","356","Illinois","10"
"401762514","2025","13","false","242","Rice","24","249","North Texas","56"
"401752777","2025","13","false","99","LSU","13","98","Western Kentucky","10"
"401756956","2025","13","false","38","Colorado","17","9","Arizona State","42"
"401756955","2025","13","false","2132","Cincinnati","14","252","BYU","26"
"401760417","2025","13","false","278","Fresno State","17","328","Utah State","28"
"401760420","2025","13","false","21","San Diego State","25","23","San José State","3"
"401752910","2025","13","false","26","UCLA","14","264","Washington","48"
"401762868","2025","14","false","113","Massachusetts","14","189","Bowling Green","45"
"401762869","2025","14","false","2199","Eastern Michigan","21","2711","Western Michigan","31"
"401767368","2025","14","false","2011","Alabama State","58","2657","Tuskegee","21"
"401762516","2025","14","false","235","Memphis","17","2426","Navy","28"
"401762871","2025","14","false","2459","Northern Illinois","31","2309","Kent State","35"
"401752916","2025","14","false","158","Nebraska","16","2294","Iowa","40"
"401762870","2025","14","false","2084","Buffalo","26","195","Ohio","31"
"401752788","2025","14","false","344","Mississippi State","19","145","Ole Miss","38"
"401756964","2025","14","false","2305","Kansas","21","254","Utah","31"
"401760421","2025","14","false","36","Colorado State","21","2005","Air Force","42"
"401752786","2025","14","true","59","Georgia Tech","9","61","Georgia","16"
"401760426","2025","14","false","167","New Mexico","23","21","San Diego State","17"
"401762442","2025","14","false","249","North Texas","52","218","Temple","25"
"401760422","2025","14","false","328","Utah State","24","68","Boise State","25"
"401752924","2025","14","false","2509","Purdue","3","84","Indiana","56"
"401752792","2025","14","false","251","Texas","27","245","Texas A&M","17"
"401756961","2025","14","false","9","Arizona State","7","12","Arizona","23"
"401756968","2025","14","false","277","West Virginia","0","2641","Texas Tech","49"
"401752921","2025","14","false","130","Michigan","9","194","Ohio State","27"
"401754611","2025","14","false","221","Pittsburgh","7","2390","Miami","38"
"401756962","2025","14","false","239","Baylor","24","248","Houston","31"
"401756965","2025","14","false","2306","Kansas State","24","38","Colorado","14"
"401756966","2025","14","false","197","Oklahoma State","13","66","Iowa State","20"
"401752790","2025","14","false","2579","South Carolina","14","228","Clemson","28"
"401762519","2025","14","false","2226","Florida Atlantic","3","151","East Carolina","42"
"401762872","2025","14","false","2117","Central Michigan","3","2649","Toledo","21"
"401762875","2025","14","false","193","Miami (OH)","45","2050","Ball State","24"
"401836055","2025","14","false","222","Villanova","52","108","Harvard","7"
"401836102","2025","14","false","227","Rhode Island","27","2115","Central Connecticut","19"
"401833975","2025","14","false","2754","Youngstown State","42","43","Yale","43"
"401836015","2025","14","false","426","University of Mount Union","49","2422","Muhlenberg","7"
"401836018","2025","14","false","3112","Christopher Newport","28","216","Susquehanna","42"
"401752787","2025","14","false","97","Louisville","41","96","Kentucky","0"
"401836035","2025","14","false","2315","Kutztown University","56","2038","Assumption","19"
"401836017","2025","14","false","2757","Berry College","18","548","Lagrange College","14"
"401836037","2025","14","false","2858","PennWest California","21","341","Frostburg State","23"
"401836021","2025","14","false","118","Johns Hopkins University","34","81","Springfield","14"
"401757311","2025","14","true","2534","Sam Houston","16","2229","Florida International","56"
"401836040","2025","14","false","110242","West Florida","17","2444","Newberry","24"
"401836020","2025","14","false","2802","Bethel (MN)","51","2141","Coe College","26"
"401836075","2025","14","false","2723","Wisconsin-River Falls","58","411","Chapman","7"
"401836016","2025","14","false","2685","Wartburg","24","396","Wheaton","28"
"401836019","2025","14","false","3071","North Central College","38","2262","Hanover College","6"
"401836036","2025","14","false","2222","Ferris State","56","308","Ashland","24"
"401836041","2025","14","false","2013","Albany State GA","14","490","Benedict College","12"
"401836115","2025","14","false","2635","Tennessee Tech","6","155","North Dakota","31"
"401836116","2025","14","false","2571","South Dakota State","41","160","New Hampshire","3"
"401836195","2025","14","false","233","South Dakota","38","2181","Drake","17"
"401833969","2025","14","false","2000","Abilene Christian","38","2320","Lamar","20"
"401836095","2025","14","false","2545","SE Louisiana","3","2287","Illinois State","21"
"401757310","2025","14","false","48","Delaware","61","2638","UTEP","31"
"401756963","2025","14","false","252","BYU","41","2116","UCF","21"
"401761663","2025","14","false","276","Marshall","19","290","Georgia Southern","24"
"401757314","2025","14","false","2623","Missouri State","30","2348","Louisiana Tech","42"
"401761664","2025","14","false","295","Old Dominion","27","2247","Georgia State","10"
"401836038","2025","14","false","2292","Indianapolis","27","2364","Minnesota State Mankato","35"
"401767420","2025","14","true","2582","Southern","28","2755","Grambling","27"
"401836039","2025","14","false","2264","Harding University","37","90","Pittsburg St","21"
"401757312","2025","14","false","55","Jacksonville State","37","98","Western Kentucky","34"
"401761661","2025","14","false","2026","App State","29","2032","Arkansas State","30"
"401762517","2025","14","false","202","Tulsa","24","5","UAB","31"
"401761665","2025","14","false","309","Louisiana","30","2433","UL Monroe","27"
"401757315","2025","14","false","166","New Mexico State","24","2393","Middle Tennessee","31"
"401767428","2025","14","false","2400","Mississippi Valley State","35","50","Florida A&M","31"
"401754608","2025","14","false","183","Syracuse","12","103","Boston College","34"
"401761667","2025","14","false","326","Texas State","49","6","South Alabama","26"
"401836155","2025","14","false","110243","UT Permian Basin","21","2714","Western Colorado","15"
"401752917","2025","14","false","264","Washington","14","2483","Oregon","26"
"401762441","2025","14","false","2636","UTSA","24","349","Army","27"
"401761666","2025","14","false","2572","Southern Miss","18","2653","Troy","28"
"401752783","2025","14","false","8","Arkansas","17","142","Missouri","31"
"401754610","2025","14","false","150","Duke","49","154","Wake Forest","32"
"401757313","2025","14","false","2335","Liberty","42","338","Kennesaw State","48"
"401752791","2025","14","false","2633","Tennessee","24","238","Vanderbilt","45"
"401752789","2025","14","false","201","Oklahoma","17","99","LSU","13"
"401756967","2025","14","false","2628","TCU","45","2132","Cincinnati","23"
"401752918","2025","14","false","135","Minnesota","17","275","Wisconsin","7"
"401752920","2025","14","false","164","Rutgers","36","213","Penn State","40"
"401761662","2025","14","false","324","Coastal Carolina","10","256","James Madison","59"
"401752785","2025","14","false","57","Florida","40","52","Florida State","21"
"401752946","2025","14","false","265","Washington State","32","204","Oregon State","8"
"401752923","2025","14","true","127","Michigan State","38","120","Maryland","28"
"401754613","2025","14","false","258","Virginia","27","259","Virginia Tech","7"
"401762520","2025","14","false","58","South Florida","52","242","Rice","3"
"401752919","2025","14","false","30","USC","29","26","UCLA","10"
"401762518","2025","14","false","2655","Tulane","27","2429","Charlotte","0"
"401752922","2025","14","false","356","Illinois","20","77","Northwestern","13"
"401752784","2025","14","false","2","Auburn","20","333","Alabama","27"
"401754612","2025","14","false","152","NC State","42","153","North Carolina","19"
"401754609","2025","14","false","25","California","38","2567","SMU","35"
"401760425","2025","14","false","2440","Nevada","17","2439","UNLV","42"
"401754614","2025","14","false","24","Stanford","20","87","Notre Dame","49"
"401760423","2025","14","false","23","San José State","14","278","Fresno State","41"
"401760424","2025","14","false","62","Hawai'i","27","2751","Wyoming","7"
"401777352","2025","15","false","256","James Madison","31","2653","Troy","14"
"401777325","2025","15","false","55","Jacksonville State","15","338","Kennesaw State","19"
"401777326","2025","15","false","68","Boise State","38","2439","UNLV","21"
"401777324","2025","15","false","2655","Tulane","34","249","North Texas","21"
"401837035","2025","15","false","2315","Kutztown University","51","341","Frostburg State","29"
"401836218","2025","15","false","2382","Mercer","0","233","South Dakota","47"
"401837096","2025","15","false","216","Susquehanna","29","127954","Eastern University","0"
"401836850","2025","15","false","426","University of Mount Union","7","2302","John Carroll University","10"
"401837095","2025","15","false","118","Johns Hopkins University","45","2532","Salisbury","13"
"401837097","2025","15","false","386","Trinity University TX","23","2757","Berry College","31"
"401836851","2025","15","false","83","Depauw","24","396","Wheaton","49"
"401777327","2025","15","true","2641","Texas Tech","34","252","BYU","7"
"401833978","2025","15","false","2329","Lehigh","7","222","Villanova","14"
"401777329","2025","15","true","2711","Western Michigan","23","193","Miami (OH)","13"
"401836537","2025","15","true","2033","Arkansas Tech","27","2704","West Texas A&M","28"
"401837075","2025","15","false","2013","Albany State GA","24","2444","Newberry","31"
"401836198","2025","15","false","2449","North Dakota State","28","2287","Illinois State","29"
"401836853","2025","15","false","3071","North Central College","35","2740","Wisconsin-Lacrosse","27"
"401836217","2025","15","false","2627","Tarleton State","31","155","North Dakota","13"
"401836852","2025","15","false","2723","Wisconsin-River Falls","42","2600","Saint John's (MN)","14"
"401836854","2025","15","false","2802","Bethel (MN)","35","272","Wisconsin-Platteville","24"
"401837055","2025","15","false","2222","Ferris State","52","2364","Minnesota State Mankato","29"
"401777350","2025","15","false","2296","Jackson State","21","2504","Prairie View A&M","23"
"401836196","2025","15","false","147","Montana State","21","43","Yale","13"
"401837115","2025","15","false","2264","Harding University","34","110243","UT Permian Basin","28"
"401836197","2025","15","false","149","Montana","50","2571","South Dakota State","29"
"401836216","2025","15","false","2617","Stephen F. Austin","41","2000","Abilene Christian","34"
"401836536","2025","15","true","2273","Hillsdale","28","389","Upper Iowa University","37"
"401777351","2025","15","true","333","Alabama","7","61","Georgia","28"
"401777353","2025","15","true","194","Ohio State","10","84","Indiana","13"
"401777328","2025","15","true","258","Virginia","20","150","Duke","27"
"401833977","2025","15","false","302","UC Davis","47","227","Rhode Island","26"
"401833985","2025","16","false","147","Montana State","44","2617","Stephen F. Austin","28"
"401838338","2025","16","false","216","Susquehanna","10","118","Johns Hopkins University","40"
"401838375","2025","16","false","2222","Ferris State","49","2444","Newberry","17"
"401833986","2025","16","false","2627","Tarleton State","21","222","Villanova","26"
"401838335","2025","16","false","2302","John Carroll University","21","2757","Berry College","13"
"401838337","2025","16","false","3071","North Central College","35","2802","Bethel (MN)","21"
"401762521","2025","16","true","2426","Navy","17","349","Army","16"
"401838336","2025","16","false","396","Wheaton","21","2723","Wisconsin-River Falls","46"
"401833987","2025","16","false","149","Montana","52","233","South Dakota","22"
"401838376","2025","16","false","2315","Kutztown University","27","2264","Harding University","49"
"401836219","2025","16","false","302","UC Davis","31","2287","Illinois State","42"
"401778123","2025","1","true","2504","Prairie View A&M","38","2569","South Carolina State","40"
"401778302","2025","1","true","264","Washington","38","68","Boise State","10"
"401778303","2025","1","true","55","Jacksonville State","17","2653","Troy","13"
"401778304","2025","1","true","58","South Florida","10","295","Old Dominion","24"
"401778305","2025","1","true","48","Delaware","20","309","Louisiana","13"
"401838053","2025","1","true","2032","Arkansas State","34","2623","Missouri State","28"
"401778306","2025","1","true","2711","Western Michigan","41","338","Kennesaw State","6"
"401778307","2025","1","true","152","NC State","31","235","Memphis","7"
"401779840","2025","1","false","201","Oklahoma","24","333","Alabama","34"
"401779841","2025","1","false","245","Texas A&M","3","2390","Miami","10"
"401840097","2025","1","false","2723","Wisconsin-River Falls","48","118","Johns Hopkins University","41"
"401779842","2025","1","false","145","Ole Miss","41","2655","Tulane","10"
"401840095","2025","1","true","2222","Ferris State","42","2264","Harding University","21"
"401833989","2025","1","false","147","Montana State","48","149","Montana","23"
"401840096","2025","1","false","3071","North Central College","41","2302","John Carroll University","21"
"401833990","2025","1","false","222","Villanova","14","2287","Illinois State","30"
"401779843","2025","1","false","2483","Oregon","51","256","James Madison","34"
"401778308","2025","1","true","328","Utah State","21","265","Washington State","34"
"401778309","2025","1","true","97","Louisville","27","2649","Toledo","22"
"401778310","2025","1","true","2572","Southern Miss","16","98","Western Kentucky","27"
"401778311","2025","1","true","195","Ohio","17","2439","UNLV","10"
"401778312","2025","1","false","62","Hawai'i","35","25","California","31"
"401778313","2025","1","true","77","Northwestern","34","2117","Central Michigan","7"
"401778314","2025","1","true","135","Minnesota","20","167","New Mexico","17"
"401778315","2025","1","true","2636","UTSA","57","2229","Florida International","20"
"401778316","2025","1","true","151","East Carolina","23","221","Pittsburgh","17"
"401778317","2025","1","true","228","Clemson","10","213","Penn State","22"
"401778318","2025","1","true","349","Army","41","41","UConn","16"
"401778319","2025","1","true","252","BYU","25","59","Georgia Tech","21"
"401778320","2025","1","true","278","Fresno State","18","193","Miami (OH)","3"
"401778321","2025","1","true","21","San Diego State","47","249","North Texas","49"
"401778322","2025","1","true","142","Missouri","7","258","Virginia","13"
"401778323","2025","1","true","248","Houston","38","99","LSU","35"
"401778324","2025","1","true","2026","App State","10","290","Georgia Southern","29"
"401778325","2025","1","true","2348","Louisiana Tech","23","324","Coastal Carolina","14"
"401778326","2025","1","true","356","Illinois","30","2633","Tennessee","28"
"401778327","2025","1","true","2628","TCU","30","30","USC","27"
"401778328","2025","1","true","238","Vanderbilt","27","2294","Iowa","34"
"401778329","2025","1","true","150","Duke","42","9","Arizona State","39"
"401778330","2025","1","true","251","Texas","41","130","Michigan","27"
"401778331","2025","1","true","254","Utah","44","158","Nebraska","22"
"401769070","2025","1","true","194","Ohio State","14","2390","Miami","24"
"401769071","2025","1","true","2641","Texas Tech","0","2483","Oregon","23"
"401769072","2025","1","true","84","Indiana","38","333","Alabama","3"
"401769073","2025","1","true","61","Georgia","34","145","Ole Miss","39"
"401778332","2025","1","true","326","Texas State","41","242","Rice","10"
"401778333","2025","1","true","2132","Cincinnati","13","2426","Navy","35"
"401831583","2025","1","true","2567","SMU","24","12","Arizona","19"
"401778334","2025","1","true","344","Mississippi State","29","154","Wake Forest","43"
"401843253","2025","1","true","3071","North Central College","14","2723","Wisconsin-River Falls","24"
"401833680","2025","1","true","147","Montana State","35","2287","Illinois State","34"
"401769075","2025","1","true","145","Ole Miss","","2390","Miami",""
"401769074","2025","1","true","84","Indiana","","2483","Oregon",""
"401834624","2025","13","false","81","Springfield","21","2782","Cortland","7"
"401834615","2025","13","false","2422","Muhlenberg","34","237","Union (NY)","26"
"401834618","2025","13","false","2967","Framingham State","21","548","Lagrange College","24"
"401834635","2025","13","false","2315","Kutztown University","52","2060","Bentley","0"
"401834619","2025","13","false","2262","Hanover College","23","146","Grove City College","15"
"401834623","2025","13","false","216","Susquehanna","38","2686","Washington & Jefferson","32"
"401834637","2025","13","false","2304","Johnson C Smith","7","341","Frostburg State","21"
"401834636","2025","13","false","2291","Indiana-Pennsylvania","20","2038","Assumption","23"
"401834638","2025","13","false","2676","Virginia Union","24","2858","PennWest California","27"
"401834620","2025","13","false","409","Concordia-Wisconsin","7","2141","Coe College","44"
"401834639","2025","13","false","2013","Albany State GA","35","2673","Valdosta State","30"
"401834696","2025","13","false","2224","Findlay","14","2364","Minnesota State Mankato","37"
"401834695","2025","13","false","308","Ashland","32","134","Minnesota Duluth","7"
"401834621","2025","13","false","396","Wheaton","76","509","Crown College","14"
"401834642","2025","13","false","2444","Newberry","45","2310","Kentucky State","24"
"401834675","2025","13","false","2222","Ferris State","65","2886","Northwood (MI)","14"
"401834655","2025","13","false","2292","Indianapolis","57","2654","Truman State","14"
"401834715","2025","13","false","2264","Harding University","38","138","Northwest Missouri St","16"
"401834641","2025","13","false","110242","West Florida","43","2822","North Greenville","19"
"401834716","2025","13","false","90","Pittsburg St","21","2123","Chadron St","17"
"401834640","2025","13","false","351","Wingate","24","490","Benedict College","25"
"401834622","2025","13","false","2721","Whitworth","16","411","Chapman","18"
"401834718","2025","13","false","2570","CSU Pueblo","24","110243","UT Permian Basin","37"
"401834717","2025","13","false","2120","Central Washington","20","2714","Western Colorado","27"
"401834629","2025","14","false","2234","Franklin & Marshall","24","127954","Eastern University","28"
"401834630","2025","14","false","2532","Salisbury","35","452","Endicott College","28"
"401834616","2025","14","false","2302","John Carroll University","35","2516","Randolph-Macon","6"
"401834625","2025","14","false","2812","Hope College","7","2740","Wisconsin-Lacrosse","9"
"401834628","2025","14","false","2600","Saint John's (MN)","49","2919","Monmouth (IL)","15"
"401834617","2025","14","false","386","Trinity University TX","34","2810","Hardin-Simmons","24"
"401834626","2025","14","false","272","Wisconsin-Platteville","24","2800","Alma","7"
"401834627","2025","14","false","2745","Wisconsin-Whitewater","23","83","Depauw","26"
