Id,Season,Week,NeutralSite,HomeId,HomeTeam,HomePoints,HomeTeamTalent,HomeCohesionScore,AwayId,AwayTeam,AwayPoints,AwayTeamTalent,AwayCohesionScore,UnexpectedResult
401282714,2021,1,False,356,Illinois,30,630.16,0.4403030303030303,158,Nebraska,22,743.7,0.5287698412698413,0.0
401286187,2021,1,False,278,Fresno State,45,483.77,3.9914141414141415,41,UConn,0,331.9,,
401329133,2021,1,True,2119,Central State (OH),6,,,2310,Kentucky State,20,,,
401309833,2021,1,False,26,UCLA,44,746.02,5.057291666666667,62,Hawai'i,10,397.43,,
401328337,2021,1,False,282,Indiana State,26,45.15,,2197,Eastern Illinois,21,87.86,,0.0
401327539,2021,1,True,2428,North Carolina Central,23,80.58,,2016,Alcorn State,14,71.95,,
401282049,2021,1,False,166,New Mexico State,3,117.43,,2638,UTEP,30,318.65,,
401310693,2021,1,False,23,San José State,45,410.81,,253,Southern Utah,14,,,0.0
401282050,2021,1,True,55,Jacksonville State,0,155.11,,5,UAB,31,444.37,,
401328215,2021,1,False,351,Wingate,30,,,2551,Shaw,7,,,0.0
401328989,2021,1,False,131,Wayne State (MI),21,,,215,Slippery Rock,24,,,
401328204,2021,1,False,2619,Stony Brook,21,80.27,,160,New Hampshire,27,7.81,,1.0
401334787,2021,1,False,2986,Fairmont State,14,,,2858,PennWest California,23,,,
401334786,2021,1,False,2844,Wayne State (NE),34,,,559,University of Mary,27,,,0.0
401337471,2021,1,False,2699,West Liberty,6,,,2682,Walsh,27,,,
401328276,2021,1,False,2033,Arkansas Tech,20,,,199,Southeastern Oklahoma State,38,,,
401309540,2021,1,False,2050,Ball State,31,338.31,3.608802308802309,2710,Western Illinois,21,82.24,,
401329651,2021,1,False,2369,Mars Hill,24,,,2804,Chowan,30,,,
401329689,2021,1,False,389,Upper Iowa University,14,,,134,Minnesota Duluth,41,,,
401329357,2021,1,False,2477,Ohio Dominican,30,,,2974,Shepherd,35,,,
401329270,2021,1,False,611,Seton Hill,16,,,112335,Wheeling,14,,,0.0
401329056,2021,1,False,2105,Carson-Newman College,7,,,2698,West Georgia,45,,,
401329020,2021,1,False,2401,Mississippi College,0,,,2013,Albany State GA,24,,,
401329015,2021,1,False,2170,Delta State,48,,,2064,Bethel University Tennessee,14,,,0.0
401328973,2021,1,False,2886,Northwood (MI),21,,,367,Gannon,28,,,
401328605,2021,1,False,2815,Lindenwood,20,,,2025,Angelo State,40,,,
401329425,2021,1,False,210,Millersville,9,,,2022,American International,14,,,
401328432,2021,1,False,2823,Northwestern Oklahoma State,13,,,2568,Southern Arkansas,32,,,
401328397,2021,1,False,2927,Southwestern Oklahoma State,13,,,2271,Henderson State,31,,,
401328309,2021,1,False,2028,Arkansas-Monticello,30,,,200,Southern Nazarene,23,,,0.0
401328175,2021,1,False,311,Maine,24,95.0,,48,Delaware,34,29.77,,1.0
401328388,2021,1,False,2754,Youngstown State,44,90.76,,2916,Incarnate Word,41,54.6,6.755555555555556,
401328466,2021,1,False,2888,Ouachita Baptist,38,,,319,Oklahoma Baptist,31,,,0.0
401329443,2021,1,False,2876,Lincoln (MO),12,,,2687,Washburn,76,,,
401329491,2021,1,False,2364,Minnesota State Mankato,40,,,425,Northern State,34,,,0.0
401329503,2021,1,False,2894,Sioux Falls,16,,,132,Bemidji State,24,,,
401328458,2021,1,False,2535,Samford,52,70.11,,2635,Tennessee Tech,14,19.2,,
401332315,2021,1,False,2181,Drake,45,,,455,West Virginia Wesleyan,3,,,0.0
401357797,2021,1,False,2382,Mercer,69,23.81,,3179,Point University,0,,,0.0
401334756,2021,1,False,2316,Kentucky Wesleyan,13,,,341,Frostburg State,20,,,
401328545,2021,1,False,324,Coastal Carolina,52,415.91,4.958333333333333,2643,The Citadel,14,23.94,,
401309542,2021,1,False,2084,Buffalo,69,267.09,4.226495726495727,2681,Wagner,7,21.98,,
401300995,2021,1,False,2116,UCF,36,639.06,1.0006410256410256,68,Boise State,31,557.69,0.995970695970696,
401329660,2021,1,False,2188,East Stroudsburg University,35,,,2487,Pace,14,,,0.0
401309834,2021,1,False,254,Utah,40,707.72,1.5086016414141414,2692,Weber State,17,116.62,,
401328768,2021,1,False,2222,Ferris State,54,,,2224,Findlay,14,,,0.0
401300994,2021,1,False,202,Tulsa,17,470.49,,302,UC Davis,19,51.38,,1.0
401328404,2021,1,False,236,Chattanooga,20,193.46,,2046,Austin Peay,30,87.48,1.7797619047619049,1.0
401300993,2021,1,False,2026,App State,33,450.04,,151,East Carolina,19,516.06,8.355180533751962,0.0
401282607,2021,1,False,152,NC State,45,700.36,0.3794719169719169,58,South Florida,0,540.51,,
401328383,2021,1,False,2546,Southeast Missouri State,21,26.12,,79,Southern Illinois,47,107.83,,
401328138,2021,1,False,338,Kennesaw State,35,36.62,,2890,Reinhardt University,25,,,0.0
401281952,2021,1,False,2633,Tennessee,38,780.83,0.7272893772893774,189,Bowling Green,6,380.74,0.4611607142857142,
401310696,2021,1,False,167,New Mexico,27,360.77,3.238583638583638,2277,Houston Christian,17,5.41,,
401282789,2021,1,False,135,Minnesota,31,653.25,3.333964646464646,194,Ohio State,45,985.09,0.8939285714285715,
401329340,2021,1,False,2118,Central Missouri,16,,,90,Pittsburg St,35,,,
401329456,2021,1,False,2438,Nebraska-Kearney,38,,,2403,Missouri Southern State,0,,,0.0
401329404,2021,1,False,2231,Fort Hays State,7,,,138,Northwest Missouri St,15,,,
401282180,2021,1,False,98,Western Kentucky,59,524.97,5.368589743589744,2630,UT Martin,21,149.55,,
401329374,2021,1,False,2122,Central Oklahoma,24,,,137,Missouri Western,20,,,0.0
401330245,2021,1,False,2201,Eastern New Mexico,24,,,2120,Central Washington,66,,,
401328681,2021,1,False,613,South Dakota Mines,34,,,2402,Missouri S&T,31,,,0.0
401329037,2021,1,False,2587,Southwest Minnesota State,21,,,2817,Minnesota State Moorhead,33,,,
401329048,2021,1,False,2146,Colorado School Of Mines,42,,,2848,Western Oregon,3,,,0.0
401329058,2021,1,False,2851,Winona State,47,,,3066,Concordia University St Paul,6,,,0.0
401329153,2021,1,False,2570,CSU Pueblo,6,,,2837,East Texas A&M,12,,,
401328420,2021,1,False,93,Murray State,35,104.85,,2400,Mississippi Valley State,0,,,0.0
401329312,2021,1,False,11,Colorado Mesa,40,,,2911,William Jewell,3,,,0.0
401282051,2021,1,False,2229,Florida International,48,520.69,,2341,Long Island University,10,,,0.0
401328011,2021,1,False,2464,Northern Arizona,16,115.62,,2534,Sam Houston,42,111.5,,1.0
401329450,2021,1,False,2704,West Texas A&M,73,,,2637,Texas College,0,,,0.0
401310694,2021,1,False,2439,UNLV,33,392.44,2.557638888888889,331,Eastern Washington,35,57.26,,1.0
401309835,2021,1,False,9,Arizona State,41,734.45,,253,Southern Utah,14,,,0.0
401335299,2021,1,False,2115,Central Connecticut,21,,,2583,Southern Connecticut State,28,,,
401309937,2021,1,False,259,Virginia Tech,17,663.78,,153,North Carolina,10,798.29,0.9671130952380952,0.0
401344437,2021,1,False,2060,Bentley,41,,,223,West Chester,17,,,0.0
401282608,2021,1,False,154,Wake Forest,42,589.19,,295,Old Dominion,10,409.31,4.284848484848485,
401309541,2021,1,False,2199,Eastern Michigan,35,340.6,,2598,St. Francis (PA),15,7.3,,
401282052,2021,1,False,2429,Charlotte,31,462.67,5.1875,150,Duke,28,605.57,,0.0
401287888,2021,1,False,2305,Kansas,17,548.1,0.9965277777777778,233,South Dakota,14,46.05,,
401282782,2021,1,False,77,Northwestern,21,648.79,,127,Michigan State,38,677.07,3.05,
401309836,2021,1,False,38,Colorado,35,640.85,,2458,Northern Colorado,7,156.11,,
401310695,2021,1,False,36,Colorado State,23,443.16,8.0,2571,South Dakota State,42,13.27,,1.0
401309601,2021,1,False,2247,Georgia State,10,413.91,1.7436324786324786,349,Army,43,111.53,0.5008928571428571,1.0
401282815,2021,1,False,275,Wisconsin,10,750.89,1.014360119047619,213,Penn State,16,820.72,,
401282822,2021,1,False,164,Rutgers,61,573.14,2.340563725490196,218,Temple,14,501.4,0.5625,
401328233,2021,1,False,2329,Lehigh,3,36.97,,222,Villanova,47,,,
401282609,2021,1,False,103,Boston College,51,636.46,,2142,Colgate,0,,,0.0
401327913,2021,1,False,158,Nebraska,52,743.7,0.5287698412698413,2230,Fordham,7,22.86,,
401286188,2021,1,False,41,UConn,28,331.9,,107,Holy Cross,38,,,
401281947,2021,1,False,96,Kentucky,45,709.07,2.2568658905197365,2433,UL Monroe,10,312.31,,
401287894,2021,1,False,201,Oklahoma,40,895.38,0.5865384615384615,2655,Tulane,35,463.02,,
401287889,2021,1,True,2306,Kansas State,24,569.65,1.3384064737005914,24,Stanford,7,745.3,0.7944444444444444,0.0
401332385,2021,1,False,124180,Bluefield State,14,,,102071,Lawrence Tech,21,,,
401363390,2021,1,False,2586,Southwest Baptist,16,,,110243,UT Permian Basin,24,,,
401328706,2021,1,False,110254,Davenport,14,,,2654,Truman State,31,,,
401329633,2021,1,False,2842,UVA Wise,54,,,2355,Virginia University Of Lynchburg,0,,,0.0
401328990,2021,1,False,2560,Shorter,38,,,2913,Brevard College,14,,,0.0
401328713,2021,1,False,587,Notre Dame College,42,,,308,Ashland,35,,,0.0
401282772,2021,1,False,130,Michigan,47,832.6,3.636979166666667,2711,Western Michigan,14,396.47,,
401329210,2021,1,False,2315,Kutztown University,19,,,2038,Assumption,0,,,0.0
401328924,2021,1,False,2441,New Haven,30,,,112334,Franklin Pierce,14,,,0.0
401331758,2021,1,False,2107,Catawba,37,,,101784,ERSKINE,27,,,0.0
401328169,2021,1,False,395,St. Augustine's,14,,,2839,Greeneville,58,,,
401359753,2021,1,False,121696,MARIAN (IN,10,,,2838,Tiffin,34,,,
401334669,2021,1,False,2559,Shippensburg,25,,,2707,West Virginia State,17,,,0.0
401328585,2021,1,False,2377,McNeese,36,182.46,,110242,West Florida,42,,,
401329325,2021,1,False,2771,Merrimack,55,,,2830,St. Anselm,23,,,0.0
401328566,2021,1,False,2678,VMI,45,,,2166,Davidson,24,,,0.0
401328150,2021,1,False,231,Furman,29,39.37,,2448,North Carolina A&T,18,132.73,,0.0
401328183,2021,1,False,2210,Elon,22,43.03,,2747,Wofford,24,7.83,,1.0
401310861,2021,1,False,2005,Air Force,35,30.32,,322,Lafayette,14,22.41,,
401281943,2021,1,False,8,Arkansas,38,722.84,1.7100000000000002,242,Rice,17,419.65,,
401328220,2021,1,False,257,Richmond,38,35.81,,47,Howard,14,,,0.0
401309838,2021,1,False,2483,Oregon,31,885.75,0.9379607765971404,278,Fresno State,24,483.77,3.9914141414141415,
401328647,2021,1,False,2816,McKendree,20,,,128,Northern Michigan,27,,,
401328954,2021,1,False,2392,Michigan Tech,14,,,2273,Hillsdale,10,,,0.0
401329106,2021,1,False,2825,Quincy,27,,,2395,Midwestern State,48,,,
401329143,2021,1,False,2043,Augustana University (SD),49,,,568,Minot State,0,,,0.0
401329337,2021,1,False,2237,Fort Lewis,7,,,2424,New Mexico Highlands,44,,,
401348214,2021,1,False,122666,Wilson,7,,,2444,Newberry,31,,,
401329179,2021,1,False,284,Stonehill,35,,,2071,Bloomsburg,13,,,0.0
401329305,2021,1,False,2714,Western Colorado,23,,,2123,Chadron St,10,,,0.0
401328057,2021,1,False,304,Idaho State,14,71.55,,155,North Dakota,35,,,
401328159,2021,1,False,2449,North Dakota State,28,50.33,,399,UAlbany,6,24.67,,
401282764,2021,1,False,120,Maryland,30,705.79,3.656547619047619,277,West Virginia,24,611.29,0.7139481778904856,
401281942,2021,1,True,2390,Miami,13,841.45,,333,Alabama,44,1004.04,0.6343094405594406,
401282174,2021,1,False,2426,Navy,7,127.63,,276,Marshall,49,456.97,3.1730158730158733,
401282723,2021,1,False,2294,Iowa,34,657.39,5.977216610549943,84,Indiana,6,664.25,1.9310515873015877,0.0
401300996,2021,1,False,2132,Cincinnati,49,626.54,1.628082395545631,193,Miami (OH),14,378.03,,
401281949,2021,1,False,344,Mississippi State,35,716.17,3.52007992007992,2348,Louisiana Tech,34,520.48,,
401282612,2021,1,False,221,Pittsburgh,51,668.67,2.9842796608276485,113,Massachusetts,7,227.21,,
401281950,2021,1,False,142,Missouri,34,647.74,1.0576923076923077,2117,Central Michigan,24,268.89,0.2944444444444444,
401327924,2021,1,False,2207,Elizabeth City State,6,,,2220,Fayetteville State,47,,,
401337368,2021,1,False,2506,Presbyterian,84,,,111610,Laurinburg,43,,,0.0
401328230,2021,1,False,2415,Morgan State,0,44.52,,119,Towson,31,130.7,,
401310697,2021,1,False,2751,Wyoming,19,326.65,4.717296918767507,147,Montana State,16,92.72,,
401327914,2021,1,False,2169,Delaware State,32,,,2075,Bowie State,24,,,0.0
401328028,2021,1,False,301,San Diego,17,37.37,,13,Cal Poly,28,80.3,,
401348514,2021,1,False,70,Idaho,68,122.44,,2829,Simon Fraser,0,,,0.0
401287887,2021,1,False,66,Iowa State,16,613.6,0.5785547785547785,2460,Northern Iowa,10,108.66,,
401287892,2021,1,False,251,Texas,38,874.19,1.5166997354497356,309,Louisiana,18,435.63,0.6097963764630431,
401309842,2021,1,False,30,USC,30,874.5,0.3272662337662337,23,San José State,7,410.81,,
401327961,2021,1,False,330,Virginia St,7,,,2331,Lenoir-Rhyne,48,,,
401327953,2021,1,False,2339,Lincoln (PA),0,,,209,Lock Haven University,20,,,
401329092,2021,1,False,2940,Livingstone,10,,,2805,Clark Atlanta,13,,,
401329085,2021,1,False,490,Benedict College,45,,,2019,Allen,12,,,0.0
401329190,2021,1,False,2134,Clarion,26,,,437,Lake Erie,31,,,
401332022,2021,1,False,2385,Mercyhurst,18,,,2017,Alderson-Broaddus,3,,,0.0
401286294,2021,1,False,2335,Liberty,48,154.75,7.125,2097,Campbell,7,108.65,,
401357798,2021,1,False,56,Stetson,54,14.06,,2683,Warner University,14,,,0.0
401332299,2021,1,False,2529,Sacred Heart,21,24.95,,2083,Bucknell,0,,,0.0
401327988,2021,1,False,2717,Western Carolina,28,57.52,,2198,Eastern Kentucky,31,222.5,,
401328616,2021,1,False,2011,Alabama State,14,,,2396,Miles College,13,,,0.0
401328527,2021,1,False,111756,Indiana Wesleyan,28,,,2674,Valparaiso,10,14.28,,0.0
401309600,2021,1,False,290,Georgia Southern,30,383.76,2.574090909090909,2241,Gardner-Webb,25,58.53,,
401328210,2021,1,False,227,Rhode Island,45,127.52,,2803,Bryant,21,14.59,,
401328192,2021,1,False,256,James Madison,68,102.89,10.025,2413,Morehead State,10,,,0.0
401328015,2021,1,False,2261,Hampton,42,33.45,,2676,Virginia Union,28,,,0.0
401300998,2021,1,False,2567,SMU,56,576.03,0.6475907029478458,2000,Abilene Christian,9,96.46,,
401328634,2021,1,False,2029,Arkansas-Pine Bluff,34,15.35,,2323,Lane College,16,,,0.0
401328144,2021,1,False,2453,North Alabama,28,123.39,,2545,SE Louisiana,49,231.02,,
401328022,2021,1,False,2617,Stephen F. Austin,20,115.81,,2627,Tarleton State,10,18.04,,
401281951,2021,1,False,2579,South Carolina,46,747.88,0.6266824085005903,2197,Eastern Illinois,0,87.86,,
401309602,2021,1,False,2653,Troy,55,448.77,4.146825396825397,2582,Southern,3,120.88,,
401328323,2021,1,False,2010,Alabama A&M,42,49.54,,2569,South Carolina State,41,,,0.0
401309598,2021,1,False,2032,Arkansas State,40,475.74,8.833333333333332,2110,Central Arkansas,21,68.32,,
401300997,2021,1,False,235,Memphis,42,572.13,1.2424242424242424,2447,Nicholls,17,189.98,,
401309543,2021,1,False,2649,Toledo,49,465.4,,2450,Norfolk State,10,,,0.0
401287890,2021,1,False,197,Oklahoma State,23,613.69,1.7764396568343936,2623,Missouri State,16,205.25,,
401282173,2021,1,False,2393,Middle Tennessee,50,494.02,,2405,Monmouth,15,13.17,,
401281944,2021,1,False,2,Auburn,60,840.38,0.8212764903941374,2006,Akron,10,330.97,,
401282819,2021,1,False,2509,Purdue,30,644.23,0.4775998740842491,204,Oregon State,21,640.66,0.8349299719887956,
401287886,2021,1,True,248,Houston,21,571.21,0.5815746753246753,2641,Texas Tech,38,607.1,1.2829931972789117,
401329000,2021,1,False,2695,West Alabama,48,,,60,Morehouse College,7,,,0.0
401328977,2021,1,False,129,Saginaw Valley State,13,,,2658,Texas A&M-Kingsville,9,,,0.0
401328944,2021,1,False,2673,Valdosta State,53,,,2542,Savannah St,7,,,0.0
401329707,2021,1,False,2615,St. Xavier IL,10,,,2292,Indianapolis,34,,,
401329394,2021,1,False,196,Northeastern State,7,,,2214,Emporia State University,38,,,
401329023,2021,1,False,2001,Adams State,17,,,2703,Western New Mexico,35,,,
401328345,2021,1,False,2264,Harding University,28,,,2191,East Central (OK),0,,,0.0
401329008,2021,1,False,2822,North Greenville,37,,,2336,Limestone,16,,,0.0
401282611,2021,1,False,195,Ohio,9,332.25,,183,Syracuse,29,567.19,5.386904761904762,
401287893,2021,1,False,326,Texas State,20,428.48,,239,Baylor,29,660.65,2.5166666666666666,
401282610,2021,1,False,59,Georgia Tech,21,707.35,1.7333333333333334,2459,Northern Illinois,22,354.21,,1.0
401281946,2021,1,True,228,Clemson,3,935.08,4.0026620370370365,61,Georgia,10,1001.79,0.251486013986014,
401281945,2021,1,False,57,Florida,35,885.67,,2226,Florida Atlantic,14,553.28,1.8227272727272728,
401282179,2021,1,False,356,Illinois,30,630.16,0.4403030303030303,2636,UTSA,37,508.77,2.9249107142857143,1.0
401328327,2021,1,False,2287,Illinois State,49,51.04,,2086,Butler,7,,,0.0
401282175,2021,1,False,249,North Texas,44,496.31,7.333333333333333,2466,Northwestern State,14,126.22,,
401282613,2021,1,False,258,Virginia,43,619.61,0.92,2729,William & Mary,0,38.56,,
401287891,2021,1,False,2628,TCU,45,698.52,0.3404761904761905,2184,Duquesne,3,77.09,,
401328678,2021,1,False,2640,Texas Southern,17,62.7,,2504,Prairie View A&M,40,56.79,,1.0
401282054,2021,1,False,238,Vanderbilt,3,609.82,0.8208333333333333,2193,East Tennessee State,23,49.58,,1.0
401309839,2021,1,False,264,Washington,7,789.51,,149,Montana,13,94.99,,1.0
401282177,2021,1,False,6,South Alabama,31,415.07,3.616666666666666,2572,Southern Miss,7,465.94,2.322751322751323,0.0
401282053,2021,1,False,245,Texas A&M,41,888.35,0.3158214674758792,2309,Kent State,10,357.85,0.5111111111111111,
401281948,2021,1,False,26,UCLA,38,746.02,5.057291666666667,99,LSU,27,903.72,,0.0
401282178,2021,1,False,2638,UTEP,38,318.65,,2065,Bethune-Cookman,28,70.64,,
401327977,2021,1,False,3101,Utah Tech,7,,,16,Sacramento State,19,71.2,,
401309837,2021,1,False,25,California,17,662.11,2.208238851095994,2440,Nevada,22,421.64,2.2644962180676464,1.0
401309841,2021,1,True,12,Arizona,16,567.61,3.928234126984127,252,BYU,24,443.13,,1.0
401310699,2021,1,False,21,San Diego State,28,441.63,7.507177033492823,166,New Mexico State,10,117.43,,
401309840,2021,1,False,265,Washington State,23,601.16,0.861111111111111,328,Utah State,26,394.37,1.2857142857142858,1.0
401310698,2021,1,False,62,Hawai'i,49,397.43,,2502,Portland State,35,81.34,,
401328657,2021,1,False,50,Florida A&M,6,127.97,,2296,Jackson State,7,173.86,9.583333333333334,
401328426,2021,1,False,2755,Grambling,16,,,2634,Tennessee State,10,88.82,,0.0
401329118,2021,1,False,2657,Tuskegee,0,,,2232,Fort Valley State,30,,,
401282614,2021,1,False,52,Florida State,38,769.76,1.3858516483516483,87,Notre Dame,41,853.1,2.033989448051948,
401282055,2021,1,True,145,Ole Miss,43,732.02,1.2606060606060607,97,Louisville,24,607.77,1.0256410256410258,
401341940,2021,2,False,2128,University Of Charleston (WV),27,,,2986,Fairmont State,6,,,0.0
401329652,2021,2,False,2369,Mars Hill,50,,,2355,Virginia University Of Lynchburg,14,,,0.0
401329412,2021,2,False,112335,Wheeling,15,,,587,Notre Dame College,31,,,
401329384,2021,2,False,2249,Glenville State,17,,,2148,Concord University,10,,,0.0
401329341,2021,2,False,2687,Washburn,29,,,2118,Central Missouri,10,,,0.0
401329086,2021,2,False,490,Benedict College,44,,,2206,Edward Waters,3,,,0.0
401329405,2021,2,False,137,Missouri Western,38,,,2231,Fort Hays State,31,,,0.0
401347693,2021,2,False,2487,Pace,33,,,2022,American International,40,,,
401287896,2021,2,False,324,Coastal Carolina,49,415.91,4.958333333333333,2305,Kansas,22,548.1,0.9965277777777778,0.0
401282616,2021,2,False,150,Duke,45,605.57,,2448,North Carolina A&T,17,132.73,,
401282191,2021,2,False,68,Boise State,54,557.69,0.995970695970696,2638,UTEP,13,318.65,,
401310701,2021,2,False,328,Utah State,48,394.37,1.2857142857142858,155,North Dakota,24,,,0.0
401282624,2021,2,False,258,Virginia,42,619.61,0.92,356,Illinois,14,630.16,0.4403030303030303,0.0
401282193,2021,2,False,349,Army,38,111.53,0.5008928571428571,98,Western Kentucky,35,524.97,5.368589743589744,0.0
401309545,2021,2,False,2309,Kent State,60,357.85,0.5111111111111111,2678,VMI,10,,,0.0
401282790,2021,2,False,135,Minnesota,31,653.25,3.333964646464646,193,Miami (OH),26,378.03,,
401282618,2021,2,False,59,Georgia Tech,45,707.35,1.7333333333333334,338,Kennesaw State,17,36.62,,
401282625,2021,2,False,154,Wake Forest,41,589.19,,2450,Norfolk State,16,,,0.0
401282783,2021,2,False,127,Michigan State,42,677.07,3.05,2754,Youngstown State,14,90.76,,
401282058,2021,2,False,2,Auburn,62,840.38,0.8212764903941374,2011,Alabama State,0,,,0.0
401329366,2021,2,False,2205,Edinboro University,9,,,2559,Shippensburg,30,,,
401329419,2021,2,False,2385,Mercyhurst,10,,,223,West Chester,56,,,
401287899,2021,2,False,197,Oklahoma State,28,613.69,1.7764396568343936,202,Tulsa,23,470.49,,
401282809,2021,2,False,194,Ohio State,28,985.09,0.8939285714285715,2483,Oregon,35,885.75,0.9379607765971404,1.0
401282066,2021,2,False,2633,Tennessee,34,780.83,0.7272893772893774,221,Pittsburgh,41,668.67,2.9842796608276485,1.0
401282804,2021,2,False,77,Northwestern,24,648.79,,282,Indiana State,6,45.15,,
401329358,2021,2,False,367,Gannon,26,,,2974,Shepherd,56,,,
401282065,2021,2,False,151,East Carolina,17,516.06,8.355180533751962,2579,South Carolina,20,747.88,0.6266824085005903,
401327915,2021,2,False,2075,Bowie State,28,,,129,Saginaw Valley State,19,,,0.0
401282059,2021,2,False,58,South Florida,20,540.51,,57,Florida,42,885.67,,
401328226,2021,2,False,2142,Colgate,3,,,2619,Stony Brook,24,80.27,,
401328413,2021,2,False,2168,Dayton,17,,,2197,Eastern Illinois,10,87.86,,0.0
401329152,2021,2,False,3066,Concordia University St Paul,24,,,389,Upper Iowa University,6,,,0.0
401329191,2021,2,False,2134,Clarion,17,,,210,Millersville,21,,,
401341491,2021,2,False,101784,ERSKINE,25,,,122666,Wilson,38,,,
401334788,2021,2,False,2858,PennWest California,59,,,209,Lock Haven University,0,,,0.0
401334757,2021,2,False,2310,Kentucky State,25,,,2316,Kentucky Wesleyan,26,,,
401332383,2021,2,False,2839,Greeneville,38,,,2804,Chowan,46,,,
401332023,2021,2,False,2017,Alderson-Broaddus,0,,,2699,West Liberty,24,,,
401329474,2021,2,False,112334,Franklin Pierce,20,,,437,Lake Erie,31,,,
401327954,2021,2,False,2339,Lincoln (PA),7,,,2119,Central State (OH),19,,,
401328707,2021,2,False,131,Wayne State (MI),9,,,2654,Truman State,27,,,
401328968,2021,2,False,128,Northern Michigan,10,,,271,Wisconsin-Oshkosh,28,,,
401328974,2021,2,False,2838,Tiffin,40,,,2886,Northwood (MI),6,,,0.0
401329038,2021,2,False,2817,Minnesota State Moorhead,13,,,2851,Winona State,27,,,
401348193,2021,2,False,2477,Ohio Dominican,10,,,330,Virginia St,7,,,0.0
401344438,2021,2,False,2038,Assumption,28,,,2060,Bentley,40,,,
401301000,2021,2,False,2655,Tulane,69,463.02,,2415,Morgan State,20,44.52,,
401328955,2021,2,False,2392,Michigan Tech,9,,,2900,St. Thomas (MN),12,,,
401309547,2021,2,False,2459,Northern Illinois,43,354.21,,2751,Wyoming,50,326.65,4.717296918767507,1.0
401327925,2021,2,False,2207,Elizabeth City State,27,,,124180,Bluefield State,35,,,
401328287,2021,2,False,2169,Delaware State,14,,,46,Georgetown,20,,,
401328485,2021,2,False,107,Holy Cross,21,,,2771,Merrimack,35,,,
401328075,2021,2,False,233,South Dakota,34,46.05,,2464,Northern Arizona,7,115.62,,0.0
401282622,2021,2,False,183,Syracuse,7,567.19,5.386904761904762,164,Rutgers,17,573.14,2.340563725490196,
401328119,2021,2,False,2643,The Citadel,21,23.94,,2127,Charleston Southern,38,34.78,,
401328532,2021,2,False,200,Southern Nazarene,3,,,2888,Ouachita Baptist,41,,,
401282186,2021,2,False,259,Virginia Tech,35,663.78,,2393,Middle Tennessee,14,494.02,,
401328221,2021,2,False,257,Richmond,31,35.81,,2329,Lehigh,3,36.97,,0.0
401341944,2021,2,False,2707,West Virginia State,21,,,341,Frostburg State,34,,,
401332007,2021,2,False,2825,Quincy,59,,,2295,Iowa Wesleyan,27,,,0.0
401329462,2021,2,False,2703,Western New Mexico,14,,,2714,Western Colorado,49,,,
401329319,2021,2,False,2146,Colorado School Of Mines,31,,,2424,New Mexico Highlands,21,,,0.0
401329201,2021,2,False,2291,Indiana-Pennsylvania,29,,,2315,Kutztown University,26,,,0.0
401329001,2021,2,False,2657,Tuskegee,7,,,2695,West Alabama,33,,,
401328521,2021,2,False,2413,Morehead State,62,,,3179,Point University,9,,,0.0
401309753,2021,2,False,195,Ohio,26,332.25,,2184,Duquesne,28,77.09,,1.0
401328459,2021,2,False,2635,Tennessee Tech,0,19.2,,231,Furman,26,39.37,,
401282705,2021,2,False,87,Notre Dame,32,853.1,2.033989448051948,2649,Toledo,29,465.4,,
401332310,2021,2,False,2681,Wagner,19,21.98,,2115,Central Connecticut,21,,,
401282820,2021,2,False,41,UConn,0,331.9,,2509,Purdue,49,644.23,0.4775998740842491,
401359755,2021,2,False,2123,Chadron St,24,,,2025,Angelo State,28,,,
401359754,2021,2,False,2402,Missouri S&T,71,,,124386,Little Rock,0,,,0.0
401333045,2021,2,False,132,Bemidji State,38,,,2844,Wayne State (NE),28,,,0.0
401329126,2021,2,False,559,University of Mary,20,,,2043,Augustana University (SD),43,,,
401329457,2021,2,False,2403,Missouri Southern State,17,,,196,Northeastern State,21,,,
401309548,2021,2,False,2117,Central Michigan,45,268.89,0.2944444444444444,2523,Robert Morris,0,,,0.0
401328367,2021,2,False,2449,North Dakota State,64,50.33,,2674,Valparaiso,0,14.28,,
401301002,2021,2,False,2132,Cincinnati,42,626.54,1.628082395545631,93,Murray State,7,104.85,,
401301004,2021,2,False,2426,Navy,3,127.63,,2005,Air Force,23,30.32,,1.0
401282623,2021,2,False,113,Massachusetts,28,227.21,,103,Boston College,45,636.46,,
401300999,2021,2,False,2006,Akron,24,330.97,,218,Temple,45,501.4,0.5625,
401287900,2021,2,False,2628,TCU,34,698.52,0.3404761904761905,25,California,32,662.11,2.208238851095994,
401282067,2021,2,True,38,Colorado,7,640.85,,245,Texas A&M,10,888.35,0.3158214674758792,
401282797,2021,2,False,158,Nebraska,28,743.7,0.5287698412698413,2084,Buffalo,3,267.09,4.226495726495727,
401282816,2021,2,False,213,Penn State,44,820.72,,2050,Ball State,13,338.31,3.608802308802309,
401282183,2021,2,False,2226,Florida Atlantic,38,553.28,1.8227272727272728,290,Georgia Southern,6,383.76,2.574090909090909,
401282060,2021,2,False,61,Georgia,56,1001.79,0.251486013986014,5,UAB,7,444.37,,
401309546,2021,2,False,189,Bowling Green,19,380.74,0.4611607142857142,6,South Alabama,22,415.07,3.616666666666666,
401329713,2021,2,False,203,Linfield College,56,,,2829,Simon Fraser,20,,,0.0
401329113,2021,2,False,2805,Clark Atlanta,26,,,2323,Lane College,35,,,
401328038,2021,2,False,331,Eastern Washington,63,57.26,,2120,Central Washington,14,,,0.0
401282056,2021,2,False,333,Alabama,48,1004.04,0.6343094405594406,2382,Mercer,14,23.81,,
401328193,2021,2,False,256,James Madison,55,102.89,10.025,311,Maine,7,95.0,,
401328099,2021,2,False,301,San Diego,7,37.37,,302,UC Davis,53,51.38,,
401356953,2021,2,False,2506,Presbyterian,68,,,124110,UFTL,3,,,0.0
401282754,2021,2,False,66,Iowa State,17,613.6,0.5785547785547785,2294,Iowa,27,657.39,5.977216610549943,
401328016,2021,2,False,2676,Virginia Union,7,,,2673,Valdosta State,51,,,
401309544,2021,2,False,2711,Western Michigan,28,396.47,,2287,Illinois State,0,51.04,,
401282615,2021,2,False,228,Clemson,49,935.08,4.0026620370370365,2569,South Carolina State,3,,,0.0
401287902,2021,2,False,277,West Virginia,66,611.29,0.7139481778904856,2341,Long Island University,0,,,0.0
401328205,2021,2,False,160,New Hampshire,26,7.81,,119,Towson,14,130.7,,0.0
401328497,2021,2,False,2086,Butler,49,,,83,Depauw,24,,,0.0
401328658,2021,2,False,50,Florida A&M,34,127.97,,2232,Fort Valley State,7,,,0.0
401309845,2021,2,False,265,Washington State,44,601.16,0.861111111111111,2502,Portland State,24,81.34,,
401282192,2021,2,False,2636,UTSA,54,508.77,2.9249107142857143,2320,Lamar,0,,,0.0
401332050,2021,2,False,2230,Fordham,23,22.86,,2405,Monmouth,26,13.17,,1.0
401357799,2021,2,False,56,Stetson,49,14.06,,3178,Ave Maria University,16,,,0.0
401328108,2021,2,False,2097,Campbell,23,108.65,,2210,Elon,24,43.03,,1.0
401328176,2021,2,False,48,Delaware,27,29.77,,2598,St. Francis (PA),10,7.3,,
401328236,2021,2,False,2729,William & Mary,24,38.56,,322,Lafayette,3,22.41,,
401328234,2021,2,False,222,Villanova,55,,,2083,Bucknell,3,,,0.0
401282181,2021,2,False,2429,Charlotte,38,462.67,5.1875,2241,Gardner-Webb,10,58.53,,
401366015,2021,2,False,2224,Findlay,34,,,2882,UNC Pembroke,28,,,0.0
401328102,2021,2,False,2304,Johnson C Smith,19,,,2019,Allen,20,,,
401328945,2021,2,False,2542,Savannah St,50,,,2940,Livingstone,6,,,0.0
401329009,2021,2,False,2444,Newberry,14,,,2822,North Greenville,24,,,
401329057,2021,2,False,2698,West Georgia,47,,,60,Morehouse College,0,,,0.0
401347701,2021,2,False,284,Stonehill,54,,,2583,Southern Connecticut State,21,,,0.0
401329180,2021,2,False,611,Seton Hill,13,,,2071,Bloomsburg,7,,,0.0
401329372,2021,2,False,215,Slippery Rock,22,,,2188,East Stroudsburg University,7,,,0.0
401328085,2021,2,False,351,Wingate,40,,,2220,Fayetteville State,21,,,0.0
401301001,2021,2,False,2116,UCF,63,639.06,1.0006410256410256,2065,Bethune-Cookman,14,70.64,,
401282189,2021,2,False,242,Rice,7,419.65,,248,Houston,44,571.21,0.5815746753246753,
401282185,2021,2,False,276,Marshall,44,456.97,3.1730158730158733,2428,North Carolina Central,10,80.58,,
401329451,2021,2,False,110243,UT Permian Basin,42,,,2704,West Texas A&M,31,,,0.0
401329708,2021,2,False,2273,Hillsdale,31,,,2292,Indianapolis,35,,,
401330018,2021,2,False,2837,East Texas A&M,30,,,2395,Midwestern State,31,,,
401329492,2021,2,False,134,Minnesota Duluth,30,,,2364,Minnesota State Mankato,10,,,0.0
401328258,2021,2,False,2107,Catawba,28,,,2736,Winston-Salem,6,,,0.0
401328277,2021,2,False,2191,East Central (OK),13,,,2033,Arkansas Tech,10,,,0.0
401328310,2021,2,False,319,Oklahoma Baptist,45,,,2028,Arkansas-Monticello,20,,,0.0
401328389,2021,2,False,199,Southeastern Oklahoma State,32,,,2264,Harding University,31,,,0.0
401328398,2021,2,False,2271,Henderson State,55,,,2823,Northwestern Oklahoma State,7,,,0.0
401328535,2021,2,False,2568,Southern Arkansas,42,,,2927,Southwestern Oklahoma State,27,,,0.0
401328648,2021,2,False,2170,Delta State,45,,,2816,McKendree,17,,,0.0
401328696,2021,2,False,110242,West Florida,63,,,2586,Southwest Baptist,14,,,0.0
401328714,2021,2,False,308,Ashland,19,,,2222,Ferris State,45,,,
401328936,2021,2,False,125,Grand Valley State University,34,,,2570,CSU Pueblo,14,,,0.0
401328991,2021,2,False,2013,Albany State GA,28,,,2560,Shorter,12,,,0.0
401329069,2021,2,False,425,Northern State,30,,,2587,Southwest Minnesota State,13,,,0.0
401329351,2021,2,False,613,South Dakota Mines,52,,,561,Mayville State,7,,,0.0
401282182,2021,2,False,2229,Florida International,17,520.69,,326,Texas State,23,428.48,,1.0
401282825,2021,2,False,275,Wisconsin,34,750.89,1.014360119047619,2199,Eastern Michigan,7,340.6,,
401282064,2021,2,False,344,Mississippi State,24,716.17,3.52007992007992,152,NC State,10,700.36,0.3794719169719169,
401301003,2021,2,False,2032,Arkansas State,50,475.74,8.833333333333332,235,Memphis,55,572.13,1.2424242424242424,
401286295,2021,2,False,2653,Troy,13,448.77,4.146825396825397,2335,Liberty,21,154.75,7.125,1.0
401282620,2021,2,False,2390,Miami,25,841.45,,2026,App State,23,450.04,,
401328463,2021,2,False,2630,UT Martin,33,149.55,,2535,Samford,27,70.11,,
401282187,2021,2,False,2567,SMU,35,576.03,0.6475907029478458,249,North Texas,12,496.31,7.333333333333333,
401282057,2021,2,False,8,Arkansas,40,722.84,1.7100000000000002,251,Texas,21,874.19,1.5166997354497356,0.0
401310700,2021,2,False,167,New Mexico,34,360.77,3.238583638583638,166,New Mexico State,25,117.43,,
401328606,2021,2,False,2571,South Dakota State,52,13.27,,2815,Lindenwood,7,,,0.0
401328690,2021,2,False,2582,Southern,41,120.88,,2396,Miles College,24,,,0.0
401328703,2021,2,False,2000,Abilene Christian,62,96.46,,2347,Louisiana College,7,,,0.0
401332300,2021,2,False,2803,Bryant,17,14.59,,2529,Sacred Heart,6,24.95,,0.0
401328599,2021,2,False,2016,Alcorn State,13,71.95,,2466,Northwestern State,10,126.22,,0.0
401328080,2021,2,False,2277,Houston Christian,13,5.41,,2458,Northern Colorado,45,156.11,,
401328145,2021,2,False,2453,North Alabama,0,123.39,,236,Chattanooga,20,193.46,,
401328160,2021,2,False,399,UAlbany,14,24.67,,227,Rhode Island,16,127.52,,
401328216,2021,2,False,2166,Davidson,28,,,2551,Shaw,26,,,0.0
401328427,2021,2,False,2296,Jackson State,38,173.86,9.583333333333334,2634,Tennessee State,16,88.82,,
401282190,2021,2,False,2572,Southern Miss,37,465.94,2.322751322751323,2755,Grambling,0,,,0.0
401309603,2021,2,False,309,Louisiana,27,435.63,0.6097963764630431,2447,Nicholls,24,189.98,,
401282619,2021,2,False,97,Louisville,30,607.77,1.0256410256410258,2198,Eastern Kentucky,3,222.5,,
401282188,2021,2,False,295,Old Dominion,47,409.31,4.284848484848485,2261,Hampton,7,33.45,,
401287897,2021,2,False,2306,Kansas State,31,569.65,1.3384064737005914,79,Southern Illinois,23,107.83,,
401282184,2021,2,False,2348,Louisiana Tech,45,520.48,,2545,SE Louisiana,42,231.02,,
401287901,2021,2,False,2641,Texas Tech,28,607.1,1.2829931972789117,2617,Stephen F. Austin,22,115.81,,
401287898,2021,2,False,201,Oklahoma,76,895.38,0.5865384615384615,2717,Western Carolina,0,57.52,,
401287895,2021,2,False,239,Baylor,66,660.65,2.5166666666666666,2640,Texas Southern,7,62.7,,
401328023,2021,2,False,2627,Tarleton State,54,18.04,,2237,Fort Lewis,7,,,0.0
401328012,2021,2,False,2534,Sam Houston,52,111.5,,2546,Southeast Missouri State,14,26.12,,
401286207,2021,2,False,120,Maryland,62,705.79,3.656547619047619,47,Howard,0,,,0.0
401282724,2021,2,False,84,Indiana,56,664.25,1.9310515873015877,70,Idaho,14,122.44,,
401282063,2021,2,False,145,Ole Miss,54,732.02,1.2606060606060607,2046,Austin Peay,17,87.48,1.7797619047619049,
401282061,2021,2,False,96,Kentucky,35,709.07,2.2568658905197365,142,Missouri,28,647.74,1.0576923076923077,
401282621,2021,2,False,153,North Carolina,59,798.29,0.9671130952380952,2247,Georgia State,17,413.91,1.7436324786324786,
401328694,2021,2,False,2193,East Tennessee State,45,49.58,,2842,UVA Wise,14,,,0.0
401328070,2021,2,False,149,Montana,42,94.99,,2710,Western Illinois,7,82.24,,
401328064,2021,2,False,147,Montana State,45,92.72,,2181,Drake,7,,,0.0
401327967,2021,2,False,2623,Missouri State,43,205.25,,2110,Central Arkansas,34,68.32,,
401282773,2021,2,False,130,Michigan,31,832.6,3.636979166666667,264,Washington,10,789.51,,
401329024,2021,2,False,2201,Eastern New Mexico,42,,,2001,Adams State,14,,,0.0
401328679,2021,2,False,2916,Incarnate Word,40,54.6,6.755555555555556,2504,Prairie View A&M,9,56.79,,0.0
401330250,2021,2,False,2658,Texas A&M-Kingsville,24,,,2848,Western Oregon,10,,,0.0
401329487,2021,2,False,90,Pittsburg St,17,,,2438,Nebraska-Kearney,28,,,
401329395,2021,2,False,2214,Emporia State University,31,,,2122,Central Oklahoma,21,,,0.0
401282062,2021,2,False,99,LSU,34,903.72,,2377,McNeese,7,182.46,,
401282617,2021,2,False,52,Florida State,17,769.76,1.3858516483516483,55,Jacksonville State,20,155.11,,1.0
401328095,2021,2,False,16,Sacramento State,16,71.2,,2460,Northern Iowa,34,108.66,,
401327978,2021,2,False,3101,Utah Tech,3,,,2692,Weber State,41,116.62,,
401282068,2021,2,False,36,Colorado State,21,443.16,8.0,238,Vanderbilt,24,609.82,0.8208333333333333,
401309846,2021,2,False,12,Arizona,14,567.61,3.928234126984127,21,San Diego State,38,441.63,7.507177033492823,1.0
401310702,2021,2,False,278,Fresno State,63,483.77,3.9914141414141415,13,Cal Poly,10,80.3,,
401309848,2021,2,False,252,BYU,26,443.13,,254,Utah,17,707.72,1.5086016414141414,0.0
401309843,2021,2,False,30,USC,28,874.5,0.3272662337662337,24,Stanford,42,745.3,0.7944444444444444,1.0
401309847,2021,2,False,9,Arizona State,37,734.45,,2439,UNLV,10,392.44,2.557638888888889,
401310703,2021,2,False,2440,Nevada,49,421.64,2.2644962180676464,304,Idaho State,10,71.55,,
401309844,2021,2,False,204,Oregon State,45,640.66,0.8349299719887956,62,Hawai'i,27,397.43,,
401341945,2021,3,False,341,Frostburg State,30,,,2128,University Of Charleston (WV),24,,,0.0
401328641,2021,3,False,2065,Bethune-Cookman,27,70.64,,2010,Alabama A&M,30,49.54,,1.0
401309606,2021,3,False,309,Louisiana,49,435.63,0.6097963764630431,195,Ohio,14,332.25,,
401347702,2021,3,False,2583,Southern Connecticut State,34,,,2830,St. Anselm,31,,,0.0
401282626,2021,3,False,97,Louisville,42,607.77,1.0256410256410258,2116,UCF,35,639.06,1.0006410256410256,0.0
401282715,2021,3,False,356,Illinois,17,630.16,0.4403030303030303,120,Maryland,20,705.79,3.656547619047619,
401339818,2021,3,False,2329,Lehigh,0,36.97,,163,Princeton,32,,,
401282079,2021,3,False,245,Texas A&M,34,888.35,0.3158214674758792,167,New Mexico,0,360.77,3.238583638583638,
401282629,2021,3,False,2390,Miami,17,841.45,,127,Michigan State,38,677.07,3.05,1.0
401282632,2021,3,False,221,Pittsburgh,41,668.67,2.9842796608276485,2711,Western Michigan,44,396.47,,1.0
401282634,2021,3,False,218,Temple,3,501.4,0.5625,103,Boston College,28,636.46,,
401282636,2021,3,False,277,West Virginia,27,611.29,0.7139481778904856,259,Virginia Tech,21,663.78,,0.0
401282774,2021,3,False,130,Michigan,63,832.6,3.636979166666667,2459,Northern Illinois,10,354.21,,
401282798,2021,3,False,201,Oklahoma,23,895.38,0.5865384615384615,158,Nebraska,16,743.7,0.5287698412698413,
401282725,2021,3,False,84,Indiana,24,664.25,1.9310515873015877,2132,Cincinnati,38,626.54,1.628082395545631,1.0
401286189,2021,3,False,349,Army,52,111.53,0.5008928571428571,41,UConn,21,331.9,,0.0
401332306,2021,3,False,2598,St. Francis (PA),39,7.3,,2681,Wagner,24,21.98,,0.0
401282077,2021,3,False,142,Missouri,59,647.74,1.0576923076923077,2546,Southeast Missouri State,28,26.12,,
401282073,2021,3,False,96,Kentucky,28,709.07,2.2568658905197365,236,Chattanooga,23,193.46,,
401329420,2021,3,False,223,West Chester,41,,,2205,Edinboro University,37,,,0.0
401282633,2021,3,False,183,Syracuse,62,567.19,5.386904761904762,399,UAlbany,24,24.67,,
401309552,2021,3,False,2084,Buffalo,25,267.09,4.226495726495727,324,Coastal Carolina,28,415.91,4.958333333333333,
401328992,2021,3,False,2805,Clark Atlanta,17,,,2560,Shorter,38,,,
401282078,2021,3,False,2633,Tennessee,56,780.83,0.7272893772893774,2635,Tennessee Tech,0,19.2,,
401328603,2021,3,False,2115,Central Connecticut,10,,,2545,SE Louisiana,56,231.02,,
401328486,2021,3,False,43,Yale,17,24.05,,107,Holy Cross,20,,,
401328199,2021,3,False,311,Maine,31,95.0,,2771,Merrimack,26,,,0.0
401328132,2021,3,True,47,Howard,32,,,2261,Hampton,48,33.45,,
401329211,2021,3,False,2315,Kutztown University,14,,,611,Seton Hill,3,,,0.0
401328211,2021,3,False,225,Brown,24,9.44,,227,Rhode Island,45,127.52,,
401328479,2021,3,False,46,Georgetown,9,,,108,Harvard,44,,,
401328206,2021,3,False,322,Lafayette,13,22.41,,160,New Hampshire,19,7.81,,1.0
401329634,2021,3,False,2369,Mars Hill,44,,,2842,UVA Wise,9,,,0.0
401328237,2021,3,False,2142,Colgate,7,,,2729,William & Mary,27,38.56,,
401328238,2021,3,False,171,Columbia,37,,,2368,Marist,14,,,0.0
401328297,2021,3,False,2529,Sacred Heart,21,24.95,,2415,Morgan State,7,44.52,,0.0
401332024,2021,3,False,112335,Wheeling,28,,,2017,Alderson-Broaddus,6,,,0.0
401333034,2021,3,False,2804,Chowan,49,,,101784,ERSKINE,19,,,0.0
401341941,2021,3,False,2986,Fairmont State,23,,,2707,West Virginia State,30,,,
401347698,2021,3,False,2038,Assumption,32,,,2487,Pace,21,,,0.0
401329643,2021,3,False,2105,Carson-Newman College,3,,,351,Wingate,25,,,
401332010,2021,3,False,2911,William Jewell,25,,,2477,Ohio Dominican,35,,,
401331759,2021,3,False,2107,Catawba,17,,,122666,Wilson,10,,,0.0
401327916,2021,3,False,2441,New Haven,13,,,2075,Bowie State,27,,,
401328724,2021,3,False,128,Northern Michigan,20,,,110254,Davenport,14,,,0.0
401328708,2021,3,False,2654,Truman State,38,,,2273,Hillsdale,24,,,0.0
401329426,2021,3,False,2858,PennWest California,30,,,210,Millersville,0,,,0.0
401282791,2021,3,False,38,Colorado,0,640.85,,135,Minnesota,30,653.25,3.333964646464646,
401328217,2021,3,False,2551,Shaw,52,,,2119,Central State (OH),0,,,0.0
401329192,2021,3,False,2134,Clarion,33,,,2559,Shippensburg,62,,,
401329661,2021,3,False,2188,East Stroudsburg University,17,,,2385,Mercyhurst,7,,,0.0
401328682,2021,3,False,2402,Missouri S&T,51,,,131,Wayne State (MI),45,,,0.0
401329320,2021,3,False,2237,Fort Lewis,0,,,2146,Colorado School Of Mines,76,,,
401329313,2021,3,False,2424,New Mexico Highlands,37,,,11,Colorado Mesa,56,,,
401329202,2021,3,False,2291,Indiana-Pennsylvania,21,,,2974,Shepherd,37,,,
401329181,2021,3,False,2071,Bloomsburg,31,,,367,Gannon,27,,,0.0
401329173,2021,3,False,2894,Sioux Falls,50,,,3066,Concordia University St Paul,14,,,0.0
401329119,2021,3,False,2232,Fort Valley State,24,,,2323,Lane College,27,,,
401329059,2021,3,False,2851,Winona State,23,,,134,Minnesota Duluth,29,,,
401329039,2021,3,False,2043,Augustana University (SD),43,,,2817,Minnesota State Moorhead,17,,,0.0
401328960,2021,3,False,60,Morehouse College,14,,,2396,Miles College,37,,,
401328697,2021,3,False,2586,Southwest Baptist,41,,,2224,Findlay,62,,,
401328649,2021,3,False,2816,McKendree,10,,,437,Lake Erie,17,,,
401328262,2021,3,False,2674,Valparaiso,18,14.28,,159,Dartmouth,28,,,
401328248,2021,3,False,172,Cornell,21,,,2678,VMI,31,,,
401359793,2021,3,False,2657,Tuskegee,23,,,2206,Edward Waters,6,,,0.0
401287905,2021,3,False,2306,Kansas State,38,569.65,1.3384064737005914,2440,Nevada,17,421.64,2.2644962180676464,
401329342,2021,3,False,2118,Central Missouri,7,,,138,Northwest Missouri St,47,,,
401329433,2021,3,False,2699,West Liberty,10,,,587,Notre Dame College,51,,,
401329488,2021,3,False,2438,Nebraska-Kearney,28,,,2687,Washburn,24,,,0.0
401330246,2021,3,False,2201,Eastern New Mexico,10,,,2658,Texas A&M-Kingsville,36,,,
401332008,2021,3,False,2825,Quincy,38,,,2682,Walsh,17,,,0.0
401334760,2021,3,False,2148,Concord University,28,,,455,West Virginia Wesleyan,25,,,0.0
401344439,2021,3,False,2060,Bentley,24,,,284,Stonehill,14,,,0.0
401282706,2021,3,False,87,Notre Dame,27,853.1,2.033989448051948,2509,Purdue,13,644.23,0.4775998740842491,
401328561,2021,3,False,2717,Western Carolina,37,57.52,,2535,Samford,42,70.11,,
401328428,2021,3,False,2634,Tennessee State,41,88.82,,2310,Kentucky State,7,,,0.0
401328065,2021,3,False,147,Montana State,52,92.72,,301,San Diego,10,37.37,,
401328405,2021,3,False,2046,Austin Peay,59,87.48,1.7797619047619049,2413,Morehead State,35,,,0.0
401328937,2021,3,False,125,Grand Valley State University,45,,,2740,Wisconsin-Lacrosse,24,,,0.0
401359751,2021,3,False,2401,Mississippi College,63,,,124110,UFTL,0,,,0.0
401331754,2021,3,False,2839,Greeneville,24,,,2336,Limestone,21,,,0.0
401329297,2021,3,False,2570,CSU Pueblo,19,,,2069,Black Hills State,16,,,0.0
401282755,2021,3,False,2294,Iowa,30,657.39,5.977216610549943,2309,Kent State,7,357.85,0.5111111111111111,
401286300,2021,3,False,113,Massachusetts,28,227.21,,2199,Eastern Michigan,42,340.6,,
401287904,2021,3,False,2305,Kansas,7,548.1,0.9965277777777778,239,Baylor,45,660.65,2.5166666666666666,
401282810,2021,3,False,194,Ohio State,41,985.09,0.8939285714285715,202,Tulsa,20,470.49,,
401282071,2021,3,False,57,Florida,29,885.67,,333,Alabama,31,1004.04,0.6343094405594406,
401282635,2021,3,False,154,Wake Forest,35,589.19,,52,Florida State,14,769.76,1.3858516483516483,0.0
401282627,2021,3,False,228,Clemson,14,935.08,4.0026620370370365,59,Georgia Tech,8,707.35,1.7333333333333334,
401282199,2021,3,False,2348,Louisiana Tech,37,520.48,,2567,SMU,39,576.03,0.6475907029478458,
401309852,2021,3,False,265,Washington State,14,601.16,0.861111111111111,30,USC,45,874.5,0.3272662337662337,
401328222,2021,3,False,222,Villanova,34,,,257,Richmond,27,35.81,,0.0
401282823,2021,3,False,164,Rutgers,45,573.14,2.340563725490196,48,Delaware,13,29.77,,
401308843,2021,3,False,193,Miami (OH),42,378.03,,2341,Long Island University,7,,,0.0
401309851,2021,3,False,204,Oregon State,42,640.66,0.8349299719887956,70,Idaho,0,122.44,,
401309550,2021,3,False,2006,Akron,35,330.97,,2803,Bryant,14,14.59,,
401309604,2021,3,False,2026,App State,44,450.04,,2210,Elon,10,43.03,,
401309849,2021,3,False,25,California,42,662.11,2.208238851095994,16,Sacramento State,30,71.2,,
401328039,2021,3,False,2710,Western Illinois,56,82.24,,331,Eastern Washington,62,57.26,,1.0
401309553,2021,3,False,2649,Toledo,6,465.4,,36,Colorado State,22,443.16,8.0,1.0
401328005,2021,3,False,2458,Northern Colorado,10,156.11,,2320,Lamar,17,,,
401309549,2021,3,False,2751,Wyoming,45,326.65,4.717296918767507,2050,Ball State,12,338.31,3.608802308802309,0.0
401282628,2021,3,False,150,Duke,30,605.57,,77,Northwestern,23,648.79,,0.0
401282069,2021,3,False,8,Arkansas,45,722.84,1.7100000000000002,290,Georgia Southern,10,383.76,2.574090909090909,
401282076,2021,3,False,235,Memphis,31,572.13,1.2424242424242424,344,Mississippi State,29,716.17,3.52007992007992,0.0
401309605,2021,3,False,264,Washington,52,789.51,,2032,Arkansas State,3,475.74,8.833333333333332,
401328091,2021,3,False,2502,Portland State,21,81.34,,2848,Western Oregon,7,,,0.0
401329493,2021,3,False,2364,Minnesota State Mankato,45,,,132,Bemidji State,24,,,0.0
401328360,2021,3,False,155,North Dakota,38,,,2181,Drake,0,,,0.0
401309551,2021,3,False,189,Bowling Green,27,380.74,0.4611607142857142,93,Murray State,10,104.85,,
401328372,2021,3,False,2460,Northern Iowa,44,108.66,,2900,St. Thomas (MN),3,,,0.0
401328231,2021,3,False,119,Towson,7,130.7,,2449,North Dakota State,35,50.33,,1.0
401327926,2021,3,False,2450,Norfolk State,63,,,2207,Elizabeth City State,26,,,0.0
401327955,2021,3,False,2241,Gardner-Webb,56,58.53,,2339,Lincoln (PA),0,,,0.0
401282198,2021,3,False,2226,Florida Atlantic,45,553.28,1.8227272727272728,2230,Fordham,14,22.86,,
401328259,2021,3,False,2428,North Carolina Central,20,80.58,,2736,Winston-Salem,13,,,0.0
401328269,2021,3,False,2083,Bucknell,6,,,219,Pennsylvania,30,,,
401328546,2021,3,False,2643,The Citadel,45,23.94,,2822,North Greenville,13,,,0.0
401328109,2021,3,False,2097,Campbell,72,108.65,,2506,Presbyterian,0,,,0.0
401328120,2021,3,False,2127,Charleston Southern,14,34.78,,2405,Monmouth,41,13.17,,1.0
401328139,2021,3,False,2747,Wofford,10,7.83,,338,Kennesaw State,31,36.62,,
401282194,2021,3,False,2636,UTSA,27,508.77,2.9249107142857143,2393,Middle Tennessee,13,494.02,,
401329385,2021,3,False,2882,UNC Pembroke,36,,,2249,Glenville State,22,,,0.0
401329016,2021,3,False,2698,West Georgia,27,,,2170,Delta State,26,,,0.0
401328946,2021,3,False,2542,Savannah St,41,,,490,Benedict College,34,,,0.0
401328017,2021,3,False,2676,Virginia Union,49,,,2355,Virginia University Of Lynchburg,7,,,0.0
401329413,2021,3,False,215,Slippery Rock,57,,,209,Lock Haven University,7,,,0.0
401329481,2021,3,False,2292,Indianapolis,17,,,2838,Tiffin,20,,,
401329692,2021,3,False,2444,Newberry,28,,,2331,Lenoir-Rhyne,21,,,0.0
401334780,2021,3,False,112334,Franklin Pierce,19,,,2022,American International,38,,,
401348513,2021,3,False,2304,Johnson C Smith,12,,,124180,Bluefield State,20,,,
401379550,2021,3,False,2019,Allen,34,,,2940,Livingstone,32,,,0.0
401282200,2021,3,False,276,Marshall,38,456.97,3.1730158730158733,151,East Carolina,42,516.06,8.355180533751962,
401282201,2021,3,False,2335,Liberty,45,154.75,7.125,295,Old Dominion,17,409.31,4.284848484848485,0.0
401328769,2021,3,False,2222,Ferris State,47,,,129,Saginaw Valley State,45,,,0.0
401329034,2021,3,False,2837,East Texas A&M,17,,,110242,West Florida,35,,,
401282196,2021,3,False,2247,Georgia State,20,413.91,1.7436324786324786,2429,Charlotte,9,462.67,5.1875,0.0
401328390,2021,3,False,2568,Southern Arkansas,6,,,2264,Harding University,37,,,
401328346,2021,3,False,2191,East Central (OK),40,,,200,Southern Nazarene,13,,,0.0
401329070,2021,3,False,389,Upper Iowa University,22,,,425,Northern State,40,,,
401329093,2021,3,False,2025,Angelo State,17,,,2395,Midwestern State,35,,,
401329127,2021,3,False,2587,Southwest Minnesota State,23,,,559,University of Mary,45,,,
401329396,2021,3,False,137,Missouri Western,38,,,2214,Emporia State University,37,,,0.0
401329499,2021,3,False,196,Northeastern State,13,,,90,Pittsburg St,48,,,
401348213,2021,3,False,2844,Wayne State (NE),48,,,568,Minot State,0,,,0.0
401328311,2021,3,False,2028,Arkansas-Monticello,18,,,2271,Henderson State,58,,,
401328278,2021,3,False,2888,Ouachita Baptist,38,,,2033,Arkansas Tech,24,,,0.0
401328981,2021,3,False,2673,Valdosta State,21,,,2013,Albany State GA,3,,,0.0
401282197,2021,3,False,2641,Texas Tech,54,607.1,1.2829931972789117,2229,Florida International,21,520.69,,
401282072,2021,3,False,61,Georgia,40,1001.79,0.251486013986014,2579,South Carolina,13,747.88,0.6266824085005903,
401282203,2021,3,False,2572,Southern Miss,9,465.94,2.322751322751323,2653,Troy,21,448.77,4.146825396825397,1.0
401309856,2021,3,False,21,San Diego State,33,441.63,7.507177033492823,254,Utah,31,707.72,1.5086016414141414,0.0
401328453,2021,3,False,319,Oklahoma Baptist,56,,,2823,Northwestern Oklahoma State,42,,,0.0
401328493,2021,3,False,199,Southeastern Oklahoma State,37,,,2927,Southwestern Oklahoma State,28,,,0.0
401328586,2021,3,False,2582,Southern,24,120.88,,2377,McNeese,31,182.46,,
401328673,2021,3,False,2617,Stephen F. Austin,58,115.81,,2400,Mississippi Valley State,13,,,0.0
401328704,2021,3,False,2000,Abilene Christian,34,96.46,,110243,UT Permian Basin,9,,,0.0
401328384,2021,3,False,79,Southern Illinois,55,107.83,,2168,Dayton,3,,,0.0
401328328,2021,3,False,2197,Eastern Illinois,24,87.86,,2287,Illinois State,31,51.04,,1.0
401309609,2021,3,False,326,Texas State,34,428.48,,2916,Incarnate Word,42,54.6,6.755555555555556,1.0
401301006,2021,3,False,58,South Florida,38,540.51,,50,Florida A&M,17,127.97,,
401301005,2021,3,False,248,Houston,45,571.21,0.5815746753246753,2755,Grambling,0,,,0.0
401328024,2021,3,False,2627,Tarleton State,35,18.04,,253,Southern Utah,40,,,
401327997,2021,3,False,55,Jacksonville State,27,155.11,,2453,North Alabama,24,123.39,,
401327989,2021,3,False,2198,Eastern Kentucky,21,222.5,,282,Indiana State,23,45.15,,1.0
401327968,2021,3,False,2110,Central Arkansas,45,68.32,,2029,Arkansas-Pine Bluff,23,15.35,,
401328464,2021,3,False,2466,Northwestern State,10,126.22,,2630,UT Martin,35,149.55,,
401328498,2021,3,False,620,Taylor,24,,,2086,Butler,77,,,
401328576,2021,3,False,2504,Prairie View A&M,37,56.79,,2277,Houston Christian,27,5.41,,
401310704,2021,3,False,2005,Air Force,45,30.32,,328,Utah State,49,394.37,1.2857142857142858,
401328288,2021,3,False,2193,East Tennessee State,38,49.58,,2169,Delaware State,6,,,0.0
401309850,2021,3,False,2483,Oregon,48,885.75,0.9379607765971404,2619,Stony Brook,7,80.27,,
401282630,2021,3,False,152,NC State,45,700.36,0.3794719169719169,231,Furman,7,39.37,,
401282074,2021,3,False,99,LSU,49,903.72,,2117,Central Michigan,21,268.89,0.2944444444444444,
401282195,2021,3,False,249,North Texas,6,496.31,7.333333333333333,5,UAB,40,444.37,,1.0
401282070,2021,3,False,213,Penn State,28,820.72,,2,Auburn,20,840.38,0.8212764903941374,0.0
401282631,2021,3,False,153,North Carolina,59,798.29,0.9671130952380952,258,Virginia,39,619.61,0.92,
401329406,2021,3,False,2231,Fort Hays State,72,,,2876,Lincoln (MO),0,,,0.0
401309607,2021,3,False,2433,UL Monroe,12,312.31,,2296,Jackson State,7,173.86,9.583333333333334,
401328607,2021,3,False,2815,Lindenwood,56,,,2316,Kentucky Wesleyan,34,,,0.0
401329376,2021,3,False,2122,Central Oklahoma,10,,,2403,Missouri Southern State,14,,,
401329452,2021,3,False,2704,West Texas A&M,42,,,2703,Western New Mexico,14,,,0.0
401328101,2021,3,False,2692,Weber State,24,116.62,,256,James Madison,37,102.89,10.025,1.0
401282080,2021,3,False,238,Vanderbilt,23,609.82,0.8208333333333333,24,Stanford,41,745.3,0.7944444444444444,
401309608,2021,3,False,6,South Alabama,28,415.07,3.616666666666666,2016,Alcorn State,21,71.95,,
401282075,2021,3,False,145,Ole Miss,61,732.02,1.2606060606060607,2655,Tulane,21,463.02,,
401282202,2021,3,False,251,Texas,58,874.19,1.5166997354497356,242,Rice,0,419.65,,
401328029,2021,3,False,13,Cal Poly,14,80.3,,233,South Dakota,48,46.05,,1.0
401319455,2021,3,False,166,New Mexico State,43,117.43,,2569,South Carolina State,35,,,0.0
401329306,2021,3,False,2123,Chadron St,31,,,613,South Dakota Mines,20,,,0.0
401329025,2021,3,False,2001,Adams State,10,,,2714,Western Colorado,24,,,
401287903,2021,3,False,68,Boise State,20,557.69,0.995970695970696,197,Oklahoma State,21,613.69,1.7764396568343936,
401332019,2021,3,False,2829,Simon Fraser,14,,,2120,Central Washington,36,,,
401309853,2021,3,False,12,Arizona,19,567.61,3.928234126984127,2464,Northern Arizona,21,115.62,,1.0
401327979,2021,3,False,302,UC Davis,60,51.38,,3101,Utah Tech,27,,,0.0
401309854,2021,3,False,252,BYU,27,443.13,,9,Arizona State,17,734.45,,0.0
401287906,2021,3,False,2439,UNLV,3,392.44,2.557638888888889,66,Iowa State,48,613.6,0.5785547785547785,
401309855,2021,3,False,26,UCLA,37,746.02,5.057291666666667,278,Fresno State,40,483.77,3.9914141414141415,1.0
401310705,2021,3,False,62,Hawai'i,13,397.43,,23,San José State,17,410.81,,
401328626,2021,4,False,2029,Arkansas-Pine Bluff,38,15.35,,2016,Alcorn State,39,71.95,,
401282208,2021,4,False,2026,App State,31,450.04,,276,Marshall,30,456.97,3.1730158730158733,0.0
401282204,2021,4,False,2429,Charlotte,42,462.67,5.1875,2393,Middle Tennessee,39,494.02,,0.0
401344143,2021,4,False,108,Harvard,49,,,225,Brown,17,9.44,,0.0
401282638,2021,4,False,258,Virginia,17,619.61,0.92,154,Wake Forest,37,589.19,,1.0
401282637,2021,4,False,183,Syracuse,24,567.19,5.386904761904762,2335,Liberty,21,154.75,7.125,
401310707,2021,4,False,278,Fresno State,38,483.77,3.9914141414141415,2439,UNLV,30,392.44,2.557638888888889,
401308834,2021,4,False,349,Army,23,111.53,0.5008928571428571,193,Miami (OH),10,378.03,,0.0
401329635,2021,4,False,2842,UVA Wise,33,,,2105,Carson-Newman College,7,,,0.0
401329434,2021,4,False,587,Notre Dame College,38,,,2707,West Virginia State,14,,,0.0
401329386,2021,4,False,2249,Glenville State,10,,,112335,Wheeling,27,,,
401329212,2021,4,False,2974,Shepherd,29,,,2315,Kutztown University,37,,,
401328608,2021,4,False,2224,Findlay,16,,,2815,Lindenwood,28,,,
401310706,2021,4,False,328,Utah State,3,394.37,1.2857142857142858,68,Boise State,27,557.69,0.995970695970696,
401287910,2021,4,False,2628,TCU,34,698.52,0.3404761904761905,2567,SMU,42,576.03,0.6475907029478458,1.0
401282805,2021,4,False,77,Northwestern,35,648.79,,195,Ohio,6,332.25,,
401282085,2021,4,False,344,Mississippi State,25,716.17,3.52007992007992,99,LSU,28,903.72,,
401282707,2021,4,True,275,Wisconsin,13,750.89,1.014360119047619,87,Notre Dame,41,853.1,2.033989448051948,
401282206,2021,4,False,2117,Central Michigan,31,268.89,0.2944444444444444,2229,Florida International,27,520.69,,0.0
401282088,2021,4,False,238,Vanderbilt,0,609.82,0.8208333333333333,61,Georgia,62,1001.79,0.251486013986014,
401287911,2021,4,False,251,Texas,70,874.19,1.5166997354497356,2641,Texas Tech,35,607.1,1.2829931972789117,
401331762,2021,4,False,2205,Edinboro University,12,,,2858,PennWest California,20,,,
401332011,2021,4,False,2316,Kentucky Wesleyan,41,,,2911,William Jewell,21,,,0.0
401344440,2021,4,False,2022,American International,27,,,2060,Bentley,35,,,
401282645,2021,4,False,259,Virginia Tech,21,663.78,,257,Richmond,10,35.81,,
401328587,2021,4,False,2916,Incarnate Word,31,54.6,6.755555555555556,2377,McNeese,0,182.46,,0.0
401328249,2021,4,False,43,Yale,23,24.05,,172,Cornell,17,,,0.0
401328304,2021,4,False,2598,St. Francis (PA),16,7.3,,2450,Norfolk State,28,,,
401334821,2021,4,False,2166,Davidson,28,,,301,San Diego,16,37.37,,0.0
401301010,2021,4,False,218,Temple,41,501.4,0.5625,2681,Wagner,7,21.98,,
401328157,2021,4,False,2523,Robert Morris,22,,,47,Howard,16,,,0.0
401282817,2021,4,False,213,Penn State,38,820.72,,222,Villanova,17,,,0.0
401282792,2021,4,False,135,Minnesota,10,653.25,3.333964646464646,189,Bowling Green,14,380.74,0.4611607142857142,1.0
401282086,2021,4,False,103,Boston College,41,636.46,,142,Missouri,34,647.74,1.0576923076923077,0.0
401282644,2021,4,False,221,Pittsburgh,77,668.67,2.9842796608276485,160,New Hampshire,7,7.81,,
401282642,2021,4,False,2390,Miami,69,841.45,,2115,Central Connecticut,0,,,0.0
401328528,2021,4,False,2181,Drake,21,,,2674,Valparaiso,24,14.28,,
401328338,2021,4,False,282,Indiana State,0,45.15,,2571,South Dakota State,44,13.27,,1.0
401328471,2021,4,False,2142,Colgate,30,,,2329,Lehigh,3,36.97,,0.0
401328487,2021,4,False,2405,Monmouth,15,13.17,,107,Holy Cross,45,,,
401332052,2021,4,False,2184,Duquesne,56,77.09,,2355,Virginia University Of Lynchburg,7,,,0.0
401344330,2021,4,False,163,Princeton,63,,,56,Stetson,0,14.06,,0.0
401328239,2021,4,False,171,Columbia,35,,,46,Georgetown,24,,,0.0
401328507,2021,4,False,2168,Dayton,63,,,2506,Presbyterian,43,,,0.0
401328499,2021,4,False,2900,St. Thomas (MN),36,,,2086,Butler,0,,,0.0
401329174,2021,4,False,3066,Concordia University St Paul,24,,,2587,Southwest Minnesota State,34,,,
401329193,2021,4,False,367,Gannon,56,,,2134,Clarion,21,,,0.0
401328018,2021,4,False,2304,Johnson C Smith,7,,,2676,Virginia Union,43,,,
401327956,2021,4,False,2339,Lincoln (PA),6,,,2551,Shaw,41,,,
401330257,2021,4,False,2830,St. Anselm,42,,,112334,Franklin Pierce,7,,,0.0
401286301,2021,4,False,324,Coastal Carolina,53,415.91,4.958333333333333,113,Massachusetts,3,227.21,,
401329709,2021,4,False,2292,Indianapolis,16,,,2477,Ohio Dominican,19,,,
401334769,2021,4,False,2882,UNC Pembroke,27,,,2986,Fairmont State,30,,,
401329040,2021,4,False,2817,Minnesota State Moorhead,33,,,389,Upper Iowa University,28,,,0.0
401329182,2021,4,False,2559,Shippensburg,51,,,2071,Bloomsburg,7,,,0.0
401328171,2021,4,False,395,St. Augustine's,12,,,2804,Chowan,59,,,
401328715,2021,4,False,308,Ashland,63,,,2825,Quincy,23,,,0.0
401328925,2021,4,False,2441,New Haven,38,,,2583,Southern Connecticut State,9,,,0.0
401328938,2021,4,False,2392,Michigan Tech,21,,,125,Grand Valley State University,44,,,
401328969,2021,4,False,2886,Northwood (MI),37,,,128,Northern Michigan,20,,,0.0
401328993,2021,4,False,2560,Shorter,0,,,2698,West Georgia,56,,,
401334761,2021,4,False,2148,Concord University,23,,,341,Frostburg State,42,,,
401332025,2021,4,False,2017,Alderson-Broaddus,7,,,2128,University Of Charleston (WV),69,,,
401329010,2021,4,False,101784,ERSKINE,7,,,2822,North Greenville,38,,,
401334775,2021,4,False,455,West Virginia Wesleyan,0,,,2699,West Liberty,31,,,
401329203,2021,4,False,2385,Mercyhurst,13,,,2291,Indiana-Pennsylvania,48,,,
401332329,2021,4,False,2839,Greeneville,19,,,2444,Newberry,24,,,
401327927,2021,4,False,2736,Winston-Salem,14,,,2207,Elizabeth City State,19,,,
401328567,2021,4,False,2678,VMI,31,,,2747,Wofford,23,7.83,,0.0
401328263,2021,4,False,159,Dartmouth,41,,,2529,Sacred Heart,3,24.95,,0.0
401328289,2021,4,False,2169,Delaware State,10,,,2771,Merrimack,47,,,
401328184,2021,4,False,2210,Elon,31,43.03,,2729,William & Mary,34,38.56,,1.0
401329343,2021,4,False,2118,Central Missouri,28,,,2438,Nebraska-Kearney,31,,,
401329445,2021,4,False,2876,Lincoln (MO),48,,,196,Northeastern State,49,,,
401329468,2021,4,False,2687,Washburn,47,,,137,Missouri Western,41,,,0.0
401309557,2021,4,False,2199,Eastern Michigan,59,340.6,,326,Texas State,21,428.48,,0.0
401309554,2021,4,False,2711,Western Michigan,23,396.47,,23,San José State,3,410.81,,0.0
401309555,2021,4,False,2050,Ball State,12,338.31,3.608802308802309,2649,Toledo,22,465.4,,
401328555,2021,4,False,231,Furman,3,39.37,,2382,Mercer,24,23.81,,1.0
401329377,2021,4,False,138,Northwest Missouri St,38,,,2122,Central Oklahoma,0,,,0.0
401309861,2021,4,False,254,Utah,24,707.72,1.5086016414141414,265,Washington State,13,601.16,0.861111111111111,
401328414,2021,4,False,2635,Tennessee Tech,14,19.2,,2197,Eastern Illinois,28,87.86,,
401309556,2021,4,False,2459,Northern Illinois,41,354.21,,311,Maine,14,95.0,,
401328076,2021,4,False,2458,Northern Colorado,17,156.11,,2464,Northern Arizona,10,115.62,,
401328562,2021,4,False,2535,Samford,48,70.11,,2193,East Tennessee State,55,49.58,,1.0
401328667,2021,4,False,2296,Jackson State,24,173.86,9.583333333333334,2170,Delta State,17,,,0.0
401328329,2021,4,False,79,Southern Illinois,35,107.83,,2287,Illinois State,17,51.04,,
401328709,2021,4,False,2838,Tiffin,35,,,2654,Truman State,38,,,
401328030,2021,4,False,149,Montana,39,94.99,,13,Cal Poly,7,80.3,,
401328058,2021,4,False,304,Idaho State,21,71.55,,16,Sacramento State,23,71.2,,1.0
401329407,2021,4,False,2403,Missouri Southern State,21,,,2231,Fort Hays State,42,,,
401329338,2021,4,False,2714,Western Colorado,42,,,2237,Fort Lewis,0,,,0.0
401329307,2021,4,False,11,Colorado Mesa,24,,,2123,Chadron St,17,,,0.0
401329144,2021,4,False,132,Bemidji State,24,,,2043,Augustana University (SD),52,,,
401329087,2021,4,False,2310,Kentucky State,34,,,490,Benedict College,28,,,0.0
401329060,2021,4,False,559,University of Mary,38,,,2851,Winona State,48,,,
401328429,2021,4,False,2546,Southeast Missouri State,47,26.12,,2634,Tennessee State,14,88.82,,0.0
401329026,2021,4,False,2069,Black Hills State,51,,,2001,Adams State,48,,,0.0
401328725,2021,4,False,2222,Ferris State,38,,,110254,Davenport,0,,,0.0
401327990,2021,4,False,2198,Eastern Kentucky,35,222.5,,2046,Austin Peay,27,87.48,1.7797619047619049,
401328494,2021,4,False,200,Southern Nazarene,10,,,199,Southeastern Oklahoma State,31,,,
401282640,2021,4,False,52,Florida State,23,769.76,1.3858516483516483,97,Louisville,31,607.77,1.0256410256410258,1.0
401287907,2021,4,False,239,Baylor,31,660.65,2.5166666666666666,66,Iowa State,29,613.6,0.5785547785547785,
401282756,2021,4,False,2294,Iowa,24,657.39,5.977216610549943,36,Colorado State,14,443.16,8.0,
401282082,2021,4,True,8,Arkansas,20,722.84,1.7100000000000002,245,Texas A&M,10,888.35,0.3158214674758792,0.0
401328270,2021,4,False,322,Lafayette,24,22.41,,219,Pennsylvania,14,,,0.0
401282716,2021,4,False,2509,Purdue,13,644.23,0.4775998740842491,356,Illinois,9,630.16,0.4403030303030303,
401282775,2021,4,False,130,Michigan,20,832.6,3.636979166666667,164,Rutgers,13,573.14,2.340563725490196,
401282765,2021,4,False,120,Maryland,37,705.79,3.656547619047619,2309,Kent State,16,357.85,0.5111111111111111,
401286190,2021,4,False,41,UConn,22,331.9,,2751,Wyoming,24,326.65,4.717296918767507,1.0
401282213,2021,4,False,235,Memphis,28,572.13,1.2424242424242424,2636,UTSA,31,508.77,2.9249107142857143,1.0
401282643,2021,4,False,152,NC State,27,700.36,0.3794719169719169,228,Clemson,21,935.08,4.0026620370370365,0.0
401310709,2021,4,False,21,San Diego State,48,441.63,7.507177033492823,119,Towson,21,130.7,,
401328683,2021,4,False,2273,Hillsdale,38,,,2402,Missouri S&T,31,,,0.0
401327917,2021,4,False,2940,Livingstone,0,,,2075,Bowie State,49,,,
401282639,2021,4,False,150,Duke,52,605.57,,2305,Kansas,33,548.1,0.9965277777777778,
401327998,2021,4,False,55,Jacksonville State,31,155.11,,2630,UT Martin,34,149.55,,1.0
401282083,2021,4,False,2,Auburn,34,840.38,0.8212764903941374,2247,Georgia State,24,413.91,1.7436324786324786,
401328146,2021,4,False,2447,Nicholls,31,189.98,,2453,North Alabama,14,123.39,,
401329421,2021,4,False,210,Millersville,14,,,223,West Chester,42,,,
401328227,2021,4,False,2619,Stony Brook,14,80.27,,2230,Fordham,31,22.86,,1.0
401327969,2021,4,False,2110,Central Arkansas,35,68.32,,2534,Sam Houston,45,111.5,,
401301011,2021,4,False,202,Tulsa,41,470.49,,2032,Arkansas State,34,475.74,8.833333333333332,0.0
401328066,2021,4,False,2502,Portland State,17,81.34,,147,Montana State,30,92.72,,
401328663,2021,4,False,2504,Prairie View A&M,24,56.79,,2755,Grambling,10,,,0.0
401346619,2021,4,False,2010,Alabama A&M,45,49.54,,2657,Tuskegee,35,,,0.0
401328126,2021,4,False,2241,Gardner-Webb,52,58.53,,2717,Western Carolina,34,57.52,,
401282209,2021,4,False,295,Old Dominion,34,409.31,4.284848484848485,2084,Buffalo,35,267.09,4.226495726495727,1.0
401309610,2021,4,False,290,Georgia Southern,20,383.76,2.574090909090909,309,Louisiana,28,435.63,0.6097963764630431,
401309858,2021,4,False,24,Stanford,24,745.3,0.7944444444444444,26,UCLA,35,746.02,5.057291666666667,
401328698,2021,4,False,437,Lake Erie,20,,,2586,Southwest Baptist,28,,,
401328947,2021,4,False,2542,Savannah St,29,,,60,Morehouse College,10,,,0.0
401328978,2021,4,False,131,Wayne State (MI),21,,,129,Saginaw Valley State,41,,,
401329120,2021,4,False,2019,Allen,20,,,2232,Fort Valley State,56,,,
401329139,2021,4,False,2206,Edward Waters,35,,,2323,Lane College,45,,,
401329271,2021,4,False,611,Seton Hill,17,,,215,Slippery Rock,41,,,
401329333,2021,4,False,613,South Dakota Mines,7,,,2570,CSU Pueblo,49,,,
401329653,2021,4,False,2331,Lenoir-Rhyne,31,,,2369,Mars Hill,16,,,0.0
401329662,2021,4,False,209,Lock Haven University,21,,,2188,East Stroudsburg University,45,,,
401347706,2021,4,False,284,Stonehill,27,,,2038,Assumption,26,,,0.0
401328617,2021,4,False,2011,Alabama State,38,,,2065,Bethune-Cookman,24,70.64,,0.0
401328514,2021,4,False,2368,Marist,17,,,2803,Bryant,34,14.59,,
401328387,2021,4,False,2754,Youngstown State,35,90.76,,2710,Western Illinois,38,82.24,,1.0
401328152,2021,4,False,2448,North Carolina A&T,37,132.73,,2428,North Carolina Central,14,80.58,,
401301007,2021,4,False,151,East Carolina,31,516.06,8.355180533751962,2127,Charleston Southern,28,34.78,,
401282210,2021,4,False,242,Rice,48,419.65,,2640,Texas Southern,34,62.7,,
401328347,2021,4,False,2823,Northwestern Oklahoma State,17,,,2191,East Central (OK),20,,,
401328399,2021,4,False,2271,Henderson State,56,,,2568,Southern Arkansas,49,,,0.0
401328467,2021,4,False,2927,Southwestern Oklahoma State,27,,,319,Oklahoma Baptist,31,,,
401328961,2021,4,False,2396,Miles College,55,,,2119,Central State (OH),4,,,0.0
401329071,2021,4,False,425,Northern State,41,,,2894,Sioux Falls,10,,,0.0
401329080,2021,4,False,2013,Albany State GA,49,,,2805,Clark Atlanta,0,,,0.0
401329094,2021,4,False,2120,Central Washington,9,,,2025,Angelo State,14,,,
401301008,2021,4,False,248,Houston,28,571.21,0.5815746753246753,2426,Navy,20,127.63,,
401329494,2021,4,False,568,Minot State,10,,,2364,Minnesota State Mankato,68,,,
401282087,2021,4,False,2579,South Carolina,10,747.88,0.6266824085005903,96,Kentucky,16,709.07,2.2568658905197365,1.0
401282084,2021,4,False,57,Florida,38,885.67,,2633,Tennessee,14,780.83,0.7272893772893774,
401331755,2021,4,False,2336,Limestone,7,,,122666,Wilson,45,,,
401333439,2021,4,False,2617,Stephen F. Austin,61,115.81,,124179,Lincoln (CA),13,,,0.0
401328025,2021,4,False,2627,Tarleton State,40,18.04,,2424,New Mexico Highlands,21,,,0.0
401328006,2021,4,False,2320,Lamar,0,,,2000,Abilene Christian,56,96.46,,
401333047,2021,4,False,134,Minnesota Duluth,28,,,2844,Wayne State (NE),31,,,
401282784,2021,4,False,127,Michigan State,23,677.07,3.05,158,Nebraska,20,743.7,0.5287698412698413,0.0
401287909,2021,4,False,197,Oklahoma State,31,613.69,1.7764396568343936,2306,Kansas State,20,569.65,1.3384064737005914,
401282205,2021,4,False,2348,Louisiana Tech,24,520.48,,249,North Texas,17,496.31,7.333333333333333,
401327963,2021,4,False,2220,Fayetteville State,28,,,330,Virginia St,14,,,0.0
401328279,2021,4,False,2033,Arkansas Tech,20,,,2028,Arkansas-Monticello,27,,,
401328391,2021,4,False,2264,Harding University,38,,,2888,Ouachita Baptist,21,,,0.0
401282811,2021,4,False,194,Ohio State,59,985.09,0.8939285714285715,2006,Akron,7,330.97,,
401282081,2021,4,False,333,Alabama,63,1004.04,0.6343094405594406,2572,Southern Miss,14,465.94,2.322751322751323,
401282641,2021,4,True,59,Georgia Tech,45,707.35,1.7333333333333334,153,North Carolina,22,798.29,0.9671130952380952,0.0
401287908,2021,4,False,201,Oklahoma,16,895.38,0.5865384615384615,277,West Virginia,13,611.29,0.7139481778904856,
401329397,2021,4,False,90,Pittsburg St,30,,,2214,Emporia State University,28,,,0.0
401310708,2021,4,False,166,New Mexico State,21,117.43,,62,Hawai'i,41,397.43,,
401282211,2021,4,False,2655,Tulane,21,463.02,,5,UAB,28,444.37,,1.0
401309611,2021,4,False,2433,UL Monroe,29,312.31,,2653,Troy,16,448.77,4.146825396825397,0.0
401282207,2021,4,False,2005,Air Force,31,30.32,,2226,Florida Atlantic,7,553.28,1.8227272727272728,0.0
401328354,2021,4,False,2623,Missouri State,31,205.25,,233,South Dakota,23,46.05,,
401328100,2021,4,False,2692,Weber State,14,116.62,,302,UC Davis,17,51.38,,1.0
401328040,2021,4,False,253,Southern Utah,21,,,331,Eastern Washington,50,57.26,,
401282214,2021,4,False,98,Western Kentucky,31,524.97,5.368589743589744,84,Indiana,33,664.25,1.9310515873015877,
401329321,2021,4,False,2704,West Texas A&M,13,,,2146,Colorado School Of Mines,21,,,
401329154,2021,4,False,2658,Texas A&M-Kingsville,10,,,2837,East Texas A&M,35,,,
401329002,2021,4,False,2401,Mississippi College,28,,,2695,West Alabama,31,,,
401329463,2021,4,False,2703,Western New Mexico,19,,,110243,UT Permian Basin,27,,,
401329107,2021,4,False,2395,Midwestern State,31,,,2201,Eastern New Mexico,24,,,0.0
401329050,2021,4,False,2829,Simon Fraser,7,,,2848,Western Oregon,24,,,
401282212,2021,4,False,2638,UTEP,20,318.65,,167,New Mexico,13,360.77,3.238583638583638,0.0
401309857,2021,4,False,264,Washington,31,789.51,,25,California,24,662.11,2.208238851095994,
401301009,2021,4,False,252,BYU,35,443.13,,58,South Florida,27,540.51,,0.0
401309862,2021,4,False,9,Arizona State,35,734.45,,38,Colorado,13,640.85,,
401309860,2021,4,False,30,USC,27,874.5,0.3272662337662337,204,Oregon State,45,640.66,0.8349299719887956,1.0
401309859,2021,4,False,2483,Oregon,41,885.75,0.9379607765971404,12,Arizona,19,567.61,3.928234126984127,
401328674,2021,5,True,2400,Mississippi Valley State,25,,,2582,Southern,38,120.88,,
401328716,2021,5,False,2682,Walsh,10,,,308,Ashland,35,,,
401282646,2021,5,False,2390,Miami,28,841.45,,258,Virginia,30,619.61,0.92,1.0
401328635,2021,5,False,2504,Prairie View A&M,27,56.79,,2029,Arkansas-Pine Bluff,17,15.35,,
401328264,2021,5,False,219,Pennsylvania,7,,,159,Dartmouth,31,,,
401347703,2021,5,False,2583,Southern Connecticut State,23,,,2022,American International,7,,,0.0
401301012,2021,5,False,202,Tulsa,10,470.49,,248,Houston,45,571.21,0.5815746753246753,
401282759,2021,5,False,120,Maryland,14,705.79,3.656547619047619,2294,Iowa,51,657.39,5.977216610549943,1.0
401309912,2021,5,False,328,Utah State,20,394.37,1.2857142857142858,252,BYU,34,443.13,,
401282793,2021,5,False,2509,Purdue,13,644.23,0.4775998740842491,135,Minnesota,20,653.25,3.333964646464646,
401282090,2021,5,False,61,Georgia,37,1001.79,0.251486013986014,8,Arkansas,0,722.84,1.7100000000000002,
401282776,2021,5,False,275,Wisconsin,17,750.89,1.014360119047619,130,Michigan,38,832.6,3.636979166666667,
401282649,2021,5,False,59,Georgia Tech,21,707.35,1.7333333333333334,221,Pittsburgh,52,668.67,2.9842796608276485,1.0
401287915,2021,5,False,2628,TCU,27,698.52,0.3404761904761905,251,Texas,32,874.19,1.5166997354497356,
401282650,2021,5,False,153,North Carolina,38,798.29,0.9671130952380952,150,Duke,7,605.57,,
401301015,2021,5,False,218,Temple,34,501.4,0.5625,235,Memphis,31,572.13,1.2424242424242424,0.0
401309561,2021,5,False,2084,Buffalo,17,267.09,4.226495726495727,2711,Western Michigan,24,396.47,,
401286302,2021,5,False,113,Massachusetts,7,227.21,,2649,Toledo,45,465.4,,
401329359,2021,5,False,2974,Shepherd,59,,,2559,Shippensburg,27,,,0.0
401329435,2021,5,False,2128,University Of Charleston (WV),38,,,587,Notre Dame College,28,,,0.0
401282219,2021,5,False,356,Illinois,24,630.16,0.4403030303030303,2429,Charlotte,14,462.67,5.1875,
401328212,2021,5,False,227,Rhode Island,27,127.52,,2619,Stony Brook,20,80.27,,
401328298,2021,5,False,2415,Morgan State,14,44.52,,2598,St. Francis (PA),27,7.3,,1.0
401328500,2021,5,False,2086,Butler,3,,,2181,Drake,6,,,
401339819,2021,5,False,2329,Lehigh,0,36.97,,43,Yale,34,24.05,,1.0
401282093,2021,5,False,142,Missouri,24,647.74,1.0576923076923077,2633,Tennessee,62,780.83,0.7272893772893774,
401328926,2021,5,False,2487,Pace,14,,,2441,New Haven,28,,,
401329427,2021,5,False,210,Millersville,31,,,209,Lock Haven University,29,,,0.0
401329233,2021,5,False,2315,Kutztown University,21,,,2188,East Stroudsburg University,14,,,0.0
401328472,2021,5,False,46,Georgetown,21,,,2142,Colgate,28,,,
401282651,2021,5,False,154,Wake Forest,37,589.19,,97,Louisville,34,607.77,1.0256410256410258,0.0
401329134,2021,5,False,2119,Central State (OH),34,,,2019,Allen,46,,,
401334758,2021,5,False,2316,Kentucky Wesleyan,30,,,2477,Ohio Dominican,32,,,
401329041,2021,5,False,2817,Minnesota State Moorhead,21,,,134,Minnesota Duluth,26,,,
401328948,2021,5,False,2310,Kentucky State,17,,,2542,Savannah St,21,,,
401329387,2021,5,False,2699,West Liberty,20,,,2249,Glenville State,19,,,0.0
401329654,2021,5,False,2369,Mars Hill,28,,,2444,Newberry,22,,,0.0
401332301,2021,5,False,47,Howard,22,,,2529,Sacred Heart,17,24.95,,0.0
401328127,2021,5,False,2405,Monmouth,54,13.17,,2241,Gardner-Webb,17,58.53,,0.0
401328153,2021,5,False,2448,North Carolina A&T,41,132.73,,2523,Robert Morris,14,,,0.0
401328240,2021,5,False,163,Princeton,24,,,171,Columbia,7,,,0.0
401328515,2021,5,False,2674,Valparaiso,24,14.28,,2368,Marist,27,,,
401328588,2021,5,False,2377,McNeese,35,182.46,,2545,SE Louisiana,38,231.02,,
401329326,2021,5,False,2771,Merrimack,14,,,2184,Duquesne,37,77.09,,
401337825,2021,5,False,56,Stetson,28,14.06,,2166,Davidson,35,,,
401328770,2021,5,False,2886,Northwood (MI),25,,,2222,Ferris State,67,,,
401328726,2021,5,False,2392,Michigan Tech,31,,,110254,Davenport,7,,,0.0
401328454,2021,5,False,2888,Ouachita Baptist,64,,,2823,Northwestern Oklahoma State,17,,,0.0
401328019,2021,5,False,2676,Virginia Union,7,,,2551,Shaw,27,,,
401334770,2021,5,False,341,Frostburg State,51,,,2882,UNC Pembroke,21,,,0.0
401334781,2021,5,False,112334,Franklin Pierce,28,,,2038,Assumption,35,,,
401328488,2021,5,False,107,Holy Cross,13,,,108,Harvard,38,,,
401328324,2021,5,False,2569,South Carolina State,42,,,2065,Bethune-Cookman,35,70.64,,0.0
401328537,2021,5,False,236,Chattanooga,45,193.46,,2717,Western Carolina,17,57.52,,
401328330,2021,5,False,2287,Illinois State,20,51.04,,2623,Missouri State,41,205.25,,
401328133,2021,5,False,2261,Hampton,44,33.45,,2450,Norfolk State,47,,,
401329636,2021,5,False,2842,UVA Wise,35,,,2331,Lenoir-Rhyne,28,,,0.0
401328185,2021,5,False,257,Richmond,7,35.81,,2210,Elon,20,43.03,,
401341492,2021,5,False,101784,ERSKINE,59,,,2355,Virginia University Of Lynchburg,13,,,0.0
401334776,2021,5,False,112335,Wheeling,38,,,455,West Virginia Wesleyan,0,,,0.0
401329322,2021,5,False,2146,Colorado School Of Mines,20,,,2714,Western Colorado,14,,,0.0
401329398,2021,5,False,2214,Emporia State University,35,,,2687,Washburn,30,,,0.0
401327918,2021,5,False,2075,Bowie State,44,,,2304,Johnson C Smith,7,,,0.0
401328280,2021,5,False,200,Southern Nazarene,41,,,2033,Arkansas Tech,51,,,
401328684,2021,5,False,2825,Quincy,31,,,2402,Missouri S&T,28,,,0.0
401328699,2021,5,False,2586,Southwest Baptist,10,,,2292,Indianapolis,77,,,
401328939,2021,5,False,129,Saginaw Valley State,17,,,125,Grand Valley State University,49,,,
401329061,2021,5,False,2844,Wayne State (NE),38,,,2851,Winona State,21,,,0.0
401329088,2021,5,False,490,Benedict College,14,,,2232,Fort Valley State,24,,,
401329114,2021,5,False,2657,Tuskegee,21,,,2805,Clark Atlanta,0,,,0.0
401329123,2021,5,False,60,Morehouse College,13,,,2206,Edward Waters,37,,,
401329145,2021,5,False,2894,Sioux Falls,28,,,2043,Augustana University (SD),26,,,0.0
401329183,2021,5,False,223,West Chester,21,,,2071,Bloomsburg,20,,,0.0
401329204,2021,5,False,2291,Indiana-Pennsylvania,28,,,367,Gannon,23,,,0.0
401329298,2021,5,False,2237,Fort Lewis,17,,,2069,Black Hills State,45,,,
401329308,2021,5,False,2424,New Mexico Highlands,16,,,2123,Chadron St,46,,,
401334762,2021,5,False,2986,Fairmont State,31,,,2148,Concord University,27,,,0.0
401329644,2021,5,False,122666,Wilson,31,,,2105,Carson-Newman College,17,,,0.0
401328508,2021,5,False,2413,Morehead State,45,,,2168,Dayton,38,,,0.0
401309867,2021,5,False,38,Colorado,14,640.85,,30,USC,37,874.5,0.3272662337662337,
401309612,2021,5,False,2247,Georgia State,16,413.91,1.7436324786324786,2026,App State,45,450.04,,
401328547,2021,5,False,2643,The Citadel,35,23.94,,2678,VMI,24,,,0.0
401282708,2021,5,False,87,Notre Dame,13,853.1,2.033989448051948,2132,Cincinnati,24,626.54,1.628082395545631,1.0
401328460,2021,5,False,2635,Tennessee Tech,28,19.2,,2546,Southeast Missouri State,17,26.12,,0.0
401309614,2021,5,False,324,Coastal Carolina,59,415.91,4.958333333333333,2433,UL Monroe,6,312.31,,
401309558,2021,5,False,2459,Northern Illinois,27,354.21,,2199,Eastern Michigan,20,340.6,,
401327928,2021,5,False,2207,Elizabeth City State,19,,,2940,Livingstone,13,,,0.0
401328067,2021,5,False,147,Montana State,40,92.72,,2458,Northern Colorado,7,156.11,,0.0
401327999,2021,5,False,338,Kennesaw State,31,36.62,,55,Jacksonville State,6,155.11,,0.0
401328161,2021,5,False,48,Delaware,20,29.77,,399,UAlbany,15,24.67,,
401328339,2021,5,False,233,South Dakota,38,46.05,,282,Indiana State,10,45.15,,
401328361,2021,5,False,155,North Dakota,10,,,2449,North Dakota State,16,50.33,,
401328664,2021,5,False,2755,Grambling,37,,,2010,Alabama A&M,28,49.54,,0.0
401334789,2021,5,False,2858,PennWest California,37,,,2385,Mercyhurst,0,,,0.0
401332326,2021,5,False,132,Bemidji State,49,,,568,Minot State,35,,,0.0
401329475,2021,5,False,437,Lake Erie,10,,,2224,Findlay,37,,,
401329458,2021,5,False,2403,Missouri Southern State,16,,,90,Pittsburg St,20,,,
401329378,2021,5,False,2122,Central Oklahoma,69,,,2876,Lincoln (MO),28,,,0.0
401329344,2021,5,False,196,Northeastern State,10,,,2118,Central Missouri,41,,,
401329175,2021,5,False,2364,Minnesota State Mankato,58,,,3066,Concordia University St Paul,10,,,0.0
401329140,2021,5,False,2323,Lane College,71,,,2637,Texas College,0,,,0.0
401329072,2021,5,False,425,Northern State,42,,,559,University of Mary,49,,,
401329027,2021,5,False,2001,Adams State,42,,,613,South Dakota Mines,45,,,
401329011,2021,5,False,2822,North Greenville,21,,,2401,Mississippi College,42,,,
401328400,2021,5,False,199,Southeastern Oklahoma State,24,,,2271,Henderson State,27,,,
401328392,2021,5,False,319,Oklahoma Baptist,7,,,2264,Harding University,31,,,
401328348,2021,5,False,2191,East Central (OK),38,,,2568,Southern Arkansas,17,,,0.0
401328312,2021,5,False,2028,Arkansas-Monticello,18,,,2927,Southwestern Oklahoma State,16,,,0.0
401327991,2021,5,False,2198,Eastern Kentucky,20,222.5,,2627,Tarleton State,3,18.04,,
401309864,2021,5,False,24,Stanford,31,745.3,0.7944444444444444,2483,Oregon,24,885.75,0.9379607765971404,0.0
401310711,2021,5,False,68,Boise State,31,557.69,0.995970695970696,2440,Nevada,41,421.64,2.2644962180676464,1.0
401301014,2021,5,False,151,East Carolina,52,516.06,8.355180533751962,2655,Tulane,29,463.02,,
401282089,2021,5,False,333,Alabama,42,1004.04,0.6343094405594406,145,Ole Miss,21,732.02,1.2606060606060607,
401309560,2021,5,False,2006,Akron,17,330.97,,195,Ohio,34,332.25,,
401282813,2021,5,False,164,Rutgers,13,573.14,2.340563725490196,194,Ohio State,52,985.09,0.8939285714285715,
401309562,2021,5,False,2309,Kent State,27,357.85,0.5111111111111111,189,Bowling Green,20,380.74,0.4611607142857142,0.0
401308835,2021,5,False,193,Miami (OH),28,378.03,,2117,Central Michigan,17,268.89,0.2944444444444444,
401282648,2021,5,False,52,Florida State,33,769.76,1.3858516483516483,183,Syracuse,30,567.19,5.386904761904762,
401287913,2021,5,False,2306,Kansas State,31,569.65,1.3384064737005914,201,Oklahoma,37,895.38,0.5865384615384615,
401287916,2021,5,False,277,West Virginia,20,611.29,0.7139481778904856,2641,Texas Tech,23,607.1,1.2829931972789117,1.0
401301013,2021,5,False,2426,Navy,34,127.63,,2116,UCF,30,639.06,1.0006410256410256,0.0
401335300,2021,5,False,322,Lafayette,41,22.41,,2230,Fordham,42,22.86,,
401330258,2021,5,False,2830,St. Anselm,21,,,2060,Bentley,34,,,
401328194,2021,5,False,160,New Hampshire,21,7.81,,256,James Madison,23,102.89,10.025,
401282215,2021,5,False,2226,Florida Atlantic,58,553.28,1.8227272727272728,2229,Florida International,21,520.69,,
401282094,2021,5,False,2579,South Carolina,23,747.88,0.6266824085005903,2653,Troy,14,448.77,4.146825396825397,
401328250,2021,5,False,2083,Bucknell,21,,,172,Cornell,10,,,0.0
401328574,2021,5,False,2193,East Tennessee State,27,49.58,,2747,Wofford,21,7.83,,
401328970,2021,5,False,128,Northern Michigan,26,,,131,Wayne State (MI),19,,,0.0
401332321,2021,5,False,301,San Diego,27,37.37,,2900,St. Thomas (MN),24,,,0.0
401328385,2021,5,False,2710,Western Illinois,30,82.24,,79,Southern Illinois,31,107.83,,
401329314,2021,5,False,2570,CSU Pueblo,19,,,11,Colorado Mesa,13,,,0.0
401339816,2021,5,False,2803,Bryant,36,14.59,,225,Brown,29,9.44,,
401329482,2021,5,False,2838,Tiffin,21,,,2273,Hillsdale,24,,,
401328059,2021,5,False,2464,Northern Arizona,48,115.62,,304,Idaho State,17,71.55,,
401328319,2021,5,False,2400,Mississippi Valley State,17,,,2428,North Carolina Central,16,80.58,,0.0
401328577,2021,5,False,2447,Nicholls,48,189.98,,2277,Houston Christian,17,5.41,,
401329686,2021,5,False,389,Upper Iowa University,14,,,2587,Southwest Minnesota State,20,,,
401329272,2021,5,False,611,Seton Hill,7,,,2205,Edinboro University,17,,,
401301016,2021,5,False,2567,SMU,41,576.03,0.6475907029478458,58,South Florida,17,540.51,,
401309613,2021,5,False,290,Georgia Southern,59,383.76,2.574090909090909,2032,Arkansas State,33,475.74,8.833333333333332,0.0
401329051,2021,5,False,2848,Western Oregon,41,,,2704,West Texas A&M,38,,,0.0
401328290,2021,5,False,2681,Wagner,27,21.98,,2169,Delaware State,33,,,
401328373,2021,5,False,2460,Northern Iowa,34,108.66,,2754,Youngstown State,7,90.76,,
401328415,2021,5,False,93,Murray State,22,104.85,,2197,Eastern Illinois,6,87.86,,
401328021,2021,5,False,2617,Stephen F. Austin,20,115.81,,2534,Sam Houston,21,111.5,,1.0
401309559,2021,5,False,2050,Ball State,28,338.31,3.608802308802309,349,Army,16,111.53,0.5008928571428571,
401309863,2021,5,False,25,California,6,662.11,2.208238851095994,265,Washington State,21,601.16,0.861111111111111,1.0
401328618,2021,5,False,50,Florida A&M,28,127.97,,2011,Alabama State,0,,,0.0
401282091,2021,5,False,96,Kentucky,20,709.07,2.2568658905197365,57,Florida,13,885.67,,0.0
401282222,2021,5,False,2636,UTSA,24,508.77,2.9249107142857143,2439,UNLV,17,392.44,2.557638888888889,
401327964,2021,5,False,330,Virginia St,33,,,395,St. Augustine's,9,,,0.0
401329003,2021,5,False,2698,West Georgia,20,,,2695,West Alabama,38,,,
401331750,2021,5,False,351,Wingate,43,,,2839,Greeneville,35,,,0.0
401329194,2021,5,False,215,Slippery Rock,75,,,2134,Clarion,0,,,0.0
401282220,2021,5,False,152,NC State,34,700.36,0.3794719169719169,2348,Louisiana Tech,27,520.48,,
401328563,2021,5,False,2382,Mercer,45,23.81,,2535,Samford,42,70.11,,0.0
401328260,2021,5,False,2804,Chowan,73,,,2736,Winston-Salem,7,,,0.0
401282218,2021,5,False,242,Rice,24,419.65,,2572,Southern Miss,19,465.94,2.322751322751323,0.0
401310710,2021,5,False,167,New Mexico,10,360.77,3.238583638583638,2005,Air Force,38,30.32,,1.0
401287914,2021,5,False,197,Oklahoma State,24,613.69,1.7764396568343936,239,Baylor,14,660.65,2.5166666666666666,0.0
401327970,2021,5,False,2000,Abilene Christian,21,96.46,,2110,Central Arkansas,42,68.32,,1.0
401327980,2021,5,False,2571,South Dakota State,55,13.27,,3101,Utah Tech,7,,,0.0
401328110,2021,5,False,2453,North Alabama,31,123.39,,2097,Campbell,48,108.65,,1.0
401287912,2021,5,False,66,Iowa State,59,613.6,0.5785547785547785,2305,Kansas,7,548.1,0.9965277777777778,
401328601,2021,5,False,2466,Northwestern State,27,126.22,,2916,Incarnate Word,38,54.6,6.755555555555556,1.0
401328609,2021,5,False,2654,Truman State,21,,,2815,Lindenwood,31,,,
401282216,2021,5,False,2393,Middle Tennessee,34,494.02,,276,Marshall,28,456.97,3.1730158730158733,
401282221,2021,5,False,5,UAB,12,444.37,,2335,Liberty,36,154.75,7.125,1.0
401327957,2021,5,False,2220,Fayetteville State,46,,,2339,Lincoln (PA),9,,,0.0
401328962,2021,5,False,2396,Miles College,3,,,2013,Albany State GA,31,,,
401328982,2021,5,False,2673,Valdosta State,49,,,2560,Shorter,13,,,0.0
401329017,2021,5,False,2170,Delta State,33,,,110242,West Florida,39,,,
401329095,2021,5,False,2025,Angelo State,62,,,2703,Western New Mexico,3,,,0.0
401329155,2021,5,False,2837,East Texas A&M,72,,,124110,UFTL,6,,,0.0
401329469,2021,5,False,137,Missouri Western,7,,,138,Northwest Missouri St,30,,,
401332026,2021,5,False,2707,West Virginia State,45,,,2017,Alderson-Broaddus,13,,,0.0
401282095,2021,5,False,245,Texas A&M,22,888.35,0.3158214674758792,344,Mississippi State,26,716.17,3.52007992007992,1.0
401282729,2021,5,False,213,Penn State,24,820.72,,84,Indiana,0,664.25,1.9310515873015877,
401282096,2021,5,False,238,Vanderbilt,30,609.82,0.8208333333333333,41,UConn,28,331.9,,
401282223,2021,5,False,127,Michigan State,48,677.07,3.05,98,Western Kentucky,31,524.97,5.368589743589744,
401282800,2021,5,False,158,Nebraska,56,743.7,0.5287698412698413,77,Northwestern,7,648.79,,
401282647,2021,5,False,228,Clemson,19,935.08,4.0026620370370365,103,Boston College,13,636.46,,
401330247,2021,5,False,2201,Eastern New Mexico,52,,,124179,Lincoln (CA),6,,,0.0
401328406,2021,5,False,2046,Austin Peay,22,87.48,1.7797619047619049,2634,Tennessee State,24,88.82,,
401309615,2021,5,False,6,South Alabama,18,415.07,3.616666666666666,309,Louisiana,20,435.63,0.6097963764630431,
401328092,2021,5,False,253,Southern Utah,13,,,2502,Portland State,20,81.34,,
401329408,2021,5,False,2231,Fort Hays State,42,,,2438,Nebraska-Kearney,35,,,0.0
401328031,2021,5,False,13,Cal Poly,7,80.3,,2692,Weber State,38,116.62,,
401329108,2021,5,False,2120,Central Washington,30,,,2395,Midwestern State,20,,,0.0
401282092,2021,5,False,99,LSU,19,903.72,,2,Auburn,24,840.38,0.8212764903941374,1.0
401309865,2021,5,False,204,Oregon State,27,640.66,0.8349299719887956,264,Washington,24,789.51,,0.0
401282217,2021,5,False,2638,UTEP,28,318.65,,295,Old Dominion,21,409.31,4.284848484848485,0.0
401328050,2021,5,False,302,UC Davis,27,51.38,,70,Idaho,20,122.44,,0.0
401328041,2021,5,False,331,Eastern Washington,34,57.26,,149,Montana,28,94.99,,0.0
401309866,2021,5,False,26,UCLA,23,746.02,5.057291666666667,9,Arizona State,42,734.45,,1.0
401310713,2021,5,False,23,San José State,37,410.81,,166,New Mexico State,31,117.43,,
401310712,2021,5,False,62,Hawai'i,27,397.43,,278,Fresno State,24,483.77,3.9914141414141415,0.0
401309616,2021,6,False,2032,Arkansas State,20,475.74,8.833333333333332,324,Coastal Carolina,52,415.91,4.958333333333333,1.0
401301017,2021,6,False,2655,Tulane,22,463.02,,248,Houston,40,571.21,0.5815746753246753,
401329500,2021,6,False,196,Northeastern State,9,,,2122,Central Oklahoma,49,,,
401282224,2021,6,False,2229,Florida International,33,520.69,,2429,Charlotte,45,462.67,5.1875,1.0
401347913,2021,6,False,2038,Assumption,26,,,2583,Southern Connecticut State,0,,,0.0
401301018,2021,6,False,2132,Cincinnati,52,626.54,1.628082395545631,218,Temple,3,501.4,0.5625,
401328299,2021,6,False,47,Howard,27,,,2415,Morgan State,0,44.52,,0.0
401309868,2021,6,False,9,Arizona State,28,734.45,,24,Stanford,10,745.3,0.7944444444444444,0.0
401329637,2021,6,False,2842,UVA Wise,14,,,2444,Newberry,37,,,
401282769,2021,6,False,194,Ohio State,66,985.09,0.8939285714285715,120,Maryland,17,705.79,3.656547619047619,
401329436,2021,6,False,587,Notre Dame College,23,,,341,Frostburg State,21,,,0.0
401328516,2021,6,False,2368,Marist,34,,,56,Stetson,3,14.06,,0.0
401328186,2021,6,False,311,Maine,23,95.0,,2210,Elon,33,43.03,,1.0
401282098,2021,6,False,57,Florida,42,885.67,,238,Vanderbilt,0,609.82,0.8208333333333333,
401309564,2021,6,False,2649,Toledo,20,465.4,,2459,Northern Illinois,22,354.21,,1.0
401309566,2021,6,False,189,Bowling Green,20,380.74,0.4611607142857142,2006,Akron,35,330.97,,1.0
401329353,2021,6,False,2385,Mercyhurst,17,,,611,Seton Hill,19,,,
401328727,2021,6,False,110254,Davenport,18,,,128,Northern Michigan,13,,,0.0
401282100,2021,6,False,145,Ole Miss,52,732.02,1.2606060606060607,8,Arkansas,51,722.84,1.7100000000000002,
401282788,2021,6,False,164,Rutgers,13,573.14,2.340563725490196,127,Michigan State,31,677.07,3.05,
401347695,2021,6,False,2022,American International,0,,,284,Stonehill,25,,,
401334790,2021,6,False,367,Gannon,17,,,2858,PennWest California,38,,,
401287917,2021,6,False,239,Baylor,45,660.65,2.5166666666666666,277,West Virginia,20,611.29,0.7139481778904856,
401334771,2021,6,False,2882,UNC Pembroke,34,,,112335,Wheeling,28,,,0.0
401282102,2021,6,False,2633,Tennessee,45,780.83,0.7272893772893774,2579,South Carolina,20,747.88,0.6266824085005903,
401332293,2021,6,False,2184,Duquesne,39,77.09,,2803,Bryant,34,14.59,,
401328501,2021,6,False,2086,Butler,21,,,301,San Diego,52,37.37,,
401287918,2021,6,True,251,Texas,48,874.19,1.5166997354497356,201,Oklahoma,55,895.38,0.5865384615384615,
401328473,2021,6,False,225,Brown,31,9.44,,2142,Colgate,10,,,0.0
401335301,2021,6,False,322,Lafayette,27,22.41,,2083,Bucknell,0,,,0.0
401282652,2021,6,False,150,Duke,27,605.57,,59,Georgia Tech,31,707.35,1.7333333333333334,
401327958,2021,6,False,2676,Virginia Union,32,,,2339,Lincoln (PA),0,,,0.0
401328594,2021,6,False,2447,Nicholls,48,189.98,,2545,SE Louisiana,58,231.02,,
401328522,2021,6,False,2506,Presbyterian,30,,,2413,Morehead State,38,,,
401328509,2021,6,False,2181,Drake,10,,,2168,Dayton,28,,,
401328340,2021,6,False,282,Indiana State,37,45.15,,2710,Western Illinois,27,82.24,,0.0
401328271,2021,6,False,219,Pennsylvania,20,,,2329,Lehigh,0,36.97,,0.0
401328251,2021,6,False,108,Harvard,24,,,172,Cornell,10,,,0.0
401328241,2021,6,False,2115,Central Connecticut,20,,,171,Columbia,22,,,
401328177,2021,6,False,227,Rhode Island,22,127.52,,48,Delaware,15,29.77,,
401328147,2021,6,False,2448,North Carolina A&T,38,132.73,,2453,North Alabama,34,123.39,,
401344441,2021,6,False,2060,Bentley,26,,,2487,Pace,0,,,0.0
401334763,2021,6,False,2148,Concord University,20,,,2699,West Liberty,16,,,0.0
401332386,2021,6,False,124180,Bluefield State,23,,,124110,UFTL,9,,,0.0
401331751,2021,6,False,2336,Limestone,17,,,351,Wingate,35,,,
401329693,2021,6,False,2331,Lenoir-Rhyne,38,,,2839,Greeneville,31,,,0.0
401327919,2021,6,False,2804,Chowan,3,,,2075,Bowie State,14,,,
401328927,2021,6,False,2441,New Haven,56,,,2830,St. Anselm,7,,,0.0
401329360,2021,6,False,209,Lock Haven University,21,,,2974,Shepherd,75,,,
401329176,2021,6,False,3066,Concordia University St Paul,14,,,132,Bemidji State,42,,,
401328994,2021,6,False,2560,Shorter,7,,,2695,West Alabama,44,,,
401329367,2021,6,False,2559,Shippensburg,34,,,223,West Chester,18,,,0.0
401328104,2021,6,False,2304,Johnson C Smith,12,,,2736,Winston-Salem,26,,,
401328086,2021,6,False,2551,Shaw,12,,,2220,Fayetteville State,15,,,
401329645,2021,6,False,2107,Catawba,33,,,2105,Carson-Newman College,27,,,0.0
401329388,2021,6,False,2249,Glenville State,9,,,2128,University Of Charleston (WV),20,,,
401332307,2021,6,False,2598,St. Francis (PA),55,7.3,,2341,Long Island University,10,,,0.0
401332051,2021,6,False,2405,Monmouth,28,13.17,,163,Princeton,31,,,
401332311,2021,6,False,2230,Fordham,56,22.86,,2681,Wagner,7,21.98,,
401328538,2021,6,False,2678,VMI,37,,,236,Chattanooga,34,193.46,,0.0
401328265,2021,6,False,159,Dartmouth,24,,,43,Yale,17,24.05,,0.0
401328556,2021,6,False,2747,Wofford,20,7.83,,231,Furman,42,39.37,,
401334777,2021,6,False,455,West Virginia Wesleyan,3,,,2707,West Virginia State,38,,,
401329655,2021,6,False,2369,Mars Hill,40,,,122666,Wilson,32,,,0.0
401328172,2021,6,False,2940,Livingstone,21,,,395,St. Augustine's,7,,,0.0
401282226,2021,6,False,276,Marshall,20,456.97,3.1730158730158733,295,Old Dominion,13,409.31,4.284848484848485,
401329495,2021,6,False,2364,Minnesota State Mankato,24,,,2844,Wayne State (NE),35,,,
401329081,2021,6,False,2013,Albany State GA,30,,,2206,Edward Waters,0,,,0.0
401328685,2021,6,False,2402,Missouri S&T,21,,,2654,Truman State,38,,,
401328610,2021,6,False,2815,Lindenwood,33,,,2825,Quincy,28,,,0.0
401332016,2021,6,False,2273,Hillsdale,20,,,2682,Walsh,3,,,0.0
401329146,2021,6,False,2043,Augustana University (SD),37,,,389,Upper Iowa University,20,,,0.0
401329121,2021,6,False,2232,Fort Valley State,35,,,2119,Central State (OH),14,,,0.0
401329115,2021,6,False,2805,Clark Atlanta,21,,,2019,Allen,12,,,0.0
401329414,2021,6,False,2205,Edinboro University,13,,,215,Slippery Rock,49,,,
401329141,2021,6,False,2310,Kentucky State,49,,,2323,Lane College,14,,,0.0
401332027,2021,6,False,2986,Fairmont State,44,,,2017,Alderson-Broaddus,10,,,0.0
401329409,2021,6,False,2687,Washburn,23,,,2231,Fort Hays State,20,,,0.0
401329345,2021,6,False,2118,Central Missouri,45,,,2214,Emporia State University,38,,,0.0
401329339,2021,6,False,613,South Dakota Mines,42,,,2237,Fort Lewis,7,,,0.0
401329195,2021,6,False,2134,Clarion,21,,,2291,Indiana-Pennsylvania,58,,,
401329184,2021,6,False,2071,Bloomsburg,7,,,2315,Kutztown University,34,,,
401328320,2021,6,False,2428,North Carolina Central,16,80.58,,2635,Tennessee Tech,27,19.2,,1.0
401329327,2021,6,False,2529,Sacred Heart,20,24.95,,2771,Merrimack,10,,,0.0
401328134,2021,6,False,2261,Hampton,15,33.45,,338,Kennesaw State,34,36.62,,
401328195,2021,6,False,256,James Madison,27,102.89,10.025,222,Villanova,28,,,
401328291,2021,6,False,2169,Delaware State,56,,,2355,Virginia University Of Lynchburg,6,,,0.0
401328529,2021,6,False,2900,St. Thomas (MN),20,,,2674,Valparaiso,13,14.28,,0.0
401328368,2021,6,False,2449,North Dakota State,34,50.33,,2460,Northern Iowa,20,108.66,,0.0
401328355,2021,6,False,2754,Youngstown State,41,90.76,,2623,Missouri State,33,205.25,,0.0
401329428,2021,6,False,2188,East Stroudsburg University,27,,,210,Millersville,7,,,0.0
401329511,2021,6,False,138,Northwest Missouri St,20,,,90,Pittsburg St,19,,,0.0
401330264,2021,6,False,2714,Western Colorado,45,,,2424,New Mexico Highlands,38,,,0.0
401327981,2021,6,False,149,Montana,31,94.99,,3101,Utah Tech,14,,,0.0
401328007,2021,6,False,2534,Sam Houston,41,111.5,,2320,Lamar,7,,,0.0
401328042,2021,6,False,2458,Northern Colorado,17,156.11,,331,Eastern Washington,63,57.26,,1.0
401328060,2021,6,False,304,Idaho State,27,71.55,,302,UC Davis,17,51.38,,
401328121,2021,6,False,2523,Robert Morris,31,,,2127,Charleston Southern,24,34.78,,0.0
401328362,2021,6,False,233,South Dakota,20,46.05,,155,North Dakota,13,,,0.0
401328380,2021,6,False,2571,South Dakota State,41,13.27,,79,Southern Illinois,42,107.83,,
401328421,2021,6,False,2630,UT Martin,48,149.55,,93,Murray State,24,104.85,,
401328619,2021,6,False,2011,Alabama State,35,,,2029,Arkansas-Pine Bluff,15,15.35,,0.0
401328627,2021,6,False,2016,Alcorn State,24,71.95,,2755,Grambling,20,,,0.0
401328668,2021,6,False,2010,Alabama A&M,15,49.54,,2296,Jackson State,61,173.86,9.583333333333334,
401282653,2021,6,False,97,Louisville,33,607.77,1.0256410256410258,258,Virginia,34,619.61,0.92,
401328281,2021,6,False,2033,Arkansas Tech,38,,,319,Oklahoma Baptist,35,,,0.0
401328349,2021,6,False,2271,Henderson State,59,,,2191,East Central (OK),24,,,0.0
401328393,2021,6,False,2264,Harding University,49,,,200,Southern Nazarene,10,,,0.0
401328533,2021,6,False,2927,Southwestern Oklahoma State,10,,,2888,Ouachita Baptist,30,,,
401329021,2021,6,False,2401,Mississippi College,21,,,2698,West Georgia,40,,,
401329042,2021,6,False,568,Minot State,17,,,2817,Minnesota State Moorhead,29,,,
401329062,2021,6,False,2851,Winona State,49,,,425,Northern State,52,,,
401329128,2021,6,False,559,University of Mary,27,,,134,Minnesota Duluth,31,,,
401329299,2021,6,False,2069,Black Hills State,20,,,2146,Colorado School Of Mines,41,,,
401329309,2021,6,False,2123,Chadron St,17,,,2570,CSU Pueblo,42,,,
401329446,2021,6,False,2876,Lincoln (MO),32,,,2403,Missouri Southern State,52,,,
401329470,2021,6,False,2438,Nebraska-Kearney,35,,,137,Missouri Western,14,,,0.0
401329476,2021,6,False,437,Lake Erie,17,,,2838,Tiffin,35,,,
401282655,2021,6,False,183,Syracuse,37,567.19,5.386904761904762,154,Wake Forest,40,589.19,,
401328495,2021,6,False,2568,Southern Arkansas,24,,,199,Southeastern Oklahoma State,38,,,
401286191,2021,6,False,113,Massachusetts,27,227.21,,41,UConn,13,331.9,,0.0
401282654,2021,6,False,153,North Carolina,25,798.29,0.9671130952380952,52,Florida State,35,769.76,1.3858516483516483,1.0
401309913,2021,6,False,252,BYU,17,443.13,,68,Boise State,26,557.69,0.995970695970696,
401328571,2021,6,False,2717,Western Carolina,24,57.52,,2382,Mercer,34,23.81,,1.0
401328162,2021,6,False,2729,William & Mary,31,38.56,,399,UAlbany,24,24.67,,
401282229,2021,6,False,2335,Liberty,41,154.75,7.125,2393,Middle Tennessee,13,494.02,,0.0
401282718,2021,6,False,356,Illinois,0,630.16,0.4403030303030303,275,Wisconsin,24,750.89,1.014360119047619,
401310715,2021,6,False,36,Colorado State,32,443.16,8.0,23,San José State,14,410.81,,
401309567,2021,6,False,195,Ohio,27,332.25,,2117,Central Michigan,30,268.89,0.2944444444444444,1.0
401282097,2021,6,False,2,Auburn,10,840.38,0.8212764903941374,61,Georgia,34,1001.79,0.251486013986014,
401282225,2021,6,False,5,UAB,31,444.37,,2226,Florida Atlantic,14,553.28,1.8227272727272728,0.0
401308836,2021,6,False,2199,Eastern Michigan,13,340.6,,193,Miami (OH),12,378.03,,0.0
401309563,2021,6,False,2711,Western Michigan,20,396.47,,2050,Ball State,45,338.31,3.608802308802309,1.0
401301021,2021,6,False,2426,Navy,24,127.63,,2567,SMU,31,576.03,0.6475907029478458,
401328407,2021,6,False,2046,Austin Peay,14,87.48,1.7797619047619049,2546,Southeast Missouri State,30,26.12,,1.0
401328700,2021,6,False,2911,William Jewell,10,,,2586,Southwest Baptist,55,,,
401328642,2021,6,False,2065,Bethune-Cookman,14,70.64,,2400,Mississippi Valley State,20,,,
401282758,2021,6,False,2294,Iowa,23,657.39,5.977216610549943,213,Penn State,20,820.72,,0.0
401332012,2021,6,False,2224,Findlay,31,,,2316,Kentucky Wesleyan,19,,,0.0
401328032,2021,6,False,147,Montana State,45,92.72,,13,Cal Poly,7,80.3,,
401328228,2021,6,False,119,Towson,21,130.7,,2619,Stony Brook,14,80.27,,
401328000,2021,6,False,55,Jacksonville State,28,155.11,,2617,Stephen F. Austin,24,115.81,,
401282101,2021,6,False,142,Missouri,48,647.74,1.0576923076923077,249,North Texas,35,496.31,7.333333333333333,
401309869,2021,6,False,265,Washington State,31,601.16,0.861111111111111,204,Oregon State,24,640.66,0.8349299719887956,0.0
401329052,2021,6,False,2848,Western Oregon,14,,,2120,Central Washington,45,,,
401328548,2021,6,False,2193,East Tennessee State,48,49.58,,2643,The Citadel,21,23.94,,
401328313,2021,6,False,2823,Northwestern Oklahoma State,23,,,2028,Arkansas-Monticello,42,,,
401328051,2021,6,False,70,Idaho,42,122.44,,2502,Portland State,35,81.34,,
401328691,2021,6,False,2582,Southern,31,120.88,,2640,Texas Southern,35,62.7,,1.0
401328963,2021,6,False,2396,Miles College,21,,,490,Benedict College,24,,,
401328979,2021,6,False,2837,East Texas A&M,17,,,129,Saginaw Valley State,20,,,
401327929,2021,6,False,330,Virginia St,35,,,2207,Elizabeth City State,7,,,0.0
401328325,2021,6,False,50,Florida A&M,30,127.97,,2569,South Carolina State,7,,,0.0
401328111,2021,6,False,2241,Gardner-Webb,28,58.53,,2097,Campbell,42,108.65,,
401327992,2021,6,False,2198,Eastern Kentucky,30,222.5,,2000,Abilene Christian,15,96.46,,
401328652,2021,6,False,2292,Indianapolis,57,,,2816,McKendree,28,,,0.0
401328949,2021,6,False,2542,Savannah St,39,,,101784,ERSKINE,6,,,0.0
401328956,2021,6,False,131,Wayne State (MI),27,,,2392,Michigan Tech,30,,,
401329505,2021,6,False,2587,Southwest Minnesota State,7,,,2894,Sioux Falls,35,,,
401301019,2021,6,False,2116,UCF,20,639.06,1.0006410256410256,151,East Carolina,16,516.06,8.355180533751962,
401287919,2021,6,False,2641,Texas Tech,31,607.1,1.2829931972789117,2628,TCU,52,698.52,0.3404761904761905,
401328717,2021,6,False,308,Ashland,24,,,2477,Ohio Dominican,34,,,
401309565,2021,6,False,2309,Kent State,48,357.85,0.5111111111111111,2084,Buffalo,38,267.09,4.226495726495727,
401309617,2021,6,False,2653,Troy,27,448.77,4.146825396825397,290,Georgia Southern,24,383.76,2.574090909090909,
401328983,2021,6,False,2673,Valdosta State,55,,,2170,Delta State,0,,,0.0
401329012,2021,6,False,2822,North Greenville,10,,,110242,West Florida,52,,,
401330254,2021,6,False,110243,UT Permian Basin,75,,,124179,Lincoln (CA),0,,,0.0
401328578,2021,6,False,2277,Houston Christian,17,5.41,,2466,Northwestern State,21,126.22,,
401309619,2021,6,False,326,Texas State,33,428.48,,6,South Alabama,31,415.07,3.616666666666666,
401310714,2021,6,False,2005,Air Force,24,30.32,,2751,Wyoming,14,326.65,4.717296918767507,0.0
401282228,2021,6,False,98,Western Kentucky,46,524.97,5.368589743589744,2636,UTSA,52,508.77,2.9249107142857143,1.0
401328940,2021,6,False,125,Grand Valley State University,70,,,2886,Northwood (MI),9,,,0.0
401282227,2021,6,False,2572,Southern Miss,13,465.94,2.322751322751323,2638,UTEP,26,318.65,,1.0
401282656,2021,6,False,259,Virginia Tech,29,663.78,,87,Notre Dame,32,853.1,2.033989448051948,
401282099,2021,6,False,96,Kentucky,42,709.07,2.2568658905197365,99,LSU,21,903.72,,0.0
401282778,2021,6,False,158,Nebraska,29,743.7,0.5287698412698413,130,Michigan,32,832.6,3.636979166666667,
401329464,2021,6,False,2703,Western New Mexico,47,,,2201,Eastern New Mexico,50,,,
401309871,2021,6,False,30,USC,26,874.5,0.3272662337662337,254,Utah,42,707.72,1.5086016414141414,1.0
401329109,2021,6,False,2395,Midwestern State,30,,,2658,Texas A&M-Kingsville,13,,,0.0
401329124,2021,6,False,2657,Tuskegee,15,,,60,Morehouse College,31,,,
401282103,2021,6,False,245,Texas A&M,41,888.35,0.3158214674758792,333,Alabama,38,1004.04,0.6343094405594406,0.0
401329096,2021,6,False,2704,West Texas A&M,31,,,2025,Angelo State,15,,,0.0
401329028,2021,6,False,11,Colorado Mesa,49,,,2001,Adams State,14,,,0.0
401309618,2021,6,False,2433,UL Monroe,21,312.31,,2247,Georgia State,55,413.91,1.7436324786324786,
401301020,2021,6,False,202,Tulsa,35,470.49,,235,Memphis,29,572.13,1.2424242424242424,0.0
401310716,2021,6,False,21,San Diego State,31,441.63,7.507177033492823,167,New Mexico,7,360.77,3.238583638583638,
401328096,2021,6,False,16,Sacramento State,41,71.2,,253,Southern Utah,20,,,0.0
401310717,2021,6,False,2440,Nevada,55,421.64,2.2644962180676464,166,New Mexico State,28,117.43,,
401309870,2021,6,False,12,Arizona,16,567.61,3.928234126984127,26,UCLA,34,746.02,5.057291666666667,
401309620,2021,7,False,309,Louisiana,41,435.63,0.6097963764630431,2026,App State,13,450.04,,0.0
401328554,2021,7,False,200,Southern Nazarene,30,,,2927,Southwestern Oklahoma State,22,,,0.0
401301022,2021,7,False,235,Memphis,35,572.13,1.2424242424242424,2426,Navy,17,127.63,,
401309621,2021,7,False,6,South Alabama,41,415.07,3.616666666666666,290,Georgia Southern,14,383.76,2.574090909090909,
401328252,2021,7,False,172,Cornell,34,,,2142,Colgate,20,,,0.0
401282657,2021,7,False,183,Syracuse,14,567.19,5.386904761904762,228,Clemson,17,935.08,4.0026620370370365,
401282231,2021,7,False,249,North Texas,21,496.31,7.333333333333333,276,Marshall,49,456.97,3.1730158730158733,1.0
401328068,2021,7,False,2692,Weber State,7,116.62,,147,Montana State,13,92.72,,1.0
401309872,2021,7,False,2483,Oregon,24,885.75,0.9379607765971404,25,California,17,662.11,2.208238851095994,
401310723,2021,7,False,23,San José State,13,410.81,,21,San Diego State,19,441.63,7.507177033492823,
401282106,2021,7,False,99,LSU,49,903.72,,57,Florida,42,885.67,,
401282796,2021,7,False,135,Minnesota,30,653.25,3.333964646464646,158,Nebraska,23,743.7,0.5287698412698413,0.0
401286192,2021,7,False,41,UConn,21,331.9,,43,Yale,15,24.05,,
401334764,2021,7,False,2128,University Of Charleston (WV),48,,,2148,Concord University,3,,,0.0
401282731,2021,7,False,84,Indiana,15,664.25,1.9310515873015877,127,Michigan State,20,677.07,3.05,
401309571,2021,7,False,2084,Buffalo,27,267.09,4.226495726495727,195,Ohio,26,332.25,,0.0
401282807,2021,7,False,77,Northwestern,21,648.79,,164,Rutgers,7,573.14,2.340563725490196,
401328928,2021,7,False,2022,American International,14,,,2441,New Haven,30,,,
401301024,2021,7,False,58,South Florida,31,540.51,,202,Tulsa,32,470.49,,1.0
401328728,2021,7,False,110254,Davenport,3,,,131,Wayne State (MI),16,,,
401329422,2021,7,False,223,West Chester,42,,,2188,East Stroudsburg University,24,,,0.0
401331763,2021,7,False,2205,Edinboro University,20,,,2385,Mercyhurst,27,,,
401328957,2021,7,False,128,Northern Michigan,14,,,2392,Michigan Tech,21,,,
401282104,2021,7,False,8,Arkansas,23,722.84,1.7100000000000002,2,Auburn,38,840.38,0.8212764903941374,
401332013,2021,7,False,2477,Ohio Dominican,14,,,2224,Findlay,21,,,
401282108,2021,7,False,142,Missouri,14,647.74,1.0576923076923077,245,Texas A&M,35,888.35,0.3158214674758792,
401328510,2021,7,False,2168,Dayton,17,,,2368,Marist,20,,,
401301023,2021,7,False,2132,Cincinnati,56,626.54,1.628082395545631,2116,UCF,21,639.06,1.0006410256410256,0.0
401287924,2021,7,False,251,Texas,24,874.19,1.5166997354497356,197,Oklahoma State,32,613.69,1.7764396568343936,1.0
401328200,2021,7,False,311,Maine,27,95.0,,2729,William & Mary,16,38.56,,
401328595,2021,7,False,2916,Incarnate Word,38,54.6,6.755555555555556,2447,Nicholls,21,189.98,,0.0
401329328,2021,7,False,2341,Long Island University,5,,,2771,Merrimack,43,,,
401332308,2021,7,False,2803,Bryant,18,14.59,,2598,St. Francis (PA),17,7.3,,
401344144,2021,7,False,225,Brown,42,9.44,,163,Princeton,56,,,
401282660,2021,7,False,258,Virginia,48,619.61,0.92,150,Duke,0,605.57,,
401328020,2021,7,False,2804,Chowan,31,,,2676,Virginia Union,38,,,
401336485,2021,7,False,2230,Fordham,66,22.86,,2083,Bucknell,21,,,0.0
401335302,2021,7,False,108,Harvard,30,,,322,Lafayette,3,22.41,,0.0
401329135,2021,7,False,2119,Central State (OH),0,,,2657,Tuskegee,29,,,
401329205,2021,7,False,215,Slippery Rock,21,,,2291,Indiana-Pennsylvania,48,,,
401329389,2021,7,False,2017,Alderson-Broaddus,21,,,2249,Glenville State,35,,,
401329437,2021,7,False,587,Notre Dame College,52,,,455,West Virginia Wesleyan,14,,,0.0
401329477,2021,7,False,2273,Hillsdale,14,,,437,Lake Erie,33,,,
401329496,2021,7,False,389,Upper Iowa University,0,,,2364,Minnesota State Mankato,58,,,
401329646,2021,7,False,2105,Carson-Newman College,0,,,2331,Lenoir-Rhyne,59,,,
401330259,2021,7,False,284,Stonehill,31,,,2830,St. Anselm,22,,,0.0
401332380,2021,7,False,2206,Edward Waters,36,,,2310,Kentucky State,76,,,
401334759,2021,7,False,2682,Walsh,13,,,2316,Kentucky Wesleyan,23,,,
401334782,2021,7,False,2487,Pace,39,,,112334,Franklin Pierce,31,,,0.0
401337472,2021,7,False,2699,West Liberty,52,,,2986,Fairmont State,31,,,0.0
401328218,2021,7,False,2940,Livingstone,9,,,2551,Shaw,20,,,
401328718,2021,7,False,2838,Tiffin,27,,,308,Ashland,21,,,0.0
401328995,2021,7,False,2560,Shorter,7,,,2401,Mississippi College,20,,,
401327920,2021,7,False,2075,Bowie State,51,,,330,Virginia St,44,,,0.0
401327930,2021,7,False,2339,Lincoln (PA),17,,,2207,Elizabeth City State,14,,,0.0
401328112,2021,7,False,2097,Campbell,17,108.65,,2405,Monmouth,34,13.17,,1.0
401328207,2021,7,False,160,New Hampshire,21,7.81,,159,Dartmouth,38,,,
401332302,2021,7,False,2529,Sacred Heart,27,24.95,,2115,Central Connecticut,17,,,0.0
401328381,2021,7,False,2710,Western Illinois,17,82.24,,2571,South Dakota State,41,13.27,,1.0
401332322,2021,7,False,56,Stetson,7,14.06,,2900,St. Thomas (MN),38,,,
401328643,2021,7,False,2065,Bethune-Cookman,29,70.64,,2504,Prairie View A&M,35,56.79,,1.0
401329177,2021,7,False,134,Minnesota Duluth,33,,,3066,Concordia University St Paul,13,,,0.0
401328564,2021,7,False,2747,Wofford,24,7.83,,2535,Samford,27,70.11,,
401328173,2021,7,False,2736,Winston-Salem,41,,,395,St. Augustine's,0,,,0.0
401329638,2021,7,False,2839,Greeneville,37,,,2842,UVA Wise,21,,,0.0
401328242,2021,7,False,171,Columbia,23,,,219,Pennsylvania,14,,,0.0
401328539,2021,7,False,236,Chattanooga,21,193.46,,2193,East Tennessee State,16,49.58,,
401328480,2021,7,False,107,Holy Cross,48,,,46,Georgetown,14,,,0.0
401329122,2021,7,False,60,Morehouse College,51,,,2232,Fort Valley State,3,,,0.0
401328984,2021,7,False,2695,West Alabama,17,,,2673,Valdosta State,42,,,
401328701,2021,7,False,2586,Southwest Baptist,27,,,2654,Truman State,21,,,0.0
401329129,2021,7,False,2894,Sioux Falls,34,,,559,University of Mary,14,,,0.0
401329147,2021,7,False,2844,Wayne State (NE),24,,,2043,Augustana University (SD),32,,,
401329185,2021,7,False,2071,Bloomsburg,44,,,209,Lock Haven University,0,,,0.0
401329043,2021,7,False,132,Bemidji State,22,,,2817,Minnesota State Moorhead,19,,,0.0
401328659,2021,7,False,2010,Alabama A&M,31,49.54,,50,Florida A&M,35,127.97,,
401328305,2021,7,False,2450,Norfolk State,42,,,2355,Virginia University Of Lynchburg,14,,,0.0
401328196,2021,7,False,257,Richmond,3,35.81,,256,James Madison,19,102.89,10.025,
401328975,2021,7,False,129,Saginaw Valley State,31,,,2886,Northwood (MI),13,,,0.0
401328686,2021,7,False,2402,Missouri S&T,37,,,2911,William Jewell,16,,,0.0
401328087,2021,7,False,2220,Fayetteville State,55,,,2304,Johnson C Smith,12,,,0.0
401329063,2021,7,False,2851,Winona State,26,,,2587,Southwest Minnesota State,14,,,0.0
401329082,2021,7,False,490,Benedict College,6,,,2013,Albany State GA,28,,,
401309568,2021,7,False,2199,Eastern Michigan,31,340.6,,2050,Ball State,38,338.31,3.608802308802309,1.0
401329315,2021,7,False,2237,Fort Lewis,3,,,11,Colorado Mesa,55,,,
401329323,2021,7,False,2146,Colorado School Of Mines,44,,,613,South Dakota Mines,24,,,0.0
401329512,2021,7,False,2687,Washburn,17,,,138,Northwest Missouri St,16,,,0.0
401329361,2021,7,False,210,Millersville,13,,,2974,Shepherd,38,,,
401329447,2021,7,False,90,Pittsburg St,59,,,2876,Lincoln (MO),7,,,0.0
401329399,2021,7,False,2214,Emporia State University,35,,,2438,Nebraska-Kearney,42,,,
401335304,2021,7,False,341,Frostburg State,41,,,112335,Wheeling,17,,,0.0
401344442,2021,7,False,2583,Southern Connecticut State,20,,,2060,Bentley,34,,,
401308837,2021,7,False,193,Miami (OH),34,378.03,,2006,Akron,21,330.97,,
401328043,2021,7,False,331,Eastern Washington,71,57.26,,70,Idaho,21,122.44,,0.0
401328331,2021,7,False,2287,Illinois State,0,51.04,,2449,North Dakota State,20,50.33,,1.0
401309622,2021,7,False,326,Texas State,28,428.48,,2653,Troy,31,448.77,4.146825396825397,
401328071,2021,7,False,149,Montana,21,94.99,,16,Sacramento State,28,71.2,,1.0
401328665,2021,7,False,2755,Grambling,34,,,2640,Texas Southern,20,62.7,,0.0
401328636,2021,7,False,2029,Arkansas-Pine Bluff,7,15.35,,2582,Southern,34,120.88,,
401328620,2021,7,False,2296,Jackson State,28,173.86,9.583333333333334,2011,Alabama State,7,,,0.0
401328502,2021,7,False,2413,Morehead State,31,,,2086,Butler,8,,,0.0
401328430,2021,7,False,2634,Tennessee State,20,88.82,,2635,Tennessee Tech,13,19.2,,
401328422,2021,7,False,2546,Southeast Missouri State,31,26.12,,93,Murray State,32,104.85,,
401328416,2021,7,False,2197,Eastern Illinois,17,87.86,,2630,UT Martin,28,149.55,,
401328363,2021,7,False,79,Southern Illinois,31,107.83,,155,North Dakota,28,,,0.0
401328341,2021,7,False,2623,Missouri State,37,205.25,,282,Indiana State,7,45.15,,
401328455,2021,7,False,199,Southeastern Oklahoma State,43,,,2823,Northwestern Oklahoma State,10,,,0.0
401328950,2021,7,False,2542,Savannah St,49,,,2805,Clark Atlanta,14,,,0.0
401328964,2021,7,False,2323,Lane College,31,,,2396,Miles College,34,,,
401328394,2021,7,False,2271,Henderson State,21,,,2264,Harding University,46,,,
401328314,2021,7,False,2028,Arkansas-Monticello,0,,,2888,Ouachita Baptist,34,,,
401328282,2021,7,False,2568,Southern Arkansas,34,,,2033,Arkansas Tech,17,,,0.0
401329013,2021,7,False,2170,Delta State,34,,,2822,North Greenville,42,,,
401329029,2021,7,False,2001,Adams State,35,,,2123,Chadron St,45,,,
401329300,2021,7,False,2714,Western Colorado,44,,,2069,Black Hills State,28,,,0.0
401329334,2021,7,False,2424,New Mexico Highlands,28,,,2570,CSU Pueblo,21,,,0.0
401348541,2021,7,False,124390,MONTANASTN,3,,,2829,Simon Fraser,30,,,
401328300,2021,7,False,2569,South Carolina State,37,,,2415,Morgan State,14,44.52,,0.0
401309572,2021,7,False,2711,Western Michigan,64,396.47,,2309,Kent State,31,357.85,0.5111111111111111,
401310721,2021,7,False,2751,Wyoming,0,326.65,4.717296918767507,278,Fresno State,17,483.77,3.9914141414141415,
401287920,2021,7,False,239,Baylor,38,660.65,2.5166666666666666,252,BYU,24,443.13,,
401282234,2021,7,False,2572,Southern Miss,0,465.94,2.322751322751323,5,UAB,34,444.37,,1.0
401282232,2021,7,False,295,Old Dominion,20,409.31,4.284848484848485,98,Western Kentucky,43,524.97,5.368589743589744,
401328163,2021,7,False,399,UAlbany,10,24.67,,222,Villanova,17,,,
401328178,2021,7,False,2619,Stony Brook,34,80.27,,48,Delaware,17,29.77,,
401282661,2021,7,False,259,Virginia Tech,7,663.78,,221,Pittsburgh,28,668.67,2.9842796608276485,
401282659,2021,7,False,153,North Carolina,45,798.29,0.9671130952380952,2390,Miami,42,841.45,,0.0
401309570,2021,7,False,2459,Northern Illinois,34,354.21,,189,Bowling Green,26,380.74,0.4611607142857142,0.0
401309875,2021,7,False,38,Colorado,34,640.85,,12,Arizona,0,567.61,3.928234126984127,
401282760,2021,7,False,2294,Iowa,7,657.39,5.977216610549943,2509,Purdue,24,644.23,0.4775998740842491,1.0
401282105,2021,7,False,61,Georgia,30,1001.79,0.251486013986014,96,Kentucky,13,709.07,2.2568658905197365,
401309569,2021,7,False,2117,Central Michigan,26,268.89,0.2944444444444444,2649,Toledo,23,465.4,,0.0
401282109,2021,7,False,2579,South Carolina,21,747.88,0.6266824085005903,238,Vanderbilt,20,609.82,0.8208333333333333,
401328653,2021,7,False,2825,Quincy,48,,,2816,McKendree,51,,,
401328008,2021,7,False,2000,Abilene Christian,24,96.46,,2320,Lamar,17,,,0.0
401328077,2021,7,False,2464,Northern Arizona,59,115.62,,253,Southern Utah,35,,,0.0
401328213,2021,7,False,119,Towson,28,130.7,,227,Rhode Island,7,127.52,,
401328568,2021,7,False,2382,Mercer,7,23.81,,2678,VMI,45,,,
401328589,2021,7,False,2466,Northwestern State,17,126.22,,2377,McNeese,35,182.46,,
401328628,2021,7,False,2400,Mississippi Valley State,12,,,2016,Alcorn State,24,71.95,,
401332387,2021,7,False,101784,ERSKINE,24,,,124180,Bluefield State,19,,,0.0
401329656,2021,7,False,2336,Limestone,3,,,2369,Mars Hill,32,,,
401329354,2021,7,False,611,Seton Hill,10,,,367,Gannon,14,,,
401287921,2021,7,False,2305,Kansas,14,548.1,0.9965277777777778,2641,Texas Tech,41,607.1,1.2829931972789117,
401328061,2021,7,False,2502,Portland State,31,81.34,,304,Idaho State,10,71.55,,
401328374,2021,7,False,2460,Northern Iowa,21,108.66,,233,South Dakota,34,46.05,,1.0
401329156,2021,7,False,2837,East Texas A&M,58,,,2703,Western New Mexico,0,,,0.0
401329036,2021,7,False,110242,West Florida,26,,,2698,West Georgia,30,,,
401328579,2021,7,False,2545,SE Louisiana,61,231.02,,2277,Houston Christian,24,5.41,,
401332316,2021,7,False,301,San Diego,13,37.37,,2181,Drake,10,,,0.0
401331760,2021,7,False,2444,Newberry,14,,,2107,Catawba,7,,,0.0
401328140,2021,7,False,338,Kennesaw State,14,36.62,,2448,North Carolina A&T,0,132.73,,0.0
401329346,2021,7,False,2403,Missouri Southern State,30,,,2118,Central Missouri,28,,,0.0
401329471,2021,7,False,137,Missouri Western,57,,,196,Northeastern State,24,,,0.0
401327971,2021,7,False,2110,Central Arkansas,35,68.32,,2198,Eastern Kentucky,38,222.5,,
401329234,2021,7,False,2315,Kutztown University,20,,,2559,Shippensburg,3,,,0.0
401331752,2021,7,False,122666,Wilson,26,,,351,Wingate,20,,,0.0
401328122,2021,7,False,2127,Charleston Southern,35,34.78,,2261,Hampton,5,33.45,,
401328549,2021,7,False,231,Furman,24,39.37,,2643,The Citadel,14,23.94,,
401328611,2021,7,False,2292,Indianapolis,20,,,2815,Lindenwood,28,,,
401334772,2021,7,False,2707,West Virginia State,13,,,2882,UNC Pembroke,14,,,
401282233,2021,7,False,2636,UTSA,45,508.77,2.9249107142857143,242,Rice,0,419.65,,
401337369,2021,7,False,2166,Davidson,70,,,2506,Presbyterian,35,,,0.0
401328771,2021,7,False,125,Grand Valley State University,28,,,2222,Ferris State,35,,,
401329097,2021,7,False,2025,Angelo State,34,,,110243,UT Permian Basin,14,,,0.0
401328148,2021,7,False,2453,North Alabama,42,123.39,,2523,Robert Morris,31,,,0.0
401286296,2021,7,False,2433,UL Monroe,31,312.31,,2335,Liberty,28,154.75,7.125,
401329073,2021,7,False,425,Northern State,36,,,568,Minot State,35,,,0.0
401328350,2021,7,False,2191,East Central (OK),20,,,319,Oklahoma Baptist,47,,,
401310719,2021,7,False,167,New Mexico,7,360.77,3.238583638583638,36,Colorado State,36,443.16,8.0,
401310720,2021,7,False,2439,UNLV,24,392.44,2.557638888888889,328,Utah State,28,394.37,1.2857142857142858,
401282107,2021,7,False,344,Mississippi State,9,716.17,3.52007992007992,333,Alabama,49,1004.04,0.6343094405594406,
401282658,2021,7,False,103,Boston College,7,636.46,,152,NC State,33,700.36,0.3794719169719169,
401282110,2021,7,False,2633,Tennessee,26,780.83,0.7272893772893774,145,Ole Miss,31,732.02,1.2606060606060607,1.0
401309873,2021,7,False,265,Washington State,34,601.16,0.861111111111111,24,Stanford,31,745.3,0.7944444444444444,0.0
401287923,2021,7,False,201,Oklahoma,52,895.38,0.5865384615384615,2628,TCU,31,698.52,0.3404761904761905,
401287922,2021,7,False,2306,Kansas State,20,569.65,1.3384064737005914,66,Iowa State,33,613.6,0.5785547785547785,
401328081,2021,7,False,302,UC Davis,32,51.38,,2458,Northern Colorado,3,156.11,,0.0
401282826,2021,7,False,275,Wisconsin,20,750.89,1.014360119047619,349,Army,14,111.53,0.5008928571428571,
401330251,2021,7,False,2658,Texas A&M-Kingsville,51,,,124179,Lincoln (CA),21,,,0.0
401329453,2021,7,False,2201,Eastern New Mexico,24,,,2704,West Texas A&M,44,,,
401329380,2021,7,False,2231,Fort Hays State,14,,,2122,Central Oklahoma,24,,,
401309874,2021,7,False,264,Washington,17,789.51,,26,UCLA,24,746.02,5.057291666666667,1.0
401282230,2021,7,False,2638,UTEP,19,318.65,,2348,Louisiana Tech,3,520.48,,0.0
401310718,2021,7,False,68,Boise State,17,557.69,0.995970695970696,2005,Air Force,24,30.32,,1.0
401327982,2021,7,False,3101,Utah Tech,20,,,2627,Tarleton State,41,18.04,,
401309876,2021,7,False,254,Utah,35,707.72,1.5086016414141414,9,Arizona State,21,734.45,,0.0
401310722,2021,7,False,2440,Nevada,34,421.64,2.2644962180676464,62,Hawai'i,17,397.43,,
401309623,2021,8,False,2026,App State,30,450.04,,324,Coastal Carolina,27,415.91,4.958333333333333,
401309624,2021,8,False,2032,Arkansas State,27,475.74,8.833333333333332,309,Louisiana,28,435.63,0.6097963764630431,1.0
401301025,2021,8,False,2567,SMU,55,576.03,0.6475907029478458,2655,Tulane,26,463.02,,
401282235,2021,8,False,2429,Charlotte,9,462.67,5.1875,2226,Florida Atlantic,38,553.28,1.8227272727272728,
401310729,2021,8,False,2439,UNLV,20,392.44,2.557638888888889,23,San José State,27,410.81,,
401328243,2021,8,False,159,Dartmouth,0,,,171,Columbia,19,,,
401282239,2021,8,False,41,UConn,13,331.9,,2393,Middle Tennessee,44,494.02,,
401301026,2021,8,False,2116,UCF,24,639.06,1.0006410256410256,235,Memphis,7,572.13,1.2424242424242424,
401310725,2021,8,False,328,Utah State,26,394.37,1.2857142857142858,36,Colorado State,24,443.16,8.0,0.0
401309877,2021,8,False,12,Arizona,16,567.61,3.928234126984127,264,Washington,21,789.51,,
401282663,2021,8,False,52,Florida State,59,769.76,1.3858516483516483,113,Massachusetts,3,227.21,,
401287928,2021,8,False,2641,Texas Tech,24,607.1,1.2829931972789117,2306,Kansas State,25,569.65,1.3384064737005914,1.0
401341489,2021,8,False,2477,Ohio Dominican,56,,,2682,Walsh,17,,,0.0
401282717,2021,8,False,213,Penn State,18,820.72,,356,Illinois,20,630.16,0.4403030303030303,1.0
401282779,2021,8,False,130,Michigan,33,832.6,3.636979166666667,77,Northwestern,7,648.79,,
401282662,2021,8,False,349,Army,56,111.53,0.5008928571428571,154,Wake Forest,70,589.19,,
401329362,2021,8,False,2974,Shepherd,42,,,223,West Chester,38,,,0.0
401309574,2021,8,False,189,Bowling Green,24,380.74,0.4611607142857142,2199,Eastern Michigan,55,340.6,,1.0
401329197,2021,8,False,2134,Clarion,0,,,611,Seton Hill,49,,,
401301027,2021,8,False,2426,Navy,20,127.63,,2132,Cincinnati,27,626.54,1.628082395545631,
401332312,2021,8,False,2681,Wagner,10,21.98,,2803,Bryant,31,14.59,,1.0
401309577,2021,8,False,2117,Central Michigan,38,268.89,0.2944444444444444,2459,Northern Illinois,39,354.21,,
401287926,2021,8,False,2305,Kansas,23,548.1,0.9965277777777778,201,Oklahoma,35,895.38,0.5865384615384615,
401329483,2021,8,False,2316,Kentucky Wesleyan,28,,,2838,Tiffin,34,,,
401332294,2021,8,False,2529,Sacred Heart,31,24.95,,2184,Duquesne,13,77.09,,0.0
401328517,2021,8,False,2368,Marist,24,,,2413,Morehead State,27,,,
401328272,2021,8,False,43,Yale,42,24.05,,219,Pennsylvania,28,,,0.0
401333440,2021,8,False,2115,Central Connecticut,13,,,2341,Long Island University,30,,,
401332014,2021,8,False,2224,Findlay,29,,,2273,Hillsdale,34,,,
401331764,2021,8,False,367,Gannon,21,,,2205,Edinboro University,18,,,0.0
401329690,2021,8,False,568,Minot State,17,,,389,Upper Iowa University,14,,,0.0
401329639,2021,8,False,2842,UVA Wise,21,,,351,Wingate,48,,,
401282112,2021,8,False,8,Arkansas,45,722.84,1.7100000000000002,2029,Arkansas-Pine Bluff,3,15.35,,
401329415,2021,8,False,2385,Mercyhurst,17,,,215,Slippery Rock,20,,,
401282668,2021,8,False,259,Virginia Tech,36,663.78,,183,Syracuse,41,567.19,5.386904761904762,1.0
401328105,2021,8,False,2551,Shaw,20,,,2304,Johnson C Smith,14,,,0.0
401328261,2021,8,False,2736,Winston-Salem,21,,,2940,Livingstone,0,,,0.0
401328719,2021,8,False,308,Ashland,42,,,437,Lake Erie,41,,,0.0
401327921,2021,8,False,2676,Virginia Union,7,,,2075,Bowie State,27,,,
401329074,2021,8,False,3066,Concordia University St Paul,17,,,425,Northern State,38,,,
401329044,2021,8,False,2817,Minnesota State Moorhead,35,,,559,University of Mary,31,,,0.0
401328929,2021,8,False,284,Stonehill,20,,,2441,New Haven,42,,,
401328088,2021,8,False,395,St. Augustine's,12,,,2220,Fayetteville State,40,,,
401328729,2021,8,False,2886,Northwood (MI),14,,,110254,Davenport,21,,,
401328772,2021,8,False,2392,Michigan Tech,10,,,2222,Ferris State,38,,,
401328965,2021,8,False,2310,Kentucky State,21,,,2396,Miles College,28,,,
401328941,2021,8,False,128,Northern Michigan,24,,,125,Grand Valley State University,28,,,
401329657,2021,8,False,2369,Mars Hill,31,,,2107,Catawba,14,,,0.0
401328511,2021,8,False,2674,Valparaiso,45,14.28,,2168,Dayton,28,,,0.0
401328503,2021,8,False,2086,Butler,35,,,2166,Davidson,49,,,
401328481,2021,8,False,2083,Bucknell,21,,,46,Georgetown,29,,,
401328342,2021,8,False,282,Indiana State,28,45.15,,2754,Youngstown State,17,90.76,,0.0
401328301,2021,8,False,2415,Morgan State,17,44.52,,2428,North Carolina Central,28,80.58,,
401328253,2021,8,False,172,Cornell,45,,,225,Brown,49,9.44,,
401328187,2021,8,False,2210,Elon,24,43.03,,160,New Hampshire,10,7.81,,
401328164,2021,8,False,399,UAlbany,16,24.67,,311,Maine,19,95.0,,
401329368,2021,8,False,2559,Shippensburg,38,,,210,Millersville,7,,,0.0
401332028,2021,8,False,455,West Virginia Wesleyan,20,,,2017,Alderson-Broaddus,49,,,
401334765,2021,8,False,2148,Concord University,32,,,2707,West Virginia State,34,,,
401334783,2021,8,False,112334,Franklin Pierce,24,,,2583,Southern Connecticut State,43,,,
401335305,2021,8,False,112335,Wheeling,26,,,2699,West Liberty,20,,,0.0
401341942,2021,8,False,2986,Fairmont State,14,,,341,Frostburg State,49,,,
401347696,2021,8,False,2038,Assumption,42,,,2022,American International,21,,,0.0
401328306,2021,8,False,47,Howard,31,,,2450,Norfolk State,45,,,
401309576,2021,8,False,195,Ohio,27,332.25,,2309,Kent State,34,357.85,0.5111111111111111,
401336487,2021,8,False,2230,Fordham,35,22.86,,2329,Lehigh,28,36.97,,0.0
401334822,2021,8,False,2506,Presbyterian,28,,,301,San Diego,69,37.37,,
401344316,2021,8,False,163,Princeton,18,,,108,Harvard,16,,,0.0
401332317,2021,8,False,2181,Drake,0,,,56,Stetson,1,14.06,,
401328590,2021,8,False,2377,McNeese,28,182.46,,2916,Incarnate Word,20,54.6,6.755555555555556,
401328540,2021,8,False,2535,Samford,13,70.11,,236,Chattanooga,55,193.46,,
401329186,2021,8,False,2188,East Stroudsburg University,35,,,2071,Bloomsburg,14,,,0.0
401329390,2021,8,False,2249,Glenville State,14,,,587,Notre Dame College,34,,,
401328128,2021,8,False,2241,Gardner-Webb,28,58.53,,2523,Robert Morris,17,,,0.0
401327931,2021,8,False,2207,Elizabeth City State,32,,,2804,Chowan,28,,,0.0
401329142,2021,8,False,2657,Tuskegee,17,,,2323,Lane College,21,,,
401329136,2021,8,False,2206,Edward Waters,56,,,2119,Central State (OH),19,,,0.0
401329116,2021,8,False,2232,Fort Valley State,40,,,2805,Clark Atlanta,7,,,0.0
401332384,2021,8,False,2839,Greeneville,41,,,122666,Wilson,17,,,0.0
401329089,2021,8,False,490,Benedict College,5,,,60,Morehouse College,20,,,
401329064,2021,8,False,2894,Sioux Falls,10,,,2851,Winona State,14,,,
401328951,2021,8,False,2013,Albany State GA,30,,,2542,Savannah St,0,,,0.0
401328654,2021,8,False,2816,McKendree,31,,,2402,Missouri S&T,37,,,
401334773,2021,8,False,2882,UNC Pembroke,21,,,2128,University Of Charleston (WV),14,,,0.0
401328612,2021,8,False,2815,Lindenwood,48,,,2586,Southwest Baptist,24,,,0.0
401328534,2021,8,False,2888,Ouachita Baptist,42,,,2568,Southern Arkansas,7,,,0.0
401328332,2021,8,False,233,South Dakota,14,46.05,,2287,Illinois State,20,51.04,,
401327959,2021,8,False,330,Virginia St,23,,,2339,Lincoln (PA),3,,,0.0
401328135,2021,8,False,2261,Hampton,30,33.45,,2448,North Carolina A&T,9,132.73,,0.0
401309625,2021,8,False,2247,Georgia State,28,413.91,1.7436324786324786,326,Texas State,16,428.48,,0.0
401328292,2021,8,False,2169,Delaware State,7,,,2569,South Carolina State,13,,,
401329501,2021,8,False,196,Northeastern State,7,,,138,Northwest Missouri St,59,,,
401329148,2021,8,False,2364,Minnesota State Mankato,35,,,2043,Augustana University (SD),45,,,
401329710,2021,8,False,2825,Quincy,21,,,2292,Indianapolis,70,,,
401330260,2021,8,False,2830,St. Anselm,24,,,2487,Pace,16,,,0.0
401329694,2021,8,False,2331,Lenoir-Rhyne,45,,,2336,Limestone,3,,,0.0
401329352,2021,8,False,613,South Dakota Mines,21,,,2714,Western Colorado,42,,,
401329310,2021,8,False,2123,Chadron St,60,,,2237,Fort Lewis,7,,,0.0
401329465,2021,8,False,2703,Western New Mexico,19,,,2658,Texas A&M-Kingsville,28,,,
401329235,2021,8,False,209,Lock Haven University,15,,,2315,Kutztown University,32,,,
401329206,2021,8,False,2291,Indiana-Pennsylvania,34,,,2858,PennWest California,38,,,
401328550,2021,8,False,2643,The Citadel,31,23.94,,2717,Western Carolina,45,57.52,,
401328644,2021,8,False,2296,Jackson State,42,173.86,9.583333333333334,2065,Bethune-Cookman,12,70.64,,
401328557,2021,8,False,231,Furman,13,39.37,,2193,East Tennessee State,17,49.58,,
401328461,2021,8,False,2635,Tennessee Tech,56,19.2,,2355,Virginia University Of Lynchburg,13,,,0.0
401329347,2021,8,False,2118,Central Missouri,17,,,2231,Fort Hays State,21,,,
401328351,2021,8,False,2927,Southwestern Oklahoma State,34,,,2191,East Central (OK),44,,,
401328283,2021,8,False,2033,Arkansas Tech,38,,,2271,Henderson State,41,,,
401328710,2021,8,False,2654,Truman State,52,,,2911,William Jewell,0,,,0.0
401328980,2021,8,False,129,Saginaw Valley State,41,,,131,Wayne State (MI),25,,,0.0
401328985,2021,8,False,2401,Mississippi College,14,,,2673,Valdosta State,41,,,
401329301,2021,8,False,2069,Black Hills State,10,,,2424,New Mexico Highlands,24,,,
401329316,2021,8,False,11,Colorado Mesa,26,,,2146,Colorado School Of Mines,21,,,0.0
401329381,2021,8,False,2122,Central Oklahoma,17,,,2687,Washburn,29,,,
401329400,2021,8,False,2214,Emporia State University,24,,,2403,Missouri Southern State,21,,,0.0
401328123,2021,8,False,2453,North Alabama,45,123.39,,2127,Charleston Southern,22,34.78,,
401282821,2021,8,False,2509,Purdue,13,644.23,0.4775998740842491,275,Wisconsin,30,750.89,1.014360119047619,
401328001,2021,8,False,2534,Sam Houston,42,111.5,,55,Jacksonville State,7,155.11,,0.0
401328062,2021,8,False,147,Montana State,27,92.72,,304,Idaho State,9,71.55,,
401328179,2021,8,False,48,Delaware,10,29.77,,256,James Madison,22,102.89,10.025,
401328364,2021,8,False,155,North Dakota,34,,,2710,Western Illinois,10,82.24,,0.0
401328375,2021,8,False,2571,South Dakota State,17,13.27,,2460,Northern Iowa,26,108.66,,
401328408,2021,8,False,93,Murray State,6,104.85,,2046,Austin Peay,47,87.48,1.7797619047619049,1.0
401328417,2021,8,False,2197,Eastern Illinois,0,87.86,,2634,Tennessee State,28,88.82,,
401328465,2021,8,False,2630,UT Martin,38,149.55,,2546,Southeast Missouri State,30,26.12,,
401333046,2021,8,False,134,Minnesota Duluth,35,,,132,Bemidji State,42,,,
401309878,2021,8,False,25,California,26,662.11,2.208238851095994,38,Colorado,3,640.85,,
401309879,2021,8,False,26,UCLA,31,746.02,5.057291666666667,2483,Oregon,34,885.75,0.9379607765971404,
401287925,2021,8,False,66,Iowa State,24,613.6,0.5785547785547785,197,Oklahoma State,21,613.69,1.7764396568343936,0.0
401308838,2021,8,False,2050,Ball State,17,338.31,3.608802308802309,193,Miami (OH),24,378.03,,
401309881,2021,8,False,265,Washington State,19,601.16,0.861111111111111,252,BYU,21,443.13,,1.0
401309573,2021,8,False,2649,Toledo,34,465.4,,2711,Western Michigan,15,396.47,,
401309575,2021,8,False,2006,Akron,10,330.97,,2084,Buffalo,45,267.09,4.226495726495727,1.0
401310726,2021,8,False,2751,Wyoming,3,326.65,4.717296918767507,167,New Mexico,14,360.77,3.238583638583638,
401282238,2021,8,False,5,UAB,24,444.37,,242,Rice,30,419.65,,1.0
401282767,2021,8,False,135,Minnesota,34,653.25,3.333964646464646,120,Maryland,16,705.79,3.656547619047619,0.0
401328356,2021,8,False,2449,North Dakota State,27,50.33,,2623,Missouri State,20,205.25,,0.0
401282113,2021,8,False,145,Ole Miss,31,732.02,1.2606060606060607,99,LSU,17,903.72,,0.0
401328214,2021,8,False,222,Villanova,44,,,227,Rhode Island,0,127.52,,0.0
401282666,2021,8,False,221,Pittsburgh,27,668.67,2.9842796608276485,228,Clemson,17,935.08,4.0026620370370365,0.0
401328223,2021,8,False,2619,Stony Brook,27,80.27,,257,Richmond,14,35.81,,
401328232,2021,8,False,2729,William & Mary,40,38.56,,119,Towson,14,130.7,,0.0
401328660,2021,8,False,2400,Mississippi Valley State,28,,,50,Florida A&M,31,127.97,,
401328602,2021,8,False,2466,Northwestern State,14,126.22,,2545,SE Louisiana,51,231.02,,
401328113,2021,8,False,2097,Campbell,7,108.65,,338,Kennesaw State,30,36.62,,1.0
401328044,2021,8,False,331,Eastern Washington,34,57.26,,2692,Weber State,35,116.62,,
401282664,2021,8,False,97,Louisville,28,607.77,1.0256410256410258,103,Boston College,14,636.46,,0.0
401282240,2021,8,False,249,North Texas,26,496.31,7.333333333333333,2335,Liberty,35,154.75,7.125,1.0
401328315,2021,8,False,2264,Harding University,64,,,2028,Arkansas-Monticello,7,,,0.0
401282115,2021,8,False,238,Vanderbilt,6,609.82,0.8208333333333333,344,Mississippi State,45,716.17,3.52007992007992,
401341493,2021,8,False,101784,ERSKINE,47,,,2019,Allen,40,,,0.0
401329647,2021,8,False,2444,Newberry,34,,,2105,Carson-Newman College,3,,,0.0
401329030,2021,8,False,2570,CSU Pueblo,35,,,2001,Adams State,28,,,0.0
401301028,2021,8,False,248,Houston,31,571.21,0.5815746753246753,151,East Carolina,24,516.06,8.355180533751962,
401329472,2021,8,False,137,Missouri Western,14,,,90,Pittsburg St,34,,,
401329004,2021,8,False,2695,West Alabama,30,,,2170,Delta State,35,,,
401328474,2021,8,False,107,Holy Cross,42,,,2142,Colgate,10,,,0.0
401328575,2021,8,False,2382,Mercer,45,23.81,,2747,Wofford,14,7.83,,
401329014,2021,8,False,2698,West Georgia,34,,,2822,North Greenville,12,,,0.0
401329687,2021,8,False,2587,Southwest Minnesota State,16,,,2844,Wayne State (NE),38,,,
401329157,2021,8,False,2704,West Texas A&M,3,,,2837,East Texas A&M,15,,,
401329098,2021,8,False,2025,Angelo State,51,,,2829,Simon Fraser,10,,,0.0
401328468,2021,8,False,319,Oklahoma Baptist,43,,,199,Southeastern Oklahoma State,37,,,0.0
401310727,2021,8,False,278,Fresno State,34,483.77,3.9914141414141415,2440,Nevada,32,421.64,2.2644962180676464,
401310724,2021,8,False,2005,Air Force,14,30.32,,21,San Diego State,20,441.63,7.507177033492823,
401301029,2021,8,False,58,South Florida,34,540.51,,218,Temple,14,501.4,0.5625,
401309626,2021,8,False,2433,UL Monroe,41,312.31,,6,South Alabama,31,415.07,3.616666666666666,0.0
401282237,2021,8,False,2348,Louisiana Tech,16,520.48,,2636,UTSA,45,508.77,2.9249107142857143,1.0
401282236,2021,8,False,2229,Florida International,19,520.69,,98,Western Kentucky,34,524.97,5.368589743589744,
401327972,2021,8,False,2320,Lamar,38,,,2110,Central Arkansas,49,68.32,,
401328026,2021,8,False,2627,Tarleton State,17,18.04,,2395,Midwestern State,14,,,0.0
401328580,2021,8,False,2277,Houston Christian,14,5.41,,2447,Nicholls,44,189.98,,
401330248,2021,8,False,110243,UT Permian Basin,44,,,2201,Eastern New Mexico,21,,,0.0
401328680,2021,8,False,2582,Southern,21,120.88,,2504,Prairie View A&M,48,56.79,,1.0
401282111,2021,8,False,333,Alabama,52,1004.04,0.6343094405594406,2633,Tennessee,24,780.83,0.7272893772893774,
401328052,2021,8,False,70,Idaho,14,122.44,,149,Montana,34,94.99,,1.0
401282667,2021,8,False,258,Virginia,48,619.61,0.92,59,Georgia Tech,40,707.35,1.7333333333333334,0.0
401282709,2021,8,False,87,Notre Dame,31,853.1,2.033989448051948,30,USC,16,874.5,0.3272662337662337,0.0
401282730,2021,8,False,84,Indiana,7,664.25,1.9310515873015877,194,Ohio State,54,985.09,0.8939285714285715,
401282665,2021,8,False,2390,Miami,31,841.45,,152,NC State,30,700.36,0.3794719169719169,
401309880,2021,8,False,204,Oregon State,42,640.66,0.8349299719887956,254,Utah,34,707.72,1.5086016414141414,0.0
401282114,2021,8,False,245,Texas A&M,44,888.35,0.3158214674758792,2579,South Carolina,14,747.88,0.6266824085005903,
401287927,2021,8,False,2628,TCU,17,698.52,0.3404761904761905,277,West Virginia,29,611.29,0.7139481778904856,1.0
401328082,2021,8,False,253,Southern Utah,9,,,2458,Northern Colorado,17,156.11,,
401328033,2021,8,False,13,Cal Poly,13,80.3,,302,UC Davis,24,51.38,,1.0
401328629,2021,8,False,2640,Texas Southern,27,62.7,,2016,Alcorn State,44,71.95,,
401329053,2021,8,False,2120,Central Washington,53,,,2848,Western Oregon,21,,,0.0
401327983,2021,8,False,3101,Utah Tech,20,,,2617,Stephen F. Austin,37,115.81,,
401328078,2021,8,False,16,Sacramento State,44,71.2,,2464,Northern Arizona,0,115.62,,0.0
401310728,2021,8,False,62,Hawai'i,48,397.43,,166,New Mexico State,34,117.43,,
401334778,2021,9,False,2128,University Of Charleston (WV),45,,,455,West Virginia Wesleyan,6,,,0.0
401309627,2021,9,False,324,Coastal Carolina,35,415.91,4.958333333333333,2653,Troy,28,448.77,4.146825396825397,0.0
401301033,2021,9,False,151,East Carolina,29,516.06,8.355180533751962,58,South Florida,14,540.51,,0.0
401328254,2021,9,False,172,Cornell,16,,,163,Princeton,34,,,
401301030,2021,9,False,202,Tulsa,17,470.49,,2426,Navy,20,127.63,,1.0
401310734,2021,9,False,2440,Nevada,51,421.64,2.2644962180676464,2439,UNLV,20,392.44,2.557638888888889,
401328489,2021,9,False,2329,Lehigh,12,36.97,,107,Holy Cross,31,,,
401328266,2021,9,False,108,Harvard,17,,,159,Dartmouth,20,,,
401328244,2021,9,False,43,Yale,37,24.05,,171,Columbia,30,,,0.0
401328136,2021,9,False,2523,Robert Morris,38,,,2261,Hampton,35,33.45,,0.0
401282726,2021,9,False,120,Maryland,38,705.79,3.656547619047619,84,Indiana,35,664.25,1.9310515873015877,
401309631,2021,9,False,309,Louisiana,45,435.63,0.6097963764630431,326,Texas State,0,428.48,,
401301031,2021,9,False,218,Temple,7,501.4,0.5625,2116,UCF,49,639.06,1.0006410256410256,
401282763,2021,9,False,275,Wisconsin,27,750.89,1.014360119047619,2294,Iowa,7,657.39,5.977216610549943,
401309578,2021,9,False,2084,Buffalo,44,267.09,4.226495726495727,189,Bowling Green,56,380.74,0.4611607142857142,
401286297,2021,9,False,2335,Liberty,62,154.75,7.125,113,Massachusetts,17,227.21,,0.0
401282674,2021,9,False,221,Pittsburgh,34,668.67,2.9842796608276485,2390,Miami,38,841.45,,
401282777,2021,9,False,127,Michigan State,37,677.07,3.05,130,Michigan,33,832.6,3.636979166666667,0.0
401287929,2021,9,False,239,Baylor,31,660.65,2.5166666666666666,251,Texas,24,874.19,1.5166997354497356,0.0
401301032,2021,9,False,2655,Tulane,12,463.02,,2132,Cincinnati,31,626.54,1.628082395545631,
401282671,2021,9,False,59,Georgia Tech,17,707.35,1.7333333333333334,259,Virginia Tech,26,663.78,,1.0
401334774,2021,9,False,2699,West Liberty,17,,,2882,UNC Pembroke,27,,,
401282719,2021,9,False,356,Illinois,14,630.16,0.4403030303030303,164,Rutgers,20,573.14,2.340563725490196,1.0
401328730,2021,9,False,110254,Davenport,3,,,129,Saginaw Valley State,24,,,
401334766,2021,9,False,112335,Wheeling,15,,,2148,Concord University,14,,,0.0
401347699,2021,9,False,2487,Pace,8,,,284,Stonehill,19,,,
401329416,2021,9,False,367,Gannon,21,,,215,Slippery Rock,63,,,
401329438,2021,9,False,587,Notre Dame College,45,,,2986,Fairmont State,0,,,0.0
401332015,2021,9,False,2682,Walsh,0,,,2224,Findlay,49,,,
401329005,2021,9,False,2822,North Greenville,14,,,2695,West Alabama,31,,,
401329198,2021,9,False,2134,Clarion,20,,,2385,Mercyhurst,38,,,
401328482,2021,9,False,46,Georgetown,23,,,322,Lafayette,24,22.41,,
401328933,2021,9,False,2222,Ferris State,44,,,128,Northern Michigan,24,,,0.0
401329691,2021,9,False,389,Upper Iowa University,42,,,2844,Wayne State (NE),41,,,0.0
401332029,2021,9,False,2017,Alderson-Broaddus,7,,,341,Frostburg State,45,,,
401334784,2021,9,False,2060,Bentley,24,,,112334,Franklin Pierce,14,,,0.0
401348194,2021,9,False,101784,ERSKINE,10,,,2444,Newberry,48,,,
401329391,2021,9,False,2707,West Virginia State,38,,,2249,Glenville State,27,,,0.0
401329137,2021,9,False,2119,Central State (OH),14,,,2323,Lane College,16,,,
401329045,2021,9,False,2817,Minnesota State Moorhead,27,,,425,Northern State,33,,,
401330261,2021,9,False,2830,St. Anselm,21,,,2022,American International,16,,,0.0
401328930,2021,9,False,2441,New Haven,16,,,2038,Assumption,10,,,0.0
401328720,2021,9,False,308,Ashland,28,,,2273,Hillsdale,17,,,0.0
401328711,2021,9,False,2654,Truman State,49,,,2825,Quincy,28,,,0.0
401328219,2021,9,False,2551,Shaw,38,,,2736,Winston-Salem,14,,,0.0
401327984,2021,9,False,48,Delaware,17,29.77,,3101,Utah Tech,10,,,0.0
401331761,2021,9,False,2107,Catawba,31,,,2839,Greeneville,28,,,0.0
401328475,2021,9,False,2142,Colgate,33,,,2083,Bucknell,10,,,0.0
401328596,2021,9,False,2447,Nicholls,42,189.98,,2466,Northwestern State,21,126.22,,
401329329,2021,9,False,2771,Merrimack,21,,,2115,Central Connecticut,49,,,
401332313,2021,9,False,2341,Long Island University,28,,,2681,Wagner,14,21.98,,0.0
401337370,2021,9,False,2506,Presbyterian,14,,,56,Stetson,56,14.06,,
401327922,2021,9,False,2339,Lincoln (PA),7,,,2075,Bowie State,31,,,
401327932,2021,9,False,2207,Elizabeth City State,14,,,2676,Virginia Union,44,,,
401328106,2021,9,False,2304,Johnson C Smith,34,,,395,St. Augustine's,13,,,0.0
401328114,2021,9,False,2127,Charleston Southern,27,34.78,,2097,Campbell,14,108.65,,0.0
401328235,2021,9,False,222,Villanova,18,,,2729,William & Mary,31,38.56,,
401328273,2021,9,False,219,Pennsylvania,45,,,225,Brown,17,9.44,,0.0
401328504,2021,9,False,2168,Dayton,38,,,2086,Butler,31,,,0.0
401328129,2021,9,False,338,Kennesaw State,34,36.62,,2241,Gardner-Webb,30,58.53,,0.0
401328154,2021,9,False,2448,North Carolina A&T,16,132.73,,2405,Monmouth,35,13.17,,1.0
401328201,2021,9,False,227,Rhode Island,24,127.52,,311,Maine,45,95.0,,1.0
401328208,2021,9,False,160,New Hampshire,21,7.81,,257,Richmond,35,35.81,,
401329369,2021,9,False,2188,East Stroudsburg University,23,,,2559,Shippensburg,24,,,
401328572,2021,9,False,2747,Wofford,21,7.83,,2717,Western Carolina,41,57.52,,
401328565,2021,9,False,2678,VMI,46,,,2535,Samford,45,70.11,,0.0
401328541,2021,9,False,236,Chattanooga,13,193.46,,231,Furman,3,39.37,,
401328072,2021,9,False,149,Montana,20,94.99,,253,Southern Utah,19,,,0.0
401328293,2021,9,False,2169,Delaware State,30,,,47,Howard,23,,,0.0
401328302,2021,9,False,2450,Norfolk State,31,,,2415,Morgan State,20,44.52,,0.0
401328321,2021,9,False,2428,North Carolina Central,24,80.58,,2569,South Carolina State,27,,,
401328382,2021,9,False,2754,Youngstown State,16,90.76,,2571,South Dakota State,47,13.27,,1.0
401328418,2021,9,False,2546,Southeast Missouri State,38,26.12,,2197,Eastern Illinois,15,87.86,,0.0
401328518,2021,9,False,2900,St. Thomas (MN),27,,,2368,Marist,7,,,0.0
401328523,2021,9,False,2413,Morehead State,22,,,2166,Davidson,29,,,
401328551,2021,9,False,2643,The Citadel,7,23.94,,2382,Mercer,34,23.81,,1.0
401327973,2021,9,False,55,Jacksonville State,14,155.11,,2110,Central Arkansas,38,68.32,,1.0
401328188,2021,9,False,256,James Madison,45,102.89,10.025,2210,Elon,21,43.03,,
401328165,2021,9,False,119,Towson,38,130.7,,399,UAlbany,24,24.67,,
401329335,2021,9,False,2237,Fort Lewis,0,,,2570,CSU Pueblo,73,,,
401287933,2021,9,False,277,West Virginia,38,611.29,0.7139481778904856,66,Iowa State,31,613.6,0.5785547785547785,0.0
401282246,2021,9,False,242,Rice,24,419.65,,249,North Texas,30,496.31,7.333333333333333,
401327993,2021,9,False,2198,Eastern Kentucky,42,222.5,,2320,Lamar,10,,,0.0
401327965,2021,9,False,330,Virginia St,30,,,2804,Chowan,38,,,
401328089,2021,9,False,2220,Fayetteville State,34,,,2940,Livingstone,0,,,0.0
401328613,2021,9,False,2911,William Jewell,10,,,2815,Lindenwood,53,,,
401328655,2021,9,False,2586,Southwest Baptist,42,,,2816,McKendree,45,,,
401328687,2021,9,False,2402,Missouri S&T,31,,,2292,Indianapolis,28,,,0.0
401328952,2021,9,False,2232,Fort Valley State,6,,,2542,Savannah St,24,,,
401329065,2021,9,False,2043,Augustana University (SD),38,,,2851,Winona State,20,,,0.0
401329083,2021,9,False,60,Morehouse College,10,,,2013,Albany State GA,14,,,
401329090,2021,9,False,2805,Clark Atlanta,21,,,490,Benedict College,24,,,
401329187,2021,9,False,2071,Bloomsburg,18,,,2974,Shepherd,62,,,
401329207,2021,9,False,2291,Indiana-Pennsylvania,17,,,2205,Edinboro University,21,,,
401329311,2021,9,False,2146,Colorado School Of Mines,34,,,2123,Chadron St,7,,,0.0
401329382,2021,9,False,90,Pittsburg St,26,,,2122,Central Oklahoma,20,,,0.0
401329401,2021,9,False,2231,Fort Hays State,12,,,2214,Emporia State University,15,,,
401329497,2021,9,False,2364,Minnesota State Mankato,35,,,2894,Sioux Falls,45,,,
401329502,2021,9,False,2687,Washburn,35,,,196,Northeastern State,0,,,0.0
401329688,2021,9,False,132,Bemidji State,48,,,2587,Southwest Minnesota State,14,,,0.0
401332327,2021,9,False,568,Minot State,21,,,134,Minnesota Duluth,34,,,
401332381,2021,9,False,2657,Tuskegee,35,,,2310,Kentucky State,42,,,
401332388,2021,9,False,122666,Wilson,62,,,124180,Bluefield State,7,,,0.0
401329236,2021,9,False,2315,Kutztown University,30,,,210,Millersville,7,,,0.0
401329317,2021,9,False,2714,Western Colorado,23,,,11,Colorado Mesa,9,,,0.0
401329348,2021,9,False,2876,Lincoln (MO),35,,,2118,Central Missouri,77,,,
401328395,2021,9,False,2823,Northwestern Oklahoma State,14,,,2264,Harding University,73,,,
401328352,2021,9,False,2191,East Central (OK),28,,,2888,Ouachita Baptist,43,,,
401328316,2021,9,False,199,Southeastern Oklahoma State,34,,,2028,Arkansas-Monticello,14,,,0.0
401329031,2021,9,False,2424,New Mexico Highlands,58,,,2001,Adams State,28,,,0.0
401329130,2021,9,False,559,University of Mary,42,,,3066,Concordia University St Paul,17,,,0.0
401329478,2021,9,False,437,Lake Erie,38,,,2316,Kentucky Wesleyan,28,,,0.0
401329489,2021,9,False,138,Northwest Missouri St,66,,,2438,Nebraska-Kearney,13,,,0.0
401329648,2021,9,False,2105,Carson-Newman College,23,,,2369,Mars Hill,49,,,
401328469,2021,9,False,2568,Southern Arkansas,40,,,319,Oklahoma Baptist,44,,,
401329459,2021,9,False,2403,Missouri Southern State,28,,,137,Missouri Western,45,,,
401309885,2021,9,False,9,Arizona State,21,734.45,,265,Washington State,34,601.16,0.861111111111111,1.0
401328942,2021,9,False,125,Grand Valley State University,14,,,2392,Michigan Tech,9,,,0.0
401329302,2021,9,False,2069,Black Hills State,10,,,613,South Dakota Mines,13,,,
401282119,2021,9,False,238,Vanderbilt,28,609.82,0.8208333333333333,142,Missouri,37,647.74,1.0576923076923077,
401328997,2021,9,False,2170,Delta State,14,,,2560,Shorter,13,,,0.0
401310731,2021,9,False,328,Utah State,51,394.37,1.2857142857142858,62,Hawai'i,31,397.43,,0.0
401329022,2021,9,False,2401,Mississippi College,28,,,110242,West Florida,63,,,
401328401,2021,9,False,2271,Henderson State,34,,,200,Southern Nazarene,3,,,0.0
401328083,2021,9,False,2458,Northern Colorado,24,156.11,,16,Sacramento State,27,71.2,,1.0
401328357,2021,9,False,2623,Missouri State,32,205.25,,155,North Dakota,28,,,0.0
401328063,2021,9,False,304,Idaho State,17,71.55,,2692,Weber State,40,116.62,,
401332295,2021,9,False,2184,Duquesne,10,77.09,,2598,St. Francis (PA),17,7.3,,1.0
401328637,2021,9,False,2640,Texas Southern,59,62.7,,2029,Arkansas-Pine Bluff,17,15.35,,
401328409,2021,9,False,2630,UT Martin,17,149.55,,2046,Austin Peay,16,87.48,1.7797619047619049,
401328343,2021,9,False,2449,North Dakota State,44,50.33,,282,Indiana State,2,45.15,,
401328621,2021,9,False,2010,Alabama A&M,42,49.54,,2011,Alabama State,28,,,0.0
401282795,2021,9,False,77,Northwestern,14,648.79,,135,Minnesota,41,653.25,3.333964646464646,
401282245,2021,9,False,2393,Middle Tennessee,35,494.02,,2572,Southern Miss,10,465.94,2.322751322751323,
401282117,2021,9,True,57,Florida,7,885.67,,61,Georgia,34,1001.79,0.251486013986014,
401282675,2021,9,False,183,Syracuse,21,567.19,5.386904761904762,103,Boston College,6,636.46,,0.0
401309628,2021,9,False,2026,App State,59,450.04,,2433,UL Monroe,28,312.31,,
401282670,2021,9,False,228,Clemson,30,935.08,4.0026620370370365,52,Florida State,20,769.76,1.3858516483516483,
401282244,2021,9,False,295,Old Dominion,23,409.31,4.284848484848485,2348,Louisiana Tech,20,520.48,,0.0
401282801,2021,9,False,158,Nebraska,23,743.7,0.5287698412698413,2509,Purdue,28,644.23,0.4775998740842491,1.0
401287930,2021,9,False,2306,Kansas State,31,569.65,1.3384064737005914,2628,TCU,12,698.52,0.3404761904761905,0.0
401309884,2021,9,False,2483,Oregon,52,885.75,0.9379607765971404,38,Colorado,29,640.85,,
401282242,2021,9,False,276,Marshall,38,456.97,3.1730158730158733,2229,Florida International,0,520.69,,0.0
401287931,2021,9,False,201,Oklahoma,52,895.38,0.5865384615384615,2641,Texas Tech,21,607.1,1.2829931972789117,
401282241,2021,9,False,98,Western Kentucky,45,524.97,5.368589743589744,2429,Charlotte,13,462.67,5.1875,
401310732,2021,9,False,23,San José State,27,410.81,,2751,Wyoming,21,326.65,4.717296918767507,
401329054,2021,9,False,2848,Western Oregon,42,,,2829,Simon Fraser,3,,,0.0
401329355,2021,9,False,2858,PennWest California,42,,,611,Seton Hill,14,,,0.0
401329423,2021,9,False,209,Lock Haven University,13,,,223,West Chester,35,,,
401329484,2021,9,False,2838,Tiffin,34,,,2477,Ohio Dominican,21,,,0.0
401282676,2021,9,False,154,Wake Forest,45,589.19,,150,Duke,7,605.57,,0.0
401328669,2021,9,False,2400,Mississippi Valley State,19,,,2296,Jackson State,28,173.86,9.583333333333334,
401328581,2021,9,False,2916,Incarnate Word,49,54.6,6.755555555555556,2277,Houston Christian,21,5.41,,
401328530,2021,9,False,301,San Diego,21,37.37,,2674,Valparaiso,14,14.28,,
401328333,2021,9,False,2710,Western Illinois,38,82.24,,2287,Illinois State,31,51.04,,
401328053,2021,9,False,70,Idaho,31,122.44,,2464,Northern Arizona,38,115.62,,1.0
401329640,2021,9,False,2336,Limestone,24,,,2842,UVA Wise,28,,,
401328661,2021,9,False,50,Florida A&M,26,127.97,,2755,Grambling,3,,,0.0
401329158,2021,9,False,2837,East Texas A&M,41,,,110243,UT Permian Basin,0,,,0.0
401328376,2021,9,False,2460,Northern Iowa,23,108.66,,79,Southern Illinois,16,107.83,,
401328034,2021,9,False,2502,Portland State,42,81.34,,13,Cal Poly,21,80.3,,
401328705,2021,9,False,2617,Stephen F. Austin,41,115.81,,2000,Abilene Christian,27,96.46,,
401309629,2021,9,False,6,South Alabama,31,415.07,3.616666666666666,2032,Arkansas State,13,475.74,8.833333333333332,0.0
401282243,2021,9,False,2226,Florida Atlantic,28,553.28,1.8227272727272728,2638,UTEP,25,318.65,,
401309630,2021,9,False,290,Georgia Southern,14,383.76,2.574090909090909,2247,Georgia State,21,413.91,1.7436324786324786,
401329695,2021,9,False,351,Wingate,6,,,2331,Lenoir-Rhyne,31,,,
401328966,2021,9,False,2206,Edward Waters,9,,,2396,Miles College,16,,,
401328976,2021,9,False,131,Wayne State (MI),56,,,2886,Northwood (MI),21,,,0.0
401328423,2021,9,False,2634,Tennessee State,27,88.82,,93,Murray State,21,104.85,,0.0
401328284,2021,9,False,2927,Southwestern Oklahoma State,14,,,2033,Arkansas Tech,15,,,
401328986,2021,9,False,2673,Valdosta State,36,,,2698,West Georgia,34,,,0.0
401328591,2021,9,False,2545,SE Louisiana,23,231.02,,2377,McNeese,20,182.46,,
401328013,2021,9,False,2627,Tarleton State,27,18.04,,2534,Sam Houston,45,111.5,,
401328630,2021,9,False,2582,Southern,38,120.88,,2016,Alcorn State,35,71.95,,
401309882,2021,9,False,25,California,39,662.11,2.208238851095994,204,Oregon State,25,640.66,0.8349299719887956,
401282118,2021,9,False,344,Mississippi State,31,716.17,3.52007992007992,96,Kentucky,17,709.07,2.2568658905197365,
401310730,2021,9,False,36,Colorado State,19,443.16,8.0,68,Boise State,28,557.69,0.995970695970696,
401287932,2021,9,False,197,Oklahoma State,55,613.69,1.7764396568343936,2305,Kansas,3,548.1,0.9965277777777778,
401301034,2021,9,False,248,Houston,44,571.21,0.5815746753246753,2567,SMU,37,576.03,0.6475907029478458,0.0
401282116,2021,9,False,2,Auburn,31,840.38,0.8212764903941374,145,Ole Miss,20,732.02,1.2606060606060607,
401309886,2021,9,False,30,USC,41,874.5,0.3272662337662337,12,Arizona,34,567.61,3.928234126984127,
401282814,2021,9,False,194,Ohio State,33,985.09,0.8939285714285715,213,Penn State,24,820.72,,
401282672,2021,9,False,152,NC State,28,700.36,0.3794719169719169,97,Louisville,13,607.77,1.0256410256410258,
401282673,2021,9,False,87,Notre Dame,44,853.1,2.033989448051948,153,North Carolina,34,798.29,0.9671130952380952,
401329110,2021,9,False,2395,Midwestern State,52,,,2703,Western New Mexico,10,,,0.0
401329454,2021,9,False,2658,Texas A&M-Kingsville,23,,,2704,West Texas A&M,35,,,
401329099,2021,9,False,2201,Eastern New Mexico,7,,,2025,Angelo State,59,,,
401332020,2021,9,False,2120,Central Washington,92,,,124179,Lincoln (CA),0,,,0.0
401309887,2021,9,False,254,Utah,44,707.72,1.5086016414141414,26,UCLA,24,746.02,5.057291666666667,0.0
401282669,2021,9,False,252,BYU,66,443.13,,258,Virginia,49,619.61,0.92,0.0
401310733,2021,9,False,21,San Diego State,20,441.63,7.507177033492823,278,Fresno State,30,483.77,3.9914141414141415,
401309883,2021,9,False,24,Stanford,13,745.3,0.7944444444444444,264,Washington,20,789.51,,
401309579,2021,10,False,2006,Akron,25,330.97,,2050,Ball State,31,338.31,3.608802308802309,
401309580,2021,10,False,2649,Toledo,49,465.4,,2199,Eastern Michigan,52,340.6,,1.0
401308839,2021,10,False,195,Ohio,35,332.25,,193,Miami (OH),33,378.03,,0.0
401309581,2021,10,False,2711,Western Michigan,30,396.47,,2117,Central Michigan,42,268.89,0.2944444444444444,1.0
401309582,2021,10,False,2309,Kent State,52,357.85,0.5111111111111111,2459,Northern Illinois,47,354.21,,
401309632,2021,10,False,309,Louisiana,21,435.63,0.6097963764630431,2247,Georgia State,17,413.91,1.7436324786324786,
401328294,2021,10,False,2415,Morgan State,20,44.52,,2169,Delaware State,14,,,0.0
401328267,2021,10,False,159,Dartmouth,31,,,163,Princeton,7,,,0.0
401282677,2021,10,False,103,Boston College,17,636.46,,259,Virginia Tech,3,663.78,,0.0
401309888,2021,10,False,24,Stanford,7,745.3,0.7944444444444444,254,Utah,52,707.72,1.5086016414141414,1.0
401310253,2021,10,True,2005,Air Force,14,30.32,,349,Army,21,111.53,0.5008928571428571,
401282678,2021,10,False,150,Duke,29,605.57,,221,Pittsburgh,54,668.67,2.9842796608276485,
401328631,2021,10,False,2065,Bethune-Cookman,35,70.64,,2016,Alcorn State,31,71.95,,0.0
401347700,2021,10,False,2487,Pace,18,,,2583,Southern Connecticut State,16,,,0.0
401329439,2021,10,False,2882,UNC Pembroke,7,,,587,Notre Dame College,45,,,
401329479,2021,10,False,2477,Ohio Dominican,31,,,437,Lake Erie,0,,,0.0
401329485,2021,10,False,2682,Walsh,16,,,2838,Tiffin,56,,,
401282799,2021,10,False,158,Nebraska,17,743.7,0.5287698412698413,194,Ohio State,26,985.09,0.8939285714285715,
401301039,2021,10,False,235,Memphis,28,572.13,1.2424242424242424,2567,SMU,25,576.03,0.6475907029478458,0.0
401282250,2021,10,False,5,UAB,52,444.37,,2348,Louisiana Tech,38,520.48,,0.0
401282124,2021,10,False,145,Ole Miss,27,732.02,1.2606060606060607,2335,Liberty,14,154.75,7.125,
401282122,2021,10,False,61,Georgia,43,1001.79,0.251486013986014,142,Missouri,6,647.74,1.0576923076923077,
401287935,2021,10,False,2305,Kansas,10,548.1,0.9965277777777778,2306,Kansas State,35,569.65,1.3384064737005914,
401282720,2021,10,False,135,Minnesota,6,653.25,3.333964646464646,356,Illinois,14,630.16,0.4403030303030303,1.0
401282682,2021,10,False,153,North Carolina,58,798.29,0.9671130952380952,154,Wake Forest,55,589.19,,
401335306,2021,10,False,2128,University Of Charleston (WV),38,,,112335,Wheeling,20,,,0.0
401341495,2021,10,False,2385,Mercyhurst,24,,,367,Gannon,13,,,0.0
401329199,2021,10,False,2205,Edinboro University,17,,,2134,Clarion,10,,,0.0
401329188,2021,10,False,210,Millersville,35,,,2071,Bloomsburg,38,,,
401328731,2021,10,False,110254,Davenport,14,,,2222,Ferris State,50,,,
401328721,2021,10,False,2224,Findlay,20,,,308,Ashland,17,,,0.0
401328141,2021,10,False,2523,Robert Morris,21,,,338,Kennesaw State,45,36.62,,
401328202,2021,10,False,311,Maine,17,95.0,,2619,Stony Brook,22,80.27,,1.0
401328519,2021,10,False,2368,Marist,7,,,2181,Drake,0,,,0.0
401329330,2021,10,False,2681,Wagner,26,21.98,,2771,Merrimack,35,,,
401332296,2021,10,False,2341,Long Island University,28,,,2184,Duquesne,34,77.09,,
401332303,2021,10,False,2598,St. Francis (PA),13,7.3,,2529,Sacred Heart,14,24.95,,
401333441,2021,10,False,2115,Central Connecticut,30,,,2803,Bryant,15,14.59,,0.0
401344145,2021,10,False,225,Brown,38,9.44,,43,Yale,63,24.05,,
401329363,2021,10,False,2974,Shepherd,55,,,2188,East Stroudsburg University,7,,,0.0
401329237,2021,10,False,223,West Chester,14,,,2315,Kutztown University,21,,,
401329208,2021,10,False,611,Seton Hill,3,,,2291,Indiana-Pennsylvania,38,,,
401328490,2021,10,False,107,Holy Cross,35,,,322,Lafayette,10,22.41,,0.0
401282681,2021,10,False,2390,Miami,33,841.45,,59,Georgia Tech,30,707.35,1.7333333333333334,
401328483,2021,10,False,46,Georgetown,20,,,2230,Fordham,41,22.86,,
401328174,2021,10,False,395,St. Augustine's,21,,,2551,Shaw,17,,,0.0
401327960,2021,10,False,2804,Chowan,28,,,2339,Lincoln (PA),12,,,0.0
401327923,2021,10,False,2075,Bowie State,79,,,2207,Elizabeth City State,6,,,0.0
401328124,2021,10,False,2127,Charleston Southern,18,34.78,,2448,North Carolina A&T,21,132.73,,
401328130,2021,10,False,2261,Hampton,27,33.45,,2241,Gardner-Webb,21,58.53,,0.0
401328149,2021,10,False,2405,Monmouth,45,13.17,,2453,North Alabama,33,123.39,,0.0
401328378,2021,10,False,2710,Western Illinois,21,82.24,,233,South Dakota,42,46.05,,1.0
401327985,2021,10,False,2534,Sam Houston,59,111.5,,3101,Utah Tech,10,,,0.0
401328245,2021,10,False,171,Columbia,21,,,108,Harvard,49,,,
401328180,2021,10,False,48,Delaware,24,29.77,,2729,William & Mary,3,38.56,,0.0
401328255,2021,10,False,219,Pennsylvania,12,,,172,Cornell,15,,,
401328166,2021,10,False,399,UAlbany,20,24.67,,160,New Hampshire,7,7.81,,
401328512,2021,10,False,56,Stetson,13,14.06,,2168,Dayton,41,,,
401328569,2021,10,False,2193,East Tennessee State,27,49.58,,2678,VMI,20,,,0.0
401328592,2021,10,False,2377,McNeese,14,182.46,,2447,Nicholls,24,189.98,,
401332323,2021,10,False,2166,Davidson,42,,,2900,St. Thomas (MN),15,,,0.0
401336486,2021,10,False,2083,Bucknell,6,,,2329,Lehigh,38,36.97,,
401328365,2021,10,False,155,North Dakota,24,,,2754,Youngstown State,21,90.76,,0.0
401328358,2021,10,False,79,Southern Illinois,28,107.83,,2623,Missouri State,38,205.25,,
401328931,2021,10,False,2441,New Haven,31,,,2060,Bentley,14,,,0.0
401328943,2021,10,False,131,Wayne State (MI),13,,,125,Grand Valley State University,62,,,
401328958,2021,10,False,2886,Northwood (MI),0,,,2392,Michigan Tech,34,,,
401328971,2021,10,False,129,Saginaw Valley State,33,,,128,Northern Michigan,21,,,0.0
401328998,2021,10,False,2560,Shorter,38,,,101784,ERSKINE,7,,,0.0
401329046,2021,10,False,3066,Concordia University St Paul,3,,,2817,Minnesota State Moorhead,24,,,
401329138,2021,10,False,2310,Kentucky State,63,,,2119,Central State (OH),0,,,0.0
401329370,2021,10,False,2559,Shippensburg,52,,,209,Lock Haven University,14,,,0.0
401329392,2021,10,False,2249,Glenville State,14,,,2986,Fairmont State,24,,,
401329417,2021,10,False,215,Slippery Rock,38,,,2858,PennWest California,26,,,0.0
401329641,2021,10,False,2107,Catawba,7,,,2842,UVA Wise,30,,,
401329649,2021,10,False,2105,Carson-Newman College,27,,,2336,Limestone,21,,,0.0
401329658,2021,10,False,2369,Mars Hill,20,,,2839,Greeneville,7,,,0.0
401330262,2021,10,False,2038,Assumption,44,,,2830,St. Anselm,35,,,0.0
401331753,2021,10,False,2444,Newberry,41,,,351,Wingate,35,,,0.0
401332017,2021,10,False,2273,Hillsdale,31,,,2316,Kentucky Wesleyan,12,,,0.0
401334779,2021,10,False,341,Frostburg State,55,,,455,West Virginia Wesleyan,14,,,0.0
401334785,2021,10,False,284,Stonehill,34,,,112334,Franklin Pierce,7,,,0.0
401328334,2021,10,False,2287,Illinois State,17,51.04,,2460,Northern Iowa,10,108.66,,0.0
401328542,2021,10,False,2747,Wofford,10,7.83,,236,Chattanooga,35,193.46,,
401328558,2021,10,False,2717,Western Carolina,43,57.52,,231,Furman,42,39.37,,
401328002,2021,10,False,55,Jacksonville State,40,155.11,,2000,Abilene Christian,25,96.46,,
401328073,2021,10,False,2458,Northern Colorado,0,156.11,,149,Montana,35,94.99,,1.0
401328189,2021,10,False,2210,Elon,0,43.03,,222,Villanova,35,,,
401328224,2021,10,False,257,Richmond,28,35.81,,119,Towson,17,130.7,,0.0
401328307,2021,10,False,2428,North Carolina Central,38,80.58,,2450,Norfolk State,36,,,0.0
401328326,2021,10,False,2569,South Carolina State,15,,,47,Howard,12,,,0.0
401328424,2021,10,False,93,Murray State,32,104.85,,2635,Tennessee Tech,27,19.2,,
401328531,2021,10,False,2674,Valparaiso,65,14.28,,2506,Presbyterian,55,,,0.0
401328670,2021,10,False,2296,Jackson State,41,173.86,9.583333333333334,2640,Texas Southern,21,62.7,,
401328675,2021,10,False,2010,Alabama A&M,42,49.54,,2400,Mississippi Valley State,14,,,0.0
401309633,2021,10,False,2032,Arkansas State,14,475.74,8.833333333333332,2026,App State,48,450.04,,1.0
401337873,2021,10,False,2699,West Liberty,28,,,2707,West Virginia State,33,,,
401327966,2021,10,False,2676,Virginia Union,20,,,330,Virginia St,13,,,0.0
401328090,2021,10,False,2220,Fayetteville State,10,,,2736,Winston-Salem,3,,,0.0
401328496,2021,10,False,2888,Ouachita Baptist,21,,,199,Southeastern Oklahoma State,35,,,
401328536,2021,10,False,200,Southern Nazarene,10,,,2568,Southern Arkansas,31,,,
401328614,2021,10,False,2402,Missouri S&T,16,,,2815,Lindenwood,43,,,
401328656,2021,10,False,2816,McKendree,13,,,2654,Truman State,44,,,
401328702,2021,10,False,2825,Quincy,31,,,2586,Southwest Baptist,47,,,
401328967,2021,10,False,2396,Miles College,52,,,2657,Tuskegee,23,,,0.0
401329006,2021,10,False,2695,West Alabama,7,,,110242,West Florida,47,,,
401329055,2021,10,False,2123,Chadron St,45,,,2848,Western Oregon,7,,,0.0
401329066,2021,10,False,2851,Winona State,40,,,389,Upper Iowa University,12,,,0.0
401329075,2021,10,False,425,Northern State,34,,,132,Bemidji State,36,,,
401329084,2021,10,False,2232,Fort Valley State,0,,,2013,Albany State GA,57,,,
401329091,2021,10,False,490,Benedict College,34,,,2323,Lane College,30,,,0.0
401329117,2021,10,False,2805,Clark Atlanta,26,,,60,Morehouse College,35,,,
401329349,2021,10,False,137,Missouri Western,59,,,2118,Central Missouri,28,,,0.0
401329373,2021,10,False,2424,New Mexico Highlands,17,,,613,South Dakota Mines,40,,,
401329402,2021,10,False,2214,Emporia State University,56,,,2876,Lincoln (MO),21,,,0.0
401329410,2021,10,False,196,Northeastern State,6,,,2231,Fort Hays State,64,,,
401329466,2021,10,False,2703,Western New Mexico,29,,,2120,Central Washington,54,,,
401329498,2021,10,False,2587,Southwest Minnesota State,0,,,2364,Minnesota State Mankato,52,,,
401329506,2021,10,False,2844,Wayne State (NE),17,,,2894,Sioux Falls,38,,,
401329534,2021,10,False,90,Pittsburg St,26,,,2687,Washburn,28,,,
401329711,2021,10,False,2292,Indianapolis,45,,,2911,William Jewell,14,,,0.0
401332030,2021,10,False,2017,Alderson-Broaddus,10,,,2148,Concord University,23,,,
401329149,2021,10,False,134,Minnesota Duluth,41,,,2043,Augustana University (SD),15,,,0.0
401329032,2021,10,False,2001,Adams State,37,,,2237,Fort Lewis,14,,,0.0
401329131,2021,10,False,559,University of Mary,49,,,568,Minot State,31,,,0.0
401329303,2021,10,False,11,Colorado Mesa,52,,,2069,Black Hills State,9,,,0.0
401328987,2021,10,False,2673,Valdosta State,31,,,2822,North Greenville,21,,,0.0
401329018,2021,10,False,2170,Delta State,24,,,2401,Mississippi College,21,,,0.0
401330255,2021,10,False,110243,UT Permian Basin,22,,,2658,Texas A&M-Kingsville,29,,,
401330265,2021,10,False,2714,Western Colorado,72,,,124179,Lincoln (CA),6,,,0.0
401329460,2021,10,False,2403,Missouri Southern State,7,,,138,Northwest Missouri St,49,,,
401329383,2021,10,False,2122,Central Oklahoma,22,,,2438,Nebraska-Kearney,37,,,
401328317,2021,10,False,2028,Arkansas-Monticello,10,,,2191,East Central (OK),35,,,
401328285,2021,10,False,2033,Arkansas Tech,56,,,2823,Northwestern Oklahoma State,21,,,0.0
401328402,2021,10,False,319,Oklahoma Baptist,34,,,2271,Henderson State,36,,,
401328396,2021,10,False,2264,Harding University,55,,,2927,Southwestern Oklahoma State,7,,,0.0
401328093,2021,10,False,2692,Weber State,18,116.62,,2502,Portland State,30,81.34,,1.0
401309889,2021,10,False,12,Arizona,10,567.61,3.928234126984127,25,California,3,662.11,2.208238851095994,0.0
401309635,2021,10,False,326,Texas State,27,428.48,,2433,UL Monroe,19,312.31,,
401301035,2021,10,False,151,East Carolina,45,516.06,8.355180533751962,218,Temple,3,501.4,0.5625,
401328369,2021,10,False,2571,South Dakota State,27,13.27,,2449,North Dakota State,19,50.33,,0.0
401328410,2021,10,False,2046,Austin Peay,42,87.48,1.7797619047619049,2197,Eastern Illinois,26,87.86,,0.0
401328431,2021,10,False,2630,UT Martin,41,149.55,,2634,Tennessee State,20,88.82,,
401328552,2021,10,False,2535,Samford,35,70.11,,2643,The Citadel,14,23.94,,
401328604,2021,10,False,2916,Incarnate Word,55,54.6,6.755555555555556,2545,SE Louisiana,52,231.02,,0.0
401328622,2021,10,False,2504,Prairie View A&M,24,56.79,,2011,Alabama State,20,,,0.0
401282252,2021,10,False,2572,Southern Miss,14,465.94,2.322751322751323,249,North Texas,38,496.31,7.333333333333333,
401328638,2021,10,False,2029,Arkansas-Pine Bluff,33,15.35,,2755,Grambling,26,,,0.0
401310736,2021,10,False,2751,Wyoming,31,326.65,4.717296918767507,36,Colorado State,17,443.16,8.0,0.0
401328115,2021,10,False,256,James Madison,51,102.89,10.025,2097,Campbell,14,108.65,,0.0
401301037,2021,10,False,2132,Cincinnati,28,626.54,1.628082395545631,202,Tulsa,20,470.49,,
401282710,2021,10,False,87,Notre Dame,34,853.1,2.033989448051948,2426,Navy,6,127.63,,
401282768,2021,10,False,120,Maryland,14,705.79,3.656547619047619,213,Penn State,31,820.72,,
401287936,2021,10,False,2628,TCU,30,698.52,0.3404761904761905,239,Baylor,28,660.65,2.5166666666666666,
401287937,2021,10,False,277,West Virginia,3,611.29,0.7139481778904856,197,Oklahoma State,24,613.69,1.7764396568343936,
401282247,2021,10,False,2429,Charlotte,31,462.67,5.1875,242,Rice,24,419.65,,
401282824,2021,10,False,164,Rutgers,3,573.14,2.340563725490196,275,Wisconsin,52,750.89,1.014360119047619,
401282251,2021,10,False,98,Western Kentucky,48,524.97,5.368589743589744,2393,Middle Tennessee,21,494.02,,
401282126,2021,10,False,245,Texas A&M,20,888.35,0.3158214674758792,2,Auburn,3,840.38,0.8212764903941374,
401309636,2021,10,False,2653,Troy,31,448.77,4.146825396825397,6,South Alabama,24,415.07,3.616666666666666,
401282787,2021,10,False,2509,Purdue,40,644.23,0.4775998740842491,127,Michigan State,29,677.07,3.05,0.0
401309914,2021,10,False,252,BYU,59,443.13,,304,Idaho State,14,71.55,,
401286303,2021,10,False,113,Massachusetts,22,227.21,,227,Rhode Island,35,127.52,,1.0
401329324,2021,10,False,2570,CSU Pueblo,12,,,2146,Colorado School Of Mines,28,,,
401329696,2021,10,False,122666,Wilson,20,,,2331,Lenoir-Rhyne,56,,,
401328079,2021,10,False,2464,Northern Arizona,24,115.62,,302,UC Davis,40,51.38,,1.0
401328582,2021,10,False,2466,Northwestern State,28,126.22,,2277,Houston Christian,24,5.41,,
401301036,2021,10,False,2116,UCF,14,639.06,1.0006410256410256,2655,Tulane,10,463.02,,
401282679,2021,10,False,52,Florida State,14,769.76,1.3858516483516483,152,NC State,28,700.36,0.3794719169719169,1.0
401328045,2021,10,False,331,Eastern Washington,20,57.26,,147,Montana State,23,92.72,,
401328054,2021,10,False,70,Idaho,42,122.44,,253,Southern Utah,24,,,0.0
401328524,2021,10,False,301,San Diego,10,37.37,,2413,Morehead State,3,,,0.0
401310738,2021,10,False,166,New Mexico State,13,117.43,,328,Utah State,35,394.37,1.2857142857142858,
401282121,2021,10,False,8,Arkansas,31,722.84,1.7100000000000002,344,Mississippi State,28,716.17,3.52007992007992,
401327974,2021,10,False,2110,Central Arkansas,63,68.32,,102626,Texas Wesleyan,3,,,0.0
401327994,2021,10,False,2617,Stephen F. Austin,31,115.81,,2198,Eastern Kentucky,17,222.5,,0.0
401328953,2021,10,False,2542,Savannah St,24,,,2206,Edward Waters,0,,,0.0
401329100,2021,10,False,2025,Angelo State,30,,,2837,East Texas A&M,3,,,0.0
401282249,2021,10,False,2226,Florida Atlantic,13,553.28,1.8227272727272728,276,Marshall,28,456.97,3.1730158730158733,1.0
401309634,2021,10,False,290,Georgia Southern,8,383.76,2.574090909090909,324,Coastal Carolina,28,415.91,4.958333333333333,
401310737,2021,10,False,167,New Mexico,17,360.77,3.238583638583638,2439,UNLV,31,392.44,2.557638888888889,
401282757,2021,10,False,77,Northwestern,12,648.79,,2294,Iowa,17,657.39,5.977216610549943,
401328009,2021,10,False,2627,Tarleton State,42,18.04,,2320,Lamar,21,,,0.0
401328662,2021,10,False,2582,Southern,17,120.88,,50,Florida A&M,29,127.97,,
401282123,2021,10,False,96,Kentucky,42,709.07,2.2568658905197365,2633,Tennessee,45,780.83,0.7272893772893774,
401282120,2021,10,False,333,Alabama,20,1004.04,0.6343094405594406,99,LSU,14,903.72,,
401309891,2021,10,False,38,Colorado,37,640.85,,204,Oregon State,34,640.66,0.8349299719887956,
401282248,2021,10,False,2229,Florida International,24,520.69,,295,Old Dominion,47,409.31,4.284848484848485,1.0
401310735,2021,10,False,278,Fresno State,14,483.77,3.9914141414141415,68,Boise State,40,557.69,0.995970695970696,
401329111,2021,10,False,2704,West Texas A&M,15,,,2395,Midwestern State,12,,,0.0
401282125,2021,10,False,2579,South Carolina,40,747.88,0.6266824085005903,57,Florida,17,885.67,,0.0
401282727,2021,10,False,130,Michigan,29,832.6,3.636979166666667,84,Indiana,7,664.25,1.9310515873015877,
401287934,2021,10,False,66,Iowa State,30,613.6,0.5785547785547785,251,Texas,7,874.19,1.5166997354497356,0.0
401309890,2021,10,False,264,Washington,16,789.51,,2483,Oregon,26,885.75,0.9379607765971404,
401282680,2021,10,False,97,Louisville,24,607.77,1.0256410256410258,228,Clemson,30,935.08,4.0026620370370365,
401301038,2021,10,False,58,South Florida,42,540.51,,248,Houston,54,571.21,0.5815746753246753,
401328035,2021,10,False,16,Sacramento State,41,71.2,,13,Cal Poly,9,80.3,,0.0
401310740,2021,10,False,2440,Nevada,27,421.64,2.2644962180676464,23,San José State,24,410.81,,
401282253,2021,10,False,2638,UTEP,23,318.65,,2636,UTSA,44,508.77,2.9249107142857143,
401309892,2021,10,False,9,Arizona State,31,734.45,,30,USC,16,874.5,0.3272662337662337,0.0
401310739,2021,10,False,62,Hawai'i,10,397.43,,21,San Diego State,17,441.63,7.507177033492823,
401309584,2021,11,False,2711,Western Michigan,45,396.47,,2006,Akron,40,330.97,,
401308840,2021,11,False,193,Miami (OH),45,378.03,,2084,Buffalo,18,267.09,4.226495726495727,
401309583,2021,11,False,2199,Eastern Michigan,26,340.6,,195,Ohio,34,332.25,,1.0
401309587,2021,11,False,2459,Northern Illinois,30,354.21,,2050,Ball State,29,338.31,3.608802308802309,
401309585,2021,11,False,189,Bowling Green,17,380.74,0.4611607142857142,2649,Toledo,49,465.4,,
401309586,2021,11,False,2117,Central Michigan,54,268.89,0.2944444444444444,2309,Kent State,30,357.85,0.5111111111111111,0.0
401282683,2021,11,False,221,Pittsburgh,30,668.67,2.9842796608276485,153,North Carolina,23,798.29,0.9671130952380952,0.0
401301040,2021,11,False,58,South Florida,28,540.51,,2132,Cincinnati,45,626.54,1.628082395545631,
401341943,2021,11,False,2986,Fairmont State,29,,,112335,Wheeling,14,,,0.0
401310742,2021,11,False,68,Boise State,23,557.69,0.995970695970696,2751,Wyoming,13,326.65,4.717296918767507,
401282806,2021,11,False,275,Wisconsin,35,750.89,1.014360119047619,77,Northwestern,7,648.79,,
401282128,2021,11,False,2,Auburn,34,840.38,0.8212764903941374,344,Mississippi State,43,716.17,3.52007992007992,1.0
401282780,2021,11,False,213,Penn State,17,820.72,,130,Michigan,21,832.6,3.636979166666667,
401282684,2021,11,False,228,Clemson,44,935.08,4.0026620370370365,41,UConn,7,331.9,,
401287938,2021,11,False,239,Baylor,27,660.65,2.5166666666666666,201,Oklahoma,14,895.38,0.5865384615384615,0.0
401301043,2021,11,False,218,Temple,8,501.4,0.5625,248,Houston,37,571.21,0.5815746753246753,
401301041,2021,11,False,2567,SMU,55,576.03,0.6475907029478458,2116,UCF,28,639.06,1.0006410256410256,0.0
401282687,2021,11,False,97,Louisville,41,607.77,1.0256410256410258,183,Syracuse,3,567.19,5.386904761904762,
401282728,2021,11,False,84,Indiana,3,664.25,1.9310515873015877,164,Rutgers,38,573.14,2.340563725490196,1.0
401328999,2021,11,False,2822,North Greenville,56,,,2560,Shorter,0,,,0.0
401286304,2021,11,False,113,Massachusetts,10,227.21,,311,Maine,35,95.0,,1.0
401282129,2021,11,False,57,Florida,70,885.67,,2535,Samford,52,70.11,,
401329178,2021,11,False,568,Minot State,28,,,3066,Concordia University St Paul,20,,,0.0
401310254,2021,11,False,349,Army,63,111.53,0.5008928571428571,2083,Bucknell,10,,,0.0
401301042,2021,11,False,235,Memphis,29,572.13,1.2424242424242424,151,East Carolina,30,516.06,8.355180533751962,1.0
401337826,2021,11,False,2168,Dayton,38,,,2166,Davidson,29,,,0.0
401332304,2021,11,False,2529,Sacred Heart,27,24.95,,2681,Wagner,0,21.98,,
401332297,2021,11,False,2184,Duquesne,31,77.09,,2115,Central Connecticut,27,,,0.0
401329331,2021,11,False,2598,St. Francis (PA),22,7.3,,2771,Merrimack,6,,,0.0
401328645,2021,11,False,2755,Grambling,14,,,2065,Bethune-Cookman,31,70.64,,
401282127,2021,11,False,333,Alabama,59,1004.04,0.6343094405594406,166,New Mexico State,3,117.43,,
401329189,2021,11,False,2071,Bloomsburg,9,,,2858,PennWest California,24,,,
401329429,2021,11,False,210,Millersville,21,,,2205,Edinboro University,42,,,
401329440,2021,11,False,587,Notre Dame College,72,,,2017,Alderson-Broaddus,7,,,0.0
401329455,2021,11,False,2704,West Texas A&M,52,,,121754,Bethel Col,9,,,0.0
401329486,2021,11,False,2224,Findlay,26,,,2838,Tiffin,21,,,0.0
401387493,2021,11,False,2315,Kutztown University,38,,,215,Slippery Rock,32,,,0.0
401347697,2021,11,False,2022,American International,14,,,2487,Pace,7,,,0.0
401344443,2021,11,False,2060,Bentley,48,,,2038,Assumption,23,,,0.0
401287939,2021,11,False,2306,Kansas State,34,569.65,1.3384064737005914,277,West Virginia,17,611.29,0.7139481778904856,0.0
401341946,2021,11,False,2707,West Virginia State,13,,,2128,University Of Charleston (WV),38,,,
401387494,2021,11,False,2974,Shepherd,55,,,2134,Clarion,0,,,0.0
401328274,2021,11,False,108,Harvard,23,,,219,Pennsylvania,7,,,0.0
401328158,2021,11,False,2405,Monmouth,44,13.17,,2523,Robert Morris,7,,,0.0
401328370,2021,11,False,2754,Youngstown State,17,90.76,,2449,North Dakota State,49,50.33,,1.0
401328484,2021,11,False,2329,Lehigh,23,36.97,,46,Georgetown,9,,,0.0
401328505,2021,11,False,2086,Butler,3,,,2674,Valparaiso,47,14.28,,
401329209,2021,11,False,223,West Chester,24,,,2291,Indiana-Pennsylvania,31,,,
401328476,2021,11,False,322,Lafayette,13,22.41,,2142,Colgate,20,,,
401328116,2021,11,False,2097,Campbell,21,108.65,,2261,Hampton,28,33.45,,1.0
401328167,2021,11,False,399,UAlbany,41,24.67,,2415,Morgan State,14,44.52,,0.0
401328295,2021,11,False,2169,Delaware State,28,,,2450,Norfolk State,26,,,0.0
401328520,2021,11,False,2506,Presbyterian,32,,,2368,Marist,57,,,
401328491,2021,11,False,2230,Fordham,24,22.86,,107,Holy Cross,52,,,
401328322,2021,11,False,47,Howard,27,,,2428,North Carolina Central,45,80.58,,
401328209,2021,11,False,227,Rhode Island,28,127.52,,160,New Hampshire,3,7.81,,
401327995,2021,11,False,2534,Sam Houston,42,111.5,,2198,Eastern Kentucky,28,222.5,,0.0
401328344,2021,11,False,282,Indiana State,21,45.15,,79,Southern Illinois,47,107.83,,
401328246,2021,11,False,171,Columbia,23,,,225,Brown,17,9.44,,0.0
401328229,2021,11,False,222,Villanova,33,,,2619,Stony Brook,14,80.27,,0.0
401329371,2021,11,False,2559,Shippensburg,17,,,2385,Mercyhurst,13,,,0.0
401328712,2021,11,False,2654,Truman State,10,,,2292,Indianapolis,13,,,
401328722,2021,11,False,2316,Kentucky Wesleyan,0,,,308,Ashland,17,,,
401328732,2021,11,False,125,Grand Valley State University,42,,,110254,Davenport,0,,,0.0
401328932,2021,11,False,112334,Franklin Pierce,20,,,2441,New Haven,34,,,
401328934,2021,11,False,2222,Ferris State,35,,,131,Wayne State (MI),13,,,0.0
401328959,2021,11,False,2392,Michigan Tech,21,,,129,Saginaw Valley State,20,,,0.0
401328972,2021,11,False,128,Northern Michigan,34,,,2886,Northwood (MI),26,,,0.0
401329007,2021,11,False,2695,West Alabama,24,,,2401,Mississippi College,28,,,
401329019,2021,11,False,2698,West Georgia,44,,,2170,Delta State,7,,,0.0
401329047,2021,11,False,2817,Minnesota State Moorhead,21,,,2844,Wayne State (NE),24,,,
401329356,2021,11,False,209,Lock Haven University,7,,,611,Seton Hill,59,,,
401329393,2021,11,False,455,West Virginia Wesleyan,13,,,2249,Glenville State,43,,,
401329480,2021,11,False,437,Lake Erie,7,,,2682,Walsh,24,,,
401329490,2021,11,False,2438,Nebraska-Kearney,56,,,196,Northeastern State,10,,,0.0
401329697,2021,11,False,2331,Lenoir-Rhyne,56,,,2107,Catawba,3,,,0.0
401332018,2021,11,False,2273,Hillsdale,21,,,2477,Ohio Dominican,17,,,0.0
401334767,2021,11,False,2148,Concord University,28,,,2882,UNC Pembroke,25,,,0.0
401337874,2021,11,False,341,Frostburg State,56,,,2699,West Liberty,3,,,0.0
401341494,2021,11,False,101784,ERSKINE,17,,,2310,Kentucky State,41,,,
401347705,2021,11,False,2583,Southern Connecticut State,6,,,284,Stonehill,42,,,
401328525,2021,11,False,2413,Morehead State,36,,,56,Stetson,35,14.06,,0.0
401332318,2021,11,False,2181,Drake,14,,,2900,St. Thomas (MN),21,,,
401344146,2021,11,False,163,Princeton,35,,,43,Yale,20,24.05,,0.0
401388831,2021,11,False,2075,Bowie State,17,,,2220,Fayetteville State,7,,,0.0
401339817,2021,11,False,2803,Bryant,52,14.59,,2341,Long Island University,7,,,0.0
401329663,2021,11,False,2188,East Stroudsburg University,10,,,367,Gannon,13,,,
401329650,2021,11,False,2839,Greeneville,48,,,2105,Carson-Newman College,13,,,0.0
401328125,2021,11,False,2241,Gardner-Webb,24,58.53,,2127,Charleston Southern,32,34.78,,1.0
401386511,2021,11,False,2019,Allen,34,,,2206,Edward Waters,51,,,
401328155,2021,11,False,2569,South Carolina State,17,,,2448,North Carolina A&T,27,132.73,,
401328256,2021,11,False,159,Dartmouth,41,,,172,Cornell,7,,,0.0
401309639,2021,11,False,324,Coastal Carolina,40,415.91,4.958333333333333,2247,Georgia State,42,413.91,1.7436324786324786,1.0
401328190,2021,11,False,119,Towson,14,130.7,,2210,Elon,37,43.03,,1.0
401282259,2021,11,False,242,Rice,21,419.65,,98,Western Kentucky,42,524.97,5.368589743589744,
401328181,2021,11,False,257,Richmond,51,35.81,,48,Delaware,27,29.77,,
401328027,2021,11,False,2000,Abilene Christian,29,96.46,,2627,Tarleton State,3,18.04,,
401328623,2021,11,False,2400,Mississippi Valley State,44,,,2011,Alabama State,31,,,0.0
401328379,2021,11,False,233,South Dakota,23,46.05,,2571,South Dakota State,20,13.27,,
401328573,2021,11,False,2717,Western Carolina,35,57.52,,2193,East Tennessee State,56,49.58,,1.0
401328559,2021,11,False,231,Furman,37,39.37,,2678,VMI,31,,,0.0
401328553,2021,11,False,2643,The Citadel,45,23.94,,2747,Wofford,44,7.83,,
401328425,2021,11,False,93,Murray State,28,104.85,,2546,Southeast Missouri State,10,26.12,,
401309896,2021,11,False,12,Arizona,29,567.61,3.928234126984127,254,Utah,38,707.72,1.5086016414141414,
401329461,2021,11,False,2687,Washburn,38,,,2403,Missouri Southern State,28,,,0.0
401329449,2021,11,False,2876,Lincoln (MO),12,,,137,Missouri Western,41,,,
401329411,2021,11,False,2231,Fort Hays State,24,,,90,Pittsburg St,34,,,
401329350,2021,11,False,2118,Central Missouri,30,,,2122,Central Oklahoma,29,,,0.0
401329318,2021,11,False,613,South Dakota Mines,10,,,11,Colorado Mesa,13,,,
401329150,2021,11,False,2043,Augustana University (SD),55,,,2587,Southwest Minnesota State,0,,,0.0
401329112,2021,11,False,2395,Midwestern State,36,,,110243,UT Permian Basin,30,,,0.0
401329067,2021,11,False,2851,Winona State,18,,,2364,Minnesota State Mankato,16,,,0.0
401329033,2021,11,False,2146,Colorado School Of Mines,63,,,2001,Adams State,0,,,0.0
401328688,2021,11,False,2586,Southwest Baptist,41,,,2402,Missouri S&T,42,,,
401328615,2021,11,False,2815,Lindenwood,45,,,2816,McKendree,30,,,0.0
401328403,2021,11,False,2888,Ouachita Baptist,31,,,2271,Henderson State,28,,,0.0
401329132,2021,11,False,132,Bemidji State,62,,,559,University of Mary,40,,,0.0
401332009,2021,11,False,2911,William Jewell,17,,,2825,Quincy,51,,,
401329642,2021,11,False,2842,UVA Wise,24,,,122666,Wilson,36,,,
401329507,2021,11,False,2894,Sioux Falls,42,,,389,Upper Iowa University,21,,,0.0
401329076,2021,11,False,134,Minnesota Duluth,49,,,425,Northern State,35,,,0.0
401329403,2021,11,False,138,Northwest Missouri St,35,,,2214,Emporia State University,7,,,0.0
401309637,2021,11,False,2026,App State,31,450.04,,6,South Alabama,7,415.07,3.616666666666666,
401328462,2021,11,False,2635,Tennessee Tech,3,19.2,,2630,UT Martin,42,149.55,,
401328074,2021,11,False,2464,Northern Arizona,3,115.62,,149,Montana,30,94.99,,1.0
401309640,2021,11,False,326,Texas State,30,428.48,,290,Georgia Southern,38,383.76,2.574090909090909,1.0
401328583,2021,11,False,2277,Houston Christian,3,5.41,,2377,McNeese,44,182.46,,
401328543,2021,11,False,2382,Mercer,10,23.81,,236,Chattanooga,6,193.46,,0.0
401328411,2021,11,False,2634,Tennessee State,7,88.82,,2046,Austin Peay,36,87.48,1.7797619047619049,1.0
401328359,2021,11,False,2623,Missouri State,34,205.25,,2460,Northern Iowa,27,108.66,,
401328335,2021,11,False,155,North Dakota,14,,,2287,Illinois State,7,51.04,,0.0
401328142,2021,11,False,2453,North Alabama,24,123.39,,338,Kennesaw State,28,36.62,,1.0
401328055,2021,11,False,147,Montana State,20,92.72,,70,Idaho,13,122.44,,0.0
401329659,2021,11,False,351,Wingate,26,,,2369,Mars Hill,19,,,0.0
401328286,2021,11,False,2033,Arkansas Tech,0,,,2264,Harding University,31,,,
401328318,2021,11,False,2568,Southern Arkansas,37,,,2028,Arkansas-Monticello,73,,,
401328632,2021,11,False,2016,Alcorn State,31,71.95,,2504,Prairie View A&M,29,56.79,,
401329336,2021,11,False,2714,Western Colorado,14,,,2570,CSU Pueblo,7,,,0.0
401329304,2021,11,False,2069,Black Hills State,6,,,2123,Chadron St,57,,,
401328470,2021,11,False,200,Southern Nazarene,14,,,319,Oklahoma Baptist,42,,,
401328353,2021,11,False,199,Southeastern Oklahoma State,28,,,2191,East Central (OK),30,,,
401328639,2021,11,False,2029,Arkansas-Pine Bluff,7,15.35,,50,Florida A&M,37,127.97,,
401328693,2021,11,False,2640,Texas Southern,49,62.7,,2010,Alabama A&M,52,49.54,,1.0
401328197,2021,11,False,2729,William & Mary,22,38.56,,256,James Madison,32,102.89,10.025,
401282689,2021,11,False,259,Virginia Tech,48,663.78,,150,Duke,17,605.57,,
401282257,2021,11,False,276,Marshall,14,456.97,3.1730158730158733,5,UAB,21,444.37,,1.0
401282260,2021,11,False,2636,UTSA,27,508.77,2.9249107142857143,2572,Southern Miss,17,465.94,2.322751322751323,
401282254,2021,11,False,2348,Louisiana Tech,42,520.48,,2429,Charlotte,32,462.67,5.1875,
401309641,2021,11,False,2653,Troy,21,448.77,4.146825396825397,309,Louisiana,35,435.63,0.6097963764630431,1.0
401282762,2021,11,False,2294,Iowa,27,657.39,5.977216610549943,135,Minnesota,22,653.25,3.333964646464646,
401282133,2021,11,False,2633,Tennessee,17,780.83,0.7272893772893774,61,Georgia,41,1001.79,0.251486013986014,
401282685,2021,11,False,52,Florida State,31,769.76,1.3858516483516483,2390,Miami,28,841.45,,0.0
401282256,2021,11,False,295,Old Dominion,30,409.31,4.284848484848485,2226,Florida Atlantic,16,553.28,1.8227272727272728,0.0
401282812,2021,11,False,194,Ohio State,59,985.09,0.8939285714285715,2509,Purdue,31,644.23,0.4775998740842491,
401282255,2021,11,False,2393,Middle Tennessee,50,494.02,,2229,Florida International,10,520.69,,0.0
401282686,2021,11,False,59,Georgia Tech,30,707.35,1.7333333333333334,103,Boston College,41,636.46,,1.0
401287942,2021,11,False,2641,Texas Tech,41,607.1,1.2829931972789117,66,Iowa State,38,613.6,0.5785547785547785,0.0
401282771,2021,11,False,127,Michigan State,40,677.07,3.05,120,Maryland,21,705.79,3.656547619047619,0.0
401282258,2021,11,False,249,North Texas,20,496.31,7.333333333333333,2638,UTEP,17,318.65,,
401282132,2021,11,False,142,Missouri,31,647.74,1.0576923076923077,2579,South Carolina,28,747.88,0.6266824085005903,0.0
401310745,2021,11,False,2439,UNLV,27,392.44,2.557638888888889,62,Hawai'i,13,397.43,,0.0
401301044,2021,11,False,2655,Tulane,13,463.02,,202,Tulsa,20,470.49,,
401332021,2021,11,False,2120,Central Washington,70,,,2829,Simon Fraser,0,,,0.0
401328597,2021,11,False,2447,Nicholls,23,189.98,,2916,Incarnate Word,27,54.6,6.755555555555556,1.0
401328098,2021,11,False,253,Southern Utah,0,,,2692,Weber State,62,116.62,,
401328457,2021,11,False,2823,Northwestern Oklahoma State,31,,,2927,Southwestern Oklahoma State,28,,,0.0
401331757,2021,11,False,2336,Limestone,7,,,2444,Newberry,42,,,
401368010,2021,11,False,2848,Western Oregon,55,,,124179,Lincoln (CA),16,,,0.0
401328988,2021,11,False,110242,West Florida,61,,,2673,Valdosta State,42,,,0.0
401328003,2021,11,False,2320,Lamar,7,,,55,Jacksonville State,38,155.11,,
401329159,2021,11,False,2837,East Texas A&M,30,,,2201,Eastern New Mexico,10,,,0.0
401309638,2021,11,False,2433,UL Monroe,24,312.31,,2032,Arkansas State,27,475.74,8.833333333333332,
401327975,2021,11,False,2110,Central Arkansas,14,68.32,,2617,Stephen F. Austin,27,115.81,,
401309894,2021,11,False,204,Oregon State,35,640.66,0.8349299719887956,24,Stanford,14,745.3,0.7944444444444444,0.0
401310741,2021,11,False,36,Colorado State,21,443.16,8.0,2005,Air Force,35,30.32,,1.0
401310743,2021,11,False,278,Fresno State,34,483.77,3.9914141414141415,167,New Mexico,7,360.77,3.238583638583638,
401282134,2021,11,False,238,Vanderbilt,17,609.82,0.8208333333333333,96,Kentucky,34,709.07,2.2568658905197365,
401282131,2021,11,False,145,Ole Miss,29,732.02,1.2606060606060607,245,Texas A&M,19,888.35,0.3158214674758792,0.0
401309897,2021,11,False,264,Washington,30,789.51,,9,Arizona State,35,734.45,,1.0
401328600,2021,11,False,2545,SE Louisiana,56,231.02,,2466,Northwestern State,28,126.22,,
401328671,2021,11,False,2582,Southern,17,120.88,,2296,Jackson State,21,173.86,9.583333333333334,
401287941,2021,11,False,251,Texas,56,874.19,1.5166997354497356,2305,Kansas,57,548.1,0.9965277777777778,1.0
401282130,2021,11,False,99,LSU,13,903.72,,8,Arkansas,16,722.84,1.7100000000000002,1.0
401282690,2021,11,False,154,Wake Forest,45,589.19,,152,NC State,42,700.36,0.3794719169719169,0.0
401282688,2021,11,False,258,Virginia,3,619.61,0.92,87,Notre Dame,28,853.1,2.033989448051948,
401328046,2021,11,False,302,UC Davis,20,51.38,,331,Eastern Washington,38,57.26,,
401329101,2021,11,False,2658,Texas A&M-Kingsville,19,,,2025,Angelo State,58,,,
401287940,2021,11,False,197,Oklahoma State,63,613.69,1.7764396568343936,2628,TCU,17,698.52,0.3404761904761905,0.0
401328036,2021,11,False,13,Cal Poly,32,80.3,,304,Idaho State,29,71.55,,
401328094,2021,11,False,16,Sacramento State,49,71.2,,2502,Portland State,20,81.34,,0.0
401327986,2021,11,False,3101,Utah Tech,62,,,2237,Fort Lewis,21,,,0.0
401309898,2021,11,False,26,UCLA,44,746.02,5.057291666666667,38,Colorado,20,640.85,,
401310746,2021,11,False,21,San Diego State,23,441.63,7.507177033492823,2440,Nevada,21,421.64,2.2644962180676464,
401309895,2021,11,False,2483,Oregon,38,885.75,0.9379607765971404,265,Washington State,24,601.16,0.861111111111111,
401310744,2021,11,False,23,San José State,17,410.81,,328,Utah State,48,394.37,1.2857142857142858,1.0
401309589,2021,12,False,195,Ohio,23,332.25,,2649,Toledo,35,465.4,,
401309588,2021,12,False,2199,Eastern Michigan,22,340.6,,2711,Western Michigan,21,396.47,,0.0
401308841,2021,12,False,193,Miami (OH),34,378.03,,189,Bowling Green,7,380.74,0.4611607142857142,0.0
401309591,2021,12,False,2050,Ball State,17,338.31,3.608802308802309,2117,Central Michigan,37,268.89,0.2944444444444444,1.0
401309590,2021,12,False,2084,Buffalo,27,267.09,4.226495726495727,2459,Northern Illinois,33,354.21,,
401328598,2021,12,False,2545,SE Louisiana,42,231.02,,2447,Nicholls,45,189.98,,1.0
401282691,2021,12,False,150,Duke,22,605.57,,97,Louisville,62,607.77,1.0256410256410258,
401282264,2021,12,False,2348,Louisiana Tech,19,520.48,,2572,Southern Miss,35,465.94,2.322751322751323,1.0
401301045,2021,12,False,248,Houston,31,571.21,0.5815746753246753,235,Memphis,13,572.13,1.2424242424242424,0.0
401309899,2021,12,False,265,Washington State,44,601.16,0.861111111111111,12,Arizona,18,567.61,3.928234126984127,
401310747,2021,12,False,2440,Nevada,39,421.64,2.2644962180676464,2005,Air Force,41,30.32,,1.0
401310751,2021,12,False,2439,UNLV,20,392.44,2.557638888888889,21,San Diego State,28,441.63,7.507177033492823,
401387854,2021,12,False,2974,Shepherd,38,,,2224,Findlay,31,,,0.0
401282696,2021,12,False,153,North Carolina,34,798.29,0.9671130952380952,2747,Wofford,14,7.83,,
401387856,2021,12,False,587,Notre Dame College,33,,,215,Slippery Rock,25,,,0.0
401282144,2021,12,False,245,Texas A&M,52,888.35,0.3158214674758792,2504,Prairie View A&M,3,56.79,,
401344147,2021,12,False,43,Yale,31,24.05,,108,Harvard,34,,,
401287944,2021,12,False,201,Oklahoma,28,895.38,0.5865384615384615,66,Iowa State,21,613.6,0.5785547785547785,
401328303,2021,12,False,2415,Morgan State,28,44.52,,46,Georgetown,21,,,0.0
401328477,2021,12,False,2142,Colgate,45,,,2230,Fordham,31,22.86,,0.0
401328506,2021,12,False,2368,Marist,21,,,2086,Butler,28,,,
401332298,2021,12,False,2681,Wagner,0,21.98,,2184,Duquesne,44,77.09,,
401287947,2021,12,False,277,West Virginia,31,611.29,0.7139481778904856,251,Texas,23,874.19,1.5166997354497356,0.0
401332305,2021,12,False,2341,Long Island University,14,,,2529,Sacred Heart,38,24.95,,
401332309,2021,12,False,2115,Central Connecticut,24,,,2598,St. Francis (PA),21,7.3,,0.0
401335303,2021,12,False,2329,Lehigh,17,36.97,,322,Lafayette,10,22.41,,
401301048,2021,12,False,2655,Tulane,45,463.02,,58,South Florida,14,540.51,,0.0
401282818,2021,12,False,213,Penn State,28,820.72,,164,Rutgers,0,573.14,2.340563725490196,
401282808,2021,12,True,77,Northwestern,14,648.79,,2509,Purdue,32,644.23,0.4775998740842491,1.0
401282786,2021,12,False,194,Ohio State,56,985.09,0.8939285714285715,127,Michigan State,7,677.07,3.05,
401309592,2021,12,False,2006,Akron,0,330.97,,2309,Kent State,38,357.85,0.5111111111111111,
401282693,2021,12,False,228,Clemson,48,935.08,4.0026620370370365,154,Wake Forest,27,589.19,,
401282136,2021,12,False,61,Georgia,56,1001.79,0.251486013986014,2127,Charleston Southern,7,34.78,,
401282140,2021,12,False,344,Mississippi State,55,716.17,3.52007992007992,2634,Tennessee State,10,88.82,,
401282137,2021,12,False,96,Kentucky,56,709.07,2.2568658905197365,166,New Mexico State,16,117.43,,
401282263,2021,12,False,98,Western Kentucky,52,524.97,5.368589743589744,2226,Florida Atlantic,17,553.28,1.8227272727272728,0.0
401282692,2021,12,False,103,Boston College,23,636.46,,52,Florida State,26,769.76,1.3858516483516483,
401286305,2021,12,False,349,Army,33,111.53,0.5008928571428571,113,Massachusetts,17,227.21,,0.0
401328117,2021,12,False,2523,Robert Morris,20,,,2097,Campbell,17,108.65,,0.0
401328268,2021,12,False,225,Brown,31,9.44,,159,Dartmouth,52,,,
401328570,2021,12,False,2678,VMI,24,,,2717,Western Carolina,52,57.52,,
401328168,2021,12,False,2619,Stony Brook,36,80.27,,399,UAlbany,14,24.67,,
401328182,2021,12,False,48,Delaware,13,29.77,,222,Villanova,21,,,
401328203,2021,12,False,160,New Hampshire,20,7.81,,311,Maine,33,95.0,,
401328247,2021,12,False,172,Cornell,26,,,171,Columbia,34,,,
401328275,2021,12,False,219,Pennsylvania,14,,,163,Princeton,34,,,
401328336,2021,12,False,2287,Illinois State,10,51.04,,282,Indiana State,15,45.15,,1.0
401387850,2021,12,False,125,Grand Valley State University,20,,,2815,Lindenwood,3,,,0.0
401387851,2021,12,False,2043,Augustana University (SD),24,,,132,Bemidji State,28,,,
401387852,2021,12,False,2441,New Haven,38,,,2060,Bentley,13,,,0.0
401387859,2021,12,False,2013,Albany State GA,7,,,2698,West Georgia,23,,,
401328593,2021,12,False,2377,McNeese,20,182.46,,2466,Northwestern State,24,126.22,,1.0
401328695,2021,12,False,2193,East Tennessee State,38,49.58,,2382,Mercer,35,23.81,,
401329332,2021,12,False,2771,Merrimack,14,,,2803,Bryant,58,14.59,,
401332319,2021,12,False,2166,Davidson,45,,,2181,Drake,14,,,0.0
401334823,2021,12,False,56,Stetson,16,14.06,,301,San Diego,41,37.37,,
401328131,2021,12,False,2448,North Carolina A&T,27,132.73,,2241,Gardner-Webb,35,58.53,,1.0
401328137,2021,12,False,2261,Hampton,27,33.45,,2453,North Alabama,35,123.39,,
401328143,2021,12,False,338,Kennesaw State,49,36.62,,2405,Monmouth,17,13.17,,
401328492,2021,12,False,2083,Bucknell,6,,,107,Holy Cross,45,,,
401387860,2021,12,False,2075,Bowie State,31,,,2331,Lenoir-Rhyne,10,,,0.0
401328560,2021,12,False,2535,Samford,34,70.11,,231,Furman,41,39.37,,1.0
401309644,2021,12,False,324,Coastal Carolina,35,415.91,4.958333333333333,326,Texas State,21,428.48,,0.0
401341488,2021,12,False,47,Howard,56,,,2355,Virginia University Of Lynchburg,6,,,0.0
401328419,2021,12,False,2197,Eastern Illinois,13,87.86,,93,Murray State,20,104.85,,
401387861,2021,12,False,110242,West Florida,30,,,2444,Newberry,33,,,
401328386,2021,12,False,79,Southern Illinois,18,107.83,,2754,Youngstown State,35,90.76,,1.0
401328544,2021,12,False,236,Chattanooga,21,193.46,,2643,The Citadel,24,23.94,,1.0
401328198,2021,12,False,256,James Madison,56,102.89,10.025,119,Towson,10,130.7,,0.0
401387855,2021,12,False,2025,Angelo State,48,,,134,Minnesota Duluth,14,,,0.0
401332324,2021,12,False,2900,St. Thomas (MN),54,,,2506,Presbyterian,15,,,0.0
401332314,2021,12,False,2546,Southeast Missouri State,31,26.12,,2630,UT Martin,14,149.55,,0.0
401328640,2021,12,False,2010,Alabama A&M,52,49.54,,2029,Arkansas-Pine Bluff,24,15.35,,
401328633,2021,12,False,2296,Jackson State,24,173.86,9.583333333333334,2016,Alcorn State,10,71.95,,
401328526,2021,12,False,2674,Valparaiso,38,14.28,,2413,Morehead State,51,,,
401328377,2021,12,False,2460,Northern Iowa,41,108.66,,2710,Western Illinois,3,82.24,,
401327996,2021,12,False,2198,Eastern Kentucky,39,222.5,,55,Jacksonville State,31,155.11,,
401328308,2021,12,False,2450,Norfolk State,21,,,2569,South Carolina State,31,,,
401328014,2021,12,False,2000,Abilene Christian,9,96.46,,2534,Sam Houston,35,111.5,,
401328069,2021,12,False,149,Montana,29,94.99,,147,Montana State,10,92.72,,
401328191,2021,12,False,2210,Elon,43,43.03,,227,Rhode Island,28,127.52,,0.0
401328296,2021,12,False,2428,North Carolina Central,34,80.58,,2169,Delaware State,28,,,0.0
401387857,2021,12,False,138,Northwest Missouri St,50,,,2120,Central Washington,21,,,0.0
401282721,2021,12,False,2294,Iowa,33,657.39,5.977216610549943,356,Illinois,23,630.16,0.4403030303030303,
401329467,2021,12,False,2703,Western New Mexico,28,,,2424,New Mexico Highlands,31,,,
401387853,2021,12,False,2264,Harding University,30,,,2687,Washburn,14,,,0.0
401309643,2021,12,False,2247,Georgia State,28,413.91,1.7436324786324786,2032,Arkansas State,20,475.74,8.833333333333332,0.0
401282697,2021,12,False,87,Notre Dame,55,853.1,2.033989448051948,59,Georgia Tech,0,707.35,1.7333333333333334,
401387858,2021,12,False,2714,Western Colorado,24,,,2438,Nebraska-Kearney,31,,,
401328584,2021,12,False,2277,Houston Christian,14,5.41,,2916,Incarnate Word,55,54.6,6.755555555555556,
401328412,2021,12,False,2046,Austin Peay,48,87.48,1.7797619047619049,2635,Tennessee Tech,20,19.2,,
401328366,2021,12,False,2571,South Dakota State,24,13.27,,155,North Dakota,21,,,0.0
401328084,2021,12,False,2692,Weber State,48,116.62,,2458,Northern Colorado,17,156.11,,0.0
401328056,2021,12,False,304,Idaho State,0,71.55,,70,Idaho,14,122.44,,
401309903,2021,12,False,38,Colorado,20,640.85,,264,Washington,17,789.51,,0.0
401328624,2021,12,False,2011,Alabama State,24,,,2640,Texas Southern,21,62.7,,0.0
401328371,2021,12,False,2449,North Dakota State,52,50.33,,233,South Dakota,24,46.05,,
401328225,2021,12,False,2729,William & Mary,17,38.56,,257,Richmond,20,35.81,,1.0
401282732,2021,12,False,84,Indiana,14,664.25,1.9310515873015877,135,Minnesota,35,653.25,3.333964646464646,1.0
401282135,2021,12,False,333,Alabama,42,1004.04,0.6343094405594406,8,Arkansas,35,722.84,1.7100000000000002,
401282803,2021,12,False,275,Wisconsin,35,750.89,1.014360119047619,158,Nebraska,28,743.7,0.5287698412698413,
401301046,2021,12,False,2132,Cincinnati,48,626.54,1.628082395545631,2567,SMU,14,576.03,0.6475907029478458,
401301047,2021,12,False,2426,Navy,35,127.63,,151,East Carolina,38,516.06,8.355180533751962,
401282265,2021,12,False,2393,Middle Tennessee,17,494.02,,295,Old Dominion,24,409.31,4.284848484848485,1.0
401282261,2021,12,False,2429,Charlotte,28,462.67,5.1875,276,Marshall,49,456.97,3.1730158730158733,1.0
401328646,2021,12,False,50,Florida A&M,46,127.97,,2065,Bethune-Cookman,21,70.64,,
401309642,2021,12,False,2653,Troy,7,448.77,4.146825396825397,2026,App State,45,450.04,,
401282267,2021,12,False,2636,UTSA,34,508.77,2.9249107142857143,5,UAB,31,444.37,,
401282698,2021,12,False,221,Pittsburgh,48,668.67,2.9842796608276485,258,Virginia,38,619.61,0.92,
401282770,2021,12,False,120,Maryland,18,705.79,3.656547619047619,130,Michigan,59,832.6,3.636979166666667,
401301049,2021,12,False,202,Tulsa,44,470.49,,218,Temple,10,501.4,0.5625,0.0
401286298,2021,12,False,2335,Liberty,14,154.75,7.125,309,Louisiana,42,435.63,0.6097963764630431,
401282141,2021,12,False,142,Missouri,24,647.74,1.0576923076923077,57,Florida,23,885.67,,0.0
401287945,2021,12,False,2628,TCU,31,698.52,0.3404761904761905,2305,Kansas,28,548.1,0.9965277777777778,
401282695,2021,12,False,152,NC State,41,700.36,0.3794719169719169,183,Syracuse,17,567.19,5.386904761904762,
401286293,2021,12,False,2116,UCF,49,639.06,1.0006410256410256,41,UConn,17,331.9,,
401282266,2021,12,False,2638,UTEP,38,318.65,,242,Rice,28,419.65,,0.0
401309645,2021,12,False,290,Georgia Southern,17,383.76,2.574090909090909,252,BYU,34,443.13,,
401309904,2021,12,False,30,USC,33,874.5,0.3272662337662337,26,UCLA,62,746.02,5.057291666666667,1.0
401328097,2021,12,False,302,UC Davis,7,51.38,,16,Sacramento State,27,71.2,,
401328010,2021,12,False,2320,Lamar,6,,,2617,Stephen F. Austin,42,115.81,,
401328047,2021,12,False,2502,Portland State,28,81.34,,331,Eastern Washington,42,57.26,,1.0
401287943,2021,12,False,2306,Kansas State,10,569.65,1.3384064737005914,239,Baylor,20,660.65,2.5166666666666666,
401309900,2021,12,False,24,Stanford,11,745.3,0.7944444444444444,25,California,41,662.11,2.208238851095994,1.0
401282262,2021,12,False,2229,Florida International,7,520.69,,249,North Texas,49,496.31,7.333333333333333,1.0
401282142,2021,12,False,2579,South Carolina,21,747.88,0.6266824085005903,2,Auburn,17,840.38,0.8212764903941374,0.0
401327976,2021,12,False,2627,Tarleton State,24,18.04,,2110,Central Arkansas,3,68.32,,0.0
401309901,2021,12,False,254,Utah,38,707.72,1.5086016414141414,2483,Oregon,7,885.75,0.9379607765971404,0.0
401282694,2021,12,False,2390,Miami,38,841.45,,259,Virginia Tech,26,663.78,,
401282143,2021,12,False,2633,Tennessee,60,780.83,0.7272893772893774,6,South Alabama,14,415.07,3.616666666666666,
401282139,2021,12,False,145,Ole Miss,31,732.02,1.2606060606060607,238,Vanderbilt,17,609.82,0.8208333333333333,
401287946,2021,12,False,2641,Texas Tech,0,607.1,1.2829931972789117,197,Oklahoma State,23,613.69,1.7764396568343936,
401310750,2021,12,False,328,Utah State,17,394.37,1.2857142857142858,2751,Wyoming,44,326.65,4.717296918767507,1.0
401328037,2021,12,False,13,Cal Poly,21,80.3,,2464,Northern Arizona,45,115.62,,
401327987,2021,12,False,3101,Utah Tech,24,,,2623,Missouri State,55,205.25,,
401282138,2021,12,False,99,LSU,27,903.72,,2433,UL Monroe,14,312.31,,
401310748,2021,12,False,68,Boise State,37,557.69,0.995970695970696,167,New Mexico,0,360.77,3.238583638583638,
401309902,2021,12,False,204,Oregon State,24,640.66,0.8349299719887956,9,Arizona State,10,734.45,,0.0
401310749,2021,12,False,62,Hawai'i,50,397.43,,36,Colorado State,45,443.16,8.0,0.0
401309594,2021,13,False,2459,Northern Illinois,21,354.21,,2711,Western Michigan,42,396.47,,
401309593,2021,13,False,2050,Ball State,20,338.31,3.608802308802309,2084,Buffalo,3,267.09,4.226495726495727,
401328625,2021,13,False,2011,Alabama State,43,,,2657,Tuskegee,9,,,0.0
401310757,2021,13,False,23,San José State,9,410.81,,278,Fresno State,40,483.77,3.9914141414141415,
401282151,2021,13,False,344,Mississippi State,21,716.17,3.52007992007992,145,Ole Miss,31,732.02,1.2606060606060607,
401309595,2021,13,False,2117,Central Michigan,31,268.89,0.2944444444444444,2199,Eastern Michigan,10,340.6,,0.0
401310753,2021,13,False,21,San Diego State,27,441.63,7.507177033492823,68,Boise State,16,557.69,0.995970695970696,0.0
401287952,2021,13,False,251,Texas,22,874.19,1.5166997354497356,2306,Kansas State,17,569.65,1.3384064737005914,
401309596,2021,13,False,189,Bowling Green,21,380.74,0.4611607142857142,195,Ohio,10,332.25,,
401310755,2021,13,False,167,New Mexico,10,360.77,3.238583638583638,328,Utah State,35,394.37,1.2857142857142858,
401282761,2021,13,False,158,Nebraska,21,743.7,0.5287698412698413,2294,Iowa,28,657.39,5.977216610549943,1.0
401282274,2021,13,False,5,UAB,42,444.37,,2638,UTEP,25,318.65,,
401301050,2021,13,False,2116,UCF,17,639.06,1.0006410256410256,58,South Florida,13,540.51,,
401301051,2021,13,False,151,East Carolina,13,516.06,8.355180533751962,2132,Cincinnati,35,626.54,1.628082395545631,
401309648,2021,13,False,6,South Alabama,21,415.07,3.616666666666666,324,Coastal Carolina,27,415.91,4.958333333333333,
401282145,2021,13,False,8,Arkansas,34,722.84,1.7100000000000002,142,Missouri,17,647.74,1.0576923076923077,
401310752,2021,13,False,2005,Air Force,48,30.32,,2439,UNLV,14,392.44,2.557638888888889,0.0
401309906,2021,13,False,254,Utah,28,707.72,1.5086016414141414,38,Colorado,13,640.85,,
401287949,2021,13,False,66,Iowa State,48,613.6,0.5785547785547785,2628,TCU,14,698.52,0.3404761904761905,0.0
401282699,2021,13,False,152,NC State,34,700.36,0.3794719169719169,153,North Carolina,30,798.29,0.9671130952380952,0.0
401309905,2021,13,False,264,Washington,13,789.51,,265,Washington State,40,601.16,0.861111111111111,1.0
401308842,2021,13,False,2309,Kent State,48,357.85,0.5111111111111111,193,Miami (OH),47,378.03,,0.0
401286299,2021,13,False,2335,Liberty,16,154.75,7.125,349,Army,31,111.53,0.5008928571428571,1.0
401287948,2021,13,False,239,Baylor,27,660.65,2.5166666666666666,2641,Texas Tech,24,607.1,1.2829931972789117,
401301052,2021,13,False,41,UConn,17,331.9,,248,Houston,45,571.21,0.5815746753246753,
401309597,2021,13,False,2649,Toledo,49,465.4,,2006,Akron,14,330.97,,
401282766,2021,13,False,164,Rutgers,16,573.14,2.340563725490196,120,Maryland,40,705.79,3.656547619047619,
401282700,2021,13,False,103,Boston College,10,636.46,,154,Wake Forest,41,589.19,,1.0
401282781,2021,13,False,130,Michigan,42,832.6,3.636979166666667,194,Ohio State,27,985.09,0.8939285714285715,0.0
401301054,2021,13,False,218,Temple,14,501.4,0.5625,2426,Navy,38,127.63,,1.0
401282147,2021,13,False,57,Florida,24,885.67,,52,Florida State,21,769.76,1.3858516483516483,
401282148,2021,13,False,59,Georgia Tech,0,707.35,1.7333333333333334,61,Georgia,45,1001.79,0.251486013986014,
401389032,2021,13,False,107,Holy Cross,13,,,2529,Sacred Heart,10,24.95,,0.0
401282701,2021,13,False,150,Duke,10,605.57,,2390,Miami,47,841.45,,
401388894,2021,13,False,2222,Ferris State,54,,,125,Grand Valley State University,20,,,0.0
401388893,2021,13,False,2075,Bowie State,13,,,2444,Newberry,10,,,0.0
401388892,2021,13,False,2974,Shepherd,38,,,587,Notre Dame College,34,,,0.0
401388890,2021,13,False,2315,Kutztown University,10,,,2441,New Haven,7,,,0.0
401282271,2021,13,False,242,Rice,35,419.65,,2348,Louisiana Tech,31,520.48,,0.0
401388891,2021,13,False,2673,Valdosta State,66,,,2698,West Georgia,35,,,0.0
401389036,2021,13,False,338,Kennesaw State,48,36.62,,2166,Davidson,21,,,0.0
401282273,2021,13,False,249,North Texas,45,496.31,7.333333333333333,2636,UTSA,23,508.77,2.9249107142857143,0.0
401388897,2021,13,False,2025,Angelo State,20,,,2438,Nebraska-Kearney,7,,,0.0
401282268,2021,13,False,295,Old Dominion,56,409.31,4.284848484848485,2429,Charlotte,34,462.67,5.1875,0.0
401388896,2021,13,False,2264,Harding University,9,,,138,Northwest Missouri St,28,,,
401309649,2021,13,False,2247,Georgia State,37,413.91,1.7436324786324786,2653,Troy,10,448.77,4.146825396825397,0.0
401309647,2021,13,False,2032,Arkansas State,22,475.74,8.833333333333332,326,Texas State,24,428.48,,1.0
401309646,2021,13,False,2026,App State,27,450.04,,290,Georgia Southern,3,383.76,2.574090909090909,
401286306,2021,13,False,166,New Mexico State,44,117.43,,113,Massachusetts,27,227.21,,0.0
401388895,2021,13,False,2146,Colorado School Of Mines,55,,,132,Bemidji State,6,,,0.0
401310756,2021,13,False,2751,Wyoming,14,326.65,4.717296918767507,62,Hawai'i,38,397.43,,
401282269,2021,13,False,2572,Southern Miss,37,465.94,2.322751322751323,2229,Florida International,17,520.69,,0.0
401328676,2021,13,False,2504,Prairie View A&M,19,56.79,,2400,Mississippi Valley State,24,,,
401389033,2021,13,False,2571,South Dakota State,56,13.27,,302,UC Davis,24,51.38,,0.0
401389030,2021,13,False,2916,Incarnate Word,35,54.6,6.755555555555556,2617,Stephen F. Austin,28,115.81,,0.0
401282722,2021,13,False,356,Illinois,47,630.16,0.4403030303030303,77,Northwestern,14,648.79,,0.0
401282146,2021,13,False,2,Auburn,22,840.38,0.8212764903941374,333,Alabama,24,1004.04,0.6343094405594406,
401309908,2021,13,False,2483,Oregon,38,885.75,0.9379607765971404,204,Oregon State,29,640.66,0.8349299719887956,
401282753,2021,13,False,2509,Purdue,44,644.23,0.4775998740842491,84,Indiana,7,664.25,1.9310515873015877,0.0
401282785,2021,13,False,127,Michigan State,30,677.07,3.05,213,Penn State,27,820.72,,0.0
401282272,2021,13,False,276,Marshall,21,456.97,3.1730158730158733,98,Western Kentucky,53,524.97,5.368589743589744,
401282153,2021,13,False,2633,Tennessee,45,780.83,0.7272893772893774,238,Vanderbilt,21,609.82,0.8208333333333333,
401282703,2021,13,False,258,Virginia,24,619.61,0.92,259,Virginia Tech,29,663.78,,
401309909,2021,13,False,9,Arizona State,38,734.45,,12,Arizona,15,567.61,3.928234126984127,
401389035,2021,13,False,331,Eastern Washington,19,57.26,,2460,Northern Iowa,9,108.66,,0.0
401282794,2021,13,False,135,Minnesota,23,653.25,3.333964646464646,275,Wisconsin,13,750.89,1.014360119047619,0.0
401309650,2021,13,False,309,Louisiana,21,435.63,0.6097963764630431,2433,UL Monroe,16,312.31,,
401301055,2021,13,False,2567,SMU,31,576.03,0.6475907029478458,202,Tulsa,34,470.49,,1.0
401389031,2021,13,False,2623,Missouri State,31,205.25,,2630,UT Martin,32,149.55,,1.0
401328666,2021,13,True,2755,Grambling,29,,,2582,Southern,26,120.88,,0.0
401389037,2021,13,False,233,South Dakota,10,46.05,,79,Southern Illinois,22,107.83,,
401287950,2021,13,False,2305,Kansas,28,548.1,0.9965277777777778,277,West Virginia,34,611.29,0.7139481778904856,
401282270,2021,13,False,2226,Florida Atlantic,17,553.28,1.8227272727272728,2393,Middle Tennessee,27,494.02,,1.0
401389034,2021,13,False,2545,SE Louisiana,38,231.02,,50,Florida A&M,14,127.97,,
401282150,2021,13,False,99,LSU,27,903.72,,245,Texas A&M,24,888.35,0.3158214674758792,
401282149,2021,13,False,97,Louisville,21,607.77,1.0256410256410258,96,Kentucky,52,709.07,2.2568658905197365,
401282702,2021,13,False,183,Syracuse,14,567.19,5.386904761904762,221,Pittsburgh,31,668.67,2.9842796608276485,
401282152,2021,13,False,2579,South Carolina,0,747.88,0.6266824085005903,228,Clemson,30,935.08,4.0026620370370365,
401301053,2021,13,False,235,Memphis,33,572.13,1.2424242424242424,2655,Tulane,28,463.02,,
401287951,2021,13,False,197,Oklahoma State,37,613.69,1.7764396568343936,201,Oklahoma,33,895.38,0.5865384615384615,0.0
401282711,2021,13,False,24,Stanford,14,745.3,0.7944444444444444,87,Notre Dame,45,853.1,2.033989448051948,
401310754,2021,13,False,36,Colorado State,10,443.16,8.0,2440,Nevada,52,421.64,2.2644962180676464,1.0
401309910,2021,13,False,30,USC,31,874.5,0.3272662337662337,252,BYU,35,443.13,,1.0
401309907,2021,13,False,26,UCLA,42,746.02,5.057291666666667,25,California,14,662.11,2.208238851095994,
401389821,2021,14,False,222,Villanova,21,,,107,Holy Cross,16,,,0.0
401282156,2021,14,False,2636,UTSA,49,508.77,2.9249107142857143,98,Western Kentucky,41,524.97,5.368589743589744,0.0
401331159,2021,14,True,254,Utah,38,707.72,1.5086016414141414,2483,Oregon,10,885.75,0.9379607765971404,0.0
401389822,2021,14,False,149,Montana,57,94.99,,331,Eastern Washington,41,57.26,,
401287953,2021,14,True,197,Oklahoma State,16,613.69,1.7764396568343936,239,Baylor,21,660.65,2.5166666666666666,
401331160,2021,14,True,2459,Northern Illinois,41,354.21,,2309,Kent State,23,357.85,0.5111111111111111,0.0
401389824,2021,14,False,2315,Kutztown University,28,,,2974,Shepherd,30,,,
401389825,2021,14,False,2673,Valdosta State,41,,,2075,Bowie State,17,,,0.0
401389826,2021,14,False,2222,Ferris State,41,,,138,Northwest Missouri St,20,,,0.0
401389820,2021,14,False,2193,East Tennessee State,32,49.58,,338,Kennesaw State,31,36.62,,
401389827,2021,14,False,2146,Colorado School Of Mines,34,,,2025,Angelo State,26,,,0.0
401389818,2021,14,False,2534,Sam Houston,49,111.5,,2916,Incarnate Word,42,54.6,6.755555555555556,
401310676,2021,14,False,21,San Diego State,13,441.63,7.507177033492823,328,Utah State,46,394.37,1.2857142857142858,1.0
401331161,2021,14,False,309,Louisiana,24,435.63,0.6097963764630431,2026,App State,16,450.04,,0.0
401389850,2021,14,False,2449,North Dakota State,38,50.33,,79,Southern Illinois,7,107.83,,0.0
401331162,2021,14,False,2132,Cincinnati,35,626.54,1.628082395545631,248,Houston,20,571.21,0.5815746753246753,
401282154,2021,14,True,333,Alabama,41,1004.04,0.6343094405594406,61,Georgia,24,1001.79,0.251486013986014,
401389819,2021,14,False,147,Montana State,26,92.72,,2630,UT Martin,7,149.55,,0.0
401388990,2021,14,False,2296,Jackson State,27,173.86,9.583333333333334,2504,Prairie View A&M,10,56.79,,
401331447,2021,14,True,2294,Iowa,3,657.39,5.977216610549943,130,Michigan,42,832.6,3.636979166666667,
401331163,2021,14,True,154,Wake Forest,21,589.19,,221,Pittsburgh,45,668.67,2.9842796608276485,
401389823,2021,14,False,16,Sacramento State,19,71.2,,2571,South Dakota State,24,13.27,,1.0
401387250,2021,14,False,25,California,24,662.11,2.208238851095994,30,USC,14,874.5,0.3272662337662337,0.0
401391131,2021,15,False,2449,North Dakota State,27,50.33,,2193,East Tennessee State,3,49.58,,
401391050,2021,15,False,2673,Valdosta State,34,,,2146,Colorado School Of Mines,31,,,0.0
401391133,2021,15,False,222,Villanova,21,,,2571,South Dakota State,35,13.27,,
401301056,2021,15,False,349,Army,13,111.53,0.5008928571428571,2426,Navy,17,127.63,,
401391051,2021,15,False,2222,Ferris State,55,,,2974,Shepherd,7,,,0.0
401391132,2021,15,False,2534,Sam Houston,19,111.5,,147,Montana State,42,92.72,,1.0
401389870,2021,1,False,256,James Madison,59,102.89,10.025,2545,SE Louisiana,20,231.02,,0.0
401391130,2021,1,False,256,James Madison,28,102.89,10.025,149,Montana,6,94.99,,
401331164,2021,1,True,2649,Toledo,24,465.4,,2393,Middle Tennessee,31,494.02,,
401331165,2021,1,True,324,Coastal Carolina,47,415.91,4.958333333333333,2459,Northern Illinois,41,354.21,,
401392090,2021,1,True,3071,North Central College,24,,,2371,Mary Hardin-Baylor,57,,,
401391353,2021,1,False,2449,North Dakota State,20,50.33,,256,James Madison,14,102.89,10.025,0.0
401331166,2021,1,True,2026,App State,38,450.04,,98,Western Kentucky,59,524.97,5.368589743589744,
401391091,2021,1,True,2296,Jackson State,10,173.86,9.583333333333334,2569,South Carolina State,31,,,
401391354,2021,1,False,147,Montana State,31,92.72,,2571,South Dakota State,17,13.27,,
401331167,2021,1,True,278,Fresno State,31,483.77,3.9914141414141415,2638,UTEP,24,318.65,,
401331168,2021,1,True,252,BYU,28,443.13,,5,UAB,31,444.37,,
401331169,2021,1,True,2335,Liberty,56,154.75,7.125,2199,Eastern Michigan,20,340.6,,0.0
401331170,2021,1,True,204,Oregon State,13,640.66,0.8349299719887956,328,Utah State,24,394.37,1.2857142857142858,1.0
401392130,2021,1,True,2222,Ferris State,58,,,2673,Valdosta State,17,,,0.0
401331171,2021,1,True,276,Marshall,21,456.97,3.1730158730158733,309,Louisiana,36,435.63,0.6097963764630431,1.0
401331172,2021,1,True,202,Tulsa,30,470.49,,295,Old Dominion,17,409.31,4.284848484848485,
401331213,2021,1,True,2751,Wyoming,52,326.65,4.717296918767507,2309,Kent State,38,357.85,0.5111111111111111,0.0
401331214,2021,1,True,21,San Diego State,38,441.63,7.507177033492823,2636,UTSA,24,508.77,2.9249107142857143,0.0
401331215,2021,1,True,349,Army,24,111.53,0.5008928571428571,142,Missouri,22,647.74,1.0576923076923077,0.0
401391158,2021,1,True,193,Miami (OH),27,378.03,,249,North Texas,14,496.31,7.333333333333333,0.0
401331216,2021,1,True,57,Florida,17,885.67,,2116,UCF,29,639.06,1.0006410256410256,1.0
401331218,2021,1,True,2050,Ball State,20,338.31,3.608802308802309,2247,Georgia State,51,413.91,1.7436324786324786,
401331219,2021,1,True,2440,Nevada,24,421.64,2.2644962180676464,2711,Western Michigan,52,396.47,,1.0
401331221,2021,1,True,2,Auburn,13,840.38,0.8212764903941374,248,Houston,17,571.21,0.5815746753246753,1.0
401331222,2021,1,True,97,Louisville,28,607.77,1.0256410256410258,2005,Air Force,31,30.32,,1.0
401331223,2021,1,True,2641,Texas Tech,34,607.1,1.2829931972789117,344,Mississippi State,7,716.17,3.52007992007992,0.0
401331224,2021,1,True,135,Minnesota,18,653.25,3.333964646464646,277,West Virginia,6,611.29,0.7139481778904856,
401331226,2021,1,True,259,Virginia Tech,10,663.78,,120,Maryland,54,705.79,3.656547619047619,
401331227,2021,1,True,66,Iowa State,13,613.6,0.5785547785547785,228,Clemson,20,935.08,4.0026620370370365,
401331228,2021,1,True,201,Oklahoma,47,895.38,0.5865384615384615,2483,Oregon,32,885.75,0.9379607765971404,
401331229,2021,1,True,2579,South Carolina,38,747.88,0.6266824085005903,153,North Carolina,21,798.29,0.9671130952380952,0.0
401331230,2021,1,True,2509,Purdue,48,644.23,0.4775998740842491,2633,Tennessee,45,780.83,0.7272893772893774,0.0
401331231,2021,1,True,127,Michigan State,31,677.07,3.05,221,Pittsburgh,21,668.67,2.9842796608276485,
401331232,2021,1,True,9,Arizona State,13,734.45,,275,Wisconsin,20,750.89,1.014360119047619,
401331233,2021,1,True,164,Rutgers,10,573.14,2.340563725490196,154,Wake Forest,38,589.19,,
401331654,2021,1,True,2117,Central Michigan,24,268.89,0.2944444444444444,265,Washington State,21,601.16,0.861111111111111,0.0
401331235,2021,1,True,333,Alabama,27,1004.04,0.6343094405594406,2132,Cincinnati,6,626.54,1.628082395545631,
401331234,2021,1,True,130,Michigan,11,832.6,3.636979166666667,61,Georgia,34,1001.79,0.251486013986014,
401331236,2021,1,True,8,Arkansas,24,722.84,1.7100000000000002,213,Penn State,10,820.72,,0.0
401331238,2021,1,True,87,Notre Dame,35,853.1,2.033989448051948,197,Oklahoma State,37,613.69,1.7764396568343936,1.0
401331237,2021,1,True,96,Kentucky,20,709.07,2.2568658905197365,2294,Iowa,17,657.39,5.977216610549943,
401331239,2021,1,True,194,Ohio State,48,985.09,0.8939285714285715,254,Utah,45,707.72,1.5086016414141414,
401331240,2021,1,True,145,Ole Miss,7,732.02,1.2606060606060607,239,Baylor,21,660.65,2.5166666666666666,1.0
401331241,2021,1,True,2306,Kansas State,42,569.65,1.3384064737005914,99,LSU,20,903.72,,0.0
401391352,2021,1,True,2449,North Dakota State,38,50.33,,147,Montana State,10,92.72,,0.0
401331242,2021,1,True,333,Alabama,18,1004.04,0.6343094405594406,61,Georgia,33,1001.79,0.251486013986014,1.0
