Id,Season,Week,NeutralSite,HomeId,HomeTeam,HomePoints,HomeTeamTalent,HomeCohesionScore,AwayId,AwayTeam,AwayPoints,AwayTeamTalent,AwayCohesionScore,UnexpectedResult
401426532,2022,1,False,98,Western Kentucky,38,495.64,5.409090909090909,2046,Austin Peay,27,121.11,,
401405059,2022,1,True,77,Northwestern,31,653.48,,158,Nebraska,28,752.12,4.537157287157287,0.0
401439512,2022,1,True,125762,Florida Memorial University,39,,,2206,Edward Waters,34,,,0.0
401413256,2022,1,False,2439,UNLV,52,368.29,1.539177489177489,304,Idaho State,21,37.08,,
401413213,2022,1,True,55,Jacksonville State,42,229.74,,2617,Stephen F. Austin,17,130.97,,
401405058,2022,1,False,356,Illinois,38,631.46,0.4672176308539945,2751,Wyoming,6,292.03,2.5880718954248367,
401404146,2022,1,False,328,Utah State,31,371.37,1.4166666666666667,41,UConn,20,239.17,,
401411090,2022,1,False,52,Florida State,47,780.76,1.144642857142857,2184,Duquesne,7,94.04,,
401423448,2022,1,True,2011,Alabama State,23,208.22,,47,Howard,13,,,0.0
401422922,2022,1,False,2382,Mercer,63,38.11,,2413,Morehead State,13,4.96,,
401426530,2022,1,False,2226,Florida Atlantic,43,550.51,1.45,2429,Charlotte,13,487.24,,
401411091,2022,1,False,153,North Carolina,56,812.94,0.7400274725274725,50,Florida A&M,24,223.82,,
401426531,2022,1,False,2638,UTEP,13,289.39,,249,North Texas,31,504.97,6.388888888888889,
401409235,2022,1,False,166,New Mexico State,12,189.37,,2440,Nevada,23,416.44,1.4598214285714286,
401403853,2022,1,False,62,Hawai'i,10,419.54,,238,Vanderbilt,63,629.76,,
401437007,2022,1,False,2424,New Mexico Highlands,18,,,2201,Eastern New Mexico,34,,,
401433043,2022,1,False,2583,Southern Connecticut State,7,,,2974,Shepherd,48,,,
401431542,2022,1,False,2392,Michigan Tech,23,,,272,Wisconsin-Platteville,13,,,0.0
401421137,2022,1,False,2097,Campbell,29,124.16,,2643,The Citadel,10,21.07,,
401430722,2022,1,False,2839,Greeneville,70,,,395,St. Augustine's,13,,,0.0
401416568,2022,1,False,2006,Akron,30,456.15,6.237261904761905,2598,St. Francis (PA),23,16.89,,
401431978,2022,1,False,2804,Chowan,3,,,122666,Wilson,17,,,
401431561,2022,1,False,129,Saginaw Valley State,72,,,455,West Virginia Wesleyan,0,,,0.0
401431571,2022,1,False,308,Ashland,31,,,587,Notre Dame College,14,,,0.0
401428480,2022,1,False,2681,Wagner,31,39.77,,2230,Fordham,48,32.71,,1.0
401432134,2022,1,False,2134,Clarion,14,,,2699,West Liberty,21,,,
401430716,2022,1,False,124180,Bluefield State,35,,,2304,Johnson C Smith,34,,,0.0
401418776,2022,1,False,282,Indiana State,17,70.29,,2453,North Alabama,14,107.8,,0.0
401432987,2022,1,False,2858,PennWest California,35,,,2986,Fairmont State,15,,,0.0
401432392,2022,1,False,132,Bemidji State,34,,,2364,Minnesota State Mankato,37,,,
401432429,2022,1,False,425,Northern State,30,,,389,Upper Iowa University,0,,,0.0
401438604,2022,1,False,2842,UVA Wise,41,,,366,Ferrum,9,,,0.0
401415610,2022,1,False,2116,UCF,56,636.16,1.12534435261708,2569,South Carolina State,10,35.03,,
401432152,2022,1,False,112335,Wheeling,25,,,611,Seton Hill,11,,,0.0
401431479,2022,1,False,2568,Southern Arkansas,62,,,2823,Northwestern Oklahoma State,31,,,0.0
401431509,2022,1,False,2402,Missouri S&T,20,,,613,South Dakota Mines,43,,,
401430702,2022,1,False,2676,Virginia Union,77,,,2355,Virginia University Of Lynchburg,0,,,0.0
401438595,2022,1,False,367,Gannon,47,,,2128,University Of Charleston (WV),13,,,0.0
401432383,2022,1,False,2830,St. Anselm,28,,,210,Millersville,10,,,0.0
401431936,2022,1,False,2687,Washburn,45,,,2876,Lincoln (MO),3,,,0.0
401431531,2022,1,False,125,Grand Valley State University,25,,,2146,Colorado School Of Mines,22,,,0.0
401431517,2022,1,False,2825,Quincy,15,,,2249,Glenville State,44,,,
401431499,2022,1,False,128,Northern Michigan,24,,,2816,McKendree,31,,,
401431484,2022,1,False,200,Southern Nazarene,26,,,2028,Arkansas-Monticello,40,,,
401431472,2022,1,False,199,Southeastern Oklahoma State,41,,,2033,Arkansas Tech,34,,,0.0
401431465,2022,1,False,319,Oklahoma Baptist,32,,,2888,Ouachita Baptist,42,,,
401431408,2022,1,False,2191,East Central (OK),12,,,2264,Harding University,29,,,
401432119,2022,1,False,341,Frostburg State,21,,,2022,American International,7,,,0.0
401455581,2022,1,False,2487,Pace,31,,,2188,East Stroudsburg University,16,,,0.0
401426533,2022,1,False,2229,Florida International,38,459.71,,2803,Bryant,37,14.59,,
401430986,2022,1,False,2398,Millsaps,21,,,2056,Belhaven,49,,,
401431214,2022,1,False,2651,Trine University,38,,,2023,Anderson (IN),0,,,0.0
401432412,2022,1,False,2817,Minnesota State Moorhead,14,,,2894,Sioux Falls,27,,,
401424414,2022,1,False,2619,Stony Brook,14,69.58,,227,Rhode Island,35,158.52,,
401432239,2022,1,False,2241,Gardner-Webb,56,19.68,,2336,Limestone,21,,,0.0
401424402,2022,1,False,160,New Hampshire,31,24.6,,2405,Monmouth,21,28.53,,0.0
401432403,2022,1,False,134,Minnesota Duluth,31,,,2587,Southwest Minnesota State,21,,,0.0
401438660,2022,1,False,6353,Lakeland,20,,,2286,Illinois College,38,,,
401441990,2022,1,False,2649,Toledo,37,498.98,,2341,Long Island University,0,,,0.0
401421156,2022,1,False,231,Furman,52,67.63,,2822,North Greenville,0,,,0.0
401418645,2022,1,False,2535,Samford,27,100.34,,338,Kennesaw State,17,22.69,,
401403864,2022,1,False,2633,Tennessee,59,764.8,0.7337301587301588,2050,Ball State,10,345.29,2.4847282347282347,
401431849,2022,1,False,2673,Valdosta State,36,,,126110,Keiser University,21,,,0.0
401416569,2022,1,False,197,Oklahoma State,58,670.53,0.7572489008303818,2117,Central Michigan,44,384.48,,
401411092,2022,1,False,221,Pittsburgh,38,654.56,2.489126559714795,277,West Virginia,31,662.57,0.5233134920634921,0.0
401420840,2022,1,False,2630,UT Martin,42,128.97,,2710,Western Illinois,25,91.95,,
401425510,2022,1,False,2193,East Tennessee State,44,74.98,,2369,Mars Hill,7,,,0.0
401411093,2022,1,False,154,Wake Forest,44,575.42,,2678,VMI,10,,,0.0
401432421,2022,1,False,3066,Concordia University St Paul,14,,,2043,Augustana University (SD),28,,,
401431591,2022,1,False,2222,Ferris State,36,,,2120,Central Washington,20,,,0.0
401431886,2022,1,False,2025,Angelo State,35,,,2123,Chadron St,0,,,0.0
401420877,2022,1,False,253,Southern Utah,44,52.58,,2900,St. Thomas (MN),13,,,0.0
401420806,2022,1,False,2110,Central Arkansas,14,82.3,,2623,Missouri State,27,251.03,,
401433087,2022,1,False,2911,William Jewell,14,,,11,Colorado Mesa,37,,,
401431926,2022,1,False,138,Northwest Missouri St,33,,,2231,Fort Hays State,19,,,0.0
401426534,2022,1,False,5,UAB,59,443.8,1.237777777777778,2010,Alabama A&M,0,293.63,,
401431457,2022,1,False,2271,Henderson State,30,,,2927,Southwestern Oklahoma State,13,,,0.0
401431915,2022,1,False,90,Pittsburg St,21,,,2118,Central Missouri,10,,,0.0
401431945,2022,1,False,2403,Missouri Southern State,7,,,2438,Nebraska-Kearney,24,,,
401432370,2022,1,False,137,Missouri Western,35,,,2122,Central Oklahoma,0,,,0.0
401432372,2022,1,False,2214,Emporia State University,42,,,196,Northeastern State,17,,,0.0
401431610,2022,1,False,2692,Weber State,41,53.15,,2848,Western Oregon,5,,,0.0
401421125,2022,1,False,2837,East Texas A&M,52,,,124179,Lincoln (CA),7,,,0.0
401426537,2022,1,False,142,Missouri,52,715.36,0.5458333333333333,2348,Louisiana Tech,24,473.76,,
401416592,2022,1,False,2459,Northern Illinois,34,409.86,,2197,Eastern Illinois,27,55.8,,
401405064,2022,1,False,2509,Purdue,31,646.08,0.5061126373626375,213,Penn State,35,830.44,,
401418782,2022,1,False,2000,Abilene Christian,28,260.16,,2320,Lamar,14,23.88,,
401420880,2022,1,False,2627,Tarleton State,29,,,2400,Mississippi Valley State,13,48.86,,0.0
401433070,2022,1,True,316,Dickinson State University,2,,,2069,Black Hills State,17,,,
401405060,2022,1,False,135,Minnesota,38,649.43,0.4863888888888888,166,New Mexico State,0,189.37,,
401403965,2022,1,False,9,Arizona State,40,670.18,,2464,Northern Arizona,3,47.14,,
401415213,2022,1,False,23,San José State,21,417.95,,2502,Portland State,17,110.5,,
401413224,2022,1,False,278,Fresno State,35,502.26,2.7113202614379084,13,Cal Poly,7,55.91,,
401433057,2022,1,False,223,West Chester,17,,,2060,Bentley,16,,,0.0
401450192,2022,1,False,2532,Salisbury,49,,,2015,Albright,0,,,0.0
401424415,2022,1,False,222,Villanova,45,15.94,,2329,Lehigh,17,11.72,,
401431040,2022,1,False,40,Curry College,20,,,109,MIT,34,,,
401438606,2022,1,False,2909,Westfield State,29,,,2884,Nichols College,30,,,
401439542,2022,1,False,402,Worcester St,21,,,2749,Worcester Polytechnic Institute,58,,,
401416590,2022,1,False,2199,Eastern Michigan,42,404.1,,2198,Eastern Kentucky,34,224.82,,
401435072,2022,1,False,2771,Merrimack,17,,,107,Holy Cross,31,,,
401426535,2022,1,False,2429,Charlotte,24,487.24,,2729,William & Mary,41,10.64,,1.0
401431107,2022,1,False,174,Hobart College,36,,,365,Alfred University,6,,,0.0
401432654,2022,1,False,2102,Carnegie Mellon,35,,,2721,Whitworth,17,,,0.0
401439539,2022,1,False,81,Springfield,42,,,2702,Western New England,14,,,0.0
401435140,2022,1,False,2383,Merchant Marine Academy,7,,,2221,FDU-Florham,17,,,
401450139,2022,1,False,111674,Reading,27,,,2667,Ursinus,59,,,
401438649,2022,1,False,114,Fitchburg State,33,,,110438,Dean College,28,,,0.0
401426330,2022,1,False,295,Old Dominion,20,438.06,2.512662337662338,259,Virginia Tech,17,640.85,1.653345139708776,0.0
401416591,2022,1,False,127,Michigan State,35,693.91,3.214285714285714,2711,Western Michigan,13,449.89,,
401436997,2022,1,False,2234,Franklin & Marshall,26,,,388,Lebanon Valley,7,,,0.0
401411094,2022,1,False,150,Duke,30,603.98,,218,Temple,0,505.48,,
401405061,2022,1,False,84,Indiana,23,680.74,1.5659681227863047,356,Illinois,20,631.46,0.4672176308539945,
401404052,2022,1,False,2305,Kansas,56,574.29,1.1422064777327936,2635,Tennessee Tech,10,43.6,,
401403966,2022,1,False,38,Colorado,13,616.28,,2628,TCU,38,712.05,,
401439546,2022,1,False,2256,Greensboro College,48,,,2258,Guilford College,37,,,0.0
401405069,2022,1,False,103,Boston College,21,664.63,,164,Rutgers,22,631.47,1.1544578134284016,1.0
401431403,2022,1,False,2368,Marist,12,,,46,Georgetown,43,,,
401411096,2022,1,False,151,East Carolina,20,494.82,6.346934315684316,152,NC State,21,686.19,0.2326664462081128,
401405066,2022,1,False,120,Maryland,31,680.22,5.0459523809523805,2084,Buffalo,10,370.96,4.211111111111111,
401411095,2022,1,False,2026,App State,61,456.66,,153,North Carolina,63,812.94,0.7400274725274725,
401415611,2022,1,False,2426,Navy,7,0.0,,48,Delaware,14,39.14,,
401450146,2022,1,False,2972,Plymouth State,20,,,293,Castleton,7,,,0.0
401403865,2022,1,False,245,Texas A&M,31,947.3,1.5131382098293862,2534,Sam Houston,0,200.06,,
401430960,2022,1,False,317,Marietta,14,,,49,Dubuque,13,,,0.0
401428336,2022,1,False,2523,Robert Morris,20,21.85,,2168,Dayton,22,,,
401405062,2022,1,False,2294,Iowa,7,681.98,6.252572463768116,2571,South Dakota State,3,5.97,,
401405067,2022,1,False,130,Michigan,51,847.24,2.4670974858474857,36,Colorado State,7,431.38,7.046783625730994,
401432790,2022,1,False,2808,Delaware Valley,22,,,2849,Westminster (PA),8,,,0.0
401432551,2022,1,False,18,Bridgewater State,14,,,175,Ithaca College,51,,,
401432740,2022,1,False,2018,Allegheny,27,,,237,Union (NY),42,,,
401445766,2022,1,False,3110,SUNY Morrisville,10,,,2871,Kean,0,,,0.0
401432616,2022,1,False,2980,Ohio Wesleyan,13,,,359,Otterbein,21,,,
401441936,2022,1,False,2781,Brockport,27,,,2967,Framingham State,7,,,0.0
401433013,2022,1,False,2038,Assumption,3,,,2315,Kutztown University,0,,,0.0
401431984,2022,1,False,2477,Ohio Dominican,28,,,2224,Findlay,14,,,0.0
401435118,2022,1,False,2782,Cortland,48,,,2746,Wittenberg,28,,,0.0
401432529,2022,1,False,2442,College Of New Jersey,31,,,323,Moravian,13,,,0.0
401438614,2022,1,False,2776,Salve Regina,7,,,2467,Norwich,0,,,0.0
401422975,2022,1,False,2127,Charleston Southern,38,28.1,,2717,Western Carolina,52,35.6,,
401431015,2022,1,False,2588,Southwestern University,7,,,2094,California Lutheran University,37,,,
401432518,2022,1,True,630,Wayland Baptist,14,,,2810,Hardin-Simmons,79,,,
401431050,2022,1,False,379,UMass Dartmouth,35,,,2280,Husson,14,,,0.0
401404147,2022,1,False,41,UConn,28,239.17,,2115,Central Connecticut,3,11.33,,
401431067,2022,1,False,2790,Albion,52,,,2106,Carthage,0,,,0.0
401431029,2022,1,False,2963,Case Western Reserve,14,,,118,Johns Hopkins University,54,,,
401422987,2022,1,False,322,Lafayette,6,22.41,,2529,Sacred Heart,0,,,0.0
401411100,2022,1,False,258,Virginia,34,625.94,2.1954545454545453,257,Richmond,17,55.5,,
401435131,2022,1,False,2700,McDaniel College,27,,,2108,Catholic,37,,,
401415209,2022,1,False,2005,Air Force,48,0.0,,2460,Northern Iowa,17,185.49,,0.0
401431866,2022,1,False,101784,ERSKINE,49,,,124110,UFTL,2,,,0.0
401437201,2022,1,False,3162,Alfred State,17,,,2969,Misericordia,14,,,0.0
401459907,2022,1,False,173,Hartwick,31,,,2951,SUNY Maritime,10,,,0.0
401432581,2022,1,False,352,Kenyon,33,,,2074,Bluffton,26,,,0.0
401433022,2022,1,True,126086,Post University,34,,,209,Lock Haven University,35,,,
401479976,2022,1,False,2310,Kentucky State,10,,,2170,Delta State,33,,,
401445128,2022,1,False,2779,St. Lawrence,0,,,452,Endicott College,27,,,
401443324,2022,1,False,2062,Bethany (WV),26,,,2274,Hiram College,16,,,0.0
401438554,2022,1,False,2042,Augustana (IL),34,,,2519,Rhodes College,28,,,0.0
401433397,2022,1,False,2528,Rensselaer,14,,,2175,Dickinson (PA),7,,,0.0
401432772,2022,1,False,146,Grove City College,63,,,246,Juniata College,6,,,0.0
401432543,2022,1,False,417,Gallaudet,14,,,2845,Waynesburg,52,,,
401431274,2022,1,False,2891,Ripon,13,,,2832,St. Norbert,10,,,0.0
401432726,2022,1,False,291,Methodist,10,,,2828,Shenandoah,27,,,
401432623,2022,1,False,89,Wabash College,52,,,297,Hampden-Sydney,48,,,0.0
401431150,2022,1,False,2354,Lycoming,16,,,216,Susquehanna,45,,,
401431143,2022,1,False,83,Depauw,17,,,86,Rose-Hulman,14,,,0.0
401431194,2022,1,False,427,Ohio Northern,13,,,2800,Alma,16,,,
401431255,2022,1,False,2524,Rockford,41,,,266,Beloit,14,,,0.0
401431206,2022,1,False,126,Kalamazoo,21,,,391,Oberlin,14,,,0.0
401432817,2022,1,False,2553,Sewanee,50,,,375,St. Scholastica,0,,,0.0
401439531,2022,1,False,2614,Saint Vincent,21,,,471,Stevenson,25,,,
401445793,2022,1,False,2970,William Paterson,28,,,2843,Western Connecticut St,7,,,0.0
401441945,2022,1,False,122774,Keystone,21,,,398,Wilkes,48,,,
401441262,2022,1,False,2818,Montclair State,27,,,2644,Thiel,6,,,0.0
401439518,2022,1,False,374,St John Fisher University,62,,,2085,Buffalo State,21,,,0.0
401438685,2022,1,False,2725,Widener,20,,,2827,Rowan,42,,,
401438672,2022,1,False,2248,Gettysburg,14,,,2079,Bridgewater (VA),29,,,
401432671,2022,1,False,2686,Washington & Jefferson,35,,,2302,John Carroll University,26,,,0.0
401423136,2022,1,False,2086,Butler,31,,,125730,St. Thomas University (Fl),26,,,0.0
401430951,2022,1,False,2141,Coe College,56,,,2155,Cornell College (IA),7,,,0.0
401431551,2022,1,False,2886,Northwood (MI),55,,,2316,Kentucky Wesleyan,13,,,0.0
401438225,2022,1,True,112334,Franklin Pierce,7,,,2205,Edinboro University,10,,,
401431525,2022,1,False,2654,Truman State,19,,,110254,Davenport,20,,,
401431840,2022,1,False,2913,Brevard College,6,,,2560,Shorter,45,,,
401431202,2022,1,False,2812,Hope College,38,,,2044,Aurora,34,,,0.0
401430968,2022,1,False,67,Luther,6,,,597,Presentation,29,,,
401433049,2022,1,False,2707,West Virginia State,29,,,2559,Shippensburg,6,,,0.0
401432110,2022,1,False,2213,Emory & Henry College,20,,,2148,Concord University,27,,,
401429850,2022,1,False,2075,Bowie State,27,,,2441,New Haven,20,,,0.0
401431136,2022,1,False,2419,Mount St. Joseph,31,,,188,Baldwin Wallace,28,,,0.0
401431059,2022,1,False,2557,Coast Guard,10,,,111675,Biddeford,17,,,
401432680,2022,1,False,426,University of Mount Union,65,,,190,Defiance College,0,,,0.0
401413214,2022,1,False,55,Jacksonville State,35,229.74,,2166,Davidson,17,,,0.0
401445818,2022,1,False,2071,Bloomsburg,30,,,284,Stonehill,33,,,
401431318,2022,1,False,2151,Concordia University Chicago,14,,,80,Chicago,34,,,
401432560,2022,1,False,446,Martin Luther,14,,,409,Concordia-Wisconsin,35,,,
401435346,2022,1,False,271,Wisconsin-Oshkosh,52,,,2194,East Texas Baptist University,13,,,0.0
401432810,2022,1,False,418,Hendrix College,20,,,2045,Austin,0,,,0.0
401432975,2022,1,False,568,Minot State,10,,,2851,Winona State,24,,,
401435103,2022,1,False,2600,Saint John's (MN),24,,,2745,Wisconsin-Whitewater,10,,,0.0
401430996,2022,1,False,2639,Texas Lutheran,45,,,2758,Howard Payne,59,,,
401435059,2022,1,False,74,Millikin,28,,,2257,Greenville,14,,,0.0
401431821,2022,1,False,2682,Walsh,0,,,2838,Tiffin,42,,,
401432514,2022,1,False,2738,Wisconsin-Eau Claire,30,,,263,Loras College,27,,,0.0
401431246,2022,1,False,2802,Bethel (MN),41,,,2486,Pacific Lutheran,9,,,0.0
401432793,2022,1,False,2373,Maryville College (TN),24,,,2757,Berry College,31,,,
401431298,2022,1,False,262,Lake Forest College,42,,,2741,Wisconsin-Lutheran,7,,,0.0
401430975,2022,1,False,101,Eureka College,6,,,6845,Nebraska Wesleyan,31,,,
401433408,2022,1,True,241,McMurry,9,,,3,Birmingham-Southern,26,,,
401420822,2022,1,False,2754,Youngstown State,31,94.39,,2184,Duquesne,14,94.04,,
401431293,2022,1,False,255,Knox College,26,,,433,Westminster College (MO),0,,,0.0
401425513,2022,1,False,2169,Delaware State,34,,,2339,Lincoln (PA),0,,,0.0
401431117,2022,1,False,354,Olivet College,35,,,2233,Franklin,31,,,0.0
401431077,2022,1,False,72,Elmhurst,0,,,2723,Wisconsin-River Falls,63,,,
401432510,2022,1,False,2964,Central College,44,,,133,St. Olaf,13,,,0.0
401404057,2022,1,False,66,Iowa State,42,590.43,0.4739427239427239,2546,Southeast Missouri State,10,26.12,,
401403971,2022,1,False,26,UCLA,45,733.3,5.077777777777778,189,Bowling Green,17,415.08,0.5232993197278911,
401413333,2022,1,False,149,Montana,47,110.64,,2466,Northwestern State,0,134.66,,0.0
401431579,2022,1,False,437,Lake Erie,31,,,2273,Hillsdale,35,,,
401438680,2022,1,False,2930,Willamette,21,,,2923,Pomona Pitzer,44,,,
401426542,2022,1,False,2636,UTSA,35,515.76,2.2285714285714286,248,Houston,37,629.12,0.4473339160839161,
401415015,2022,1,False,276,Marshall,55,455.3,2.670734126984127,2450,Norfolk State,3,61.79,,
401403858,2022,1,True,61,Georgia,49,989.76,0.3255883005883005,2483,Oregon,3,877.93,0.909687786960514,
401403967,2022,1,False,21,San Diego State,20,372.29,3.430394167236273,12,Arizona,38,652.06,1.8991071428571429,
401411097,2022,1,False,2390,Miami,70,854.72,3.992261904761905,2065,Bethune-Cookman,13,205.68,,
401420836,2022,1,False,2449,North Dakota State,56,25.18,,2181,Drake,14,,,0.0
401426541,2022,1,False,201,Oklahoma,45,870.34,1.8228014409832591,2638,UTEP,13,289.39,,
401415211,2022,1,False,2751,Wyoming,40,292.03,2.5880718954248367,202,Tulsa,37,485.87,,0.0
401405063,2022,1,False,158,Nebraska,38,752.12,4.537157287157287,155,North Dakota,17,,,0.0
401403855,2022,1,False,8,Arkansas,31,741.06,0.6238636363636363,2132,Cincinnati,24,650.89,2.501682692307692,
401413236,2022,1,False,331,Eastern Washington,36,73.36,,2634,Tennessee State,29,194.56,,0.0
401439513,2022,1,False,2206,Edward Waters,34,,,2805,Clark Atlanta,39,,,
401430671,2022,1,False,2551,Shaw,7,,,351,Wingate,21,,,
401445811,2022,1,False,2333,Lewis & Clark College,41,,,2508,Puget Sound,15,,,0.0
401415176,2022,1,False,2458,Northern Colorado,34,227.83,,2277,Houston Christian,46,5.41,,1.0
401415612,2022,1,False,58,South Florida,21,574.32,,252,BYU,50,415.19,,1.0
401403968,2022,1,False,25,California,34,653.31,1.1062748015873016,302,UC Davis,13,103.7,,
401403860,2022,1,False,145,Ole Miss,28,757.39,0.5958874458874459,2653,Troy,10,464.3,2.5310763888888888,
401432888,2022,1,False,2740,Wisconsin-Lacrosse,42,,,512,Dakota State University,7,,,0.0
401421116,2022,1,False,6,South Alabama,48,466.34,1.1366666666666667,2447,Nicholls,7,100.39,,
401415212,2022,1,False,2440,Nevada,38,416.44,1.4598214285714286,326,Texas State,14,464.66,,0.0
401432331,2022,1,False,2444,Newberry,40,,,2019,Allen,6,,,0.0
401420777,2022,1,False,290,Georgia Southern,59,414.14,0.574793956043956,2415,Morgan State,7,28.0,,
401426536,2022,1,False,195,Ohio,41,365.74,,2226,Florida Atlantic,38,550.51,1.45,0.0
401426538,2022,1,False,256,James Madison,44,104.24,8.083333333333332,2393,Middle Tennessee,7,425.43,,0.0
401426540,2022,1,False,30,USC,66,860.12,,242,Rice,14,441.93,,
401432880,2022,1,False,2516,Randolph-Macon,49,,,286,North Carolina Wesleyan,7,,,0.0
401430921,2022,1,False,63,Buena Vista,20,,,2968,Gustavus Adolphus,62,,,
401430695,2022,1,False,2331,Lenoir-Rhyne,38,,,330,Virginia St,19,,,0.0
401424417,2022,1,False,2261,Hampton,31,69.24,,47,Howard,28,,,0.0
401455583,2022,1,True,109418,Finlandia University,7,,,2283,Benedictine University,52,,,
401423449,2022,1,False,2011,Alabama State,21,208.22,,2396,Miles College,13,,,0.0
401431489,2022,1,False,2292,Indianapolis,57,,,2615,St. Xavier IL,0,,,0.0
401431566,2022,1,False,215,Slippery Rock,42,,,131,Wayne State (MI),10,,,0.0
401431854,2022,1,False,60,Morehouse College,16,,,2695,West Alabama,24,,,
401429860,2022,1,False,490,Benedict College,52,,,2207,Elizabeth City State,14,,,0.0
401413203,2022,1,False,236,Chattanooga,31,237.41,,2747,Wofford,0,17.85,,
401422978,2022,1,False,2083,Bucknell,13,,,119,Towson,14,178.36,,
401432090,2022,1,False,2017,Alderson-Broaddus,28,,,2385,Mercyhurst,45,,,
401423411,2022,1,False,56,Stetson,24,,,2985,Concordia-Michigan,14,,,0.0
401432628,2022,1,False,2688,Washington and Lee,3,,,3112,Christopher Newport,9,,,
401444470,2022,1,False,2940,Livingstone,19,,,2107,Catawba,44,,,
401431863,2022,1,False,2698,West Georgia,38,,,2105,Carson-Newman College,7,,,0.0
401432436,2022,1,False,559,University of Mary,28,,,2844,Wayne State (NE),33,,,
401435180,2022,1,False,2171,Denison University,48,,,424,Capital,31,,,0.0
401431860,2022,1,True,110242,West Florida,52,,,2683,Warner University,3,,,0.0
401420873,2022,1,False,2016,Alcorn State,27,62.59,,2617,Stephen F. Austin,31,130.97,,
401420846,2022,1,False,2916,Incarnate Word,64,40.89,3.9404761904761902,79,Southern Illinois,29,183.5,,0.0
401431894,2022,1,False,2395,Midwestern State,27,,,2570,CSU Pueblo,59,,,
401431094,2022,1,False,75,North Park,14,,,2362,Manchester,23,,,
401466246,2022,1,False,2674,Valparaiso,20,11.85,,111756,Indiana Wesleyan,17,,,0.0
401423925,2022,1,False,2582,Southern,86,178.64,,125762,Florida Memorial University,0,,,0.0
401441340,2022,1,False,2896,Southern Virginia,27,,,2733,Wilmington (OH),52,,,
401414778,2022,1,False,2655,Tulane,42,521.86,0.6666666666666667,113,Massachusetts,10,292.14,,
401404157,2022,1,False,2572,Southern Miss,27,478.97,2.071309523809524,2335,Liberty,29,161.88,2.246060606060606,1.0
401405065,2022,1,False,275,Wisconsin,38,744.44,0.6856569900687548,2287,Illinois State,0,92.75,,
401424416,2022,1,False,239,Baylor,69,666.05,,399,UAlbany,10,92.55,,
401425418,2022,1,False,2032,Arkansas State,58,471.65,5.3717171717171714,2755,Grambling,3,221.26,,
401430708,2022,1,False,2220,Fayetteville State,15,,,2882,UNC Pembroke,13,,,0.0
401435063,2022,1,False,390,Utica,43,,,184,University of Rochester (NY),28,,,0.0
401431006,2022,1,False,386,Trinity University TX,55,,,2834,Sul Ross State,7,,,0.0
401431178,2022,1,False,191,Heidelberg,31,,,2003,Adrian,0,,,0.0
401403866,2022,1,False,238,Vanderbilt,42,629.76,,2210,Elon,31,64.96,,
401432646,2022,1,False,2938,Huntingdon College (AL),34,,,203,Linfield College,41,,,
401403857,2022,1,False,57,Florida,29,856.95,1.0608405483405483,254,Utah,26,705.12,2.9010404368358915,
401403859,2022,1,False,96,Kentucky,37,737.33,4.5447366359131065,193,Miami (OH),13,397.26,,
401435213,2022,1,False,2743,Wisconsin-Stevens Pt,24,,,561,Mayville State,31,,,
401404134,2022,1,False,324,Coastal Carolina,38,446.58,,349,Army,28,17.27,,
401432323,2022,1,False,2013,Albany State GA,28,,,2401,Mississippi College,14,,,0.0
401432524,2022,1,False,2371,Mary Hardin-Baylor,62,,,2422,Muhlenberg,13,,,0.0
401404056,2022,1,False,2306,Kansas State,34,584.68,1.395028011204482,233,South Dakota,0,51.92,,
401418609,2022,1,False,2046,Austin Peay,63,121.11,,2506,Presbyterian,0,,,0.0
401403856,2022,1,False,2,Auburn,42,783.87,0.8044200244200244,2382,Mercer,16,38.11,,
401431906,2022,1,False,110243,UT Permian Basin,17,,,2586,Southwest Baptist,41,,,
401421121,2022,1,False,309,Louisiana,24,458.15,4.193333333333333,2545,SE Louisiana,7,166.75,,
401424943,2022,1,False,2029,Arkansas-Pine Bluff,48,20.54,,2323,Lane College,42,,,0.0
401423918,2022,1,False,2504,Prairie View A&M,40,56.88,,2640,Texas Southern,23,54.59,,
401435106,2022,1,False,2399,Minnesota Morris,24,,,2359,Macalester,45,,,
401403854,2022,1,False,333,Alabama,55,1016.79,0.9163607226107224,328,Utah State,0,371.37,1.4166666666666667,
401420797,2022,1,True,2428,North Carolina Central,28,51.95,,2448,North Carolina A&T,13,142.63,,0.0
401403861,2022,1,False,344,Mississippi State,49,725.55,1.7977002164502165,235,Memphis,23,533.26,1.0242424242424242,
401432765,2022,1,False,2242,Geneva,25,,,2748,Wooster,33,,,
401426539,2022,1,False,249,North Texas,10,504.97,6.388888888888889,2567,SMU,48,598.49,,
401404124,2022,1,False,194,Ohio State,21,983.14,0.7855113636363636,87,Notre Dame,10,866.48,,
401403863,2022,1,False,2579,South Carolina,35,762.63,0.673120818575364,2247,Georgia State,14,471.84,2.9684294871794874,
401415210,2022,1,False,167,New Mexico,41,312.79,3.906837606837607,311,Maine,0,54.69,,
401404059,2022,1,False,251,Texas,52,887.45,1.4521464646464646,2433,UL Monroe,10,348.53,,
401431911,2022,1,False,2714,Western Colorado,6,,,2704,West Texas A&M,44,,,
401413340,2022,1,False,147,Montana State,40,98.27,,2377,McNeese,17,155.54,,0.0
401403970,2022,1,False,24,Stanford,41,757.81,0.7436868686868686,2142,Colgate,10,14.43,,
401439762,2022,1,False,583,Northwestern (MN),15,,,124,Augsburg,23,,,
401411099,2022,1,False,183,Syracuse,31,590.36,3.778409090909091,97,Louisville,7,625.42,0.5642765567765567,0.0
401404055,2022,1,False,2641,Texas Tech,63,660.31,4.715952380952381,93,Murray State,10,56.27,,
401430981,2022,1,False,2919,Monmouth (IL),7,,,2685,Wartburg,34,,,
401431240,2022,1,False,509,Crown College,14,,,162,Hamline University,39,,,
401431901,2022,1,False,2658,Texas A&M-Kingsville,60,,,123086,North American University,0,,,0.0
401433060,2022,1,False,2703,Western New Mexico,34,,,2001,Adams State,20,,,0.0
401432189,2022,1,False,301,San Diego,58,43.29,,2318,La Verne,0,,,0.0
401403974,2022,1,False,265,Washington State,24,570.94,0.9512385762385764,70,Idaho,17,82.22,,
401435149,2022,1,False,411,Chapman,42,,,205,Pacific (OR),21,,,0.0
401432637,2022,1,False,415,NEWBERG,38,,,29,Redlands,31,,,0.0
401403969,2022,1,False,204,Oregon State,34,635.88,0.7186577964519141,68,Boise State,17,533.92,2.3264957264957267,
401420855,2022,1,False,16,Sacramento State,56,96.08,,3101,Utah Tech,33,,,0.0
401403973,2022,1,False,264,Washington,45,761.72,1.4903846153846154,2309,Kent State,20,386.94,0.3833333333333333,
401426543,2022,1,False,62,Hawai'i,17,419.54,,98,Western Kentucky,49,495.64,5.409090909090909,
401431127,2022,1,False,2262,Hanover College,29,,,2121,Centre College Kentucky,31,,,
401424947,2022,1,True,2296,Jackson State,59,590.92,11.275,50,Florida A&M,3,223.82,,
401431983,2022,1,True,2119,Central State (OH),41,,,2736,Winston-Salem,21,,,0.0
401432363,2022,1,True,2657,Tuskegee,6,,,2232,Fort Valley State,21,,,
401403867,2022,1,True,52,Florida State,24,780.76,1.144642857142857,99,LSU,23,872.61,0.7972622863247864,0.0
401411101,2022,1,True,59,Georgia Tech,10,715.48,0.586791958041958,228,Clemson,41,943.0,3.0264484126984126,
401432091,2022,2,False,2699,West Liberty,30,,,2017,Alderson-Broaddus,17,,,0.0
401431518,2022,2,False,2825,Quincy,53,,,2907,Trinity International (IL),14,,,0.0
401446231,2022,2,False,2986,Fairmont State,38,,,2128,University Of Charleston (WV),40,,,
401420807,2022,2,False,2623,Missouri State,35,251.03,,2630,UT Martin,30,128.97,,
401431916,2022,2,False,2118,Central Missouri,32,,,2687,Washburn,40,,,
401431927,2022,2,False,2231,Fort Hays State,19,,,137,Missouri Western,35,,,
401431953,2022,2,False,2438,Nebraska-Kearney,28,,,90,Pittsburg St,35,,,
401432371,2022,2,False,2122,Central Oklahoma,21,,,2214,Emporia State University,13,,,0.0
401438633,2022,2,False,2221,FDU-Florham,28,,,2970,William Paterson,21,,,0.0
401438607,2022,2,False,2884,Nichols College,71,,,110438,Dean College,55,,,0.0
401431160,2022,2,False,2951,SUNY Maritime,17,,,110,Mass Maritime,14,,,0.0
401439543,2022,2,False,2749,Worcester Polytechnic Institute,0,,,452,Endicott College,24,,,
401435073,2022,2,False,2771,Merrimack,45,,,2038,Assumption,17,,,0.0
401415613,2022,2,False,2116,UCF,14,636.16,1.12534435261708,97,Louisville,20,625.42,0.5642765567765567,1.0
401415214,2022,2,False,167,New Mexico,14,312.79,3.906837606837607,68,Boise State,31,533.92,2.3264957264957267,
401431170,2022,2,False,15,Anna Maria College,63,,,379,UMass Dartmouth,48,,,0.0
401433030,2022,2,False,210,Millersville,10,,,367,Gannon,16,,,
401432572,2022,2,False,2274,Hiram College,21,,,2748,Wooster,49,,,
401426553,2022,2,False,349,Army,38,17.27,,2636,UTSA,41,515.76,2.2285714285714286,
401456475,2022,2,False,2560,Shorter,34,,,2107,Catawba,21,,,0.0
401438686,2022,2,False,81,Springfield,35,,,2827,Rowan,38,,,
401432589,2022,2,False,391,Oberlin,35,,,111674,Reading,38,,,
401435064,2022,2,False,390,Utica,21,,,2871,Kean,15,,,0.0
401431108,2022,2,False,365,Alfred University,37,,,2419,Mount St. Joseph,43,,,
401445816,2022,2,False,2184,Duquesne,34,94.04,,2646,Thomas More College,14,,,0.0
401403868,2022,2,False,251,Texas,19,887.45,1.4521464646464646,333,Alabama,20,1016.79,0.9163607226107224,
401403879,2022,2,False,238,Vanderbilt,25,629.76,,154,Wake Forest,45,575.42,,1.0
401405071,2022,2,False,135,Minnesota,62,649.43,0.4863888888888888,2710,Western Illinois,10,91.95,,
401405073,2022,2,False,77,Northwestern,23,653.48,,150,Duke,31,603.98,,1.0
401411103,2022,2,False,2247,Georgia State,28,471.84,2.9684294871794874,153,North Carolina,35,812.94,0.7400274725274725,
401411105,2022,2,False,2390,Miami,30,854.72,3.992261904761905,2572,Southern Miss,7,478.97,2.071309523809524,
401439519,2022,2,False,2967,Framingham State,31,,,374,St John Fisher University,20,,,0.0
401441941,2022,2,False,2782,Cortland,63,,,2442,College Of New Jersey,7,,,0.0
401433044,2022,2,False,2974,Shepherd,41,,,2205,Edinboro University,7,,,0.0
401432694,2022,2,False,359,Otterbein,7,,,191,Heidelberg,34,,,
401441263,2022,2,False,2818,Montclair State,6,,,2808,Delaware Valley,14,,,
401438666,2022,2,False,2467,Norwich,19,,,2779,St. Lawrence,30,,,
401405079,2022,2,False,194,Ohio State,45,983.14,0.7855113636363636,2032,Arkansas State,12,471.65,5.3717171717171714,
401432146,2022,2,False,2882,UNC Pembroke,50,,,455,West Virginia Wesleyan,26,,,0.0
401405080,2022,2,False,213,Penn State,46,830.44,,195,Ohio,10,365.74,,
401431187,2022,2,False,2790,Albion,51,,,2074,Bluffton,2,,,0.0
401432127,2022,2,False,587,Notre Dame College,27,,,112335,Wheeling,14,,,0.0
401432988,2022,2,False,2315,Kutztown University,24,,,2858,PennWest California,19,,,0.0
401431051,2022,2,False,2280,Husson,0,,,2972,Plymouth State,17,,,
401433053,2022,2,False,223,West Chester,14,,,215,Slippery Rock,35,,,
401403869,2022,2,False,8,Arkansas,44,741.06,0.6238636363636363,2579,South Carolina,30,762.63,0.673120818575364,0.0
401445801,2022,2,True,125974,Hilbert College,0,,,2171,Denison University,63,,,
401403876,2022,2,False,2306,Kansas State,40,584.68,1.395028011204482,142,Missouri,12,715.36,0.5458333333333333,0.0
401411106,2022,2,False,152,NC State,55,686.19,0.2326664462081128,2127,Charleston Southern,3,28.1,,
401432709,2022,2,False,366,Ferrum,3,,,332,Muskingum University,31,,,
401432749,2022,2,False,2528,Rensselaer,7,,,2102,Carnegie Mellon,10,,,
401432780,2022,2,False,2614,Saint Vincent,21,,,2686,Washington & Jefferson,52,,,
401416597,2022,2,False,2117,Central Michigan,24,384.48,,6,South Alabama,38,466.34,1.1366666666666667,
401460111,2022,2,False,173,Hartwick,10,,,247,Kings College (PA),17,,,
401460113,2022,2,False,109,MIT,10,,,2776,Salve Regina,13,,,
401437185,2022,2,False,2441,New Haven,31,,,2583,Southern Connecticut State,26,,,0.0
401437045,2022,2,True,2232,Fort Valley State,9,,,2310,Kentucky State,7,,,0.0
401431822,2022,2,False,2838,Tiffin,28,,,2477,Ohio Dominican,13,,,0.0
401443110,2022,2,False,2422,Muhlenberg,34,,,2175,Dickinson (PA),21,,,0.0
401431207,2022,2,False,126,Kalamazoo,24,,,352,Kenyon,21,,,0.0
401439532,2022,2,False,471,Stevenson,35,,,2532,Salisbury,21,,,0.0
401441946,2022,2,False,2969,Misericordia,38,,,122774,Keystone,20,,,0.0
401432718,2022,2,False,297,Hampden-Sydney,27,,,2725,Widener,31,,,
401441952,2022,2,False,2702,Western New England,38,,,2909,Westfield State,14,,,0.0
401431211,2022,2,False,354,Olivet College,54,,,101,Eureka College,14,,,0.0
401424423,2022,2,False,2341,Long Island University,21,,,222,Villanova,38,15.94,,
401429851,2022,2,False,129,Saginaw Valley State,40,,,2075,Bowie State,12,,,0.0
401431151,2022,2,False,388,Lebanon Valley,20,,,2354,Lycoming,21,,,
401432120,2022,2,False,341,Frostburg State,18,,,2707,West Virginia State,7,,,0.0
401432766,2022,2,False,146,Grove City College,55,,,2242,Geneva,17,,,0.0
401438226,2022,2,False,2105,Carson-Newman College,27,,,112334,Franklin Pierce,6,,,0.0
401439527,2022,2,False,237,Union (NY),76,,,402,Worcester St,7,,,0.0
401445123,2022,2,False,246,Juniata College,19,,,2700,McDaniel College,35,,,
401430686,2022,2,False,2119,Central State (OH),21,,,2339,Lincoln (PA),26,,,
401435132,2022,2,False,2108,Catholic,7,,,2516,Randolph-Macon,41,,,
401433071,2022,2,False,2069,Black Hills State,38,,,2911,William Jewell,19,,,0.0
401431060,2022,2,False,111675,Biddeford,38,,,18,Bridgewater State,23,,,0.0
401432741,2022,2,False,2644,Thiel,6,,,2018,Allegheny,34,,,
401433116,2022,2,False,2331,Lenoir-Rhyne,5,,,2222,Ferris State,27,,,
401433037,2022,2,False,2559,Shippensburg,36,,,611,Seton Hill,17,,,0.0
401432791,2022,2,False,2849,Westminster (PA),42,,,2062,Bethany (WV),3,,,0.0
401431319,2022,2,False,2151,Concordia University Chicago,45,,,109418,Finlandia University,7,,,0.0
401431405,2022,2,False,2506,Presbyterian,21,,,2355,Virginia University Of Lynchburg,13,,,0.0
401424403,2022,2,False,2405,Monmouth,49,28.53,,2230,Fordham,52,32.71,,
401442043,2022,2,False,284,Stonehill,76,,,126086,Post University,0,,,0.0
401424421,2022,2,False,311,Maine,18,54.69,,2142,Colgate,21,14.43,,1.0
401456234,2022,2,False,2886,Northwood (MI),38,,,126146,Madonna University,0,,,0.0
401431815,2022,2,False,128,Northern Michigan,13,,,271,Wisconsin-Oshkosh,10,,,0.0
401431979,2022,2,False,2804,Chowan,21,,,2839,Greeneville,23,,,
401438177,2022,2,False,2401,Mississippi College,26,,,126110,Keiser University,8,,,0.0
401430723,2022,2,False,395,St. Augustine's,14,,,2336,Limestone,73,,,
401431128,2022,2,False,2003,Adrian,33,,,2262,Hanover College,0,,,0.0
401432111,2022,2,False,2148,Concord University,21,,,2249,Glenville State,7,,,0.0
401430952,2022,2,False,2812,Hope College,33,,,2141,Coe College,24,,,0.0
401432734,2022,2,False,2553,Sewanee,0,,,2688,Washington and Lee,44,,,
401432758,2022,2,False,2845,Waynesburg,31,,,2963,Case Western Reserve,45,,,
401431030,2022,2,False,2667,Ursinus,29,,,118,Johns Hopkins University,36,,,
401431086,2022,2,False,89,Wabash College,12,,,3071,North Central College,56,,,
401432552,2022,2,False,175,Ithaca College,24,,,2781,Brockport,0,,,0.0
401432525,2022,2,False,2745,Wisconsin-Whitewater,28,,,2371,Mary Hardin-Baylor,24,,,0.0
401432530,2022,2,False,323,Moravian,43,,,2248,Gettysburg,28,,,0.0
401432544,2022,2,False,417,Gallaudet,31,,,2256,Greensboro College,14,,,0.0
401437208,2022,2,False,3110,SUNY Morrisville,24,,,174,Hobart College,13,,,0.0
401436998,2022,2,False,216,Susquehanna,39,,,2234,Franklin & Marshall,36,,,0.0
401431041,2022,2,False,2557,Coast Guard,22,,,40,Curry College,16,,,0.0
401432662,2022,2,False,2733,Wilmington (OH),12,,,188,Baldwin Wallace,13,,,
401403982,2022,2,False,254,Utah,73,705.12,2.9010404368358915,253,Southern Utah,7,52.58,,
401422972,2022,2,False,2678,VMI,24,,,2083,Bucknell,14,,,0.0
401435188,2022,2,False,2045,Austin,7,,,2519,Rhodes College,23,,,
401432811,2022,2,False,143,Washington University (St. Louis),52,,,418,Hendrix College,7,,,0.0
401432617,2022,2,False,306,Illinois Wesleyan,45,,,2980,Ohio Wesleyan,21,,,0.0
401428484,2022,2,False,2900,St. Thomas (MN),32,,,2392,Michigan Tech,6,,,0.0
401431526,2022,2,False,613,South Dakota Mines,20,,,2654,Truman State,27,,,
401423152,2022,2,False,2181,Drake,14,,,2402,Missouri S&T,17,,,
401415614,2022,2,False,218,Temple,30,505.48,,322,Lafayette,14,22.41,,
401432961,2022,2,False,2894,Sioux Falls,34,,,568,Minot State,0,,,0.0
401416594,2022,2,False,2050,Ball State,30,345.29,2.4847282347282347,2711,Western Michigan,37,449.89,,
401433409,2022,2,False,241,McMurry,13,,,2398,Millsaps,27,,,
401431302,2022,2,False,2832,St. Norbert,21,,,2743,Wisconsin-Stevens Pt,14,,,0.0
401435054,2022,2,False,2237,Fort Lewis,12,,,108358,Phoenix,52,,,
401432837,2022,2,False,2101,Carleton,84,,,509,Crown College,20,,,0.0
401431887,2022,2,False,2146,Colorado School Of Mines,27,,,2025,Angelo State,30,,,
401435104,2022,2,False,2600,Saint John's (MN),37,,,2723,Wisconsin-River Falls,34,,,0.0
401438673,2022,2,False,2079,Bridgewater (VA),58,,,2896,Southern Virginia,10,,,0.0
401431118,2022,2,False,2044,Aurora,49,,,2233,Franklin,16,,,0.0
401430969,2022,2,False,133,St. Olaf,55,,,67,Luther,27,,,0.0
401431288,2022,2,False,65,Grinnell,0,,,2919,Monmouth (IL),48,,,
401430922,2022,2,False,6353,Lakeland,34,,,63,Buena Vista,41,,,
401435108,2022,2,False,2286,Illinois College,14,,,80,Chicago,40,,,
401431500,2022,2,False,2816,McKendree,34,,,2170,Delta State,58,,,
401431256,2022,2,False,266,Beloit,14,,,2155,Cornell College (IA),35,,,
401432977,2022,2,False,2071,Bloomsburg,42,,,2134,Clarion,3,,,0.0
401432393,2022,2,False,2043,Augustana University (SD),30,,,132,Bemidji State,29,,,0.0
401431241,2022,2,False,162,Hamline University,34,,,2399,Minnesota Morris,21,,,0.0
401431247,2022,2,False,272,Wisconsin-Platteville,10,,,2802,Bethel (MN),7,,,0.0
401420823,2022,2,False,2754,Youngstown State,49,94.39,,2168,Dayton,16,,,0.0
401432511,2022,2,False,2964,Central College,31,,,2738,Wisconsin-Eau Claire,13,,,0.0
401432437,2022,2,False,2851,Winona State,25,,,559,University of Mary,17,,,0.0
401435110,2022,2,False,2257,Greenville,40,,,2524,Rockford,30,,,0.0
401432561,2022,2,False,409,Concordia-Wisconsin,28,,,583,Northwestern (MN),14,,,0.0
401438650,2022,2,False,293,Castleton,48,,,114,Fitchburg State,0,,,0.0
401430976,2022,2,True,561,Mayville State,55,,,6845,Nebraska Wesleyan,48,,,0.0
401432863,2022,2,False,433,Westminster College (MO),6,,,2295,Iowa Wesleyan,41,,,
401404125,2022,2,False,87,Notre Dame,21,866.48,,276,Marshall,26,455.3,2.670734126984127,1.0
401438681,2022,2,False,2930,Willamette,26,,,2318,La Verne,14,,,0.0
401445794,2022,2,False,2015,Albright,14,,,2843,Western Connecticut St,28,,,
401432384,2022,2,False,2830,St. Anselm,56,,,2022,American International,7,,,0.0
401431937,2022,2,False,2876,Lincoln (MO),20,,,138,Northwest Missouri St,58,,,
401432340,2022,2,False,2323,Lane College,0,,,490,Benedict College,14,,,
401411102,2022,2,False,228,Clemson,35,943.0,3.0264484126984126,231,Furman,12,67.63,,
401413334,2022,2,False,149,Montana,24,110.64,,233,South Dakota,7,51.92,,
401426545,2022,2,False,2429,Charlotte,21,487.24,,120,Maryland,56,680.22,5.0459523809523805,
401420837,2022,2,False,2449,North Dakota State,43,25.18,,2448,North Carolina A&T,3,142.63,,0.0
401413341,2022,2,False,147,Montana State,63,98.27,,2413,Morehead State,13,4.96,,
401403878,2022,2,False,245,Texas A&M,14,947.3,1.5131382098293862,2026,App State,17,456.66,,1.0
401415619,2022,2,False,2132,Cincinnati,63,650.89,2.501682692307692,338,Kennesaw State,10,22.69,,
401403984,2022,2,False,275,Wisconsin,14,744.44,0.6856569900687548,265,Washington State,17,570.94,0.9512385762385764,1.0
401415617,2022,2,False,2426,Navy,13,0.0,,235,Memphis,37,533.26,1.0242424242424242,
401403877,2022,2,False,221,Pittsburgh,27,654.56,2.489126559714795,2633,Tennessee,34,764.8,0.7337301587301588,
401403977,2022,2,False,2005,Air Force,41,0.0,,38,Colorado,10,616.28,,0.0
401405074,2022,2,False,2509,Purdue,56,646.08,0.5061126373626375,282,Indiana State,0,70.29,,
401403872,2022,2,False,61,Georgia,33,989.76,0.3255883005883005,2535,Samford,0,100.34,,
401405070,2022,2,False,356,Illinois,24,631.46,0.4672176308539945,258,Virginia,3,625.94,2.1954545454545453,
401403976,2022,2,False,25,California,20,653.31,1.1062748015873016,2439,UNLV,14,368.29,1.539177489177489,
401424936,2022,2,False,2065,Bethune-Cookman,9,205.68,,2569,South Carolina State,33,35.03,,1.0
401432655,2022,2,False,2721,Whitworth,33,,,2202,Eastern Oregon,7,,,0.0
401405078,2022,2,False,127,Michigan State,52,693.91,3.214285714285714,2006,Akron,0,456.15,6.237261904761905,
401418630,2022,2,False,2046,Austin Peay,41,121.11,,2400,Mississippi Valley State,0,48.86,,
401404063,2022,2,False,2641,Texas Tech,33,660.31,4.715952380952381,248,Houston,30,629.12,0.4473339160839161,
401426548,2022,2,False,36,Colorado State,19,431.38,7.046783625730994,2393,Middle Tennessee,34,425.43,,1.0
401420788,2022,2,False,256,James Madison,63,104.24,8.083333333333332,2450,Norfolk State,7,61.79,,
401405081,2022,2,False,164,Rutgers,66,631.47,1.1544578134284016,2681,Wagner,7,39.77,,
401431841,2022,2,False,2805,Clark Atlanta,19,,,101784,ERSKINE,23,,,
401429861,2022,2,True,2207,Elizabeth City State,0,,,2940,Livingstone,19,,,
401421138,2022,2,False,2643,The Citadel,20,21.07,,2193,East Tennessee State,17,74.98,,0.0
401404064,2022,2,False,2294,Iowa,7,681.98,6.252572463768116,66,Iowa State,10,590.43,0.4739427239427239,1.0
401455575,2022,2,False,2060,Bentley,41,,,2487,Pace,20,,,0.0
401416595,2022,2,False,189,Bowling Green,57,415.08,0.5232993197278911,2198,Eastern Kentucky,59,224.82,,1.0
401432823,2022,2,False,17,Claremont-Mudd-Scripps College,42,,,2850,Whittier,0,,,0.0
401420815,2022,2,False,155,North Dakota,29,,,2460,Northern Iowa,27,185.49,,0.0
401432413,2022,2,False,389,Upper Iowa University,21,,,2817,Minnesota State Moorhead,24,,,
401403983,2022,2,False,264,Washington,52,761.72,1.4903846153846154,2502,Portland State,6,110.5,,
401415177,2022,2,False,2751,Wyoming,33,292.03,2.5880718954248367,2458,Northern Colorado,10,227.83,,
401431611,2022,2,False,2848,Western Oregon,42,,,124179,Lincoln (CA),10,,,0.0
401430703,2022,2,False,2673,Valdosta State,40,,,2676,Virginia Union,45,,,
401403981,2022,2,False,26,UCLA,45,733.3,5.077777777777778,2011,Alabama State,7,208.22,,
401422997,2022,2,False,46,Georgetown,19,,,2329,Lehigh,21,11.72,,
401413225,2022,2,False,13,Cal Poly,28,55.91,,301,San Diego,27,43.29,,
401423425,2022,2,False,257,Richmond,31,55.5,,2598,St. Francis (PA),21,16.89,,
401415216,2022,2,False,2440,Nevada,41,416.44,1.4598214285714286,2916,Incarnate Word,55,40.89,3.9404761904761902,1.0
401432794,2022,2,False,2757,Berry College,56,,,548,Lagrange College,10,,,0.0
401404065,2022,2,False,277,West Virginia,42,662.57,0.5233134920634921,2305,Kansas,55,574.29,1.1422064777327936,1.0
401415024,2022,2,False,151,East Carolina,39,494.82,6.346934315684316,295,Old Dominion,21,438.06,2.512662337662338,
401426332,2022,2,False,324,Coastal Carolina,31,446.58,,2241,Gardner-Webb,27,19.68,,
401426546,2022,2,False,2226,Florida Atlantic,42,550.51,1.45,2545,SE Louisiana,9,166.75,,
401431572,2022,2,False,2224,Findlay,3,,,308,Ashland,28,,,
401433023,2022,2,False,209,Lock Haven University,7,,,2385,Mercyhurst,49,,,
401426492,2022,2,False,2803,Bryant,21,14.59,,227,Rhode Island,35,158.52,,
401420798,2022,2,False,2428,North Carolina Central,41,51.95,,2736,Winston-Salem,0,,,0.0
401424948,2022,2,False,50,Florida A&M,23,223.82,,2013,Albany State GA,13,,,0.0
401424419,2022,2,False,48,Delaware,35,39.14,,2169,Delaware State,9,,,0.0
401423137,2022,2,False,2086,Butler,45,,,620,Taylor,10,,,0.0
401416596,2022,2,False,2084,Buffalo,31,370.96,4.211111111111111,107,Holy Cross,37,,,
401432699,2022,2,True,495,BLUEFIELD,33,,,2213,Emory & Henry College,41,,,
401413204,2022,2,False,2747,Wofford,0,17.85,,2210,Elon,26,64.96,,
401430696,2022,2,False,330,Virginia St,28,,,124180,Bluefield State,7,,,0.0
401430672,2022,2,False,131,Wayne State (MI),30,,,2551,Shaw,22,,,0.0
401423412,2022,2,False,56,Stetson,45,,,2347,Louisiana College,14,,,0.0
401435348,2022,2,False,2023,Anderson (IN),0,,,83,Depauw,55,,,
401435092,2022,2,False,3162,Alfred State,17,,,184,University of Rochester (NY),30,,,
401426551,2022,2,False,2335,Liberty,21,161.88,2.246060606060606,5,UAB,14,443.8,1.237777777777778,0.0
401439514,2022,2,False,2206,Edward Waters,28,,,2542,Savannah St,31,,,
401430717,2022,2,False,2019,Allen,0,,,2304,Johnson C Smith,0,,,
401431864,2022,2,False,60,Morehouse College,0,,,2698,West Georgia,42,,,
401423418,2022,2,False,2115,Central Connecticut,10,11.33,,2529,Sacred Heart,14,,,
401416599,2022,2,False,193,Miami (OH),31,397.26,,2523,Robert Morris,14,21.85,,
401424420,2022,2,False,2261,Hampton,42,69.24,,2657,Tuskegee,10,,,0.0
401432422,2022,2,False,2587,Southwest Minnesota State,14,,,3066,Concordia University St Paul,6,,,0.0
401424365,2022,2,False,2729,William & Mary,37,10.64,,2097,Campbell,21,124.16,,0.0
401431195,2022,2,False,2800,Alma,49,,,2362,Manchester,7,,,0.0
401433006,2022,2,False,2188,East Stroudsburg University,35,,,2291,Indiana-Pennsylvania,38,,,
401430961,2022,2,False,49,Dubuque,3,,,2740,Wisconsin-Lacrosse,30,,,
401414779,2022,2,False,2649,Toledo,55,498.98,,113,Massachusetts,10,292.14,,
401418810,2022,2,True,2466,Northwestern State,21,134.66,,2755,Grambling,47,221.26,,
401421126,2022,2,False,2635,Tennessee Tech,26,43.6,,2837,East Texas A&M,25,,,0.0
401431855,2022,2,False,2396,Miles College,0,,,2695,West Alabama,31,,,
401430709,2022,2,False,2220,Fayetteville State,3,,,351,Wingate,21,,,
401413215,2022,2,False,93,Murray State,3,56.27,,55,Jacksonville State,34,229.74,,
401439547,2022,2,False,2258,Guilford College,16,,,291,Methodist,49,,,
401431480,2022,2,False,2927,Southwestern Oklahoma State,24,,,2568,Southern Arkansas,20,,,0.0
401432538,2022,2,False,2741,Wisconsin-Lutheran,7,,,32,Carroll University (WI),54,,,
401431265,2022,2,False,268,Lawrence University,0,,,262,Lake Forest College,55,,,
401431832,2022,2,False,2822,North Greenville,22,,,2444,Newberry,29,,,
401431907,2022,2,False,110243,UT Permian Basin,34,,,2714,Western Colorado,31,,,0.0
401431144,2022,2,False,86,Rose-Hulman,23,,,2651,Trine University,24,,,
401421128,2022,2,False,2197,Eastern Illinois,20,55.8,,236,Chattanooga,38,237.41,,
401418792,2022,2,False,2277,Houston Christian,20,5.41,,2815,Lindenwood,21,,,
401420778,2022,2,False,119,Towson,29,178.36,,2415,Morgan State,21,28.0,,
401418777,2022,2,False,2453,North Alabama,49,107.8,,2842,UVA Wise,17,,,0.0
401415170,2022,2,False,2534,Sam Houston,3,200.06,,2464,Northern Arizona,10,47.14,,1.0
401426547,2022,2,False,2348,Louisiana Tech,52,473.76,,2617,Stephen F. Austin,17,130.97,,
401404066,2022,2,False,201,Oklahoma,33,870.34,1.8228014409832591,2309,Kent State,3,386.94,0.3833333333333333,
401431485,2022,2,False,2888,Ouachita Baptist,45,,,200,Southern Nazarene,0,,,0.0
401432803,2022,2,False,2121,Centre College Kentucky,20,,,2373,Maryville College (TN),10,,,0.0
401432629,2022,2,False,3112,Christopher Newport,20,,,2047,Averett,24,,,
401432844,2022,2,False,2359,Macalester,43,,,446,Martin Luther,7,,,0.0
401423144,2022,2,False,2166,Davidson,37,,,122666,Wilson,17,,,0.0
401430729,2022,2,False,2033,Arkansas Tech,35,,,2191,East Central (OK),13,,,0.0
401431946,2022,2,False,196,Northeastern State,13,,,2403,Missouri Southern State,30,,,
401431580,2022,2,False,2273,Hillsdale,35,,,2682,Walsh,17,,,0.0
401403874,2022,2,False,145,Ole Miss,59,757.39,0.5958874458874459,2110,Central Arkansas,3,82.3,,
401432688,2022,2,False,424,Capital,13,,,427,Ohio Northern,28,,,
401431101,2022,2,False,386,Trinity University TX,17,,,396,Wheaton,16,,,0.0
401431811,2022,2,False,2586,Southwest Baptist,10,,,110242,West Florida,49,,,
401411104,2022,2,False,59,Georgia Tech,35,715.48,0.586791958041958,2717,Western Carolina,17,35.6,,
401415620,2022,2,False,202,Tulsa,38,485.87,,2459,Northern Illinois,35,409.86,,
401435195,2022,2,False,3,Birmingham-Southern,35,,,2938,Huntingdon College (AL),38,,,
401415182,2022,2,False,2571,South Dakota State,24,5.97,,302,UC Davis,22,103.7,,0.0
401430740,2022,2,False,2028,Arkansas-Monticello,40,,,319,Oklahoma Baptist,17,,,0.0
401432727,2022,2,False,2828,Shenandoah,45,,,286,North Carolina Wesleyan,0,,,0.0
401431275,2022,2,False,2891,Ripon,33,,,255,Knox College,6,,,0.0
401426544,2022,2,False,326,Texas State,41,464.66,,2229,Florida International,12,459.71,,
401432404,2022,2,False,2364,Minnesota State Mankato,17,,,134,Minnesota Duluth,10,,,0.0
401431458,2022,2,False,2823,Northwestern Oklahoma State,27,,,2271,Henderson State,51,,,
401432515,2022,2,False,2283,Benedictine University,48,,,263,Loras College,26,,,0.0
401423439,2022,2,False,2653,Troy,38,464.3,2.5310763888888888,2010,Alabama A&M,17,293.63,,
401416598,2022,2,False,309,Louisiana,49,458.15,4.193333333333333,2199,Eastern Michigan,21,404.1,,
401415618,2022,2,False,58,South Florida,42,574.32,,47,Howard,20,,,0.0
401415616,2022,2,False,2567,SMU,45,598.49,,2320,Lamar,16,23.88,,
401432430,2022,2,False,2844,Wayne State (NE),13,,,425,Northern State,6,,,0.0
401415615,2022,2,False,2655,Tulane,52,521.86,0.6666666666666667,2016,Alcorn State,0,62.59,,
401415215,2022,2,False,328,Utah State,7,371.37,1.4166666666666667,2692,Weber State,35,53.15,,1.0
401424418,2022,2,False,399,UAlbany,23,92.55,,160,New Hampshire,28,24.6,,1.0
401430982,2022,2,False,2685,Wartburg,27,,,2744,Wisconsin-Stout,0,,,0.0
401425451,2022,2,False,79,Southern Illinois,31,183.5,,2546,Southeast Missouri State,34,26.12,,1.0
401404148,2022,2,False,41,UConn,14,239.17,,183,Syracuse,48,590.36,3.778409090909091,
401424953,2022,2,True,2634,Tennessee State,3,194.56,,2296,Jackson State,16,590.92,11.275,
401403871,2022,2,False,57,Florida,16,856.95,1.0608405483405483,96,Kentucky,26,737.33,4.5447366359131065,1.0
401444874,2022,2,False,2029,Arkansas-Pine Bluff,76,20.54,,123086,North American University,3,,,0.0
401418828,2022,2,False,2287,Illinois State,28,92.75,,2674,Valparaiso,21,11.85,,
401403980,2022,2,False,24,Stanford,28,757.81,0.7436868686868686,30,USC,41,860.12,,
401405072,2022,2,False,158,Nebraska,42,752.12,4.537157287157287,290,Georgia Southern,45,414.14,0.574793956043956,1.0
401426550,2022,2,False,242,Rice,52,441.93,,2377,McNeese,10,155.54,,
401403870,2022,2,False,2,Auburn,24,783.87,0.8044200244200244,23,San José State,16,417.95,,
401426549,2022,2,False,249,North Texas,59,504.97,6.388888888888889,2640,Texas Southern,27,54.59,,
401403873,2022,2,False,99,LSU,65,872.61,0.7972622863247864,2582,Southern,17,178.64,,
401403975,2022,2,False,197,Oklahoma State,34,670.53,0.7572489008303818,9,Arizona State,17,670.18,,
401431585,2022,2,False,2316,Kentucky Wesleyan,21,,,437,Lake Erie,26,,,
401418783,2022,2,False,2000,Abilene Christian,21,260.16,,2504,Prairie View A&M,13,56.88,,
401431895,2022,2,False,2201,Eastern New Mexico,14,,,2395,Midwestern State,28,,,
401404067,2022,2,False,2628,TCU,59,712.05,,2627,Tarleton State,17,,,0.0
401405075,2022,2,False,84,Indiana,35,680.74,1.5659681227863047,70,Idaho,22,82.22,,
401431532,2022,2,False,2570,CSU Pueblo,10,,,125,Grand Valley State University,35,,,
401431234,2022,2,True,597,Presentation,13,,,2152,Concordia Moorhead,42,,,
401431409,2022,2,False,2264,Harding University,38,,,199,Southeastern Oklahoma State,13,,,0.0
401430997,2022,2,False,2758,Howard Payne,39,,,415,NEWBERG,42,,,
401431912,2022,2,False,2704,West Texas A&M,34,,,2001,Adams State,19,,,0.0
401431007,2022,2,False,2658,Texas A&M-Kingsville,35,,,2834,Sul Ross State,14,,,0.0
401430987,2022,2,False,2056,Belhaven,42,,,2588,Southwestern University,15,,,0.0
401421117,2022,2,False,2433,UL Monroe,35,348.53,,2447,Nicholls,7,100.39,,
401413257,2022,2,False,21,San Diego State,38,372.29,3.430394167236273,304,Idaho State,7,37.08,,
401411108,2022,2,False,259,Virginia Tech,27,640.85,1.653345139708776,103,Boston College,10,664.63,,0.0
401405077,2022,2,False,130,Michigan,56,847.24,2.4670974858474857,62,Hawai'i,10,419.54,,
401403978,2022,2,False,2483,Oregon,70,877.93,0.909687786960514,331,Eastern Washington,14,73.36,,
401426552,2022,2,False,2638,UTEP,20,289.39,,166,New Mexico State,13,189.37,,
401420856,2022,2,False,3101,Utah Tech,56,,,2123,Chadron St,10,,,0.0
401431592,2022,2,False,2120,Central Washington,24,,,2703,Western New Mexico,13,,,0.0
401439548,2022,2,False,2094,California Lutheran University,41,,,411,Chapman,42,,,
401432831,2022,2,False,2923,Pomona Pitzer,21,,,29,Redlands,20,,,0.0
401404062,2022,2,False,252,BYU,26,415.19,,239,Baylor,20,666.05,,0.0
401403979,2022,2,False,278,Fresno State,32,502.26,2.7113202614379084,204,Oregon State,35,635.88,0.7186577964519141,
401403875,2022,2,False,12,Arizona,17,652.06,1.8991071428571429,344,Mississippi State,39,725.55,1.7977002164502165,
401432341,2022,3,False,490,Benedict College,24,,,2542,Savannah St,6,,,0.0
401455576,2022,3,False,2060,Bentley,49,,,126086,Post University,6,,,0.0
401441953,2022,3,False,2909,Westfield State,20,,,2843,Western Connecticut St,34,,,
401445129,2022,3,False,2779,St. Lawrence,15,,,3110,SUNY Morrisville,17,,,
401435074,2022,3,False,108,Harvard,28,,,2771,Merrimack,21,,,0.0
401444113,2022,3,False,2583,Southern Connecticut State,7,,,2487,Pace,27,,,
401411109,2022,3,False,97,Louisville,31,625.42,0.5642765567765567,52,Florida State,35,780.76,1.144642857142857,
401415217,2022,3,False,2751,Wyoming,17,292.03,2.5880718954248367,2005,Air Force,14,0.0,,
401411114,2022,3,False,259,Virginia Tech,27,640.85,1.653345139708776,2747,Wofford,7,17.85,,
401422998,2022,3,False,2329,Lehigh,6,11.72,,257,Richmond,30,55.5,,
401450198,2022,3,False,452,Endicott College,28,,,2442,College Of New Jersey,7,,,0.0
401439528,2022,3,False,81,Springfield,6,,,237,Union (NY),21,,,
401420779,2022,3,False,2415,Morgan State,24,28.0,,2529,Sacred Heart,9,,,0.0
401405083,2022,3,False,77,Northwestern,24,653.48,,79,Southern Illinois,31,183.5,,1.0
401445213,2022,3,False,340,Bowdoin,41,,,348,Hamilton,13,,,0.0
401433031,2022,3,False,210,Millersville,14,,,215,Slippery Rock,45,,,
401403887,2022,3,False,142,Missouri,34,715.36,0.5458333333333333,2000,Abilene Christian,17,260.16,,
401431842,2022,3,False,2560,Shorter,20,,,2013,Albany State GA,42,,,
401433150,2022,3,False,124180,Bluefield State,27,,,2119,Central State (OH),23,,,0.0
401416603,2022,3,False,2309,Kent State,63,386.94,0.3833333333333333,2341,Long Island University,10,,,0.0
401443111,2022,3,False,2667,Ursinus,35,,,2422,Muhlenberg,28,,,0.0
401432978,2022,3,False,2205,Edinboro University,23,,,2071,Bloomsburg,20,,,0.0
401433038,2022,3,False,611,Seton Hill,7,,,2188,East Stroudsburg University,22,,,
401441942,2022,3,False,2085,Buffalo State,7,,,2782,Cortland,66,,,
401443117,2022,3,False,2015,Albright,21,,,2969,Misericordia,27,,,
401444120,2022,3,False,398,Wilkes,44,,,2725,Widener,20,,,0.0
401444591,2022,3,False,2972,Plymouth State,41,,,18,Bridgewater State,34,,,0.0
401450193,2022,3,False,2532,Salisbury,42,,,3178,Ave Maria University,14,,,0.0
401438608,2022,3,False,2884,Nichols College,37,,,2557,Coast Guard,33,,,0.0
401433014,2022,3,False,2385,Mercyhurst,31,,,2315,Kutztown University,50,,,
401433058,2022,3,False,367,Gannon,23,,,223,West Chester,29,,,
401438634,2022,3,False,2221,FDU-Florham,14,,,388,Lebanon Valley,17,,,
401403888,2022,3,False,2579,South Carolina,7,762.63,0.673120818575364,61,Georgia,48,989.76,0.3255883005883005,
401432989,2022,3,False,2974,Shepherd,26,,,2858,PennWest California,23,,,0.0
401432881,2022,3,False,286,North Carolina Wesleyan,7,,,2079,Bridgewater (VA),48,,,
401435093,2022,3,False,184,University of Rochester (NY),3,,,2781,Brockport,23,,,
401432573,2022,3,False,2274,Hiram College,0,,,83,Depauw,44,,,
401403884,2022,3,False,96,Kentucky,31,737.33,4.5447366359131065,2754,Youngstown State,0,94.39,,
401431052,2022,3,False,2280,Husson,23,,,3162,Alfred State,17,,,0.0
401431042,2022,3,False,110438,Dean College,25,,,40,Curry College,33,,,
401431812,2022,3,False,2224,Findlay,52,,,2586,Southwest Baptist,35,,,0.0
401426563,2022,3,False,84,Indiana,33,680.74,1.5659681227863047,98,Western Kentucky,30,495.64,5.409090909090909,
401404070,2022,3,False,158,Nebraska,14,752.12,4.537157287157287,201,Oklahoma,49,870.34,1.8228014409832591,
401404136,2022,3,False,349,Army,49,17.27,,222,Villanova,10,15.94,,
401431145,2022,3,False,86,Rose-Hulman,17,,,2790,Albion,49,,,
401431061,2022,3,False,111675,Biddeford,31,,,417,Gallaudet,34,,,
401415623,2022,3,True,193,Miami (OH),17,397.26,,2132,Cincinnati,38,650.89,2.501682692307692,
401404149,2022,3,False,130,Michigan,59,847.24,2.4670974858474857,41,UConn,0,239.17,,
401431519,2022,3,False,2682,Walsh,13,,,2825,Quincy,28,,,
401429862,2022,3,False,2207,Elizabeth City State,20,,,2736,Winston-Salem,17,,,0.0
401405084,2022,3,False,183,Syracuse,32,590.36,3.778409090909091,2509,Purdue,29,646.08,0.5061126373626375,0.0
401432128,2022,3,False,587,Notre Dame College,34,,,2699,West Liberty,17,,,0.0
401438682,2022,3,True,125974,Hilbert College,20,,,2930,Willamette,31,,,
401432102,2022,3,False,2128,University Of Charleston (WV),28,,,341,Frostburg State,34,,,
401438651,2022,3,False,114,Fitchburg State,10,,,402,Worcester St,56,,,
401438615,2022,3,False,2776,Salve Regina,14,,,2818,Montclair State,31,,,
401404071,2022,3,False,239,Baylor,42,666.05,,326,Texas State,7,464.66,,
401431816,2022,3,False,110254,Davenport,31,,,128,Northern Michigan,21,,,0.0
401415186,2022,3,False,225,Brown,44,,,2803,Bryant,38,14.59,,0.0
401431161,2022,3,False,110,Mass Maritime,14,,,15,Anna Maria College,23,,,
401433007,2022,3,False,2559,Shippensburg,21,,,2291,Indiana-Pennsylvania,44,,,
401435065,2022,3,False,2702,Western New England,21,,,390,Utica,23,,,
401438663,2022,3,False,2516,Randolph-Macon,47,,,2896,Southern Virginia,20,,,0.0
401416601,2022,3,False,324,Coastal Carolina,38,446.58,,2084,Buffalo,26,370.96,4.211111111111111,
401432735,2022,3,False,291,Methodist,14,,,2688,Washington and Lee,37,,,
401445807,2022,3,False,33,Colby College,24,,,2731,Williams,14,,,0.0
401444450,2022,3,False,2369,Mars Hill,38,,,2107,Catawba,7,,,0.0
401432610,2022,3,False,2171,Denison University,51,,,391,Oberlin,10,,,0.0
401431031,2022,3,False,118,Johns Hopkins University,70,,,246,Juniata College,0,,,0.0
401433124,2022,3,False,2105,Carson-Newman College,37,,,2336,Limestone,40,,,
401429852,2022,3,False,2551,Shaw,17,,,2075,Bowie State,14,,,0.0
401443124,2022,3,False,2614,Saint Vincent,24,,,2644,Thiel,16,,,0.0
401437209,2022,3,False,174,Hobart College,17,,,374,St John Fisher University,0,,,0.0
401433108,2022,3,False,2842,UVA Wise,20,,,122666,Wilson,40,,,
401439533,2022,3,False,471,Stevenson,40,,,111674,Reading,18,,,0.0
401432531,2022,3,False,216,Susquehanna,37,,,323,Moravian,3,,,0.0
401431552,2022,3,False,2886,Northwood (MI),14,,,129,Saginaw Valley State,35,,,
401424404,2022,3,False,2405,Monmouth,45,28.53,,46,Georgetown,6,,,0.0
401424424,2022,3,False,227,Rhode Island,21,158.52,,48,Delaware,42,39.14,,1.0
401435141,2022,3,False,2383,Merchant Marine Academy,48,,,2951,SUNY Maritime,13,,,0.0
401432414,2022,3,False,2817,Minnesota State Moorhead,7,,,2043,Augustana University (SD),31,,,
401446233,2022,3,False,2248,Gettysburg,9,,,2175,Dickinson (PA),35,,,
401413335,2022,3,False,282,Indiana State,14,70.29,,149,Montana,49,110.64,,
401416602,2022,3,False,2117,Central Michigan,41,384.48,,2083,Bucknell,0,,,0.0
401431129,2022,3,False,2262,Hanover College,28,,,354,Olivet College,31,,,
401455584,2022,3,True,2295,Iowa Wesleyan,55,,,109418,Finlandia University,0,,,0.0
401430718,2022,3,False,2804,Chowan,32,,,2304,Johnson C Smith,29,,,0.0
401432582,2022,3,False,352,Kenyon,28,,,2746,Wittenberg,51,,,
401432719,2022,3,False,297,Hampden-Sydney,70,,,2256,Greensboro College,28,,,0.0
401432728,2022,3,False,2373,Maryville College (TN),29,,,2828,Shenandoah,34,,,
401424425,2022,3,False,2230,Fordham,48,32.71,,399,UAlbany,45,92.55,,0.0
401438171,2022,3,False,2168,Dayton,46,,,2310,Kentucky State,3,,,0.0
401436999,2022,3,False,2700,McDaniel College,3,,,2234,Franklin & Marshall,35,,,
401432710,2022,3,False,548,Lagrange College,44,,,366,Ferrum,38,,,0.0
401431527,2022,3,False,2273,Hillsdale,13,,,2654,Truman State,21,,,
401435133,2022,3,False,2108,Catholic,14,,,2871,Kean,33,,,
401423413,2022,3,False,56,Stetson,14,,,163,Princeton,39,16.08,,
401404073,2022,3,False,277,West Virginia,65,662.57,0.5233134920634921,119,Towson,7,178.36,,
401445173,2022,3,False,247,Kings College (PA),6,,,2808,Delaware Valley,26,,,
401437186,2022,3,False,2441,New Haven,54,,,2022,American International,26,,,0.0
401431109,2022,3,False,175,Ithaca College,52,,,365,Alfred University,3,,,0.0
401441254,2022,3,False,336,Wesleyan University (CT),41,,,121,Bates,10,,,0.0
401432750,2022,3,False,2102,Carnegie Mellon,40,,,146,Grove City College,33,,,0.0
401435196,2022,3,False,2258,Guilford College,7,,,2938,Huntingdon College (AL),47,,,
401445220,2022,3,False,2477,Ohio Dominican,31,,,2911,William Jewell,21,,,0.0
401432700,2022,3,False,2213,Emory & Henry College,23,,,2444,Newberry,26,,,
401438181,2022,3,False,2707,West Virginia State,34,,,2986,Fairmont State,29,,,0.0
401432767,2022,3,False,2845,Waynesburg,37,,,2242,Geneva,30,,,0.0
401432147,2022,3,False,2249,Glenville State,45,,,2882,UNC Pembroke,17,,,0.0
401432092,2022,3,False,2017,Alderson-Broaddus,41,,,112335,Wheeling,56,,,
401441947,2022,3,False,2970,William Paterson,27,,,122774,Keystone,20,,,0.0
401432795,2022,3,False,2757,Berry College,3,,,2745,Wisconsin-Whitewater,17,,,
401423914,2022,3,False,219,Pennsylvania,25,,,2142,Colgate,14,14.43,,0.0
401431137,2022,3,False,2419,Mount St. Joseph,33,,,2812,Hope College,28,,,0.0
401431171,2022,3,False,379,UMass Dartmouth,46,,,2967,Framingham State,21,,,0.0
401431119,2022,3,False,2233,Franklin,21,,,2651,Trine University,55,,,
401431208,2022,3,False,190,Defiance College,23,,,126,Kalamazoo,42,,,
401435122,2022,3,False,112,Tufts,23,,,2977,Trinity (CT),26,,,
401432663,2022,3,False,2302,John Carroll University,21,,,188,Baldwin Wallace,7,,,0.0
401432681,2022,3,False,426,University of Mount Union,55,,,317,Marietta,7,,,0.0
401415404,2022,3,False,2678,VMI,22,,,172,Cornell,28,,,
401418603,2022,3,False,159,Dartmouth,35,,,2674,Valparaiso,13,11.85,,0.0
401438661,2022,3,False,2919,Monmouth (IL),51,,,2286,Illinois College,20,,,0.0
401435055,2022,3,False,2424,New Mexico Highlands,27,,,2237,Fort Lewis,3,,,0.0
401404069,2022,3,False,66,Iowa State,43,590.43,0.4739427239427239,195,Ohio,10,365.74,,
401432562,2022,3,False,2283,Benedictine University,48,,,409,Concordia-Wisconsin,10,,,0.0
401420789,2022,3,False,2450,Norfolk State,7,61.79,,2261,Hampton,17,69.24,,
401438667,2022,3,False,2467,Norwich,26,,,293,Castleton,21,,,0.0
401433430,2022,3,False,241,McMurry,7,,,2194,East Texas Baptist University,28,,,
401432998,2022,3,False,209,Lock Haven University,7,,,2134,Clarion,44,,,
401432332,2022,3,False,2232,Fort Valley State,29,,,2019,Allen,27,,,0.0
401439549,2022,3,False,2094,California Lutheran University,35,,,2508,Puget Sound,27,,,0.0
401405089,2022,3,False,218,Temple,14,505.48,,164,Rutgers,16,631.47,1.1544578134284016,
401431276,2022,3,False,2155,Cornell College (IA),14,,,2891,Ripon,49,,,
401425413,2022,3,False,107,Holy Cross,38,,,43,Yale,14,24.05,,0.0
401439524,2022,3,False,2257,Greenville,49,,,2362,Manchester,22,,,0.0
401403991,2022,3,False,26,UCLA,32,733.3,5.077777777777778,6,South Alabama,31,466.34,1.1366666666666667,
401432112,2022,3,False,455,West Virginia Wesleyan,32,,,2148,Concord University,34,,,
401411113,2022,3,False,258,Virginia,16,625.94,2.1954545454545453,295,Old Dominion,14,438.06,2.512662337662338,
401431266,2022,3,False,268,Lawrence University,7,,,65,Grinnell,28,,,
401432896,2022,3,False,2968,Gustavus Adolphus,25,,,2744,Wisconsin-Stout,28,,,
401432519,2022,3,False,272,Wisconsin-Platteville,0,,,2810,Hardin-Simmons,41,,,
401430970,2022,3,False,2685,Wartburg,62,,,67,Luther,0,,,0.0
401444596,2022,3,False,7,Amherst,6,,,2394,Middlebury,17,,,
401435060,2022,3,False,143,Washington University (St. Louis),54,,,74,Millikin,7,,,0.0
401431008,2022,3,False,2834,Sul Ross State,55,,,2045,Austin,14,,,0.0
401431217,2022,3,False,446,Martin Luther,7,,,124,Augsburg,45,,,
401432373,2022,3,False,2214,Emporia State University,36,,,137,Missouri Western,12,,,0.0
401435111,2022,3,False,101,Eureka College,31,,,2524,Rockford,14,,,0.0
401431954,2022,3,False,2687,Washburn,13,,,2438,Nebraska-Kearney,21,,,
401431311,2022,3,False,2151,Concordia University Chicago,7,,,2044,Aurora,56,,,
401431257,2022,3,False,80,Chicago,43,,,266,Beloit,10,,,0.0
401425514,2022,3,False,2169,Delaware State,35,,,2355,Virginia University Of Lynchburg,19,,,0.0
401416600,2022,3,False,2050,Ball State,31,345.29,2.4847282347282347,93,Murray State,0,56.27,,
401430962,2022,3,True,6845,Nebraska Wesleyan,34,,,49,Dubuque,48,,,
401431068,2022,3,False,2106,Carthage,7,,,3071,North Central College,59,,,
401432624,2022,3,False,2748,Wooster,14,,,89,Wabash College,48,,,
401432695,2022,3,False,2733,Wilmington (OH),32,,,359,Otterbein,26,,,0.0
401432838,2022,3,False,509,Crown College,14,,,375,St. Scholastica,63,,,
401432818,2022,3,False,2553,Sewanee,41,,,433,Westminster College (MO),6,,,0.0
401413226,2022,3,False,233,South Dakota,38,51.92,,13,Cal Poly,21,55.91,,0.0
401432973,2022,3,False,568,Minot State,10,,,2844,Wayne State (NE),49,,,
401431078,2022,3,False,72,Elmhurst,16,,,2042,Augustana (IL),34,,,
401424954,2022,3,False,2296,Jackson State,66,590.92,11.275,2755,Grambling,24,221.26,,
401432512,2022,3,False,2964,Central College,35,,,263,Loras College,38,,,
401461979,2022,3,False,2398,Millsaps,17,,,271,Wisconsin-Oshkosh,41,,,
401439554,2022,3,False,2850,Whittier,13,,,2333,Lewis & Clark College,44,,,
401431917,2022,3,False,138,Northwest Missouri St,24,,,2118,Central Missouri,7,,,0.0
401403987,2022,3,False,87,Notre Dame,24,866.48,,25,California,17,653.31,1.1062748015873016,
401433088,2022,3,False,11,Colorado Mesa,17,,,613,South Dakota Mines,31,,,
401421118,2022,3,False,2546,Southeast Missouri State,42,26.12,,2447,Nicholls,16,100.39,,0.0
401413258,2022,3,False,304,Idaho State,16,37.08,,2110,Central Arkansas,31,82.3,,
401413246,2022,3,False,70,Idaho,42,82.22,,2181,Drake,14,,,0.0
401450137,2022,3,False,2323,Lane College,38,,,2805,Clark Atlanta,6,,,0.0
401418631,2022,3,False,2010,Alabama A&M,3,293.63,,2046,Austin Peay,28,121.11,,1.0
401426558,2022,3,False,2439,UNLV,58,368.29,1.539177489177489,249,North Texas,27,504.97,6.388888888888889,0.0
401404074,2022,3,False,2306,Kansas State,10,584.68,1.395028011204482,2655,Tulane,17,521.86,0.6666666666666667,1.0
401437410,2022,3,False,2101,Carleton,41,,,2399,Minnesota Morris,7,,,0.0
401431294,2022,3,False,262,Lake Forest College,48,,,255,Knox College,14,,,0.0
401426252,2022,3,True,47,Howard,31,,,60,Morehouse College,0,,,0.0
401431833,2022,3,False,2401,Mississippi College,19,,,2822,North Greenville,41,,,
401432394,2022,3,False,132,Bemidji State,34,,,2851,Winona State,24,,,0.0
401432438,2022,3,False,559,University of Mary,28,,,2587,Southwest Minnesota State,31,,,
401431856,2022,3,False,2695,West Alabama,10,,,2657,Tuskegee,13,,,
401431486,2022,3,False,200,Southern Nazarene,21,,,2191,East Central (OK),44,,,
401433061,2022,3,False,2001,Adams State,10,,,2146,Colorado School Of Mines,84,,,
401403989,2022,3,False,2483,Oregon,41,877.93,0.909687786960514,252,BYU,20,415.19,,
401403891,2022,3,False,2459,Northern Illinois,28,409.86,,238,Vanderbilt,38,629.76,,
401422988,2022,3,False,322,Lafayette,7,22.41,,2729,William & Mary,34,10.64,,1.0
401422976,2022,3,False,2717,Western Carolina,77,35.6,,2506,Presbyterian,21,,,0.0
401426333,2022,3,False,2026,App State,32,456.66,,2653,Troy,28,464.3,2.5310763888888888,0.0
401405085,2022,3,False,275,Wisconsin,66,744.44,0.6856569900687548,166,New Mexico State,7,189.37,,
401403886,2022,3,False,59,Georgia Tech,0,715.48,0.586791958041958,145,Ole Miss,42,757.39,0.5958874458874459,
401403882,2022,3,False,2,Auburn,12,783.87,0.8044200244200244,213,Penn State,41,830.44,,
401426560,2022,3,False,5,UAB,35,443.8,1.237777777777778,290,Georgia Southern,21,414.14,0.574793956043956,
401403988,2022,3,False,135,Minnesota,49,649.43,0.4863888888888888,38,Colorado,7,616.28,,
401414780,2022,3,False,113,Massachusetts,20,292.14,,2619,Stony Brook,3,69.58,,
401403880,2022,3,False,333,Alabama,63,1016.79,0.9163607226107224,2433,UL Monroe,7,348.53,,
401404068,2022,3,False,248,Houston,30,629.12,0.4473339160839161,2305,Kansas,48,574.29,1.1422064777327936,1.0
401415218,2022,3,False,68,Boise State,30,533.92,2.3264957264957267,2630,UT Martin,7,128.97,,
401420878,2022,3,False,2710,Western Illinois,10,91.95,,253,Southern Utah,17,52.58,,1.0
401423426,2022,3,False,2681,Wagner,7,39.77,,2598,St. Francis (PA),27,16.89,,1.0
401432656,2022,3,False,2721,Whitworth,12,,,17,Claremont-Mudd-Scripps College,7,,,0.0
401432647,2022,3,False,203,Linfield College,21,,,29,Redlands,3,,,0.0
401433099,2022,3,False,2570,CSU Pueblo,10,,,2714,Western Colorado,17,,,
401431867,2022,3,False,101784,ERSKINE,20,,,2331,Lenoir-Rhyne,42,,,
401415171,2022,3,False,2464,Northern Arizona,24,47.14,,155,North Dakota,27,,,
401430998,2022,3,True,418,Hendrix College,10,,,2758,Howard Payne,67,,,
401431593,2022,3,False,2829,Simon Fraser,7,,,2120,Central Washington,40,,,
401423919,2022,3,True,2582,Southern,0,178.64,,2640,Texas Southern,24,54.59,,1.0
401404159,2022,3,False,154,Wake Forest,37,575.42,,2335,Liberty,36,161.88,2.246060606060606,
401425456,2022,3,False,2460,Northern Iowa,21,185.49,,16,Sacramento State,37,96.08,,1.0
401433398,2022,3,False,2528,Rensselaer,37,,,2749,Worcester Polytechnic Institute,0,,,0.0
401403995,2022,3,False,265,Washington State,38,570.94,0.9512385762385764,36,Colorado State,7,431.38,7.046783625730994,
401415029,2022,3,False,189,Bowling Green,34,415.08,0.5232993197278911,276,Marshall,31,455.3,2.670734126984127,0.0
401424394,2022,3,False,2210,Elon,30,64.96,,2241,Gardner-Webb,24,19.68,,
401403885,2022,3,False,99,LSU,31,872.61,0.7972622863247864,344,Mississippi State,16,725.55,1.7977002164502165,
401415621,2022,3,False,151,East Carolina,49,494.82,6.346934315684316,2097,Campbell,10,124.16,,
401411112,2022,3,False,150,Duke,49,603.98,,2448,North Carolina A&T,20,142.63,,
401431179,2022,3,False,2074,Bluffton,23,,,2003,Adrian,58,,,
401418637,2022,3,False,2198,Eastern Kentucky,40,224.82,,2127,Charleston Southern,17,28.1,,
401421139,2022,3,False,2382,Mercer,17,38.11,,2643,The Citadel,0,21.07,,
401420799,2022,3,False,160,New Hampshire,27,24.6,,2428,North Carolina Central,45,51.95,,
401433131,2022,3,False,2839,Greeneville,10,,,351,Wingate,27,,,
401430697,2022,3,False,330,Virginia St,42,,,395,St. Augustine's,7,,,0.0
401431947,2022,3,False,2403,Missouri Southern State,40,,,2122,Central Oklahoma,21,,,0.0
401431501,2022,3,False,437,Lake Erie,37,,,2816,McKendree,38,,,
401431567,2022,3,False,131,Wayne State (MI),21,,,2740,Wisconsin-Lacrosse,28,,,
401432869,2022,3,False,2047,Averett,23,,,2913,Brevard College,6,,,0.0
401431196,2022,3,False,2023,Anderson (IN),7,,,2800,Alma,45,,,
401430704,2022,3,False,2676,Virginia Union,42,,,2940,Livingstone,6,,,0.0
401423157,2022,3,False,2413,Morehead State,49,4.96,,3077,Kentucky Christian,14,,,0.0
401418778,2022,3,False,236,Chattanooga,41,237.41,,2453,North Alabama,14,107.8,,
401432375,2022,3,True,112334,Franklin Pierce,0,,,2830,St. Anselm,27,,,
401415196,2022,3,False,2368,Marist,3,,,171,Columbia,38,,,
401420881,2022,3,False,2627,Tarleton State,41,,,2201,Eastern New Mexico,6,,,0.0
401421122,2022,3,False,2545,SE Louisiana,70,166.75,,2115,Central Connecticut,6,11.33,,
401432567,2022,3,False,2741,Wisconsin-Lutheran,25,,,6353,Lakeland,21,,,0.0
401431095,2022,3,False,32,Carroll University (WI),42,,,75,North Park,0,,,0.0
401422928,2022,3,False,2635,Tennessee Tech,28,43.6,,2535,Samford,33,100.34,,
401431016,2022,3,False,2371,Mary Hardin-Baylor,68,,,2588,Southwestern University,14,,,0.0
401432759,2022,3,False,2963,Case Western Reserve,14,,,2686,Washington & Jefferson,10,,,0.0
401432742,2022,3,False,2849,Westminster (PA),42,,,2018,Allegheny,14,,,0.0
401432689,2022,3,False,191,Heidelberg,37,,,427,Ohio Northern,3,,,0.0
401432431,2022,3,False,425,Northern State,23,,,2364,Minnesota State Mankato,22,,,0.0
401431490,2022,3,False,2838,Tiffin,20,,,2292,Indianapolis,27,,,
401423145,2022,3,False,2166,Davidson,56,,,111610,Laurinburg,6,,,0.0
401430741,2022,3,False,2271,Henderson State,37,,,2028,Arkansas-Monticello,27,,,0.0
401430730,2022,3,False,2033,Arkansas Tech,14,,,2888,Ouachita Baptist,63,,,
401420832,2022,3,False,2571,South Dakota State,45,5.97,,2086,Butler,17,,,0.0
401430923,2022,3,False,63,Buena Vista,3,,,2141,Coe College,14,,,
401430687,2022,3,False,2339,Lincoln (PA),7,,,2220,Fayetteville State,19,,,
401431022,2022,3,False,386,Trinity University TX,52,,,2639,Texas Lutheran,14,,,0.0
401431928,2022,3,False,2876,Lincoln (MO),14,,,2231,Fort Hays State,51,,,
401432405,2022,3,False,134,Minnesota Duluth,28,,,389,Upper Iowa University,6,,,0.0
401413216,2022,3,False,202,Tulsa,54,485.87,,55,Jacksonville State,17,229.74,,
401420847,2022,3,False,2504,Prairie View A&M,14,56.88,,2916,Incarnate Word,31,40.89,3.9404761904761902,1.0
401431450,2022,3,False,2264,Harding University,37,,,2568,Southern Arkansas,17,,,0.0
401431473,2022,3,False,2927,Southwestern Oklahoma State,48,,,199,Southeastern Oklahoma State,58,,,
401432517,2022,3,False,2743,Wisconsin-Stevens Pt,35,,,2564,Simpson College (IA),14,,,0.0
401431888,2022,3,False,110243,UT Permian Basin,21,,,2025,Angelo State,34,,,
401431533,2022,3,False,125,Grand Valley State University,66,,,124179,Lincoln (CA),7,,,0.0
401431466,2022,3,False,2823,Northwestern Oklahoma State,23,,,319,Oklahoma Baptist,31,,,
401425420,2022,3,False,2400,Mississippi Valley State,17,48.86,,2170,Delta State,28,,,
401434858,2022,3,False,2815,Lindenwood,37,,,126110,Keiser University,3,,,0.0
401432849,2022,3,False,2723,Wisconsin-River Falls,63,,,583,Northwestern (MN),27,,,0.0
401431102,2022,3,False,396,Wheaton,42,,,306,Illinois Wesleyan,7,,,0.0
401415032,2022,3,False,2572,Southern Miss,64,478.97,2.071309523809524,2466,Northwestern State,10,134.66,,
401415622,2022,3,False,235,Memphis,44,533.26,1.0242424242424242,2032,Arkansas State,32,471.65,5.3717171717171714,
401426557,2022,3,False,2393,Middle Tennessee,49,425.43,,2634,Tennessee State,6,194.56,,
401403881,2022,3,False,8,Arkansas,38,741.06,0.6238636363636363,2623,Missouri State,27,251.03,,
401432358,2022,3,False,2396,Miles College,7,,,2673,Valdosta State,55,,,
401415178,2022,3,False,2320,Lamar,14,23.88,,2458,Northern Colorado,21,227.83,,
401420869,2022,3,False,2534,Sam Houston,27,200.06,,2837,East Texas A&M,17,,,0.0
401435181,2022,3,False,332,Muskingum University,37,,,424,Capital,7,,,0.0
401404075,2022,3,False,197,Oklahoma State,63,670.53,0.7572489008303818,2029,Arkansas-Pine Bluff,7,20.54,,
401426554,2022,3,False,2247,Georgia State,41,471.84,2.9684294871794874,2429,Charlotte,42,487.24,,
401403889,2022,3,False,2633,Tennessee,63,764.8,0.7337301587301588,2006,Akron,6,456.15,6.237261904761905,
401404072,2022,3,False,152,NC State,27,686.19,0.2326664462081128,2641,Texas Tech,14,660.31,4.715952380952381,
401405088,2022,3,False,194,Ohio State,77,983.14,0.7855113636363636,2649,Toledo,21,498.98,,
401426555,2022,3,False,2226,Florida Atlantic,14,550.51,1.45,2116,UCF,40,636.16,1.12534435261708,
401426559,2022,3,False,242,Rice,33,441.93,,309,Louisiana,21,458.15,4.193333333333333,0.0
401411115,2022,3,False,2711,Western Michigan,13,449.89,,221,Pittsburgh,34,654.56,2.489126559714795,
401411110,2022,3,False,103,Boston College,38,664.63,,311,Maine,17,54.69,,
401405087,2022,3,False,120,Maryland,34,680.22,5.0459523809523805,2567,SMU,27,598.49,,
401405082,2022,3,False,2294,Iowa,27,681.98,6.252572463768116,2440,Nevada,0,416.44,1.4598214285714286,
401403883,2022,3,False,57,Florida,31,856.95,1.0608405483405483,58,South Florida,28,574.32,,
401421157,2022,3,False,2193,East Tennessee State,14,74.98,,231,Furman,27,67.63,,1.0
401432423,2022,3,False,3066,Concordia University St Paul,23,,,2894,Sioux Falls,44,,,
401403994,2022,3,False,264,Washington,39,761.72,1.4903846153846154,127,Michigan State,28,693.91,3.214285714285714,
401418829,2022,3,False,2287,Illinois State,35,92.75,,2197,Eastern Illinois,7,55.8,,
401418802,2022,3,False,2377,McNeese,19,155.54,,2016,Alcorn State,30,62.59,,1.0
401431902,2022,3,False,2704,West Texas A&M,24,,,2658,Texas A&M-Kingsville,31,,,
401426562,2022,3,False,251,Texas,41,887.45,1.4521464646464646,2636,UTSA,20,515.76,2.2285714285714286,
401431543,2022,3,False,2395,Midwestern State,28,,,2392,Michigan Tech,21,,,0.0
401431510,2022,3,False,2316,Kentucky Wesleyan,11,,,2402,Missouri S&T,6,,,0.0
401431612,2022,3,False,2703,Western New Mexico,35,,,2848,Western Oregon,30,,,0.0
401420857,2022,3,False,2692,Weber State,44,53.15,,3101,Utah Tech,14,,,0.0
401403990,2022,3,True,204,Oregon State,68,635.88,0.7186577964519141,147,Montana State,28,98.27,,
401433072,2022,3,False,2123,Chadron St,23,,,2069,Black Hills State,32,,,
401431961,2022,3,False,90,Pittsburg St,49,,,196,Northeastern State,14,,,0.0
401426561,2022,3,False,167,New Mexico,27,312.79,3.906837606837607,2638,UTEP,10,289.39,,
401426556,2022,3,False,228,Clemson,48,943.0,3.0264484126984126,2348,Louisiana Tech,20,473.76,,
401403890,2022,3,False,245,Texas A&M,17,947.3,1.5131382098293862,2390,Miami,9,854.72,3.992261904761905,
401403993,2022,3,False,254,Utah,35,705.12,2.9010404368358915,21,San Diego State,7,372.29,3.430394167236273,
401432638,2022,3,False,415,NEWBERG,38,,,411,Chapman,28,,,0.0
401435170,2022,3,False,205,Pacific (OR),23,,,2923,Pomona Pitzer,20,,,0.0
401435175,2022,3,False,2318,La Verne,0,,,2486,Pacific Lutheran,41,,,
401415183,2022,3,False,302,UC Davis,43,103.7,,301,San Diego,13,43.29,,
401403992,2022,3,False,30,USC,45,860.12,,278,Fresno State,17,502.26,2.7113202614379084,
401403985,2022,3,False,12,Arizona,31,652.06,1.8991071428571429,2449,North Dakota State,28,25.18,,
401403986,2022,3,False,9,Arizona State,21,670.18,,2199,Eastern Michigan,30,404.1,,1.0
401415219,2022,3,False,62,Hawai'i,24,419.54,,2184,Duquesne,14,94.04,,
401426334,2022,4,False,2247,Georgia State,24,471.84,2.9684294871794874,324,Coastal Carolina,41,446.58,,1.0
401411116,2022,4,False,259,Virginia Tech,10,640.85,1.653345139708776,277,West Virginia,33,662.57,0.5233134920634921,
401421129,2022,4,False,356,Illinois,31,631.46,0.4672176308539945,236,Chattanooga,0,237.41,,
401455577,2022,4,False,2060,Bentley,13,,,2441,New Haven,21,,,
401411117,2022,4,False,183,Syracuse,22,590.36,3.778409090909091,258,Virginia,20,625.94,2.1954545454545453,0.0
401431032,2022,4,False,118,Johns Hopkins University,54,,,323,Moravian,0,,,0.0
401415220,2022,4,False,2005,Air Force,48,0.0,,2440,Nevada,20,416.44,1.4598214285714286,0.0
401426571,2022,4,False,2638,UTEP,27,289.39,,68,Boise State,10,533.92,2.3264957264957267,0.0
401403899,2022,4,False,344,Mississippi State,45,725.55,1.7977002164502165,189,Bowling Green,14,415.08,0.5232993197278911,
401438624,2022,4,False,15,Anna Maria College,28,,,2557,Coast Guard,66,,,
401445767,2022,4,False,2085,Buffalo State,10,,,3110,SUNY Morrisville,31,,,
401438668,2022,4,False,452,Endicott College,26,,,2467,Norwich,13,,,0.0
401435201,2022,4,False,2256,Greensboro College,17,,,2373,Maryville College (TN),37,,,
401403894,2022,4,False,2,Auburn,17,783.87,0.8044200244200244,142,Missouri,14,715.36,0.5458333333333333,
401404079,2022,4,False,2305,Kansas,35,574.29,1.1422064777327936,150,Duke,27,603.98,,0.0
401421158,2022,4,False,2127,Charleston Southern,19,28.1,,231,Furman,24,67.63,,
401431162,2022,4,False,114,Fitchburg State,13,,,110,Mass Maritime,38,,,
401431843,2022,4,False,2560,Shorter,30,,,2673,Valdosta State,34,,,
401432153,2022,4,False,112335,Wheeling,34,,,2249,Glenville State,23,,,0.0
401432574,2022,4,False,2274,Hiram College,14,,,2746,Wittenberg,38,,,
401433015,2022,4,False,2315,Kutztown University,35,,,2974,Shepherd,42,,,
401404080,2022,4,False,66,Iowa State,24,590.43,0.4739427239427239,239,Baylor,31,666.05,,
401403895,2022,4,False,61,Georgia,39,989.76,0.3255883005883005,2309,Kent State,22,386.94,0.3833333333333333,
401405098,2022,4,False,213,Penn State,33,830.44,,2117,Central Michigan,14,384.48,,
401411119,2022,4,False,97,Louisville,41,625.42,0.5642765567765567,58,South Florida,3,574.32,,
401411121,2022,4,False,221,Pittsburgh,45,654.56,2.489126559714795,227,Rhode Island,24,158.52,,
401416604,2022,4,False,2199,Eastern Michigan,31,404.1,,2084,Buffalo,50,370.96,4.211111111111111,1.0
401433032,2022,4,False,223,West Chester,26,,,210,Millersville,14,,,0.0
401455634,2022,4,False,2487,Pace,14,,,2038,Assumption,26,,,
401432376,2022,4,False,2022,American International,3,,,112334,Franklin Pierce,7,,,
401437202,2022,4,False,3162,Alfred State,42,,,190,Defiance College,33,,,0.0
401445170,2022,4,False,293,Castleton,6,,,2779,St. Lawrence,34,,,
401445923,2022,4,False,2702,Western New England,0,,,2532,Salisbury,35,,,
401431553,2022,4,False,110254,Davenport,51,,,2886,Northwood (MI),17,,,0.0
401438635,2022,4,False,2221,FDU-Florham,23,,,247,Kings College (PA),27,,,
401432990,2022,4,False,2858,PennWest California,49,,,2205,Edinboro University,7,,,0.0
401404078,2022,4,False,2567,SMU,34,598.49,,2628,TCU,42,712.05,,
401431152,2022,4,False,2015,Albright,0,,,2354,Lycoming,45,,,
401431053,2022,4,False,81,Springfield,49,,,2280,Husson,7,,,0.0
401430688,2022,4,False,2304,Johnson C Smith,28,,,2339,Lincoln (PA),29,,,
401405097,2022,4,False,130,Michigan,34,847.24,2.4670974858474857,120,Maryland,27,680.22,5.0459523809523805,
401425511,2022,4,False,2523,Robert Morris,3,21.85,,2193,East Tennessee State,45,74.98,,
401460114,2022,4,False,109,MIT,35,,,110438,Dean College,6,,,0.0
401411123,2022,4,False,154,Wake Forest,45,575.42,,228,Clemson,51,943.0,3.0264484126984126,
401415197,2022,4,False,46,Georgetown,6,,,171,Columbia,42,,,
401415187,2022,4,False,225,Brown,28,,,108,Harvard,35,,,
401443112,2022,4,False,2422,Muhlenberg,41,,,2700,McDaniel College,7,,,0.0
401459908,2022,4,False,2951,SUNY Maritime,3,,,2970,William Paterson,14,,,
401431544,2022,4,False,2392,Michigan Tech,13,,,129,Saginaw Valley State,35,,,
401432093,2022,4,False,2128,University Of Charleston (WV),62,,,2017,Alderson-Broaddus,7,,,0.0
401443118,2022,4,False,2808,Delaware Valley,41,,,2969,Misericordia,0,,,0.0
401430963,2022,4,False,49,Dubuque,0,,,2685,Wartburg,25,,,
401433151,2022,4,False,124180,Bluefield State,27,,,2232,Fort Valley State,44,,,
401432113,2022,4,False,341,Frostburg State,22,,,2148,Concord University,23,,,
401423158,2022,4,False,56,Stetson,38,,,2413,Morehead State,26,4.96,,0.0
401445802,2022,4,False,121,Bates,7,,,112,Tufts,35,,,
401445214,2022,4,False,2731,Williams,24,,,340,Bowdoin,14,,,0.0
401444597,2022,4,False,348,Hamilton,24,,,7,Amherst,10,,,0.0
401439544,2022,4,False,2749,Worcester Polytechnic Institute,10,,,2818,Montclair State,0,,,0.0
401437000,2022,4,False,2234,Franklin & Marshall,7,,,2667,Ursinus,22,,,
401429863,2022,4,False,2551,Shaw,35,,,2207,Elizabeth City State,16,,,0.0
401438552,2022,4,False,548,Lagrange College,28,,,291,Methodist,38,,,
401441255,2022,4,False,2394,Middlebury,24,,,336,Wesleyan University (CT),10,,,0.0
401429853,2022,4,False,395,St. Augustine's,20,,,2075,Bowie State,36,,,
401431110,2022,4,False,365,Alfred University,31,,,126,Kalamazoo,23,,,0.0
401432882,2022,4,False,2896,Southern Virginia,13,,,286,North Carolina Wesleyan,14,,,
401439534,2022,4,False,2725,Widener,14,,,471,Stevenson,30,,,
401441930,2022,4,False,2175,Dickinson (PA),0,,,216,Susquehanna,45,,,
401438642,2022,4,False,388,Lebanon Valley,24,,,398,Wilkes,19,,,0.0
401438616,2022,4,False,2827,Rowan,24,,,2776,Salve Regina,28,,,
401437210,2022,4,False,122774,Keystone,6,,,174,Hobart College,65,,,
401435142,2022,4,False,2871,Kean,7,,,2383,Merchant Marine Academy,9,,,
401435066,2022,4,False,237,Union (NY),24,,,390,Utica,31,,,
401432583,2022,4,False,352,Kenyon,14,,,2980,Ohio Wesleyan,41,,,
401425414,2022,4,False,2142,Colgate,10,14.43,,107,Holy Cross,35,,,
401422989,2022,4,False,219,Pennsylvania,12,,,322,Lafayette,0,22.41,,0.0
401425090,2022,4,False,2674,Valparaiso,28,11.85,,301,San Diego,21,43.29,,0.0
401441991,2022,4,False,2341,Long Island University,29,,,2803,Bryant,31,14.59,,
401431267,2022,4,False,2399,Minnesota Morris,49,,,268,Lawrence University,19,,,0.0
401431834,2022,4,False,2822,North Greenville,34,,,2224,Findlay,27,,,0.0
401432850,2022,4,False,583,Northwestern (MN),7,,,2812,Hope College,56,,,
401432129,2022,4,False,2707,West Virginia State,13,,,587,Notre Dame College,48,,,
401432135,2022,4,False,2699,West Liberty,23,,,455,West Virginia Wesleyan,21,,,0.0
401432999,2022,4,False,2134,Clarion,24,,,367,Gannon,47,,,
401431069,2022,4,False,2106,Carthage,16,,,143,Washington University (St. Louis),45,,,
401435114,2022,4,False,83,Depauw,59,,,2748,Wooster,0,,,0.0
401431043,2022,4,False,40,Curry College,49,,,125974,Hilbert College,9,,,0.0
401430977,2022,4,False,263,Loras College,49,,,6845,Nebraska Wesleyan,31,,,0.0
401432385,2022,4,False,2830,St. Anselm,21,,,2583,Southern Connecticut State,14,,,0.0
401455582,2022,4,False,246,Juniata College,14,,,2248,Gettysburg,40,,,
401431491,2022,4,False,2477,Ohio Dominican,38,,,2292,Indianapolis,44,,,
401435123,2022,4,False,2977,Trinity (CT),19,,,33,Colby College,7,,,0.0
401433024,2022,4,False,2188,East Stroudsburg University,48,,,209,Lock Haven University,7,,,0.0
401432682,2022,4,False,332,Muskingum University,0,,,426,University of Mount Union,59,,,
401432672,2022,4,False,2302,John Carroll University,24,,,191,Heidelberg,7,,,0.0
401435182,2022,4,False,424,Capital,31,,,2733,Wilmington (OH),34,,,
401424955,2022,4,False,2296,Jackson State,49,590.92,11.275,2400,Mississippi Valley State,7,48.86,,
401433109,2022,4,False,122666,Wilson,18,,,2369,Mars Hill,24,,,
401431096,2022,4,False,74,Millikin,23,,,75,North Park,21,,,0.0
401432743,2022,4,False,2018,Allegheny,31,,,2845,Waynesburg,15,,,0.0
401432664,2022,4,False,188,Baldwin Wallace,35,,,427,Ohio Northern,31,,,0.0
401431079,2022,4,False,3071,North Central College,76,,,72,Elmhurst,6,,,0.0
401432415,2022,4,False,2851,Winona State,40,,,2817,Minnesota State Moorhead,7,,,0.0
401432347,2022,4,False,60,Morehouse College,3,,,2542,Savannah St,15,,,
401431235,2022,4,False,2152,Concordia Moorhead,6,,,2968,Gustavus Adolphus,23,,,
401431918,2022,4,False,2438,Nebraska-Kearney,38,,,2118,Central Missouri,6,,,0.0
401431813,2022,4,False,2586,Southwest Baptist,52,,,437,Lake Erie,31,,,0.0
401430953,2022,4,False,2141,Coe College,48,,,2564,Simpson College (IA),10,,,0.0
401424937,2022,4,False,2065,Bethune-Cookman,36,205.68,,2755,Grambling,19,221.26,,0.0
401435107,2022,4,False,2359,Macalester,32,,,133,St. Olaf,38,,,
401431502,2022,4,False,2816,McKendree,46,,,2682,Walsh,10,,,0.0
401432864,2022,4,False,2519,Rhodes College,56,,,433,Westminster College (MO),6,,,0.0
401416606,2022,4,False,195,Ohio,59,365.74,,2230,Fordham,52,32.71,,
401432630,2022,4,False,3112,Christopher Newport,38,,,2108,Catholic,7,,,0.0
401430988,2022,4,False,2938,Huntingdon College (AL),34,,,2056,Belhaven,21,,,0.0
401431520,2022,4,False,2825,Quincy,14,,,308,Ashland,34,,,
401431320,2022,4,False,409,Concordia-Wisconsin,35,,,2151,Concordia University Chicago,7,,,0.0
401432352,2022,4,False,2119,Central State (OH),14,,,2396,Miles College,34,,,
401430999,2022,4,False,2758,Howard Payne,33,,,2194,East Texas Baptist University,21,,,0.0
401435075,2022,4,False,2169,Delaware State,13,,,2771,Merrimack,26,,,
401432148,2022,4,False,2986,Fairmont State,25,,,2882,UNC Pembroke,23,,,0.0
401431212,2022,4,False,2257,Greenville,7,,,354,Olivet College,63,,,
401431312,2022,4,False,2524,Rockford,7,,,2044,Aurora,70,,,
401431197,2022,4,False,2800,Alma,69,,,446,Martin Luther,0,,,0.0
401432979,2022,4,False,2071,Bloomsburg,17,,,2559,Shippensburg,31,,,
401441954,2022,4,False,2909,Westfield State,11,,,2967,Framingham State,14,,,
401432432,2022,4,False,2043,Augustana University (SD),21,,,425,Northern State,13,,,0.0
401431971,2022,4,False,2214,Emporia State University,13,,,90,Pittsburg St,14,,,
401431586,2022,4,False,2911,William Jewell,24,,,2316,Kentucky Wesleyan,17,,,0.0
401418604,2022,4,False,2529,Sacred Heart,38,,,159,Dartmouth,31,,,0.0
401431248,2022,4,False,2802,Bethel (MN),28,,,2600,Saint John's (MN),24,,,0.0
401432406,2022,4,False,2894,Sioux Falls,34,,,134,Minnesota Duluth,31,,,0.0
401414781,2022,4,False,218,Temple,28,505.48,,113,Massachusetts,0,292.14,,
401433094,2022,4,False,2146,Colorado School Of Mines,45,,,2570,CSU Pueblo,17,,,0.0
401432897,2022,4,False,2744,Wisconsin-Stout,66,,,509,Crown College,6,,,0.0
401432696,2022,4,False,359,Otterbein,10,,,317,Marietta,27,,,
401432625,2022,4,False,89,Wabash College,42,,,2171,Denison University,45,,,
401432539,2022,4,False,306,Illinois Wesleyan,26,,,32,Carroll University (WI),21,,,0.0
401415405,2022,4,False,172,Cornell,14,,,43,Yale,38,24.05,,
401431303,2022,4,False,2832,St. Norbert,35,,,6353,Lakeland,12,,,0.0
401431242,2022,4,False,162,Hamline University,12,,,2101,Carleton,45,,,
401431218,2022,4,False,124,Augsburg,50,,,375,St. Scholastica,13,,,0.0
401431188,2022,4,False,2738,Wisconsin-Eau Claire,20,,,2790,Albion,28,,,
401430924,2022,4,False,67,Luther,49,,,63,Buena Vista,52,,,
401428485,2022,4,False,2900,St. Thomas (MN),43,,,124179,Lincoln (CA),6,,,0.0
401424428,2022,4,False,257,Richmond,51,55.5,,2619,Stony Brook,7,69.58,,0.0
401403998,2022,4,False,38,Colorado,17,616.28,,26,UCLA,45,733.3,5.077777777777778,
401432333,2022,4,False,2657,Tuskegee,35,,,2019,Allen,27,,,0.0
401437656,2022,4,False,128,Northern Michigan,42,,,126086,Post University,14,,,0.0
401423153,2022,4,False,2181,Drake,25,,,2368,Marist,30,,,
401420828,2022,4,False,233,South Dakota,17,51.92,,2449,North Dakota State,34,25.18,,1.0
401420790,2022,4,False,2450,Norfolk State,26,61.79,,2598,St. Francis (PA),45,16.89,,1.0
401431172,2022,4,False,402,Worcester St,20,,,379,UMass Dartmouth,41,,,
401438609,2022,4,False,173,Hartwick,28,,,2884,Nichols College,20,,,0.0
401431215,2022,4,False,2651,Trine University,17,,,2121,Centre College Kentucky,0,,,0.0
401432439,2022,4,False,2364,Minnesota State Mankato,31,,,559,University of Mary,28,,,0.0
401432751,2022,4,False,2644,Thiel,6,,,2102,Carnegie Mellon,35,,,
401413259,2022,4,False,2458,Northern Colorado,35,227.83,,304,Idaho State,14,37.08,,
401433073,2022,4,False,2069,Black Hills State,31,,,11,Colorado Mesa,28,,,0.0
401433080,2022,4,False,2714,Western Colorado,56,,,2123,Chadron St,28,,,0.0
401431528,2022,4,False,2654,Truman State,18,,,2838,Tiffin,17,,,0.0
401425452,2022,4,False,2546,Southeast Missouri State,35,26.12,,2110,Central Arkansas,27,82.3,,0.0
401431180,2022,4,False,2003,Adrian,73,,,109418,Finlandia University,13,,,0.0
401431966,2022,4,False,2122,Central Oklahoma,23,,,138,Northwest Missouri St,14,,,0.0
401439515,2022,4,False,2323,Lane College,20,,,2206,Edward Waters,9,,,0.0
401420808,2022,4,False,2623,Missouri State,14,251.03,,2571,South Dakota State,28,5.97,,1.0
401422999,2022,4,False,163,Princeton,29,16.08,,2329,Lehigh,17,11.72,,
401422929,2022,4,False,2535,Samford,35,100.34,,2717,Western Carolina,12,35.6,,
401435051,2022,4,False,2222,Ferris State,69,,,3080,Waldorf College,3,,,0.0
401420816,2022,4,False,79,Southern Illinois,34,183.5,,155,North Dakota,17,,,0.0
401431857,2022,4,False,2695,West Alabama,7,,,2698,West Georgia,22,,,
401424366,2022,4,False,2729,William & Mary,31,10.64,,2210,Elon,35,64.96,,
401403901,2022,4,False,2633,Tennessee,38,764.8,0.7337301587301588,57,Florida,33,856.95,1.0608405483405483,0.0
401404082,2022,4,False,2641,Texas Tech,37,660.31,4.715952380952381,251,Texas,34,887.45,1.4521464646464646,0.0
401426565,2022,4,False,98,Western Kentucky,73,495.64,5.409090909090909,2229,Florida International,0,459.71,,
401424429,2022,4,False,399,UAlbany,45,92.55,,2115,Central Connecticut,26,11.33,,
401404126,2022,4,False,153,North Carolina,32,812.94,0.7400274725274725,87,Notre Dame,45,866.48,,
401405092,2022,4,False,127,Michigan State,7,693.91,3.214285714285714,135,Minnesota,34,649.43,0.4863888888888888,1.0
401405096,2022,4,False,2132,Cincinnati,45,650.89,2.501682692307692,84,Indiana,24,680.74,1.5659681227863047,0.0
401415037,2022,4,False,2026,App State,28,456.66,,256,James Madison,32,104.24,8.083333333333332,1.0
401426572,2022,4,False,2636,UTSA,52,515.76,2.2285714285714286,2640,Texas Southern,24,54.59,,
401415224,2022,4,False,21,San Diego State,17,372.29,3.430394167236273,2649,Toledo,14,498.98,,0.0
401426569,2022,4,False,235,Memphis,44,533.26,1.0242424242424242,249,North Texas,34,504.97,6.388888888888889,
401424405,2022,4,False,222,Villanova,42,15.94,,2405,Monmouth,49,28.53,,
401426568,2022,4,False,2390,Miami,31,854.72,3.992261904761905,2393,Middle Tennessee,45,425.43,,1.0
401413247,2022,4,False,2464,Northern Arizona,10,47.14,,70,Idaho,27,82.22,,
401432395,2022,4,False,389,Upper Iowa University,22,,,132,Bemidji State,48,,,
401420800,2022,4,False,2428,North Carolina Central,59,51.95,,2355,Virginia University Of Lynchburg,14,,,0.0
401426671,2022,4,False,2710,Western Illinois,17,91.95,,2460,Northern Iowa,52,185.49,,
401413217,2022,4,False,2447,Nicholls,21,100.39,,55,Jacksonville State,52,229.74,,
401418632,2022,4,False,2046,Austin Peay,31,121.11,,2198,Eastern Kentucky,20,224.82,,0.0
401415221,2022,4,False,36,Colorado State,10,431.38,7.046783625730994,16,Sacramento State,41,96.08,,1.0
401433103,2022,4,False,613,South Dakota Mines,41,,,2424,New Mexico Highlands,27,,,0.0
401433132,2022,4,False,2107,Catawba,17,,,2839,Greeneville,50,,,
401413237,2022,4,False,331,Eastern Washington,35,73.36,,147,Montana State,38,98.27,,
401413336,2022,4,False,149,Montana,53,110.64,,2502,Portland State,16,110.5,,
401433062,2022,4,False,2237,Fort Lewis,17,,,2001,Adams State,52,,,
401430705,2022,4,False,2220,Fayetteville State,28,,,2676,Virginia Union,31,,,
401433008,2022,4,False,2291,Indiana-Pennsylvania,33,,,2385,Mercyhurst,16,,,0.0
401403999,2022,4,False,265,Washington State,41,570.94,0.9512385762385764,2483,Oregon,44,877.93,0.909687786960514,
401424427,2022,4,False,119,Towson,14,178.36,,160,New Hampshire,37,24.6,,1.0
401403898,2022,4,False,145,Ole Miss,35,757.39,0.5958874458874459,202,Tulsa,27,485.87,,
401430698,2022,4,False,2940,Livingstone,7,,,330,Virginia St,37,,,
401411122,2022,4,False,2116,UCF,27,636.16,1.12534435261708,59,Georgia Tech,10,715.48,0.586791958041958,0.0
401433399,2022,4,False,374,St John Fisher University,3,,,2528,Rensselaer,0,,,0.0
401435176,2022,4,False,2486,Pacific Lutheran,14,,,2094,California Lutheran University,17,,,
401431613,2022,4,False,2848,Western Oregon,24,,,110243,UT Permian Basin,27,,,
401431938,2022,4,False,196,Northeastern State,38,,,2876,Lincoln (MO),10,,,0.0
401462513,2022,4,False,2466,Northwestern State,35,134.66,,2320,Lamar,27,23.88,,
401444592,2022,4,False,2843,Western Connecticut St,27,,,18,Bridgewater State,40,,,
401438657,2022,4,False,101,Eureka College,10,,,2283,Benedictine University,58,,,
401426255,2022,4,False,93,Murray State,21,56.27,,2197,Eastern Illinois,35,55.8,,1.0
401403996,2022,4,False,25,California,49,653.31,1.1062748015873016,12,Arizona,31,652.06,1.8991071428571429,
401426335,2022,4,False,295,Old Dominion,29,438.06,2.512662337662338,2032,Arkansas State,26,471.65,5.3717171717171714,0.0
401404160,2022,4,False,2335,Liberty,21,161.88,2.246060606060606,2006,Akron,12,456.15,6.237261904761905,0.0
401431868,2022,4,False,2444,Newberry,32,,,101784,ERSKINE,14,,,0.0
401431534,2022,4,False,131,Wayne State (MI),9,,,125,Grand Valley State University,48,,,
401426570,2022,4,False,248,Houston,34,629.12,0.4473339160839161,242,Rice,27,441.93,,
401423440,2022,4,False,50,Florida A&M,38,223.82,,2010,Alabama A&M,25,293.63,,0.0
401413205,2022,4,False,338,Kennesaw State,24,22.69,,2747,Wofford,22,17.85,,
401422923,2022,4,False,2241,Gardner-Webb,14,19.68,,2382,Mercer,45,38.11,,
401424426,2022,4,False,48,Delaware,35,39.14,,2261,Hampton,3,69.24,,0.0
401423450,2022,4,False,2011,Alabama State,15,208.22,,2504,Prairie View A&M,25,56.88,,1.0
401416605,2022,4,False,290,Georgia Southern,34,414.14,0.574793956043956,2050,Ball State,23,345.29,2.4847282347282347,
401415624,2022,4,False,151,East Carolina,20,494.82,6.346934315684316,2426,Navy,23,0.0,,1.0
401433039,2022,4,False,215,Slippery Rock,30,,,611,Seton Hill,2,,,0.0
401432966,2022,4,False,2587,Southwest Minnesota State,27,,,568,Minot State,20,,,0.0
401432781,2022,4,False,2686,Washington & Jefferson,50,,,2062,Bethany (WV),7,,,0.0
401432701,2022,4,False,351,Wingate,10,,,2213,Emory & Henry College,17,,,
401431980,2022,4,False,2804,Chowan,21,,,2736,Winston-Salem,7,,,0.0
401432342,2022,4,False,490,Benedict College,40,,,2310,Kentucky State,14,,,0.0
401433117,2022,4,False,2331,Lenoir-Rhyne,34,,,2105,Carson-Newman College,13,,,0.0
401432324,2022,4,False,2805,Clark Atlanta,0,,,2013,Albany State GA,35,,,
401432520,2022,4,False,2810,Hardin-Simmons,20,,,2371,Mary Hardin-Baylor,50,,,
401420842,2022,4,False,2630,UT Martin,56,128.97,,2815,Lindenwood,26,,,0.0
401418779,2022,4,False,2453,North Alabama,28,107.8,,2627,Tarleton State,43,,,
401428475,2022,4,False,2448,North Carolina A&T,41,142.63,,2569,South Carolina State,27,35.03,,
401420848,2022,4,False,2545,SE Louisiana,41,166.75,,2916,Incarnate Word,35,40.89,3.9404761904761902,
401424930,2022,4,False,2016,Alcorn State,38,62.59,,2029,Arkansas-Pine Bluff,21,20.54,,
401433125,2022,4,False,2336,Limestone,27,,,2842,UVA Wise,13,,,0.0
401431825,2022,4,True,110242,West Florida,42,,,2170,Delta State,45,,,
401431474,2022,4,False,199,Southeastern Oklahoma State,34,,,200,Southern Nazarene,45,,,
401431975,2022,4,False,137,Missouri Western,31,,,2687,Washburn,38,,,
401430731,2022,4,False,2028,Arkansas-Monticello,35,,,2033,Arkansas Tech,14,,,0.0
401432760,2022,4,False,2242,Geneva,7,,,2963,Case Western Reserve,34,,,
401431009,2022,4,False,2639,Texas Lutheran,14,,,2834,Sul Ross State,28,,,
401431017,2022,4,False,2588,Southwestern University,38,,,241,McMurry,33,,,0.0
401432424,2022,4,False,2844,Wayne State (NE),48,,,3066,Concordia University St Paul,21,,,0.0
401431889,2022,4,False,2025,Angelo State,34,,,2704,West Texas A&M,14,,,0.0
401431103,2022,4,False,2042,Augustana (IL),28,,,396,Wheaton,38,,,
401423146,2022,4,False,2506,Presbyterian,24,,,2166,Davidson,56,,,
401431900,2022,4,False,2837,East Texas A&M,63,,,123086,North American University,3,,,0.0
401415040,2022,4,False,2655,Tulane,24,521.86,0.6666666666666667,2572,Southern Miss,27,478.97,2.071309523809524,1.0
401432773,2022,4,False,146,Grove City College,42,,,2614,Saint Vincent,7,,,0.0
401444110,2022,4,False,2191,East Central (OK),31,,,2823,Northwestern Oklahoma State,3,,,0.0
401403896,2022,4,False,96,Kentucky,31,737.33,4.5447366359131065,2459,Northern Illinois,23,409.86,,
401405091,2022,4,False,164,Rutgers,10,631.47,1.1544578134284016,2294,Iowa,27,681.98,6.252572463768116,
401431451,2022,4,False,2888,Ouachita Baptist,21,,,2264,Harding University,13,,,0.0
401431459,2022,4,False,2568,Southern Arkansas,28,,,2271,Henderson State,24,,,0.0
401431467,2022,4,False,319,Oklahoma Baptist,31,,,2927,Southwestern Oklahoma State,38,,,
401431511,2022,4,False,2402,Missouri S&T,10,,,2273,Hillsdale,17,,,
401415222,2022,4,False,328,Utah State,24,371.37,1.4166666666666667,2439,UNLV,34,368.29,1.539177489177489,1.0
401403893,2022,4,True,245,Texas A&M,23,947.3,1.5131382098293862,8,Arkansas,21,741.06,0.6238636363636363,
401438621,2022,4,False,3,Birmingham-Southern,34,,,3179,Point University,14,,,0.0
401426393,2022,4,False,2653,Troy,16,464.3,2.5310763888888888,276,Marshall,7,455.3,2.670734126984127,
401420864,2022,4,False,2617,Stephen F. Austin,98,130.97,,2683,Warner University,0,,,0.0
401418793,2022,4,False,326,Texas State,34,464.66,,2277,Houston Christian,0,5.41,,
401426567,2022,4,False,6,South Alabama,38,466.34,1.1366666666666667,2348,Louisiana Tech,14,473.76,,0.0
401405093,2022,4,False,77,Northwestern,14,653.48,,193,Miami (OH),17,397.26,,1.0
401426566,2022,4,False,2509,Purdue,28,646.08,0.5061126373626375,2226,Florida Atlantic,26,550.51,1.45,
401426564,2022,4,False,2579,South Carolina,56,762.63,0.673120818575364,2429,Charlotte,20,487.24,,
401405095,2022,4,False,194,Ohio State,52,983.14,0.7855113636363636,275,Wisconsin,21,744.44,0.6856569900687548,
401403892,2022,4,False,333,Alabama,55,1016.79,0.9163607226107224,238,Vanderbilt,3,629.76,,
401403897,2022,4,False,99,LSU,38,872.61,0.7972622863247864,167,New Mexico,0,312.79,3.906837606837607,
401404150,2022,4,False,152,NC State,41,686.19,0.2326664462081128,41,UConn,10,239.17,,
401409237,2022,4,False,166,New Mexico State,45,189.37,,62,Hawai'i,26,419.54,,0.0
401411118,2022,4,False,52,Florida State,44,780.76,1.144642857142857,103,Boston College,14,664.63,,
401426336,2022,4,False,2433,UL Monroe,21,348.53,,309,Louisiana,17,458.15,4.193333333333333,0.0
401404081,2022,4,False,201,Oklahoma,34,870.34,1.8228014409832591,2306,Kansas State,41,584.68,1.395028011204482,1.0
401420858,2022,4,False,253,Southern Utah,31,52.58,,3101,Utah Tech,17,,,0.0
401431602,2022,4,False,2395,Midwestern State,77,,,2829,Simon Fraser,0,,,0.0
401418784,2022,4,False,2000,Abilene Christian,34,260.16,,2703,Western New Mexico,7,,,0.0
401418803,2022,4,False,2377,McNeese,32,155.54,,2401,Mississippi College,17,,,0.0
401431903,2022,4,False,2658,Texas A&M-Kingsville,43,,,2201,Eastern New Mexico,10,,,0.0
401431929,2022,4,False,2231,Fort Hays State,24,,,2403,Missouri Southern State,25,,,
401404000,2022,4,False,204,Oregon State,14,635.88,0.7186577964519141,30,USC,17,860.12,,
401461254,2022,4,False,411,Chapman,56,,,2318,La Verne,13,,,0.0
401415184,2022,4,False,302,UC Davis,12,103.7,,2692,Weber State,17,53.15,,1.0
401439555,2022,4,False,2850,Whittier,0,,,2923,Pomona Pitzer,59,,,
401432824,2022,4,False,29,Redlands,21,,,17,Claremont-Mudd-Scripps College,25,,,
401415223,2022,4,False,252,BYU,38,415.19,,2751,Wyoming,24,292.03,2.5880718954248367,
401404001,2022,4,False,264,Washington,40,761.72,1.4903846153846154,24,Stanford,22,757.81,0.7436868686868686,
401403997,2022,4,False,9,Arizona State,13,670.18,,254,Utah,34,705.12,2.9010404368358915,
401415225,2022,4,False,23,San José State,34,417.95,,2711,Western Michigan,6,449.89,,0.0
401403908,2022,5,False,2579,South Carolina,50,762.63,0.673120818575364,2569,South Carolina State,10,35.03,,
401430710,2022,5,False,2220,Fayetteville State,13,,,2804,Chowan,10,,,0.0
401415226,2022,5,False,252,BYU,38,415.19,,328,Utah State,26,371.37,1.4166666666666667,
401415625,2022,5,False,248,Houston,24,629.12,0.4473339160839161,2655,Tulane,27,521.86,0.6666666666666667,1.0
401431173,2022,5,False,379,UMass Dartmouth,48,,,2843,Western Connecticut St,21,,,0.0
401426576,2022,5,False,2393,Middle Tennessee,30,425.43,,2636,UTSA,45,515.76,2.2285714285714286,
401415228,2022,5,False,68,Boise State,35,533.92,2.3264957264957267,21,San Diego State,13,372.29,3.430394167236273,
401404007,2022,5,False,26,UCLA,40,733.3,5.077777777777778,264,Washington,32,761.72,1.4903846153846154,0.0
401415229,2022,5,False,2439,UNLV,31,368.29,1.539177489177489,167,New Mexico,20,312.79,3.906837606837607,
401418605,2022,5,False,159,Dartmouth,17,,,219,Pennsylvania,23,,,
401432532,2022,5,False,323,Moravian,51,,,246,Juniata College,7,,,0.0
401428486,2022,5,False,2368,Marist,24,,,2900,St. Thomas (MN),38,,,
401431985,2022,5,False,2224,Findlay,7,,,2222,Ferris State,38,,,
401431054,2022,5,False,452,Endicott College,20,,,2280,Husson,0,,,0.0
401439535,2022,5,False,471,Stevenson,7,,,2808,Delaware Valley,26,,,
401423427,2022,5,False,2598,St. Francis (PA),39,16.89,,2115,Central Connecticut,13,11.33,,
401442044,2022,5,False,284,Stonehill,24,,,2184,Duquesne,20,94.04,,0.0
401432883,2022,5,False,286,North Carolina Wesleyan,37,,,548,Lagrange College,22,,,0.0
401450147,2022,5,False,2967,Framingham State,9,,,2972,Plymouth State,14,,,
401423000,2022,5,False,2329,Lehigh,7,11.72,,2405,Monmouth,35,28.53,,
401444114,2022,5,False,2583,Southern Connecticut State,14,,,2038,Assumption,28,,,
401432103,2022,5,False,587,Notre Dame College,49,,,2128,University Of Charleston (WV),24,,,0.0
401420780,2022,5,False,2415,Morgan State,44,28.0,,2355,Virginia University Of Lynchburg,10,,,0.0
401426253,2022,5,False,43,Yale,34,24.05,,47,Howard,26,,,0.0
401432154,2022,5,False,455,West Virginia Wesleyan,0,,,112335,Wheeling,37,,,
401432545,2022,5,False,122774,Keystone,44,,,417,Gallaudet,52,,,
401435134,2022,5,False,109,MIT,7,,,2108,Catholic,42,,,
401438610,2022,5,False,2884,Nichols College,14,,,2702,Western New England,47,,,
401420801,2022,5,False,2097,Campbell,48,124.16,,2428,North Carolina Central,18,51.95,,
401455635,2022,5,False,2487,Pace,45,,,126086,Post University,6,,,0.0
401404086,2022,5,False,2628,TCU,55,712.05,,201,Oklahoma,24,870.34,1.8228014409832591,0.0
401405101,2022,5,False,135,Minnesota,10,649.43,0.4863888888888888,2509,Purdue,20,646.08,0.5061126373626375,1.0
401405099,2022,5,False,275,Wisconsin,10,744.44,0.6856569900687548,356,Illinois,34,631.46,0.4672176308539945,1.0
401444121,2022,5,False,398,Wilkes,27,,,2015,Albright,0,,,0.0
401415227,2022,5,False,2005,Air Force,13,0.0,,2426,Navy,10,0.0,,0.0
401431163,2022,5,False,110,Mass Maritime,20,,,2909,Westfield State,9,,,0.0
401415628,2022,5,False,235,Memphis,24,533.26,1.0242424242424242,218,Temple,3,505.48,,
401431545,2022,5,False,110254,Davenport,52,,,2392,Michigan Tech,38,,,0.0
401433040,2022,5,False,367,Gannon,21,,,611,Seton Hill,10,,,0.0
401403905,2022,5,False,145,Ole Miss,22,757.39,0.5958874458874459,96,Kentucky,19,737.33,4.5447366359131065,
401404137,2022,5,False,349,Army,14,17.27,,2247,Georgia State,31,471.84,2.9684294871794874,
401411124,2022,5,False,103,Boston College,34,664.63,,97,Louisville,33,625.42,0.5642765567765567,
401405100,2022,5,False,2294,Iowa,14,681.98,6.252572463768116,130,Michigan,27,847.24,2.4670974858474857,
401404085,2022,5,False,2306,Kansas State,37,584.68,1.395028011204482,2641,Texas Tech,28,660.31,4.715952380952381,0.0
401430925,2022,5,False,63,Buena Vista,16,,,49,Dubuque,46,,,
401432711,2022,5,False,2828,Shenandoah,20,,,366,Ferrum,0,,,0.0
401432407,2022,5,False,134,Minnesota Duluth,36,,,2817,Minnesota State Moorhead,28,,,0.0
401432851,2022,5,True,109418,Finlandia University,0,,,583,Northwestern (MN),30,,,
401433126,2022,5,False,2369,Mars Hill,14,,,2336,Limestone,17,,,
401435056,2022,5,False,2105,Carson-Newman College,24,,,2444,Newberry,14,,,0.0
401435124,2022,5,False,7,Amherst,3,,,2977,Trinity (CT),20,,,
401432121,2022,5,False,2882,UNC Pembroke,10,,,341,Frostburg State,9,,,0.0
401438636,2022,5,False,2969,Misericordia,14,,,2221,FDU-Florham,28,,,
401429864,2022,5,False,2304,Johnson C Smith,49,,,2207,Elizabeth City State,14,,,0.0
401435076,2022,5,False,2771,Merrimack,24,,,2341,Long Island University,23,,,0.0
401432575,2022,5,False,391,Oberlin,7,,,2274,Hiram College,34,,,
401432553,2022,5,False,174,Hobart College,7,,,175,Ithaca College,31,,,
401433400,2022,5,False,184,University of Rochester (NY),3,,,2528,Rensselaer,31,,,
401441256,2022,5,False,348,Hamilton,14,,,336,Wesleyan University (CT),49,,,
401441264,2022,5,False,2532,Salisbury,30,,,2818,Montclair State,7,,,0.0
401441943,2022,5,False,2782,Cortland,28,,,3110,SUNY Morrisville,7,,,0.0
401423159,2022,5,False,2413,Morehead State,14,4.96,,2506,Presbyterian,10,,,0.0
401420809,2022,5,False,155,North Dakota,48,,,2623,Missouri State,31,251.03,,0.0
401415406,2022,5,False,2142,Colgate,31,14.43,,172,Cornell,34,,,
401432626,2022,5,False,2746,Wittenberg,35,,,89,Wabash College,42,,,
401432377,2022,5,True,112334,Franklin Pierce,0,,,2060,Bentley,41,,,
401415198,2022,5,False,171,Columbia,6,,,163,Princeton,24,16.08,,
401433152,2022,5,False,124180,Bluefield State,22,,,3111,Apprentice School,19,,,0.0
401445124,2022,5,False,2700,McDaniel College,21,,,2175,Dickinson (PA),13,,,0.0
401420791,2022,5,False,2529,Sacred Heart,31,,,2450,Norfolk State,14,61.79,,0.0
401455587,2022,5,False,2871,Kean,15,,,2970,William Paterson,22,,,
401431189,2022,5,False,126,Kalamazoo,6,,,2790,Albion,48,,,
401431198,2022,5,False,2651,Trine University,21,,,2800,Alma,40,,,
401430989,2022,5,False,291,Methodist,27,,,2056,Belhaven,34,,,
401432702,2022,5,False,2213,Emory & Henry College,38,,,2107,Catawba,23,,,0.0
401439529,2022,5,False,237,Union (NY),45,,,2085,Buffalo State,0,,,0.0
401430978,2022,5,True,6845,Nebraska Wesleyan,0,,,2964,Central College,58,,,
401431033,2022,5,False,2234,Franklin & Marshall,26,,,118,Johns Hopkins University,43,,,
401431277,2022,5,False,2286,Illinois College,21,,,2891,Ripon,23,,,
401431258,2022,5,False,65,Grinnell,28,,,266,Beloit,20,,,0.0
401432865,2022,5,False,433,Westminster College (MO),8,,,2399,Minnesota Morris,28,,,
401423138,2022,5,False,2166,Davidson,31,,,2086,Butler,0,,,0.0
401418597,2022,5,False,108,Harvard,21,,,107,Holy Cross,30,,,
401423154,2022,5,False,2168,Dayton,27,,,2181,Drake,14,,,0.0
401428481,2022,5,False,2230,Fordham,59,32.71,,46,Georgetown,38,,,0.0
401432618,2022,5,False,2748,Wooster,7,,,2980,Ohio Wesleyan,35,,,
401433025,2022,5,False,209,Lock Haven University,12,,,210,Millersville,42,,,
401438664,2022,5,False,2516,Randolph-Macon,48,,,2258,Guilford College,19,,,0.0
401443113,2022,5,False,2422,Muhlenberg,56,,,2248,Gettysburg,17,,,0.0
401430983,2022,5,False,2685,Wartburg,42,,,263,Loras College,3,,,0.0
401431044,2022,5,False,111675,Biddeford,37,,,40,Curry College,21,,,0.0
401424431,2022,5,False,311,Maine,20,54.69,,222,Villanova,45,15.94,,1.0
401432425,2022,5,False,3066,Concordia University St Paul,15,,,2364,Minnesota State Mankato,25,,,
401432136,2022,5,False,2249,Glenville State,35,,,2699,West Liberty,14,,,0.0
401430706,2022,5,False,2676,Virginia Union,69,,,395,St. Augustine's,0,,,0.0
401432114,2022,5,False,2148,Concord University,9,,,2986,Fairmont State,10,,,
401433045,2022,5,False,2559,Shippensburg,13,,,2974,Shepherd,30,,,
401445799,2022,5,False,2477,Ohio Dominican,21,,,2682,Walsh,0,,,0.0
401432812,2022,5,False,418,Hendrix College,7,,,386,Trinity University TX,28,,,
401432845,2022,5,False,2257,Greenville,30,,,446,Martin Luther,27,,,0.0
401435067,2022,5,False,390,Utica,57,,,173,Hartwick,7,,,0.0
401438629,2022,5,False,2467,Norwich,31,,,2557,Coast Guard,23,,,0.0
401430971,2022,5,False,2564,Simpson College (IA),23,,,67,Luther,33,,,
401445215,2022,5,False,340,Bowdoin,10,,,2394,Middlebury,20,,,
401431153,2022,5,False,2354,Lycoming,23,,,247,Kings College (PA),28,,,
401432631,2022,5,False,3112,Christopher Newport,20,,,2827,Rowan,14,,,0.0
401435197,2022,5,False,2373,Maryville College (TN),28,,,2938,Huntingdon College (AL),42,,,
401433016,2022,5,False,2188,East Stroudsburg University,20,,,2315,Kutztown University,24,,,
401431146,2022,5,False,2023,Anderson (IN),7,,,86,Rose-Hulman,45,,,
401437203,2022,5,False,15,Anna Maria College,25,,,3162,Alfred State,30,,,
401432639,2022,5,False,415,NEWBERG,12,,,2486,Pacific Lutheran,13,,,
401432673,2022,5,False,2733,Wilmington (OH),0,,,2302,John Carroll University,59,,,
401431138,2022,5,False,2362,Manchester,20,,,2419,Mount St. Joseph,55,,,
401431120,2022,5,False,2074,Bluffton,27,,,2233,Franklin,37,,,
401413206,2022,5,False,2747,Wofford,7,17.85,,2382,Mercer,42,38.11,,
401441931,2022,5,False,216,Susquehanna,17,,,2667,Ursinus,12,,,0.0
401430689,2022,5,False,2736,Winston-Salem,0,,,2339,Lincoln (PA),0,,,
401455585,2022,5,False,2731,Williams,28,,,112,Tufts,35,,,
401438643,2022,5,False,111674,Reading,6,,,388,Lebanon Valley,32,,,
401438675,2022,5,False,191,Heidelberg,42,,,332,Muskingum University,21,,,0.0
401432683,2022,5,False,427,Ohio Northern,0,,,426,University of Mount Union,45,,,
401426338,2022,5,False,256,James Madison,40,104.24,8.083333333333332,326,Texas State,13,464.66,,0.0
401431130,2022,5,False,190,Defiance College,20,,,2262,Hanover College,37,,,
401431503,2022,5,False,2911,William Jewell,34,,,2816,McKendree,45,,,
401431236,2022,5,False,2600,Saint John's (MN),35,,,2152,Concordia Moorhead,28,,,0.0
401431313,2022,5,False,2044,Aurora,62,,,2741,Wisconsin-Lutheran,17,,,0.0
401416608,2022,5,False,2050,Ball State,44,345.29,2.4847282347282347,2459,Northern Illinois,38,409.86,,0.0
401414782,2022,5,False,2199,Eastern Michigan,20,404.1,,113,Massachusetts,13,292.14,,
401432325,2022,5,False,2013,Albany State GA,20,,,2396,Miles College,3,,,0.0
401432950,2022,5,False,2043,Augustana University (SD),24,,,2894,Sioux Falls,31,,,
401432819,2022,5,False,2553,Sewanee,27,,,2398,Millsaps,30,,,
401431869,2022,5,False,101784,ERSKINE,7,,,351,Wingate,31,,,
401420843,2022,5,False,2815,Lindenwood,28,,,2546,Southeast Missouri State,49,26.12,,
401413218,2022,5,False,55,Jacksonville State,35,229.74,,338,Kennesaw State,28,22.69,,
401420824,2022,5,False,2449,North Dakota State,27,25.18,,2754,Youngstown State,14,94.39,,0.0
401404006,2022,5,False,254,Utah,42,705.12,2.9010404368358915,204,Oregon State,16,635.88,0.7186577964519141,
401435209,2022,5,False,2723,Wisconsin-River Falls,56,,,2743,Wisconsin-Stevens Pt,3,,,0.0
401432889,2022,5,False,2740,Wisconsin-Lacrosse,31,,,2745,Wisconsin-Whitewater,34,,,
401432874,2022,5,False,2913,Brevard College,31,,,2256,Greensboro College,13,,,0.0
401432804,2022,5,False,2519,Rhodes College,7,,,2121,Centre College Kentucky,21,,,
401431295,2022,5,False,255,Knox College,14,,,80,Chicago,50,,,
401431282,2022,5,False,2155,Cornell College (IA),10,,,262,Lake Forest College,41,,,
401431249,2022,5,False,2968,Gustavus Adolphus,27,,,2802,Bethel (MN),30,,,
401431243,2022,5,False,375,St. Scholastica,43,,,162,Hamline University,42,,,0.0
401432761,2022,5,False,146,Grove City College,14,,,2963,Case Western Reserve,13,,,0.0
401432396,2022,5,False,568,Minot State,14,,,132,Bemidji State,59,,,
401431919,2022,5,False,2118,Central Missouri,35,,,196,Northeastern State,13,,,0.0
401431097,2022,5,False,75,North Park,21,,,143,Washington University (St. Louis),56,,,
401431321,2022,5,False,2151,Concordia University Chicago,13,,,101,Eureka College,27,,,
401439511,2022,5,False,2385,Mercyhurst,13,,,2205,Edinboro University,16,,,
401429854,2022,5,False,2075,Bowie State,53,,,2940,Livingstone,7,,,0.0
401432782,2022,5,False,2686,Washington & Jefferson,66,,,2018,Allegheny,14,,,0.0
401435099,2022,5,False,2101,Carleton,56,,,2359,Macalester,27,,,0.0
401435061,2022,5,False,306,Illinois Wesleyan,38,,,74,Millikin,24,,,0.0
401432563,2022,5,False,2524,Rockford,21,,,409,Concordia-Wisconsin,42,,,
401432991,2022,5,False,2134,Clarion,14,,,2858,PennWest California,59,,,
401432974,2022,5,False,2851,Winona State,38,,,2844,Wayne State (NE),14,,,0.0
401431219,2022,5,False,133,St. Olaf,41,,,124,Augsburg,36,,,0.0
401435204,2022,5,False,271,Wisconsin-Oshkosh,46,,,272,Wisconsin-Platteville,7,,,0.0
401431070,2022,5,False,72,Elmhurst,21,,,2106,Carthage,57,,,
401432697,2022,5,False,359,Otterbein,35,,,424,Capital,28,,,0.0
401421159,2022,5,False,231,Furman,27,67.63,,2535,Samford,34,100.34,,
401425422,2022,5,True,2634,Tennessee State,27,194.56,,2323,Lane College,28,,,
401432343,2022,5,False,2232,Fort Valley State,13,,,490,Benedict College,45,,,
401432720,2022,5,False,2079,Bridgewater (VA),27,,,297,Hampden-Sydney,17,,,0.0
401431000,2022,5,False,2834,Sul Ross State,42,,,2758,Howard Payne,56,,,
401424395,2022,5,False,2210,Elon,30,64.96,,257,Richmond,27,55.5,,
401433009,2022,5,False,2291,Indiana-Pennsylvania,20,,,215,Slippery Rock,12,,,0.0
401431967,2022,5,False,138,Northwest Missouri St,16,,,137,Missouri Western,3,,,0.0
401415626,2022,5,True,58,South Florida,28,574.32,,151,East Carolina,48,494.82,6.346934315684316,1.0
401435143,2022,5,False,2749,Worcester Polytechnic Institute,14,,,2383,Merchant Marine Academy,41,,,
401413260,2022,5,False,304,Idaho State,20,37.08,,149,Montana,28,110.64,,
401431844,2022,5,False,2695,West Alabama,37,,,2560,Shorter,14,,,0.0
401432386,2022,5,False,2830,St. Anselm,10,,,2441,New Haven,21,,,
401432736,2022,5,False,2688,Washington and Lee,31,,,2047,Averett,0,,,0.0
401431460,2022,5,False,2271,Henderson State,31,,,199,Southeastern Oklahoma State,23,,,0.0
401444111,2022,5,False,2823,Northwestern Oklahoma State,7,,,2888,Ouachita Baptist,48,,,
401431948,2022,5,False,90,Pittsburg St,38,,,2403,Missouri Southern State,9,,,0.0
401431181,2022,5,False,2812,Hope College,10,,,2003,Adrian,22,,,
401432540,2022,5,False,32,Carroll University (WI),44,,,2042,Augustana (IL),41,,,0.0
401428478,2022,5,False,2630,UT Martin,45,128.97,,2635,Tennessee Tech,28,43.6,,
401423441,2022,5,False,2010,Alabama A&M,35,293.63,,2065,Bethune-Cookman,27,205.68,,
401432526,2022,5,False,2371,Mary Hardin-Baylor,38,,,2045,Austin,7,,,0.0
401432433,2022,5,False,559,University of Mary,27,,,425,Northern State,26,,,0.0
401433081,2022,5,False,2123,Chadron St,9,,,2146,Colorado School Of Mines,45,,,
401433118,2022,5,False,2842,UVA Wise,10,,,2331,Lenoir-Rhyne,42,,,
401431452,2022,5,False,2264,Harding University,38,,,319,Oklahoma Baptist,23,,,0.0
401420833,2022,5,False,2571,South Dakota State,34,5.97,,2710,Western Illinois,10,91.95,,0.0
401421130,2022,5,False,2193,East Tennessee State,16,74.98,,236,Chattanooga,24,237.41,,
401430732,2022,5,False,2033,Arkansas Tech,48,,,200,Southern Nazarene,35,,,0.0
401431304,2022,5,False,2283,Benedictine University,12,,,2832,St. Norbert,26,,,
401431268,2022,5,False,2919,Monmouth (IL),62,,,268,Lawrence University,6,,,0.0
401430742,2022,5,False,2927,Southwestern Oklahoma State,37,,,2028,Arkansas-Monticello,27,,,0.0
401431939,2022,5,False,2876,Lincoln (MO),3,,,2122,Central Oklahoma,45,,,
401404084,2022,5,False,2305,Kansas,14,574.29,1.1422064777327936,66,Iowa State,11,590.43,0.4739427239427239,0.0
401404083,2022,5,False,239,Baylor,25,666.05,,197,Oklahoma State,36,670.53,0.7572489008303818,
401403902,2022,5,False,8,Arkansas,26,741.06,0.6238636363636363,333,Alabama,49,1016.79,0.9163607226107224,
401416607,2022,5,False,2649,Toledo,38,498.98,,2117,Central Michigan,17,384.48,,
401411128,2022,5,False,153,North Carolina,41,812.94,0.7400274725274725,259,Virginia Tech,10,640.85,1.653345139708776,
401411127,2022,5,False,52,Florida State,21,780.76,1.144642857142857,154,Wake Forest,31,575.42,,1.0
401405105,2022,5,False,213,Penn State,17,830.44,,77,Northwestern,7,653.48,,
401405104,2022,5,False,194,Ohio State,49,983.14,0.7855113636363636,164,Rutgers,10,631.47,1.1544578134284016,
401416609,2022,5,False,2006,Akron,28,456.15,6.237261904761905,189,Bowling Green,31,415.08,0.5232993197278911,1.0
401404151,2022,5,False,41,UConn,19,239.17,,278,Fresno State,14,502.26,2.7113202614379084,0.0
401420870,2022,5,True,2534,Sam Houston,17,200.06,,2617,Stephen F. Austin,16,130.97,,
401426339,2022,5,False,276,Marshall,28,455.3,2.670734126984127,2241,Gardner-Webb,7,19.68,,
401416610,2022,5,False,2084,Buffalo,24,370.96,4.211111111111111,193,Miami (OH),20,397.26,,0.0
401421140,2022,5,False,2026,App State,49,456.66,,2643,The Citadel,0,21.07,,
401416611,2022,5,False,2309,Kent State,31,386.94,0.3833333333333333,195,Ohio,24,365.74,,
401422979,2022,5,False,2083,Bucknell,14,,,322,Lafayette,24,22.41,,
401405103,2022,5,False,120,Maryland,27,680.22,5.0459523809523805,127,Michigan State,13,693.91,3.214285714285714,0.0
401424367,2022,5,False,2619,Stony Brook,10,69.58,,2729,William & Mary,27,10.64,,1.0
401424430,2022,5,False,48,Delaware,24,39.14,,119,Towson,10,178.36,,0.0
401431481,2022,5,False,2568,Southern Arkansas,22,,,2191,East Central (OK),34,,,
401422973,2022,5,False,2717,Western Carolina,38,35.6,,2678,VMI,17,,,0.0
401438652,2022,5,False,18,Bridgewater State,82,,,114,Fitchburg State,0,,,0.0
401432825,2022,5,False,2318,La Verne,13,,,17,Claremont-Mudd-Scripps College,41,,,
401435171,2022,5,False,205,Pacific (OR),35,,,2930,Willamette,0,,,0.0
401432364,2022,5,False,2805,Clark Atlanta,43,,,2657,Tuskegee,45,,,
401421096,2022,5,False,301,San Diego,0,43.29,,56,Stetson,0,,,
401433100,2022,5,False,2570,CSU Pueblo,75,,,2237,Fort Lewis,3,,,0.0
401432657,2022,5,False,2333,Lewis & Clark College,28,,,2721,Whitworth,66,,,
401403906,2022,5,False,344,Mississippi State,42,725.55,1.7977002164502165,245,Texas A&M,24,947.3,1.5131382098293862,0.0
401426575,2022,5,False,249,North Texas,45,504.97,6.388888888888889,2226,Florida Atlantic,28,550.51,1.45,0.0
401462216,2022,5,False,2320,Lamar,34,23.88,,2277,Houston Christian,37,5.41,,1.0
401431823,2022,5,False,2838,Tiffin,52,,,437,Lake Erie,27,,,0.0
401431614,2022,5,False,2848,Western Oregon,7,,,2025,Angelo State,30,,,
401432648,2022,5,False,203,Linfield College,72,,,2508,Puget Sound,2,,,0.0
401443325,2022,5,False,2062,Bethany (WV),26,,,2644,Thiel,27,,,
401462218,2022,5,False,2466,Northwestern State,36,134.66,,2447,Nicholls,33,100.39,,
401411130,2022,5,False,183,Syracuse,59,590.36,3.778409090909091,2681,Wagner,0,39.77,,
401418838,2022,5,False,2460,Northern Iowa,20,185.49,,282,Indiana State,14,70.29,,
401432665,2022,5,False,317,Marietta,29,,,188,Baldwin Wallace,33,,,
401432521,2022,5,False,241,McMurry,13,,,2810,Hardin-Simmons,45,,,
401418633,2022,5,False,2110,Central Arkansas,49,82.3,,2046,Austin Peay,20,121.11,,0.0
401431835,2022,5,True,110242,West Florida,34,,,2822,North Greenville,31,,,0.0
401426341,2022,5,False,309,Louisiana,17,458.15,4.193333333333333,6,South Alabama,20,466.34,1.1366666666666667,
401460498,2022,5,False,293,Castleton,39,,,110438,Dean College,0,,,0.0
401431976,2022,5,False,2687,Washburn,35,,,2214,Emporia State University,42,,,
401415172,2022,5,False,2502,Portland State,35,110.5,,2464,Northern Arizona,27,47.14,,
401404004,2022,5,False,265,Washington State,28,570.94,0.9512385762385764,25,California,9,653.31,1.1062748015873016,0.0
401424949,2022,5,False,50,Florida A&M,34,223.82,,2400,Mississippi Valley State,7,48.86,,
401418638,2022,5,False,2198,Eastern Kentucky,35,224.82,,253,Southern Utah,28,52.58,,
401433110,2022,5,False,122666,Wilson,13,,,2839,Greeneville,14,,,
401432980,2022,5,False,2071,Bloomsburg,21,,,223,West Chester,16,,,0.0
401432094,2022,5,False,2017,Alderson-Broaddus,3,,,2707,West Virginia State,30,,,
401430673,2022,5,False,330,Virginia St,28,,,2551,Shaw,24,,,0.0
401432967,2022,5,False,2587,Southwest Minnesota State,47,,,389,Upper Iowa University,7,,,0.0
401415188,2022,5,False,227,Rhode Island,38,158.52,,225,Brown,10,,,0.0
401431492,2022,5,False,2292,Indianapolis,44,,,2586,Southwest Baptist,17,,,0.0
401432334,2022,5,False,2019,Allen,32,,,2119,Central State (OH),35,,,
401428383,2022,5,False,2169,Delaware State,14,,,2523,Robert Morris,9,21.85,,0.0
401431865,2022,5,False,2698,West Georgia,38,,,2401,Mississippi College,39,,,
401439520,2022,5,False,2781,Brockport,25,,,374,St John Fisher University,0,,,0.0
401431568,2022,5,False,131,Wayne State (MI),30,,,128,Northern Michigan,37,,,
401416612,2022,5,False,2711,Western Michigan,44,449.89,,160,New Hampshire,7,24.6,,
401426573,2022,5,False,2429,Charlotte,35,487.24,,2638,UTEP,41,289.39,,1.0
401404161,2022,5,False,295,Old Dominion,24,438.06,2.512662337662338,2335,Liberty,38,161.88,2.246060606060606,1.0
401426337,2022,5,False,324,Coastal Carolina,34,446.58,,290,Georgia Southern,30,414.14,0.574793956043956,
401462217,2022,5,False,2916,Incarnate Word,48,40.89,3.9404761904761902,2377,McNeese,20,155.54,,0.0
401403903,2022,5,False,2,Auburn,17,783.87,0.8044200244200244,99,LSU,21,872.61,0.7972622863247864,
401426578,2022,5,False,98,Western Kentucky,27,495.64,5.409090909090909,2653,Troy,34,464.3,2.5310763888888888,1.0
401426340,2022,5,False,2032,Arkansas State,45,471.65,5.3717171717171714,2433,UL Monroe,28,348.53,,
401415627,2022,5,False,202,Tulsa,21,485.87,,2132,Cincinnati,31,650.89,2.501682692307692,
401431087,2022,5,False,3071,North Central College,33,,,396,Wheaton,0,,,0.0
401431018,2022,5,False,2194,East Texas Baptist University,27,,,2588,Southwestern University,17,,,0.0
401431535,2022,5,False,125,Grand Valley State University,29,,,129,Saginaw Valley State,10,,,0.0
401432796,2022,5,False,3,Birmingham-Southern,24,,,2757,Berry College,10,,,0.0
401435349,2022,5,False,2171,Denison University,13,,,83,Depauw,17,,,
401425419,2022,5,True,2755,Grambling,14,221.26,,2504,Prairie View A&M,34,56.88,,1.0
401432898,2022,5,False,2744,Wisconsin-Stout,73,,,2738,Wisconsin-Eau Claire,29,,,0.0
401423926,2022,5,False,2582,Southern,59,178.64,,2029,Arkansas-Pine Bluff,3,20.54,,
401432752,2022,5,False,2102,Carnegie Mellon,0,,,2849,Westminster (PA),0,,,
401421123,2022,5,False,2545,SE Louisiana,48,166.75,,93,Murray State,14,56.27,,
401431554,2022,5,False,308,Ashland,56,,,2886,Northwood (MI),17,,,0.0
401445803,2022,5,False,33,Colby College,38,,,121,Bates,17,,,0.0
401431581,2022,5,False,2316,Kentucky Wesleyan,31,,,2273,Hillsdale,27,,,0.0
401423451,2022,5,False,2640,Texas Southern,13,54.59,,2011,Alabama State,16,208.22,,
401431826,2022,5,False,2170,Delta State,70,,,2673,Valdosta State,31,,,0.0
401435487,2022,5,False,2448,North Carolina A&T,24,142.63,,2803,Bryant,13,14.59,,
401418830,2022,5,False,2287,Illinois State,14,92.75,,79,Southern Illinois,19,183.5,,
401405102,2022,5,False,158,Nebraska,35,752.12,4.537157287157287,84,Indiana,21,680.74,1.5659681227863047,
401411125,2022,5,False,228,Clemson,30,943.0,3.0264484126984126,152,NC State,20,686.19,0.2326664462081128,
401403907,2022,5,False,142,Missouri,22,715.36,0.5458333333333333,61,Georgia,26,989.76,0.3255883005883005,
401411126,2022,5,False,150,Duke,38,603.98,,258,Virginia,17,625.94,2.1954545454545453,0.0
401404087,2022,5,False,251,Texas,38,887.45,1.4521464646464646,277,West Virginia,20,662.57,0.5233134920634921,
401415230,2022,5,False,2751,Wyoming,16,292.03,2.5880718954248367,23,San José State,33,417.95,,
401426577,2022,5,False,242,Rice,28,441.93,,5,UAB,24,443.8,1.237777777777778,0.0
401411129,2022,5,False,221,Pittsburgh,21,654.56,2.489126559714795,59,Georgia Tech,26,715.48,0.586791958041958,
401426574,2022,5,False,166,New Mexico State,7,189.37,,2229,Florida International,21,459.71,,
401431023,2022,5,True,123086,North American University,17,,,2639,Texas Lutheran,45,,,
401431930,2022,5,False,2438,Nebraska-Kearney,38,,,2231,Fort Hays State,20,,,0.0
401431896,2022,5,False,2703,Western New Mexico,30,,,2395,Midwestern State,27,,,0.0
401433074,2022,5,False,613,South Dakota Mines,17,,,2069,Black Hills State,24,,,
401431908,2022,5,False,2704,West Texas A&M,28,,,110243,UT Permian Basin,27,,,0.0
401431594,2022,5,False,2201,Eastern New Mexico,17,,,2120,Central Washington,45,,,
401431512,2022,5,False,2402,Missouri S&T,31,,,2825,Quincy,24,,,0.0
401433089,2022,5,False,11,Colorado Mesa,34,,,2714,Western Colorado,42,,,
401413227,2022,5,False,13,Cal Poly,21,55.91,,16,Sacramento State,49,96.08,,
401431603,2022,5,True,2829,Simon Fraser,7,,,2658,Texas A&M-Kingsville,35,,,
401433063,2022,5,False,2001,Adams State,21,,,2424,New Mexico Highlands,23,,,
401413248,2022,5,False,70,Idaho,55,82.22,,2458,Northern Colorado,35,227.83,,0.0
401418785,2022,5,False,3101,Utah Tech,10,,,2000,Abilene Christian,26,260.16,,
401404002,2022,5,False,12,Arizona,43,652.06,1.8991071428571429,38,Colorado,20,616.28,,
401439550,2022,5,False,2850,Whittier,0,,,2094,California Lutheran University,45,,,
401461978,2022,5,False,411,Chapman,17,,,2923,Pomona Pitzer,31,,,
401413342,2022,5,False,147,Montana State,41,98.27,,302,UC Davis,24,103.7,,0.0
401404003,2022,5,False,30,USC,42,860.12,,9,Arizona State,25,670.18,,
401404005,2022,5,False,2483,Oregon,45,877.93,0.909687786960514,24,Stanford,27,757.81,0.7436868686868686,
401403904,2022,5,False,57,Florida,52,856.95,1.0608405483405483,331,Eastern Washington,17,73.36,,
401432348,2022,5,False,2206,Edward Waters,49,,,60,Morehouse College,20,,,0.0
401441333,2022,5,False,2542,Savannah St,13,,,2310,Kentucky State,28,,,
401415629,2022,6,False,2116,UCF,41,636.16,1.12534435261708,2567,SMU,19,598.49,,
401431164,2022,6,False,110,Mass Maritime,14,,,379,UMass Dartmouth,28,,,
401432095,2022,6,False,2017,Alderson-Broaddus,7,,,2986,Fairmont State,51,,,
401431962,2022,6,False,2122,Central Oklahoma,55,,,196,Northeastern State,6,,,0.0
401415407,2022,6,False,172,Cornell,28,,,108,Harvard,35,,,
401405111,2022,6,False,164,Rutgers,13,631.47,1.1544578134284016,158,Nebraska,14,752.12,4.537157287157287,
401415630,2022,6,False,235,Memphis,32,533.26,1.0242424242424242,248,Houston,33,629.12,0.4473339160839161,
401415236,2022,6,False,23,San José State,40,417.95,,2439,UNLV,7,368.29,1.539177489177489,
401415233,2022,6,False,2440,Nevada,14,416.44,1.4598214285714286,36,Colorado State,17,431.38,7.046783625730994,
401428201,2022,6,False,2523,Robert Morris,0,21.85,,2241,Gardner-Webb,48,19.68,,1.0
401404090,2022,6,True,201,Oklahoma,0,870.34,1.8228014409832591,251,Texas,49,887.45,1.4521464646464646,
401405109,2022,6,False,120,Maryland,29,680.22,5.0459523809523805,2509,Purdue,31,646.08,0.5061126373626375,1.0
401432387,2022,6,False,2060,Bentley,38,,,2830,St. Anselm,7,,,0.0
401421105,2022,6,False,2506,Presbyterian,21,,,2674,Valparaiso,41,11.85,,
401433026,2022,6,False,2974,Shepherd,72,,,209,Lock Haven University,7,,,0.0
401438653,2022,6,False,2967,Framingham State,47,,,114,Fitchburg State,0,,,0.0
401411136,2022,6,False,258,Virginia,17,625.94,2.1954545454545453,97,Louisville,34,625.42,0.5642765567765567,1.0
401432981,2022,6,False,2315,Kutztown University,24,,,2071,Bloomsburg,0,,,0.0
401433401,2022,6,False,2085,Buffalo State,14,,,2528,Rensselaer,42,,,
401416617,2022,6,False,189,Bowling Green,7,415.08,0.5232993197278911,2084,Buffalo,38,370.96,4.211111111111111,1.0
401418606,2022,6,False,43,Yale,24,24.05,,159,Dartmouth,21,,,0.0
401431154,2022,6,False,2808,Delaware Valley,21,,,2354,Lycoming,0,,,0.0
401431536,2022,6,False,2022,American International,3,,,125,Grand Valley State University,45,,,
401431573,2022,6,False,2682,Walsh,0,,,308,Ashland,35,,,
401403910,2022,6,False,57,Florida,24,856.95,1.0608405483405483,142,Missouri,17,715.36,0.5458333333333333,
401403913,2022,6,False,99,LSU,13,872.61,0.7972622863247864,2633,Tennessee,40,764.8,0.7337301587301588,1.0
401403914,2022,6,False,344,Mississippi State,40,725.55,1.7977002164502165,8,Arkansas,17,741.06,0.6238636363636363,0.0
401404089,2022,6,False,2305,Kansas,31,574.29,1.1422064777327936,2628,TCU,38,712.05,,
401405108,2022,6,False,84,Indiana,10,680.74,1.5659681227863047,130,Michigan,31,847.24,2.4670974858474857,
401444122,2022,6,False,111674,Reading,14,,,398,Wilkes,35,,,
401438611,2022,6,False,452,Endicott College,52,,,2884,Nichols College,7,,,0.0
401432115,2022,6,False,2699,West Liberty,28,,,2148,Concord University,45,,,
401432992,2022,6,False,2858,PennWest California,21,,,2291,Indiana-Pennsylvania,22,,,
401432149,2022,6,False,112335,Wheeling,16,,,2882,UNC Pembroke,17,,,
401433033,2022,6,False,210,Millersville,20,,,2188,East Stroudsburg University,14,,,0.0
401416614,2022,6,False,2711,Western Michigan,23,449.89,,2199,Eastern Michigan,45,404.1,,1.0
401439559,2022,6,False,2256,Greensboro College,38,,,2896,Southern Virginia,28,,,0.0
401432546,2022,6,False,417,Gallaudet,20,,,293,Castleton,17,,,0.0
401432104,2022,6,False,2128,University Of Charleston (WV),41,,,2249,Glenville State,34,,,0.0
401438637,2022,6,False,2221,FDU-Florham,30,,,2725,Widener,17,,,0.0
401431190,2022,6,False,2790,Albion,30,,,2812,Hope College,10,,,0.0
401423001,2022,6,False,2329,Lehigh,28,11.72,,2230,Fordham,40,32.71,,
401435144,2022,6,False,2383,Merchant Marine Academy,19,,,2467,Norwich,7,,,0.0
401445800,2022,6,False,437,Lake Erie,7,,,2477,Ohio Dominican,38,,,
401444593,2022,6,False,18,Bridgewater State,45,,,402,Worcester St,0,,,0.0
401439536,2022,6,False,247,Kings College (PA),20,,,471,Stevenson,7,,,0.0
401422990,2022,6,False,322,Lafayette,2,22.41,,163,Princeton,23,16.08,,1.0
401431827,2022,6,False,2822,North Greenville,14,,,2170,Delta State,47,,,
401432852,2022,6,False,583,Northwestern (MN),41,,,2257,Greenville,35,,,0.0
401445795,2022,6,False,2972,Plymouth State,27,,,2843,Western Connecticut St,34,,,
401433119,2022,6,False,2331,Lenoir-Rhyne,51,,,2336,Limestone,30,,,0.0
401432408,2022,6,False,134,Minnesota Duluth,49,,,559,University of Mary,14,,,0.0
401432241,2022,6,False,2184,Duquesne,21,94.04,,2771,Merrimack,28,,,
401423414,2022,6,False,56,Stetson,31,,,2368,Marist,45,,,
401438687,2022,6,False,2827,Rowan,23,,,2442,College Of New Jersey,21,,,0.0
401431259,2022,6,False,266,Beloit,25,,,255,Knox College,34,,,
401424406,2022,6,False,2405,Monmouth,38,28.53,,399,UAlbany,31,92.55,,0.0
401430690,2022,6,False,2339,Lincoln (PA),14,,,2804,Chowan,16,,,
401438644,2022,6,False,2969,Misericordia,12,,,388,Lebanon Valley,47,,,
401423139,2022,6,False,2086,Butler,31,,,2168,Dayton,0,,,0.0
401435135,2022,6,False,2108,Catholic,24,,,2749,Worcester Polytechnic Institute,21,,,0.0
401432805,2022,6,False,2121,Centre College Kentucky,35,,,2553,Sewanee,16,,,0.0
401432649,2022,6,False,2721,Whitworth,17,,,203,Linfield College,35,,,
401432774,2022,6,False,2062,Bethany (WV),7,,,146,Grove City College,55,,,
401430674,2022,6,False,2304,Johnson C Smith,22,,,2551,Shaw,18,,,0.0
401430926,2022,6,False,263,Loras College,65,,,63,Buena Vista,0,,,0.0
401432762,2022,6,False,2963,Case Western Reserve,45,,,2614,Saint Vincent,21,,,0.0
401415189,2022,6,False,2115,Central Connecticut,20,11.33,,225,Brown,27,,,
401439521,2022,6,False,374,St John Fisher University,3,,,3110,SUNY Morrisville,10,,,
401435202,2022,6,False,548,Lagrange College,17,,,2373,Maryville College (TN),56,,,
401435119,2022,6,False,83,Depauw,7,,,2746,Wittenberg,30,,,
401432554,2022,6,False,175,Ithaca College,56,,,184,University of Rochester (NY),10,,,0.0
401430984,2022,6,False,2964,Central College,28,,,2685,Wartburg,35,,,
401437204,2022,6,False,3162,Alfred State,42,,,122774,Keystone,33,,,0.0
401432753,2022,6,False,2845,Waynesburg,20,,,2102,Carnegie Mellon,27,,,
401432783,2022,6,False,2849,Westminster (PA),14,,,2686,Washington & Jefferson,17,,,
401413207,2022,6,False,2535,Samford,28,100.34,,2747,Wofford,14,17.85,,
401431045,2022,6,False,40,Curry College,37,,,2776,Salve Regina,20,,,0.0
401431111,2022,6,False,173,Hartwick,6,,,365,Alfred University,21,,,
401431055,2022,6,False,2280,Husson,31,,,111675,Biddeford,14,,,0.0
401444598,2022,6,False,7,Amherst,23,,,121,Bates,27,,,
401441937,2022,6,False,2781,Brockport,24,,,2782,Cortland,42,,,
401438625,2022,6,False,2951,SUNY Maritime,27,,,15,Anna Maria College,41,,,
401432703,2022,6,False,2213,Emory & Henry College,34,,,2842,UVA Wise,14,,,0.0
401432416,2022,6,False,2817,Minnesota State Moorhead,36,,,568,Minot State,14,,,0.0
401432122,2022,6,False,341,Frostburg State,33,,,587,Notre Dame College,30,,,0.0
401437188,2022,6,False,2441,New Haven,35,,,2487,Pace,7,,,0.0
401420781,2022,6,False,2415,Morgan State,21,28.0,,2450,Norfolk State,24,61.79,,
401418839,2022,6,False,282,Indiana State,26,70.29,,2449,North Dakota State,31,25.18,,1.0
401444115,2022,6,False,2803,Bryant,56,14.59,,2583,Southern Connecticut State,10,,,0.0
401437411,2022,6,False,2399,Minnesota Morris,28,,,109418,Finlandia University,12,,,0.0
401439530,2022,6,False,2779,St. Lawrence,7,,,237,Union (NY),44,,,
401438182,2022,6,False,2707,West Virginia State,46,,,455,West Virginia Wesleyan,21,,,0.0
401432584,2022,6,False,391,Oberlin,21,,,352,Kenyon,28,,,
401432367,2022,6,False,2888,Ouachita Baptist,63,,,2927,Southwestern Oklahoma State,24,,,0.0
401430990,2022,6,False,2056,Belhaven,24,,,286,North Carolina Wesleyan,0,,,0.0
401429865,2022,6,False,2676,Virginia Union,49,,,2207,Elizabeth City State,0,,,0.0
401432353,2022,6,False,2119,Central State (OH),17,,,2232,Fort Valley State,32,,,
401431546,2022,6,False,2392,Michigan Tech,35,,,131,Wayne State (MI),34,,,0.0
401450194,2022,6,False,2970,William Paterson,0,,,2532,Salisbury,23,,,
401438630,2022,6,False,2557,Coast Guard,6,,,81,Springfield,49,,,
401415199,2022,6,False,171,Columbia,28,,,2681,Wagner,7,39.77,,0.0
401431818,2022,6,False,128,Northern Michigan,24,,,110254,Davenport,27,,,
401441257,2022,6,False,336,Wesleyan University (CT),31,,,33,Colby College,14,,,0.0
401435125,2022,6,False,2977,Trinity (CT),45,,,348,Hamilton,0,,,0.0
401433133,2022,6,False,2839,Greeneville,34,,,2105,Carson-Newman College,6,,,0.0
401432698,2022,6,False,332,Muskingum University,41,,,359,Otterbein,35,,,0.0
401431121,2022,6,False,2233,Franklin,54,,,2023,Anderson (IN),14,,,0.0
401432674,2022,6,False,2302,John Carroll University,45,,,317,Marietta,10,,,0.0
401422974,2022,6,False,2678,VMI,21,,,2193,East Tennessee State,44,74.98,,
401431131,2022,6,False,2262,Hanover College,63,,,2074,Bluffton,21,,,0.0
401431139,2022,6,False,2419,Mount St. Joseph,55,,,190,Defiance College,35,,,0.0
401431982,2022,6,False,2940,Livingstone,20,,,2736,Winston-Salem,17,,,0.0
401432684,2022,6,False,426,University of Mount Union,28,,,191,Heidelberg,6,,,0.0
401431278,2022,6,False,2891,Ripon,56,,,65,Grinnell,6,,,0.0
401431088,2022,6,False,32,Carroll University (WI),0,,,3071,North Central College,73,,,
401431237,2022,6,False,2152,Concordia Moorhead,36,,,2359,Macalester,7,,,0.0
401431305,2022,6,False,2741,Wisconsin-Lutheran,0,,,2832,St. Norbert,7,,,
401431010,2022,6,False,2810,Hardin-Simmons,70,,,2834,Sul Ross State,35,,,0.0
401431147,2022,6,False,86,Rose-Hulman,48,,,2362,Manchester,14,,,0.0
401431209,2022,6,False,354,Olivet College,41,,,126,Kalamazoo,17,,,0.0
401431521,2022,6,False,2825,Quincy,46,,,2316,Kentucky Wesleyan,9,,,0.0
401431920,2022,6,False,2214,Emporia State University,44,,,2118,Central Missouri,27,,,0.0
401432813,2022,6,False,2398,Millsaps,34,,,418,Hendrix College,28,,,0.0
401432875,2022,6,False,2913,Brevard College,22,,,291,Methodist,20,,,0.0
401435062,2022,6,False,74,Millikin,0,,,2042,Augustana (IL),70,,,
401435100,2022,6,False,2101,Carleton,26,,,133,St. Olaf,7,,,0.0
401435190,2022,6,False,386,Trinity University TX,23,,,3,Birmingham-Southern,20,,,0.0
401432962,2022,6,False,2894,Sioux Falls,35,,,2587,Southwest Minnesota State,14,,,0.0
401432956,2022,6,False,2844,Wayne State (NE),41,,,2364,Minnesota State Mankato,33,,,0.0
401432890,2022,6,False,2744,Wisconsin-Stout,21,,,2740,Wisconsin-Lacrosse,42,,,
401423147,2022,6,False,2900,St. Thomas (MN),27,,,2166,Davidson,16,,,0.0
401431493,2022,6,False,2816,McKendree,23,,,2292,Indianapolis,38,,,
401431269,2022,6,False,268,Lawrence University,7,,,2155,Cornell College (IA),27,,,
401430711,2022,6,False,2220,Fayetteville State,54,,,395,St. Augustine's,0,,,0.0
401435210,2022,6,False,2723,Wisconsin-River Falls,27,,,271,Wisconsin-Oshkosh,24,,,0.0
401416616,2022,6,False,195,Ohio,55,365.74,,2006,Akron,34,456.15,6.237261904761905,0.0
401438619,2022,6,False,143,Washington University (St. Louis),59,,,306,Illinois Wesleyan,14,,,0.0
401432619,2022,6,False,2980,Ohio Wesleyan,41,,,2171,Denison University,7,,,0.0
401444125,2022,6,False,6353,Lakeland,14,,,2283,Benedictine University,23,,,
401435109,2022,6,False,80,Chicago,20,,,2919,Monmouth (IL),23,,,
401431001,2022,6,False,2758,Howard Payne,30,,,241,McMurry,18,,,0.0
401423442,2022,6,False,2010,Alabama A&M,37,293.63,,2755,Grambling,31,221.26,,
401433082,2022,6,False,2237,Fort Lewis,3,,,2123,Chadron St,56,,,
401432564,2022,6,False,409,Concordia-Wisconsin,23,,,101,Eureka College,20,,,0.0
401450149,2022,6,False,2394,Middlebury,30,,,2731,Williams,7,,,0.0
401432839,2022,6,False,446,Martin Luther,20,,,509,Crown College,26,,,
401432857,2022,6,False,2968,Gustavus Adolphus,77,,,375,St. Scholastica,7,,,0.0
401432527,2022,6,False,2194,East Texas Baptist University,7,,,2371,Mary Hardin-Baylor,24,,,
401431250,2022,6,False,2802,Bethel (MN),49,,,162,Hamline University,14,,,0.0
401424396,2022,6,False,2210,Elon,27,64.96,,119,Towson,10,178.36,,0.0
401421097,2022,6,False,2181,Drake,10,,,301,San Diego,22,43.29,,
401423915,2022,6,False,46,Georgetown,28,,,219,Pennsylvania,59,,,
401431814,2022,6,False,2586,Southwest Baptist,44,,,2911,William Jewell,21,,,0.0
401424950,2022,6,False,2569,South Carolina State,14,35.03,,50,Florida A&M,20,223.82,,
401431071,2022,6,False,75,North Park,14,,,2106,Carthage,33,,,
401421141,2022,6,False,2643,The Citadel,10,21.07,,231,Furman,21,67.63,,
401431080,2022,6,False,396,Wheaton,56,,,72,Elmhurst,0,,,0.0
401431220,2022,6,False,124,Augsburg,0,,,2600,Saint John's (MN),45,,,
401431024,2022,6,False,2045,Austin,15,,,2639,Texas Lutheran,37,,,
401430954,2022,6,False,67,Luther,10,,,2141,Coe College,56,,,
401432737,2022,6,False,2258,Guilford College,6,,,2688,Washington and Lee,31,,,
401432729,2022,6,False,2079,Bridgewater (VA),23,,,2828,Shenandoah,17,,,0.0
401426342,2022,6,False,2247,Georgia State,41,471.84,2.9684294871794874,290,Georgia Southern,33,414.14,0.574793956043956,
401424432,2022,6,False,2261,Hampton,24,69.24,,311,Maine,31,54.69,,1.0
401438596,2022,6,False,2205,Edinboro University,17,,,367,Gannon,35,,,
401433090,2022,6,False,2146,Colorado School Of Mines,48,,,11,Colorado Mesa,21,,,0.0
401432344,2022,6,False,490,Benedict College,20,,,2396,Miles College,3,,,0.0
401431555,2022,6,False,2224,Findlay,34,,,2886,Northwood (MI),14,,,0.0
401431562,2022,6,False,129,Saginaw Valley State,28,,,2222,Ferris State,33,,,
401435217,2022,6,False,2738,Wisconsin-Eau Claire,24,,,2745,Wisconsin-Whitewater,45,,,
401433050,2022,6,False,223,West Chester,13,,,2559,Shippensburg,20,,,
401415633,2022,6,False,2132,Cincinnati,28,650.89,2.501682692307692,58,South Florida,24,574.32,,
401441334,2022,6,False,2542,Savannah St,28,,,2355,Virginia University Of Lynchburg,14,,,0.0
401433064,2022,6,False,2001,Adams State,20,,,2570,CSU Pueblo,52,,,
401425453,2022,6,False,2546,Southeast Missouri State,34,26.12,,2635,Tennessee Tech,20,43.6,,0.0
401431513,2022,6,False,2654,Truman State,36,,,2402,Missouri S&T,14,,,0.0
401431845,2022,6,False,2401,Mississippi College,35,,,2560,Shorter,21,,,0.0
401432744,2022,6,False,2242,Geneva,35,,,2018,Allegheny,21,,,0.0
401431299,2022,6,False,262,Lake Forest College,40,,,2286,Illinois College,7,,,0.0
401420829,2022,6,False,2571,South Dakota State,28,5.97,,233,South Dakota,3,51.92,,0.0
401420810,2022,6,False,2623,Missouri State,21,251.03,,79,Southern Illinois,38,183.5,,1.0
401435205,2022,6,False,2743,Wisconsin-Stevens Pt,3,,,272,Wisconsin-Platteville,31,,,
401430743,2022,6,False,2028,Arkansas-Monticello,23,,,2823,Northwestern Oklahoma State,26,,,
401423920,2022,6,False,2029,Arkansas-Pine Bluff,17,20.54,,2640,Texas Southern,24,54.59,,
401431461,2022,6,False,2191,East Central (OK),31,,,2271,Henderson State,10,,,0.0
401433104,2022,6,False,2714,Western Colorado,10,,,613,South Dakota Mines,38,,,
401431940,2022,6,False,2403,Missouri Southern State,37,,,2876,Lincoln (MO),14,,,0.0
401433075,2022,6,False,2424,New Mexico Highlands,30,,,2069,Black Hills State,28,,,0.0
401431475,2022,6,False,199,Southeastern Oklahoma State,35,,,2568,Southern Arkansas,32,,,0.0
401450138,2022,6,False,2323,Lane College,26,,,2310,Kentucky State,31,,,
401431968,2022,6,False,90,Pittsburg St,24,,,138,Northwest Missouri St,22,,,0.0
401432397,2022,6,False,132,Bemidji State,44,,,3066,Concordia University St Paul,0,,,0.0
401423452,2022,6,False,2011,Alabama State,12,208.22,,2296,Jackson State,26,590.92,11.275,
401420844,2022,6,False,93,Murray State,16,56.27,,2630,UT Martin,45,128.97,,
401418813,2022,6,False,2197,Eastern Illinois,35,55.8,,2466,Northwestern State,27,134.66,,0.0
401431453,2022,6,False,200,Southern Nazarene,28,,,2264,Harding University,56,,,
401431322,2022,6,False,2151,Concordia University Chicago,37,,,2524,Rockford,13,,,0.0
401403911,2022,6,False,61,Georgia,42,989.76,0.3255883005883005,2,Auburn,10,783.87,0.8044200244200244,
401411135,2022,6,False,221,Pittsburgh,45,654.56,2.489126559714795,259,Virginia Tech,29,640.85,1.653345139708776,
401405107,2022,6,False,77,Northwestern,7,653.48,,275,Wisconsin,42,744.44,0.6856569900687548,
401404164,2022,6,False,113,Massachusetts,24,292.14,,2335,Liberty,42,161.88,2.246060606060606,1.0
401426581,2022,6,False,5,UAB,41,443.8,1.237777777777778,2393,Middle Tennessee,14,425.43,,
401416613,2022,6,False,2117,Central Michigan,16,384.48,,2050,Ball State,17,345.29,2.4847282347282347,1.0
401415631,2022,6,False,2655,Tulane,24,521.86,0.6666666666666667,151,East Carolina,9,494.82,6.346934315684316,
401404091,2022,6,False,197,Oklahoma State,41,670.53,0.7572489008303818,2641,Texas Tech,31,660.31,4.715952380952381,
401404011,2022,6,False,26,UCLA,42,733.3,5.077777777777778,254,Utah,32,705.12,2.9010404368358915,
401432434,2022,6,False,425,Northern State,42,,,2851,Winona State,21,,,0.0
401415632,2022,6,False,2426,Navy,53,0.0,,202,Tulsa,21,485.87,,0.0
401424433,2022,6,False,160,New Hampshire,24,24.6,,2619,Stony Brook,14,69.58,,0.0
401416618,2022,6,False,193,Miami (OH),27,397.26,,2309,Kent State,24,386.94,0.3833333333333333,
401424368,2022,6,False,2729,William & Mary,27,10.64,,48,Delaware,21,39.14,,0.0
401432712,2022,6,False,366,Ferrum,16,,,297,Hampden-Sydney,35,,,
401416615,2022,6,False,2459,Northern Illinois,32,409.86,,2649,Toledo,52,498.98,,
401432951,2022,6,False,389,Upper Iowa University,14,,,2043,Augustana University (SD),31,,,
401428191,2022,6,False,2097,Campbell,34,124.16,,2127,Charleston Southern,28,28.1,,
401431870,2022,6,False,101784,ERSKINE,13,,,2369,Mars Hill,33,,,
401431582,2022,6,False,2273,Hillsdale,0,,,2838,Tiffin,41,,,
401422924,2022,6,False,2382,Mercer,49,38.11,,2717,Western Carolina,6,35.6,,
401403915,2022,6,False,238,Vanderbilt,28,629.76,,145,Ole Miss,52,757.39,0.5958874458874459,
401435177,2022,6,False,2486,Pacific Lutheran,47,,,2333,Lewis & Clark College,21,,,0.0
401433111,2022,6,False,2444,Newberry,42,,,122666,Wilson,21,,,0.0
401432640,2022,6,False,2930,Willamette,10,,,415,NEWBERG,27,,,
401432826,2022,6,False,17,Claremont-Mudd-Scripps College,28,,,411,Chapman,6,,,0.0
401435172,2022,6,False,2508,Puget Sound,21,,,205,Pacific (OR),42,,,
401404009,2022,6,False,9,Arizona State,45,670.18,,264,Washington,38,761.72,1.4903846153846154,0.0
401432870,2022,6,False,2047,Averett,7,,,2516,Randolph-Macon,55,,,
401411133,2022,6,False,2390,Miami,24,854.72,3.992261904761905,153,North Carolina,27,812.94,0.7400274725274725,1.0
401405110,2022,6,False,127,Michigan State,20,693.91,3.214285714285714,194,Ohio State,49,983.14,0.7855113636363636,
401413228,2022,6,False,2464,Northern Arizona,31,47.14,,13,Cal Poly,29,55.91,,0.0
401413261,2022,6,False,147,Montana State,37,98.27,,304,Idaho State,6,37.08,,
401422980,2022,6,False,107,Holy Cross,57,,,2083,Bucknell,0,,,0.0
401411132,2022,6,False,59,Georgia Tech,23,715.48,0.586791958041958,150,Duke,20,603.98,,
401433000,2022,6,False,611,Seton Hill,13,,,2134,Clarion,40,,,
401429855,2022,6,False,330,Virginia St,14,,,2075,Bowie State,41,,,
401462220,2022,6,False,2545,SE Louisiana,28,166.75,,2837,East Texas A&M,31,,,
401423927,2022,6,False,2504,Prairie View A&M,13,56.88,,2582,Southern,45,178.64,,
401426670,2022,6,False,2110,Central Arkansas,49,82.3,,2815,Lindenwood,52,,,
401431955,2022,6,False,137,Missouri Western,18,,,2438,Nebraska-Kearney,39,,,
401432238,2022,6,False,2502,Portland State,48,110.5,,124179,Lincoln (CA),6,,,0.0
401420859,2022,6,False,2916,Incarnate Word,56,40.89,3.9404761904761902,2320,Lamar,17,23.88,,
401430964,2022,6,False,49,Dubuque,66,,,2564,Simpson College (IA),14,,,0.0
401418831,2022,6,False,2460,Northern Iowa,21,185.49,,2287,Illinois State,23,92.75,,1.0
401431182,2022,6,False,2003,Adrian,21,,,2651,Trine University,27,,,
401433054,2022,6,False,215,Slippery Rock,31,,,2385,Mercyhurst,17,,,0.0
401432326,2022,6,False,2206,Edward Waters,7,,,2013,Albany State GA,55,,,
401418646,2022,6,False,338,Kennesaw State,40,22.69,,2453,North Alabama,34,107.8,,0.0
401431861,2022,6,False,2698,West Georgia,28,,,110242,West Florida,42,,,
401433153,2022,6,True,124110,UFTL,0,,,124180,Bluefield State,0,,,
401441265,2022,6,False,2818,Montclair State,22,,,2871,Kean,23,,,
401432335,2022,6,False,2019,Allen,41,,,2805,Clark Atlanta,42,,,
401426582,2022,6,False,2636,UTSA,31,515.76,2.2285714285714286,98,Western Kentucky,28,495.64,5.409090909090909,
401420817,2022,6,False,2754,Youngstown State,30,94.39,,155,North Dakota,35,,,
401424938,2022,6,False,2634,Tennessee State,41,194.56,,2065,Bethune-Cookman,17,205.68,,0.0
401433137,2022,6,False,351,Wingate,28,,,2107,Catawba,0,,,0.0
401445216,2022,6,False,112,Tufts,31,,,340,Bowdoin,13,,,0.0
401424931,2022,6,False,2400,Mississippi Valley State,7,48.86,,2016,Alcorn State,30,62.59,,
401432797,2022,6,False,2757,Berry College,34,,,2519,Rhodes College,0,,,0.0
401431850,2022,6,False,2673,Valdosta State,31,,,2695,West Alabama,34,,,
401430733,2022,6,False,319,Oklahoma Baptist,13,,,2033,Arkansas Tech,34,,,
401415234,2022,6,False,167,New Mexico,14,312.79,3.906837606837607,2751,Wyoming,27,292.03,2.5880718954248367,1.0
401431890,2022,6,False,2025,Angelo State,28,,,2201,Eastern New Mexico,9,,,0.0
401462219,2022,6,False,2277,Houston Christian,17,5.41,,2447,Nicholls,19,100.39,,
401426346,2022,6,False,2653,Troy,27,464.3,2.5310763888888888,2572,Southern Miss,10,478.97,2.071309523809524,0.0
401431604,2022,6,False,110243,UT Permian Basin,31,,,2829,Simon Fraser,24,,,0.0
401415231,2022,6,False,328,Utah State,34,371.37,1.4166666666666667,2005,Air Force,27,0.0,,
401426580,2022,6,False,2348,Louisiana Tech,41,473.76,,2638,UTEP,31,289.39,,
401426345,2022,6,False,326,Texas State,36,464.66,,2026,App State,24,456.66,,
401426579,2022,6,False,2229,Florida International,12,459.71,,41,UConn,33,239.17,,1.0
401426343,2022,6,False,2032,Arkansas State,20,471.65,5.3717171717171714,256,James Madison,42,104.24,8.083333333333332,1.0
401462517,2022,6,False,2617,Stephen F. Austin,41,130.97,,2000,Abilene Christian,38,260.16,,0.0
401404088,2022,6,False,66,Iowa State,9,590.43,0.4739427239427239,2306,Kansas State,10,584.68,1.395028011204482,1.0
401404012,2022,6,False,30,USC,30,860.12,,265,Washington State,14,570.94,0.9512385762385764,
401405106,2022,6,False,356,Illinois,9,631.46,0.4672176308539945,2294,Iowa,6,681.98,6.252572463768116,0.0
401404138,2022,6,False,154,Wake Forest,45,575.42,,349,Army,10,17.27,,
401403912,2022,6,False,96,Kentucky,14,737.33,4.5447366359131065,2579,South Carolina,24,762.63,0.673120818575364,
401404127,2022,6,True,87,Notre Dame,28,866.48,,252,BYU,20,415.19,,
401411131,2022,6,False,103,Boston College,3,664.63,,228,Clemson,31,943.0,3.0264484126984126,
401403909,2022,6,False,333,Alabama,24,1016.79,0.9163607226107224,245,Texas A&M,20,947.3,1.5131382098293862,
401431904,2022,6,False,2658,Texas A&M-Kingsville,21,,,2703,Western New Mexico,17,,,0.0
401431897,2022,6,False,2395,Midwestern State,26,,,2704,West Texas A&M,38,,,
401413238,2022,6,False,2692,Weber State,45,53.15,,331,Eastern Washington,21,73.36,,0.0
401432349,2022,6,True,60,Morehouse College,14,,,2657,Tuskegee,31,,,
401420879,2022,6,False,253,Southern Utah,40,52.58,,2627,Tarleton State,42,,,
401426344,2022,6,False,2433,UL Monroe,21,348.53,,324,Coastal Carolina,28,446.58,,
401431931,2022,6,False,2231,Fort Hays State,14,,,2687,Washburn,45,,,
401411134,2022,6,False,152,NC State,19,686.19,0.2326664462081128,52,Florida State,17,780.76,1.144642857142857,0.0
401431595,2022,6,False,2120,Central Washington,14,,,2848,Western Oregon,16,,,
401404008,2022,6,False,12,Arizona,22,652.06,1.8991071428571429,2483,Oregon,49,877.93,0.909687786960514,
401415179,2022,6,False,16,Sacramento State,55,96.08,,2458,Northern Colorado,7,227.83,,0.0
401415232,2022,6,False,68,Boise State,40,533.92,2.3264957264957267,278,Fresno State,20,502.26,2.7113202614379084,
401461255,2022,6,False,2923,Pomona Pitzer,56,,,2318,La Verne,7,,,0.0
401432832,2022,6,False,2094,California Lutheran University,14,,,29,Redlands,35,,,
401415235,2022,6,False,21,San Diego State,16,372.29,3.430394167236273,62,Hawai'i,14,419.54,,0.0
401404010,2022,6,False,24,Stanford,27,757.81,0.7436868686868686,204,Oregon State,28,635.88,0.7186577964519141,1.0
401432378,2022,6,False,2038,Assumption,28,,,112334,Franklin Pierce,14,,,0.0
401426347,2022,7,False,276,Marshall,13,455.3,2.670734126984127,309,Louisiana,23,458.15,4.193333333333333,
401432150,2022,7,False,2882,UNC Pembroke,45,,,2707,West Virginia State,24,,,0.0
401432137,2022,7,False,2986,Fairmont State,24,,,2699,West Liberty,27,,,
401404092,2022,7,False,277,West Virginia,43,662.57,0.5233134920634921,239,Baylor,40,666.05,,0.0
401415634,2022,7,False,2116,UCF,70,636.16,1.12534435261708,218,Temple,13,505.48,,
401420782,2022,7,False,2428,North Carolina Central,59,51.95,,2415,Morgan State,20,28.0,,
401446234,2022,7,False,2175,Dickinson (PA),26,,,323,Moravian,7,,,0.0
401431034,2022,7,False,118,Johns Hopkins University,34,,,2422,Muhlenberg,27,,,0.0
401456806,2022,7,True,125974,Hilbert College,0,,,124179,Lincoln (CA),70,,,
401450142,2022,7,False,2667,Ursinus,56,,,2700,McDaniel College,17,,,0.0
401455633,2022,7,False,163,Princeton,35,16.08,,225,Brown,19,,,0.0
401415635,2022,7,False,2567,SMU,40,598.49,,2426,Navy,34,0.0,,
401426584,2022,7,False,2229,Florida International,10,459.71,,2636,UTSA,30,515.76,2.2285714285714286,
401435218,2022,7,False,2745,Wisconsin-Whitewater,24,,,271,Wisconsin-Oshkosh,3,,,0.0
401433034,2022,7,False,2974,Shepherd,55,,,210,Millersville,17,,,0.0
401460112,2022,7,False,2015,Albright,21,,,247,Kings College (PA),27,,,
401438617,2022,7,False,2776,Salve Regina,28,,,2702,Western New England,25,,,0.0
401435094,2022,7,False,184,University of Rochester (NY),12,,,2085,Buffalo State,6,,,0.0
401433402,2022,7,False,2528,Rensselaer,16,,,174,Hobart College,13,,,0.0
401435145,2022,7,False,109,MIT,0,,,2383,Merchant Marine Academy,17,,,
401429856,2022,7,False,2075,Bowie State,14,,,2676,Virginia Union,41,,,
401441266,2022,7,False,2442,College Of New Jersey,18,,,2818,Montclair State,15,,,0.0
401443119,2022,7,False,398,Wilkes,28,,,2969,Misericordia,0,,,0.0
401446230,2022,7,False,2682,Walsh,15,,,437,Lake Erie,22,,,
401416619,2022,7,False,2006,Akron,21,456.15,6.237261904761905,2117,Central Michigan,28,384.48,,1.0
401441932,2022,7,False,2248,Gettysburg,7,,,216,Susquehanna,41,,,
401433134,2022,7,False,2842,UVA Wise,9,,,2839,Greeneville,10,,,
401430991,2022,7,False,2256,Greensboro College,7,,,2056,Belhaven,59,,,
401431846,2022,7,False,2560,Shorter,26,,,110242,West Florida,50,,,
401405115,2022,7,False,130,Michigan,41,847.24,2.4670974858474857,213,Penn State,17,830.44,,
401431569,2022,7,False,110254,Davenport,47,,,131,Wayne State (MI),43,,,0.0
401431155,2022,7,False,2354,Lycoming,10,,,471,Stevenson,24,,,
401404139,2022,7,False,349,Army,42,17.27,,2142,Colgate,17,14.43,,
401438669,2022,7,False,81,Springfield,69,,,2467,Norwich,20,,,0.0
401438654,2022,7,False,114,Fitchburg State,7,,,2972,Plymouth State,42,,,
401438626,2022,7,False,15,Anna Maria College,39,,,122774,Keystone,41,,,
401432632,2022,7,False,2871,Kean,13,,,3112,Christopher Newport,24,,,
401432547,2022,7,False,110438,Dean College,23,,,417,Gallaudet,26,,,
401432585,2022,7,False,352,Kenyon,41,,,2748,Wooster,42,,,
401459909,2022,7,False,293,Castleton,36,,,2951,SUNY Maritime,33,,,0.0
401435080,2022,7,False,2368,Marist,7,,,2168,Dayton,24,,,
401432884,2022,7,False,286,North Carolina Wesleyan,33,,,291,Methodist,34,,,
401433010,2022,7,False,2205,Edinboro University,0,,,2291,Indiana-Pennsylvania,41,,,
401422981,2022,7,False,43,Yale,29,24.05,,2083,Bucknell,9,,,0.0
401404094,2022,7,False,201,Oklahoma,52,870.34,1.8228014409832591,2305,Kansas,42,574.29,1.1422064777327936,
401403920,2022,7,False,145,Ole Miss,48,757.39,0.5958874458874459,2,Auburn,34,783.87,0.8044200244200244,0.0
401404093,2022,7,False,251,Texas,24,887.45,1.4521464646464646,66,Iowa State,21,590.43,0.4739427239427239,
401405112,2022,7,False,356,Illinois,26,631.46,0.4672176308539945,135,Minnesota,14,649.43,0.4863888888888888,0.0
401416622,2022,7,False,189,Bowling Green,17,415.08,0.5232993197278911,193,Miami (OH),13,397.26,,
401426348,2022,7,False,324,Coastal Carolina,21,446.58,,295,Old Dominion,49,438.06,2.512662337662338,1.0
401433127,2022,7,False,2336,Limestone,21,,,351,Wingate,28,,,
401411140,2022,7,False,259,Virginia Tech,14,640.85,1.653345139708776,2390,Miami,20,854.72,3.992261904761905,
401432891,2022,7,False,2738,Wisconsin-Eau Claire,21,,,2740,Wisconsin-Lacrosse,51,,,
401432555,2022,7,False,175,Ithaca College,40,,,2779,St. Lawrence,0,,,0.0
401432840,2022,7,False,509,Crown College,27,,,2399,Minnesota Morris,0,,,0.0
401438688,2022,7,False,2970,William Paterson,9,,,2827,Rowan,14,,,
401430699,2022,7,False,2804,Chowan,43,,,330,Virginia St,40,,,0.0
401433017,2022,7,False,2559,Shippensburg,10,,,2315,Kutztown University,29,,,
401431112,2022,7,False,365,Alfred University,7,,,374,St John Fisher University,21,,,
401435488,2022,7,False,2448,North Carolina A&T,45,142.63,,2206,Edward Waters,7,,,0.0
401432130,2022,7,False,455,West Virginia Wesleyan,9,,,587,Notre Dame College,41,,,
401428192,2022,7,False,2097,Campbell,41,124.16,,2523,Robert Morris,10,21.85,,
401430719,2022,7,False,395,St. Augustine's,28,,,2304,Johnson C Smith,25,,,0.0
401431251,2022,7,False,134,Minnesota Duluth,53,,,3066,Concordia University St Paul,7,,,0.0
401431836,2022,7,False,2822,North Greenville,35,,,2698,West Georgia,38,,,
401424397,2022,7,False,227,Rhode Island,17,158.52,,2210,Elon,10,64.96,,
401415408,2022,7,False,172,Cornell,19,,,2329,Lehigh,15,11.72,,0.0
401437001,2022,7,False,246,Juniata College,13,,,2234,Franklin & Marshall,38,,,
401431199,2022,7,False,2800,Alma,28,,,2812,Hope College,26,,,0.0
401444599,2022,7,False,33,Colby College,17,,,7,Amherst,12,,,0.0
401437189,2022,7,False,2441,New Haven,67,,,126086,Post University,20,,,0.0
401431547,2022,7,False,2392,Michigan Tech,21,,,128,Northern Michigan,7,,,0.0
401432798,2022,7,False,2121,Centre College Kentucky,30,,,2757,Berry College,31,,,
401435203,2022,7,False,2896,Southern Virginia,7,,,2373,Maryville College (TN),45,,,
401442045,2022,7,False,2529,Sacred Heart,40,,,284,Stonehill,27,,,0.0
401455636,2022,7,False,2487,Pace,45,,,2022,American International,34,,,0.0
401455578,2022,7,False,2038,Assumption,3,,,2060,Bentley,10,,,
401424407,2022,7,False,311,Maine,38,54.69,,2405,Monmouth,28,28.53,,
401432768,2022,7,False,2614,Saint Vincent,41,,,2242,Geneva,25,,,0.0
401423148,2022,7,False,2166,Davidson,28,,,2413,Morehead State,26,4.96,,0.0
401432786,2022,7,False,2062,Bethany (WV),17,,,2845,Waynesburg,34,,,
401432792,2022,7,False,2849,Westminster (PA),41,,,2644,Thiel,6,,,0.0
401432754,2022,7,False,2686,Washington & Jefferson,7,,,2102,Carnegie Mellon,12,,,
401438665,2022,7,False,2516,Randolph-Macon,44,,,2079,Bridgewater (VA),7,,,0.0
401432730,2022,7,False,2828,Shenandoah,38,,,2258,Guilford College,35,,,0.0
401432982,2022,7,False,209,Lock Haven University,9,,,2071,Bloomsburg,17,,,
401435126,2022,7,False,2394,Middlebury,21,,,2977,Trinity (CT),27,,,
401431062,2022,7,False,2884,Nichols College,12,,,111675,Biddeford,31,,,
401455637,2022,7,False,2725,Widener,16,,,111674,Reading,19,,,
401432123,2022,7,False,112335,Wheeling,31,,,341,Frostburg State,27,,,0.0
401431537,2022,7,False,2222,Ferris State,21,,,125,Grand Valley State University,22,,,
401438645,2022,7,False,388,Lebanon Valley,10,,,2808,Delaware Valley,34,,,
401441944,2022,7,False,2782,Cortland,69,,,173,Hartwick,7,,,0.0
401435191,2022,7,False,2519,Rhodes College,0,,,386,Trinity University TX,45,,,
401423428,2022,7,False,2341,Long Island University,7,,,2598,St. Francis (PA),57,16.89,,
401431046,2022,7,False,40,Curry College,26,,,2280,Husson,38,,,
401418647,2022,7,False,338,Kennesaw State,24,22.69,,2110,Central Arkansas,51,82.3,,
401433055,2022,7,False,215,Slippery Rock,40,,,367,Gannon,14,,,0.0
401429866,2022,7,False,2207,Elizabeth City State,21,,,2339,Lincoln (PA),19,,,0.0
401414783,2022,7,False,113,Massachusetts,7,292.14,,2084,Buffalo,34,370.96,4.211111111111111,
401431556,2022,7,False,2886,Northwood (MI),7,,,2273,Hillsdale,41,,,
401431213,2022,7,False,354,Olivet College,37,,,2651,Trine University,39,,,
401431260,2022,7,False,2919,Monmouth (IL),64,,,266,Beloit,0,,,0.0
401432721,2022,7,False,297,Hampden-Sydney,37,,,2047,Averett,26,,,0.0
401423434,2022,7,False,2771,Merrimack,54,,,2681,Wagner,17,39.77,,0.0
401432846,2022,7,False,446,Martin Luther,34,,,109418,Finlandia University,0,,,0.0
401432398,2022,7,False,2817,Minnesota State Moorhead,7,,,132,Bemidji State,46,,,
401432620,2022,7,False,89,Wabash College,41,,,2980,Ohio Wesleyan,24,,,0.0
401415200,2022,7,False,219,Pennsylvania,34,,,171,Columbia,14,,,0.0
401432105,2022,7,False,2148,Concord University,68,,,2128,University Of Charleston (WV),60,,,0.0
401430712,2022,7,False,2940,Livingstone,7,,,2220,Fayetteville State,44,,,
401418607,2022,7,False,159,Dartmouth,0,,,160,New Hampshire,14,24.6,,
401421131,2022,7,False,236,Chattanooga,41,237.41,,2678,VMI,13,,,0.0
401435185,2022,7,False,317,Marietta,34,,,2733,Wilmington (OH),0,,,0.0
401455586,2022,7,False,2731,Williams,13,,,348,Hamilton,15,,,
401431122,2022,7,False,2233,Franklin,48,,,190,Defiance College,19,,,0.0
401431140,2022,7,False,2023,Anderson (IN),3,,,2419,Mount St. Joseph,59,,,
401428476,2022,7,False,2569,South Carolina State,36,35.03,,2355,Virginia University Of Lynchburg,0,,,0.0
401432096,2022,7,False,2249,Glenville State,31,,,2017,Alderson-Broaddus,12,,,0.0
401435136,2022,7,False,2557,Coast Guard,17,,,2108,Catholic,24,,,
401413208,2022,7,False,2747,Wofford,31,17.85,,2643,The Citadel,16,21.07,,0.0
401430675,2022,7,False,2736,Winston-Salem,17,,,2551,Shaw,10,,,0.0
401432685,2022,7,False,424,Capital,14,,,426,University of Mount Union,49,,,
401432666,2022,7,False,188,Baldwin Wallace,35,,,332,Muskingum University,21,,,0.0
401432675,2022,7,False,427,Ohio Northern,7,,,2302,John Carroll University,24,,,
401431148,2022,7,False,2074,Bluffton,20,,,86,Rose-Hulman,48,,,
401431132,2022,7,False,2362,Manchester,20,,,2262,Hanover College,51,,,
401431270,2022,7,False,2286,Illinois College,57,,,268,Lawrence University,0,,,0.0
401431072,2022,7,False,2106,Carthage,24,,,396,Wheaton,59,,,
401432713,2022,7,False,366,Ferrum,7,,,2688,Washington and Lee,17,,,
401430955,2022,7,False,2141,Coe College,14,,,49,Dubuque,15,,,
401431244,2022,7,False,162,Hamline University,7,,,2968,Gustavus Adolphus,44,,,
401431956,2022,7,False,2438,Nebraska-Kearney,21,,,2214,Emporia State University,44,,,
401431514,2022,7,False,2911,William Jewell,14,,,2402,Missouri S&T,41,,,
401433076,2022,7,False,2069,Black Hills State,27,,,2714,Western Colorado,28,,,
401423155,2022,7,False,2900,St. Thomas (MN),26,,,2181,Drake,14,,,0.0
401421160,2022,7,False,231,Furman,47,67.63,,2717,Western Carolina,40,35.6,,
401421113,2022,7,False,2674,Valparaiso,25,11.85,,2086,Butler,26,,,
401431289,2022,7,False,255,Knox College,28,,,65,Grinnell,7,,,0.0
401432350,2022,7,False,2232,Fort Valley State,56,,,60,Morehouse College,28,,,0.0
401435206,2022,7,False,272,Wisconsin-Platteville,21,,,2723,Wisconsin-River Falls,14,,,0.0
401431494,2022,7,False,129,Saginaw Valley State,38,,,2292,Indianapolis,14,,,0.0
401424951,2022,7,False,2755,Grambling,16,221.26,,50,Florida A&M,20,223.82,,
401418840,2022,7,False,2754,Youngstown State,48,94.39,,282,Indiana State,42,70.29,,
401460706,2022,7,False,2802,Bethel (MN),45,,,2152,Concordia Moorhead,7,,,0.0
401404153,2022,7,False,2050,Ball State,25,345.29,2.4847282347282347,41,UConn,21,239.17,,
401432814,2022,7,False,418,Hendrix College,48,,,2553,Sewanee,21,,,0.0
401432516,2022,7,False,2564,Simpson College (IA),21,,,263,Loras College,63,,,
401432522,2022,7,False,2810,Hardin-Simmons,27,,,2194,East Texas Baptist University,7,,,0.0
401431306,2022,7,False,2832,St. Norbert,21,,,409,Concordia-Wisconsin,28,,,
401433431,2022,7,False,2045,Austin,21,,,241,McMurry,24,,,
401432866,2022,7,False,2257,Greenville,52,,,433,Westminster College (MO),0,,,0.0
401404014,2022,7,False,38,Colorado,20,616.28,,25,California,13,653.31,1.1062748015873016,0.0
401435105,2022,7,False,133,St. Olaf,10,,,2600,Saint John's (MN),49,,,
401420792,2022,7,False,2450,Norfolk State,7,61.79,,2169,Delaware State,28,,,
401432968,2022,7,False,2587,Southwest Minnesota State,7,,,2851,Winona State,43,,,
401432876,2022,7,False,2938,Huntingdon College (AL),38,,,2913,Brevard College,14,,,0.0
401430927,2022,7,False,63,Buena Vista,27,,,2964,Central College,52,,,
401432899,2022,7,False,2743,Wisconsin-Stevens Pt,0,,,2744,Wisconsin-Stout,55,,,
401432327,2022,7,False,2013,Albany State GA,20,,,490,Benedict College,24,,,
401432957,2022,7,False,2364,Minnesota State Mankato,43,,,389,Upper Iowa University,20,,,0.0
401432858,2022,7,False,2101,Carleton,56,,,375,St. Scholastica,20,,,0.0
401433065,2022,7,False,2123,Chadron St,29,,,2001,Adams State,27,,,0.0
401431279,2022,7,False,262,Lake Forest College,14,,,2891,Ripon,16,,,
401431025,2022,7,False,2639,Texas Lutheran,16,,,2371,Mary Hardin-Baylor,45,,,
401431098,2022,7,False,306,Illinois Wesleyan,0,,,75,North Park,0,,,
401430744,2022,7,False,2888,Ouachita Baptist,41,,,2028,Arkansas-Monticello,7,,,0.0
401441335,2022,7,False,2805,Clark Atlanta,21,,,2542,Savannah St,12,,,0.0
401432952,2022,7,False,2043,Augustana University (SD),31,,,2844,Wayne State (NE),27,,,0.0
401431891,2022,7,False,2703,Western New Mexico,13,,,2025,Angelo State,52,,,
401432336,2022,7,False,2310,Kentucky State,41,,,2019,Allen,22,,,0.0
401433095,2022,7,False,613,South Dakota Mines,20,,,2146,Colorado School Of Mines,48,,,
401431089,2022,7,False,3071,North Central College,65,,,74,Millikin,0,,,0.0
401431221,2022,7,False,2359,Macalester,21,,,124,Augsburg,42,,,
401432379,2022,7,False,2583,Southern Connecticut State,37,,,112334,Franklin Pierce,20,,,0.0
401433059,2022,7,False,2188,East Stroudsburg University,21,,,223,West Chester,24,,,
401430979,2022,7,False,2685,Wartburg,65,,,6845,Nebraska Wesleyan,0,,,0.0
401431921,2022,7,False,2118,Central Missouri,20,,,2403,Missouri Southern State,17,,,0.0
401431165,2022,7,False,402,Worcester St,17,,,110,Mass Maritime,25,,,
401431969,2022,7,False,138,Northwest Missouri St,32,,,2687,Washburn,30,,,0.0
401432704,2022,7,False,2369,Mars Hill,49,,,2213,Emory & Henry College,14,,,0.0
401423453,2022,7,False,2011,Alabama State,24,208.22,,2400,Mississippi Valley State,9,48.86,,
401413229,2022,7,False,304,Idaho State,40,37.08,,13,Cal Poly,31,55.91,,0.0
401430734,2022,7,False,2033,Arkansas Tech,33,,,2568,Southern Arkansas,49,,,
401432435,2022,7,False,568,Minot State,10,,,425,Northern State,38,,,
401413249,2022,7,False,149,Montana,23,110.64,,70,Idaho,30,82.22,,1.0
401431932,2022,7,False,2122,Central Oklahoma,35,,,2231,Fort Hays State,23,,,0.0
401445796,2022,7,False,2843,Western Connecticut St,21,,,2967,Framingham State,15,,,0.0
401413343,2022,7,False,2458,Northern Colorado,14,227.83,,147,Montana State,37,98.27,,1.0
401426256,2022,7,False,2197,Eastern Illinois,34,55.8,,2815,Lindenwood,37,,,
401431002,2022,7,False,2758,Howard Payne,48,,,2588,Southwestern University,17,,,0.0
401431454,2022,7,False,2264,Harding University,14,,,2271,Henderson State,15,,,
401431283,2022,7,False,80,Chicago,45,,,2155,Cornell College (IA),7,,,0.0
401418832,2022,7,False,2287,Illinois State,12,92.75,,233,South Dakota,10,51.92,,
401431851,2022,7,False,2673,Valdosta State,40,,,2401,Mississippi College,49,,,
401425519,2022,7,False,79,Southern Illinois,30,183.5,,2710,Western Illinois,7,91.95,,
401431941,2022,7,False,2876,Lincoln (MO),10,,,90,Pittsburg St,49,,,
401432576,2022,7,False,2171,Denison University,41,,,2274,Hiram College,38,,,0.0
401432440,2022,7,False,559,University of Mary,27,,,2894,Sioux Falls,41,,,
401431476,2022,7,False,2823,Northwestern Oklahoma State,7,,,199,Southeastern Oklahoma State,44,,,
401403916,2022,7,False,252,BYU,35,415.19,,8,Arkansas,52,741.06,0.6238636363636363,
401420834,2022,7,False,2449,North Dakota State,21,25.18,,2571,South Dakota State,23,5.97,,1.0
401424434,2022,7,False,399,UAlbany,37,92.55,,2261,Hampton,38,69.24,,1.0
401424435,2022,7,False,257,Richmond,20,55.5,,222,Villanova,10,15.94,,
401426587,2022,7,False,2393,Middle Tennessee,17,425.43,,98,Western Kentucky,35,495.64,5.409090909090909,
401426352,2022,7,False,2653,Troy,17,464.3,2.5310763888888888,326,Texas State,14,464.66,,0.0
401416623,2022,7,False,2711,Western Michigan,14,449.89,,195,Ohio,33,365.74,,1.0
401416621,2022,7,False,2649,Toledo,52,498.98,,2309,Kent State,31,386.94,0.3833333333333333,
401416620,2022,7,False,2199,Eastern Michigan,10,404.1,,2459,Northern Illinois,39,409.86,,
401411139,2022,7,False,183,Syracuse,24,590.36,3.778409090909091,152,NC State,9,686.19,0.2326664462081128,0.0
401405114,2022,7,False,84,Indiana,33,680.74,1.5659681227863047,120,Maryland,38,680.22,5.0459523809523805,1.0
401404162,2022,7,False,2335,Liberty,21,161.88,2.246060606060606,2241,Gardner-Webb,20,19.68,,
401404095,2022,7,False,2628,TCU,43,712.05,,197,Oklahoma State,40,670.53,0.7572489008303818,
401403921,2022,7,False,2633,Tennessee,52,764.8,0.7337301587301588,333,Alabama,49,1016.79,0.9163607226107224,0.0
401403918,2022,7,False,61,Georgia,55,989.76,0.3255883005883005,238,Vanderbilt,0,629.76,,
401426583,2022,7,False,5,UAB,34,443.8,1.237777777777778,2429,Charlotte,20,487.24,,0.0
401431323,2022,7,False,6353,Lakeland,43,,,2151,Concordia University Chicago,23,,,0.0
401422925,2022,7,False,2382,Mercer,55,38.11,,2193,East Tennessee State,33,74.98,,0.0
401415636,2022,7,False,58,South Florida,31,574.32,,2655,Tulane,45,521.86,0.6666666666666667,1.0
401428197,2022,7,False,2803,Bryant,23,14.59,,2127,Charleston Southern,24,28.1,,
401431504,2022,7,False,2816,McKendree,62,,,2825,Quincy,63,,,
401405116,2022,7,False,127,Michigan State,34,693.91,3.214285714285714,275,Wisconsin,28,744.44,0.6856569900687548,0.0
401432650,2022,7,False,205,Pacific (OR),21,,,203,Linfield College,42,,,
401432611,2022,7,False,2746,Wittenberg,62,,,391,Oberlin,7,,,0.0
401418598,2022,7,True,47,Howard,25,,,108,Harvard,41,,,
401420850,2022,7,False,2447,Nicholls,14,100.39,,2916,Incarnate Word,49,40.89,3.9404761904761902,1.0
401433112,2022,7,False,122666,Wilson,0,,,2331,Lenoir-Rhyne,34,,,
401418634,2022,7,False,2046,Austin Peay,52,121.11,,93,Murray State,17,56.27,,
401431174,2022,7,False,379,UMass Dartmouth,34,,,2909,Westfield State,7,,,0.0
401438620,2022,7,False,2042,Augustana (IL),28,,,143,Washington University (St. Louis),49,,,
401432658,2022,7,False,2486,Pacific Lutheran,28,,,2721,Whitworth,7,,,0.0
401432827,2022,7,False,17,Claremont-Mudd-Scripps College,41,,,2094,California Lutheran University,3,,,0.0
401433101,2022,7,False,2570,CSU Pueblo,35,,,2424,New Mexico Highlands,11,,,0.0
401426349,2022,7,False,290,Georgia Southern,45,414.14,0.574793956043956,256,James Madison,38,104.24,8.083333333333332,
401426586,2022,7,False,249,North Texas,47,504.97,6.388888888888889,2348,Louisiana Tech,27,473.76,,
401424939,2022,7,False,2065,Bethune-Cookman,8,205.68,,2296,Jackson State,48,590.92,11.275,
401431615,2022,7,False,2848,Western Oregon,27,,,2704,West Texas A&M,13,,,0.0
401418787,2022,7,False,2000,Abilene Christian,21,260.16,,253,Southern Utah,18,52.58,,
401432641,2022,7,False,415,NEWBERG,51,,,2508,Puget Sound,7,,,0.0
401428190,2022,7,False,2502,Portland State,7,110.5,,2692,Weber State,42,53.15,,1.0
401435068,2022,7,False,390,Utica,35,,,2781,Brockport,21,,,0.0
401421098,2022,7,False,301,San Diego,28,43.29,,2506,Presbyterian,3,,,0.0
401420860,2022,7,False,2460,Northern Iowa,41,185.49,,3101,Utah Tech,14,,,0.0
401438622,2022,7,False,3,Birmingham-Southern,28,,,2398,Millsaps,0,,,0.0
401431963,2022,7,False,196,Northeastern State,16,,,137,Missouri Western,23,,,
401431183,2022,7,False,2003,Adrian,42,,,126,Kalamazoo,17,,,0.0
401431587,2022,7,False,2316,Kentucky Wesleyan,7,,,2224,Findlay,44,,,
401432359,2022,7,False,2396,Miles College,32,,,2323,Lane College,35,,,
401404013,2022,7,False,264,Washington,49,761.72,1.4903846153846154,12,Arizona,39,652.06,1.8991071428571429,
401438683,2022,7,False,2333,Lewis & Clark College,39,,,2930,Willamette,17,,,0.0
401445217,2022,7,False,121,Bates,21,,,340,Bowdoin,14,,,0.0
401433001,2022,7,False,2385,Mercyhurst,21,,,2134,Clarion,23,,,
401435057,2022,7,False,2107,Catawba,27,,,2444,Newberry,34,,,
401426585,2022,7,False,2226,Florida Atlantic,17,550.51,1.45,242,Rice,14,441.93,,
401431871,2022,7,False,2105,Carson-Newman College,37,,,101784,ERSKINE,0,,,0.0
401432993,2022,7,False,611,Seton Hill,14,,,2858,PennWest California,21,,,
401441258,2022,7,False,336,Wesleyan University (CT),26,,,112,Tufts,22,,,0.0
401432354,2022,7,True,2657,Tuskegee,49,,,2119,Central State (OH),34,,,0.0
401418639,2022,7,False,2198,Eastern Kentucky,17,224.82,,2534,Sam Houston,25,200.06,,1.0
401424436,2022,7,False,2230,Fordham,45,32.71,,2619,Stony Brook,14,69.58,,0.0
401431487,2022,7,False,2927,Southwestern Oklahoma State,38,,,200,Southern Nazarene,45,,,
401426351,2022,7,False,2572,Southern Miss,20,478.97,2.071309523809524,2032,Arkansas State,19,471.65,5.3717171717171714,
401431468,2022,7,False,319,Oklahoma Baptist,20,,,2191,East Central (OK),34,,,
401432568,2022,7,False,2741,Wisconsin-Lutheran,52,,,2524,Rockford,35,,,0.0
401431574,2022,7,False,308,Ashland,14,,,2477,Ohio Dominican,7,,,0.0
401431529,2022,7,False,2654,Truman State,25,,,2586,Southwest Baptist,20,,,0.0
401415173,2022,7,False,302,UC Davis,56,103.7,,2464,Northern Arizona,27,47.14,,
401425423,2022,7,False,2635,Tennessee Tech,14,43.6,,2634,Tennessee State,30,194.56,,
401413239,2022,7,False,331,Eastern Washington,28,73.36,,16,Sacramento State,52,96.08,,
401413219,2022,7,True,2453,North Alabama,31,107.8,,55,Jacksonville State,47,229.74,,
401423928,2022,7,False,2582,Southern,21,178.64,,2016,Alcorn State,17,62.59,,
401431828,2022,7,False,2170,Delta State,20,,,2695,West Alabama,7,,,0.0
401462221,2022,7,False,2277,Houston Christian,10,5.41,,2466,Northwestern State,37,134.66,,
401431081,2022,7,False,72,Elmhurst,28,,,32,Carroll University (WI),31,,,
401415238,2022,7,False,36,Colorado State,13,431.38,7.046783625730994,328,Utah State,17,371.37,1.4166666666666667,1.0
401432745,2022,7,False,2018,Allegheny,17,,,146,Grove City College,44,,,
401403917,2022,7,False,57,Florida,35,856.95,1.0608405483405483,99,LSU,45,872.61,0.7972622863247864,
401420875,2022,7,False,2617,Stephen F. Austin,41,130.97,,2627,Tarleton State,24,,,0.0
401426350,2022,7,False,6,South Alabama,41,466.34,1.1366666666666667,2433,UL Monroe,34,348.53,,
401431314,2022,7,False,101,Eureka College,13,,,2044,Aurora,72,,,
401405113,2022,7,False,2509,Purdue,43,646.08,0.5061126373626375,158,Nebraska,37,752.12,4.537157287157287,0.0
401404016,2022,7,False,87,Notre Dame,14,866.48,,24,Stanford,16,757.81,0.7436868686868686,1.0
401411138,2022,7,False,52,Florida State,28,780.76,1.144642857142857,228,Clemson,34,943.0,3.0264484126984126,
401415637,2022,7,False,151,East Carolina,47,494.82,6.346934315684316,235,Memphis,45,533.26,1.0242424242424242,0.0
401403919,2022,7,False,96,Kentucky,27,737.33,4.5447366359131065,344,Mississippi State,17,725.55,1.7977002164502165,
401439556,2022,7,False,2318,La Verne,43,,,2850,Whittier,20,,,0.0
401431605,2022,7,False,2201,Eastern New Mexico,42,,,2829,Simon Fraser,14,,,0.0
401409239,2022,7,False,166,New Mexico State,21,189.37,,167,New Mexico,9,312.79,3.906837606837607,0.0
401404017,2022,7,False,254,Utah,43,705.12,2.9010404368358915,30,USC,42,860.12,,0.0
401462222,2022,7,False,2377,McNeese,15,155.54,,2837,East Texas A&M,40,,,
401431905,2022,7,False,2658,Texas A&M-Kingsville,13,,,110243,UT Permian Basin,10,,,0.0
401411137,2022,7,False,150,Duke,35,603.98,,153,North Carolina,38,812.94,0.7400274725274725,
401433091,2022,7,False,11,Colorado Mesa,70,,,2237,Fort Lewis,10,,,0.0
401404015,2022,7,False,204,Oregon State,24,635.88,0.7186577964519141,265,Washington State,10,570.94,0.9512385762385764,
401431596,2022,7,False,2120,Central Washington,17,,,2395,Midwestern State,10,,,0.0
401432833,2022,7,False,411,Chapman,38,,,29,Redlands,28,,,0.0
401415237,2022,7,False,2439,UNLV,7,368.29,1.539177489177489,2005,Air Force,42,0.0,,1.0
401415239,2022,7,False,278,Fresno State,17,502.26,2.7113202614379084,23,San José State,10,417.95,,
401415240,2022,7,False,62,Hawai'i,31,419.54,,2440,Nevada,16,416.44,1.4598214285714286,
401423443,2022,7,True,2029,Arkansas-Pine Bluff,31,20.54,,2010,Alabama A&M,34,293.63,,
401426353,2022,8,False,2026,App State,42,456.66,,2247,Georgia State,17,471.84,2.9684294871794874,0.0
401446232,2022,8,False,341,Frostburg State,16,,,2986,Fairmont State,14,,,0.0
401431847,2022,8,False,2560,Shorter,10,,,2170,Delta State,45,,,
401411141,2022,8,False,59,Georgia Tech,9,715.48,0.586791958041958,258,Virginia,16,625.94,2.1954545454545453,1.0
401426354,2022,8,False,6,South Alabama,6,466.34,1.1366666666666667,2653,Troy,10,464.3,2.5310763888888888,1.0
401418599,2022,8,False,108,Harvard,10,,,163,Princeton,37,16.08,,
401423435,2022,8,False,2681,Wagner,37,39.77,,2341,Long Island University,26,,,0.0
401415638,2022,8,False,218,Temple,16,505.48,,202,Tulsa,27,485.87,,1.0
401426592,2022,8,False,98,Western Kentucky,20,495.64,5.409090909090909,5,UAB,17,443.8,1.237777777777778,
401404140,2022,8,False,349,Army,48,17.27,,2433,UL Monroe,24,348.53,,0.0
401405121,2022,8,False,164,Rutgers,24,631.47,1.1544578134284016,84,Indiana,17,680.74,1.5659681227863047,0.0
401415641,2022,8,False,2567,SMU,27,598.49,,2132,Cincinnati,29,650.89,2.501682692307692,
401455574,2022,8,False,110254,Davenport,58,,,124179,Lincoln (CA),14,,,0.0
401437205,2022,8,False,3162,Alfred State,35,,,110438,Dean College,36,,,
401403926,2022,8,False,2633,Tennessee,65,764.8,0.7337301587301588,2630,UT Martin,24,128.97,,
401422982,2022,8,False,2329,Lehigh,17,11.72,,2083,Bucknell,19,,,
401405119,2022,8,False,194,Ohio State,54,983.14,0.7855113636363636,2294,Iowa,10,681.98,6.252572463768116,
401416628,2022,8,False,2309,Kent State,33,386.94,0.3833333333333333,2006,Akron,27,456.15,6.237261904761905,0.0
401438597,2022,8,False,367,Gannon,49,,,2385,Mercyhurst,14,,,0.0
401456809,2022,8,False,2022,American International,7,,,2038,Assumption,24,,,
401444119,2022,8,False,2805,Clark Atlanta,21,,,2232,Fort Valley State,41,,,
401438670,2022,8,False,2467,Norwich,21,,,109,MIT,11,,,0.0
401433002,2022,8,False,2134,Clarion,17,,,2205,Edinboro University,47,,,
401445808,2022,8,False,348,Hamilton,12,,,33,Colby College,18,,,
401438646,2022,8,False,247,Kings College (PA),34,,,388,Lebanon Valley,24,,,0.0
401438638,2022,8,False,471,Stevenson,20,,,2221,FDU-Florham,7,,,0.0
401441948,2022,8,False,122774,Keystone,20,,,293,Castleton,35,,,
401431113,2022,8,False,3110,SUNY Morrisville,36,,,365,Alfred University,0,,,0.0
401404096,2022,8,False,239,Baylor,35,666.05,,2305,Kansas,23,574.29,1.1422064777327936,
401431175,2022,8,False,114,Fitchburg State,0,,,379,UMass Dartmouth,49,,,
401428459,2022,8,False,2523,Robert Morris,14,21.85,,2448,North Carolina A&T,38,142.63,,
401425427,2022,8,False,2115,Central Connecticut,6,11.33,,2184,Duquesne,30,94.04,,
401431404,2022,8,False,2142,Colgate,34,14.43,,46,Georgetown,24,,,0.0
401411142,2022,8,False,228,Clemson,27,943.0,3.0264484126984126,183,Syracuse,21,590.36,3.778409090909091,
401415640,2022,8,False,2426,Navy,20,0.0,,248,Houston,38,629.12,0.4473339160839161,
401433046,2022,8,False,223,West Chester,14,,,2974,Shepherd,47,,,
401430691,2022,8,False,2339,Lincoln (PA),20,,,2676,Virginia Union,45,,,
401435120,2022,8,False,2746,Wittenberg,10,,,2171,Denison University,28,,,
401432106,2022,8,False,2128,University Of Charleston (WV),70,,,2882,UNC Pembroke,21,,,0.0
401438612,2022,8,False,2776,Salve Regina,42,,,2884,Nichols College,21,,,0.0
401432131,2022,8,False,587,Notre Dame College,38,,,2249,Glenville State,16,,,0.0
401443114,2022,8,False,246,Juniata College,12,,,2422,Muhlenberg,57,,,
401431166,2022,8,False,110,Mass Maritime,3,,,2843,Western Connecticut St,24,,,
401435095,2022,8,False,237,Union (NY),27,,,184,University of Rochester (NY),7,,,0.0
401450148,2022,8,False,402,Worcester St,21,,,2972,Plymouth State,49,,,
401415191,2022,8,False,225,Brown,21,,,172,Cornell,24,,,
401411144,2022,8,False,2390,Miami,21,854.72,3.992261904761905,150,Duke,45,603.98,,1.0
401450195,2022,8,False,2442,College Of New Jersey,17,,,2532,Salisbury,70,,,
401416626,2022,8,False,2084,Buffalo,34,370.96,4.211111111111111,2649,Toledo,27,498.98,,0.0
401416629,2022,8,False,2117,Central Michigan,18,384.48,,189,Bowling Green,34,415.08,0.5232993197278911,
401437002,2022,8,False,2234,Franklin & Marshall,28,,,2175,Dickinson (PA),17,,,0.0
401432138,2022,8,False,2699,West Liberty,21,,,112335,Wheeling,42,,,
401430713,2022,8,False,2304,Johnson C Smith,13,,,2220,Fayetteville State,21,,,
401444123,2022,8,False,2808,Delaware Valley,27,,,398,Wilkes,14,,,0.0
401444601,2022,8,False,112,Tufts,17,,,7,Amherst,20,,,
401441259,2022,8,False,340,Bowdoin,28,,,336,Wesleyan University (CT),26,,,0.0
401432380,2022,8,True,112334,Franklin Pierce,7,,,2487,Pace,50,,,
401435198,2022,8,False,291,Methodist,35,,,2938,Huntingdon College (AL),38,,,
401424398,2022,8,False,160,New Hampshire,40,24.6,,2210,Elon,22,64.96,,0.0
401435115,2022,8,False,2748,Wooster,49,,,125974,Hilbert College,7,,,0.0
401432556,2022,8,False,2085,Buffalo State,10,,,175,Ithaca College,51,,,
401432841,2022,8,True,109418,Finlandia University,14,,,509,Crown College,40,,,
401431191,2022,8,False,2651,Trine University,19,,,2790,Albion,20,,,
401435137,2022,8,False,2108,Catholic,41,,,2383,Merchant Marine Academy,33,,,0.0
401423420,2022,8,False,2771,Merrimack,31,,,2529,Sacred Heart,25,,,0.0
401437211,2022,8,False,2779,St. Lawrence,10,,,174,Hobart College,31,,,
401432722,2022,8,False,2688,Washington and Lee,43,,,297,Hampden-Sydney,44,,,
401425516,2022,8,False,47,Howard,35,,,2169,Delaware State,17,,,0.0
401432714,2022,8,False,2258,Guilford College,17,,,366,Ferrum,31,,,
401423916,2022,8,False,219,Pennsylvania,20,,,43,Yale,13,24.05,,0.0
401445804,2022,8,False,121,Bates,28,,,2394,Middlebury,40,,,
401432612,2022,8,False,391,Oberlin,20,,,89,Wabash College,66,,,
401418833,2022,8,False,282,Indiana State,21,70.29,,2287,Illinois State,27,92.75,,
401431307,2022,8,False,2044,Aurora,28,,,2832,St. Norbert,6,,,0.0
401441933,2022,8,False,2700,McDaniel College,0,,,216,Susquehanna,58,,,
401432885,2022,8,False,2373,Maryville College (TN),61,,,286,North Carolina Wesleyan,7,,,0.0
401431548,2022,8,False,2222,Ferris State,28,,,2392,Michigan Tech,20,,,0.0
401423415,2022,8,False,2168,Dayton,23,,,56,Stetson,20,,,0.0
401428487,2022,8,False,2506,Presbyterian,17,,,2900,St. Thomas (MN),46,,,
401432969,2022,8,False,2844,Wayne State (NE),20,,,2587,Southwest Minnesota State,14,,,0.0
401431280,2022,8,False,2891,Ripon,19,,,80,Chicago,16,,,0.0
401429867,2022,8,False,2207,Elizabeth City State,12,,,330,Virginia St,34,,,
401431156,2022,8,False,2354,Lycoming,42,,,111674,Reading,10,,,0.0
401432731,2022,8,False,2828,Shenandoah,21,,,2516,Randolph-Macon,35,,,
401430724,2022,8,False,395,St. Augustine's,14,,,2736,Winston-Salem,41,,,
401431575,2022,8,False,308,Ashland,28,,,2838,Tiffin,20,,,0.0
401435069,2022,8,False,390,Utica,21,,,2782,Cortland,48,,,
401432534,2022,8,False,2667,Ursinus,44,,,323,Moravian,17,,,0.0
401432337,2022,8,False,2019,Allen,50,,,124180,Bluefield State,14,,,0.0
401430992,2022,8,False,2056,Belhaven,42,,,2896,Southern Virginia,6,,,0.0
401431588,2022,8,False,2477,Ohio Dominican,49,,,2316,Kentucky Wesleyan,7,,,0.0
401431063,2022,8,False,111675,Biddeford,0,,,452,Endicott College,43,,,
401432548,2022,8,False,417,Gallaudet,24,,,2951,SUNY Maritime,26,,,
401431035,2022,8,False,118,Johns Hopkins University,60,,,2248,Gettysburg,7,,,0.0
401432970,2022,8,False,389,Upper Iowa University,33,,,568,Minot State,20,,,0.0
401423140,2022,8,False,2086,Butler,31,,,2368,Marist,10,,,0.0
401424408,2022,8,False,2405,Monmouth,46,28.53,,227,Rhode Island,48,158.52,,
401429857,2022,8,False,2075,Bowie State,15,,,2804,Chowan,21,,,
401432853,2022,8,False,433,Westminster College (MO),0,,,583,Northwestern (MN),36,,,
401432775,2022,8,False,146,Grove City College,17,,,2849,Westminster (PA),24,,,
401455638,2022,8,False,2725,Widener,34,,,2015,Albright,28,,,0.0
401432355,2022,8,False,2119,Central State (OH),13,,,2206,Edward Waters,45,,,
401432621,2022,8,False,2980,Ohio Wesleyan,21,,,83,Depauw,22,,,
401438600,2022,8,False,2369,Mars Hill,44,,,2105,Carson-Newman College,13,,,0.0
401432577,2022,8,False,2274,Hiram College,34,,,352,Kenyon,31,,,0.0
401431047,2022,8,False,2702,Western New England,31,,,40,Curry College,8,,,0.0
401432746,2022,8,False,2018,Allegheny,35,,,2614,Saint Vincent,52,,,
401432116,2022,8,False,2707,West Virginia State,56,,,2148,Concord University,38,,,0.0
401432100,2022,8,False,2017,Alderson-Broaddus,30,,,455,West Virginia Wesleyan,31,,,
401432633,2022,8,False,3112,Christopher Newport,31,,,2970,William Paterson,7,,,0.0
401441291,2022,8,False,2598,St. Francis (PA),17,16.89,,284,Stonehill,13,,,0.0
401430676,2022,8,False,2551,Shaw,28,,,2940,Livingstone,14,,,0.0
401441938,2022,8,False,173,Hartwick,14,,,2781,Brockport,35,,,
401421132,2022,8,False,236,Chattanooga,41,237.41,,2382,Mercer,21,38.11,,
401421161,2022,8,False,2678,VMI,3,,,231,Furman,41,67.63,,
401420802,2022,8,False,2569,South Carolina State,26,35.03,,2428,North Carolina Central,24,51.95,,0.0
401431133,2022,8,False,2262,Hanover College,29,,,2419,Mount St. Joseph,44,,,
401432705,2022,8,False,2839,Greeneville,35,,,2213,Emory & Henry College,9,,,0.0
401431123,2022,8,False,86,Rose-Hulman,49,,,2233,Franklin,0,,,0.0
401432686,2022,8,False,426,University of Mount Union,63,,,2733,Wilmington (OH),3,,,0.0
401444590,2022,8,False,190,Defiance College,32,,,2023,Anderson (IN),22,,,0.0
401432690,2022,8,False,427,Ohio Northern,7,,,332,Muskingum University,23,,,
401415201,2022,8,False,171,Columbia,24,,,159,Dartmouth,27,,,
401432676,2022,8,False,2302,John Carroll University,42,,,424,Capital,10,,,0.0
401433405,2022,8,False,2362,Manchester,44,,,2074,Bluffton,46,,,
401435189,2022,8,False,2194,East Texas Baptist University,10,,,2045,Austin,13,,,
401431011,2022,8,False,2371,Mary Hardin-Baylor,45,,,2834,Sul Ross State,14,,,0.0
401432871,2022,8,False,2079,Bridgewater (VA),23,,,2047,Averett,16,,,0.0
401444116,2022,8,False,2583,Southern Connecticut State,3,,,2060,Bentley,24,,,
401431019,2022,8,False,2588,Southwestern University,0,,,2810,Hardin-Simmons,68,,,
401431090,2022,8,False,143,Washington University (St. Louis),0,,,3071,North Central College,31,,,
401431922,2022,8,False,2231,Fort Hays State,27,,,2118,Central Missouri,14,,,0.0
401432799,2022,8,False,386,Trinity University TX,21,,,2757,Berry College,14,,,0.0
401436995,2022,8,False,2600,Saint John's (MN),41,,,2968,Gustavus Adolphus,27,,,0.0
401432806,2022,8,False,418,Hendrix College,42,,,2121,Centre College Kentucky,45,,,
401431296,2022,8,False,255,Knox College,10,,,2286,Illinois College,20,,,
401433105,2022,8,False,2237,Fort Lewis,20,,,613,South Dakota Mines,65,,,
401432953,2022,8,False,2043,Augustana University (SD),14,,,2364,Minnesota State Mankato,35,,,
401432565,2022,8,False,409,Concordia-Wisconsin,30,,,6353,Lakeland,20,,,0.0
401413220,2022,8,False,55,Jacksonville State,14,229.74,,2545,SE Louisiana,31,166.75,,1.0
401431082,2022,8,False,74,Millikin,13,,,72,Elmhurst,0,,,0.0
401431073,2022,8,False,306,Illinois Wesleyan,55,,,2106,Carthage,0,,,0.0
401431203,2022,8,False,2812,Hope College,23,,,354,Olivet College,0,,,0.0
401431222,2022,8,False,162,Hamline University,21,,,124,Augsburg,42,,,
401433077,2022,8,False,2146,Colorado School Of Mines,38,,,2069,Black Hills State,0,,,0.0
401433120,2022,8,False,2331,Lenoir-Rhyne,24,,,2444,Newberry,38,,,
401432847,2022,8,False,2399,Minnesota Morris,47,,,446,Martin Luther,0,,,0.0
401433011,2022,8,False,2291,Indiana-Pennsylvania,44,,,611,Seton Hill,7,,,0.0
401431505,2022,8,False,2402,Missouri S&T,35,,,2816,McKendree,42,,,
401435112,2022,8,False,2524,Rockford,27,,,2283,Benedictine University,70,,,
401431583,2022,8,False,2273,Hillsdale,20,,,2224,Findlay,41,,,
401433035,2022,8,False,210,Millersville,17,,,2559,Shippensburg,14,,,0.0
401431290,2022,8,False,262,Lake Forest College,49,,,65,Grinnell,0,,,0.0
401431977,2022,8,False,2687,Washburn,37,,,2122,Central Oklahoma,9,,,0.0
401423149,2022,8,False,2181,Drake,14,,,2166,Davidson,48,,,
401432345,2022,8,False,60,Morehouse College,0,,,490,Benedict College,35,,,
401421107,2022,8,False,2413,Morehead State,35,4.96,,2674,Valparaiso,40,11.85,,
401418814,2022,8,False,2466,Northwestern State,16,134.66,,2546,Southeast Missouri State,51,26.12,,1.0
401432513,2022,8,False,2964,Central College,49,,,2564,Simpson College (IA),17,,,0.0
401421142,2022,8,False,2717,Western Carolina,21,35.6,,2643,The Citadel,34,21.07,,1.0
401424438,2022,8,False,2261,Hampton,10,69.24,,257,Richmond,41,55.5,,1.0
401432859,2022,8,False,375,St. Scholastica,28,,,133,St. Olaf,33,,,
401432983,2022,8,False,2071,Bloomsburg,21,,,2188,East Stroudsburg University,27,,,
401432399,2022,8,False,132,Bemidji State,41,,,134,Minnesota Duluth,16,,,0.0
401433106,2022,8,False,2424,New Mexico Highlands,13,,,2714,Western Colorado,30,,,
401432763,2022,8,False,2963,Case Western Reserve,45,,,2062,Bethany (WV),7,,,0.0
401431200,2022,8,False,126,Kalamazoo,21,,,2800,Alma,45,,,
401431026,2022,8,False,241,McMurry,10,,,2639,Texas Lutheran,17,,,
401431099,2022,8,False,75,North Park,34,,,2042,Augustana (IL),56,,,
401431261,2022,8,False,266,Beloit,56,,,268,Lawrence University,0,,,0.0
401430956,2022,8,False,263,Loras College,17,,,2141,Coe College,27,,,
401432892,2022,8,False,2740,Wisconsin-Lacrosse,55,,,2743,Wisconsin-Stevens Pt,13,,,0.0
401431104,2022,8,False,396,Wheaton,61,,,32,Carroll University (WI),9,,,0.0
401435207,2022,8,False,272,Wisconsin-Platteville,17,,,2745,Wisconsin-Whitewater,13,,,0.0
401432667,2022,8,False,188,Baldwin Wallace,35,,,359,Otterbein,14,,,0.0
401431238,2022,8,False,2152,Concordia Moorhead,20,,,2101,Carleton,13,,,0.0
401431252,2022,8,False,2359,Macalester,13,,,2802,Bethel (MN),63,,,
401431557,2022,8,False,437,Lake Erie,14,,,2886,Northwood (MI),18,,,
401438689,2022,8,False,2827,Rowan,17,,,2871,Kean,10,,,0.0
401416625,2022,8,False,195,Ohio,24,365.74,,2459,Northern Illinois,17,409.86,,0.0
401416624,2022,8,False,2050,Ball State,16,345.29,2.4847282347282347,2199,Eastern Michigan,20,404.1,,
401428477,2022,8,False,2815,Lindenwood,33,,,93,Murray State,18,56.27,,0.0
401441955,2022,8,False,2909,Westfield State,7,,,18,Bridgewater State,42,,,
401435211,2022,8,False,2723,Wisconsin-River Falls,63,,,2738,Wisconsin-Eau Claire,6,,,0.0
401435186,2022,8,False,191,Heidelberg,29,,,317,Marietta,21,,,0.0
401404128,2022,8,False,87,Notre Dame,44,866.48,,2439,UNLV,21,368.29,1.539177489177489,
401432900,2022,8,False,271,Wisconsin-Oshkosh,19,,,2744,Wisconsin-Stout,14,,,0.0
401435127,2022,8,False,2977,Trinity (CT),32,,,2731,Williams,13,,,0.0
401420830,2022,8,False,233,South Dakota,27,51.92,,79,Southern Illinois,24,183.5,,0.0
401462223,2022,8,False,2837,East Texas A&M,31,,,2277,Houston Christian,3,5.41,,0.0
401418648,2022,8,False,338,Kennesaw State,33,22.69,,2635,Tennessee Tech,30,43.6,,0.0
401418640,2022,8,False,2198,Eastern Kentucky,56,224.82,,2453,North Alabama,53,107.8,,
401431972,2022,8,False,90,Pittsburg St,28,,,137,Missouri Western,16,,,0.0
401432877,2022,8,False,2913,Brevard College,24,,,548,Lagrange College,10,,,0.0
401432360,2022,8,False,2396,Miles College,7,,,2310,Kentucky State,35,,,
401467155,2022,8,False,2916,Incarnate Word,70,40.89,3.9404761904761902,2219,Faulkner University,0,,,0.0
401413344,2022,8,False,147,Montana State,43,98.27,,2692,Weber State,38,53.15,,
401433018,2022,8,False,2315,Kutztown University,35,,,209,Lock Haven University,7,,,0.0
401431942,2022,8,False,2876,Lincoln (MO),17,,,2438,Nebraska-Kearney,66,,,
401431964,2022,8,False,138,Northwest Missouri St,36,,,196,Northeastern State,3,,,0.0
401430745,2022,8,False,2028,Arkansas-Monticello,43,,,2264,Harding University,56,,,
401430735,2022,8,False,2271,Henderson State,35,,,2033,Arkansas Tech,19,,,0.0
401431949,2022,8,False,2403,Missouri Southern State,21,,,2214,Emporia State University,24,,,
401425424,2022,8,False,2634,Tennessee State,37,194.56,,2197,Eastern Illinois,17,55.8,,
401431482,2022,8,False,2568,Southern Arkansas,31,,,2888,Ouachita Baptist,63,,,
401413250,2022,8,False,70,Idaho,56,82.22,,2502,Portland State,21,110.5,,0.0
401432963,2022,8,False,2851,Winona State,20,,,2894,Sioux Falls,17,,,0.0
401432368,2022,8,False,2191,East Central (OK),42,,,2927,Southwestern Oklahoma State,28,,,0.0
401431469,2022,8,False,199,Southeastern Oklahoma State,62,,,319,Oklahoma Baptist,14,,,0.0
401420874,2022,8,False,253,Southern Utah,38,52.58,,2617,Stephen F. Austin,41,130.97,,
401415180,2022,8,False,2458,Northern Colorado,10,227.83,,302,UC Davis,58,103.7,,1.0
401431284,2022,8,False,2155,Cornell College (IA),12,,,2919,Monmouth (IL),56,,,
401420783,2022,8,False,48,Delaware,38,39.14,,2415,Morgan State,7,28.0,,
401430965,2022,8,False,49,Dubuque,68,,,67,Luther,7,,,0.0
401431538,2022,8,False,125,Grand Valley State University,56,,,128,Northern Michigan,3,,,0.0
401423921,2022,8,False,2016,Alcorn State,27,62.59,,2640,Texas Southern,34,54.59,,1.0
401432365,2022,8,False,2323,Lane College,31,,,2657,Tuskegee,35,,,
401424956,2022,8,False,2296,Jackson State,22,590.92,11.275,2097,Campbell,14,124.16,,
401413262,2022,8,False,304,Idaho State,10,37.08,,2464,Northern Arizona,24,47.14,,
401432417,2022,8,False,559,University of Mary,38,,,2817,Minnesota State Moorhead,40,,,
401404099,2022,8,False,2641,Texas Tech,48,660.31,4.715952380952381,277,West Virginia,10,662.57,0.5233134920634921,0.0
401426590,2022,8,False,2348,Louisiana Tech,41,473.76,,242,Rice,42,441.93,,1.0
401405118,2022,8,False,120,Maryland,31,680.22,5.0459523809523805,77,Northwestern,24,653.48,,
401403923,2022,8,False,99,LSU,45,872.61,0.7972622863247864,145,Ole Miss,20,757.39,0.5958874458874459,
401416627,2022,8,False,193,Miami (OH),10,397.26,,2711,Western Michigan,16,449.89,,
401415639,2022,8,False,2655,Tulane,38,521.86,0.6666666666666667,235,Memphis,28,533.26,1.0242424242424242,0.0
401404021,2022,8,False,2483,Oregon,45,877.93,0.909687786960514,26,UCLA,30,733.3,5.077777777777778,
401405117,2022,8,False,275,Wisconsin,35,744.44,0.6856569900687548,2509,Purdue,24,646.08,0.5061126373626375,
401426591,2022,8,False,2636,UTSA,31,515.76,2.2285714285714286,249,North Texas,27,504.97,6.388888888888889,
401426588,2022,8,False,2429,Charlotte,15,487.24,,2229,Florida International,34,459.71,,1.0
401426356,2022,8,False,295,Old Dominion,23,438.06,2.512662337662338,290,Georgia Southern,28,414.14,0.574793956043956,1.0
401426355,2022,8,False,256,James Madison,12,104.24,8.083333333333332,276,Marshall,26,455.3,2.670734126984127,
401422970,2022,8,False,2193,East Tennessee State,45,74.98,,2535,Samford,55,100.34,,
401424437,2022,8,False,222,Villanova,31,15.94,,399,UAlbany,29,92.55,,0.0
401411145,2022,8,False,154,Wake Forest,43,575.42,,103,Boston College,15,664.63,,0.0
401439541,2022,8,False,81,Springfield,45,,,2749,Worcester Polytechnic Institute,7,,,0.0
401432994,2022,8,False,2858,PennWest California,24,,,215,Slippery Rock,42,,,
401422991,2022,8,False,322,Lafayette,21,22.41,,107,Holy Cross,24,,,
401424439,2022,8,False,2619,Stony Brook,28,69.58,,311,Maine,27,54.69,,
401404098,2022,8,False,197,Oklahoma State,41,670.53,0.7572489008303818,251,Texas,34,887.45,1.4521464646464646,0.0
401404163,2022,8,False,2335,Liberty,41,161.88,2.246060606060606,252,BYU,14,415.19,,0.0
401415242,2022,8,False,36,Colorado State,17,431.38,7.046783625730994,62,Hawai'i,13,419.54,,
401438555,2022,8,False,2398,Millsaps,7,,,2519,Rhodes College,31,,,
401433083,2022,8,False,2570,CSU Pueblo,34,,,2123,Chadron St,12,,,0.0
401431530,2022,8,False,2911,William Jewell,7,,,2654,Truman State,42,,,
401431488,2022,8,False,200,Southern Nazarene,27,,,2823,Northwestern Oklahoma State,21,,,0.0
401420818,2022,8,False,155,North Dakota,35,,,2571,South Dakota State,49,5.97,,
401424940,2022,8,False,2400,Mississippi Valley State,35,48.86,,2065,Bethune-Cookman,45,205.68,,
401426589,2022,8,False,2638,UTEP,24,289.39,,2226,Florida Atlantic,21,550.51,1.45,0.0
401432642,2022,8,False,205,Pacific (OR),7,,,415,NEWBERG,21,,,
401424369,2022,8,False,119,Towson,24,178.36,,2729,William & Mary,44,10.64,,1.0
401432659,2022,8,False,2930,Willamette,14,,,2721,Whitworth,42,,,
401445812,2022,8,False,2508,Puget Sound,41,,,2333,Lewis & Clark College,47,,,
401439557,2022,8,False,2850,Whittier,7,,,411,Chapman,50,,,
401462224,2022,8,False,2447,Nicholls,40,100.39,,2377,McNeese,35,155.54,,0.0
401431872,2022,8,False,101784,ERSKINE,13,,,2842,UVA Wise,28,,,
401420825,2022,8,False,2710,Western Illinois,27,91.95,,2754,Youngstown State,28,94.39,,
401403924,2022,8,False,142,Missouri,17,715.36,0.5458333333333333,238,Vanderbilt,14,629.76,,
401404018,2022,8,False,24,Stanford,15,757.81,0.7436868686868686,9,Arizona State,14,670.18,,
401431616,2022,8,False,2848,Western Oregon,46,,,2201,Eastern New Mexico,7,,,0.0
401432651,2022,8,False,203,Linfield College,45,,,2486,Pacific Lutheran,0,,,0.0
401430928,2022,8,True,6845,Nebraska Wesleyan,25,,,63,Buena Vista,42,,,
401420866,2022,8,False,2320,Lamar,21,23.88,,2504,Prairie View A&M,54,56.88,,
401432328,2022,8,False,2542,Savannah St,20,,,2013,Albany State GA,31,,,
401431862,2022,8,True,110242,West Florida,45,,,2401,Mississippi College,17,,,0.0
401431837,2022,8,False,2695,West Alabama,33,,,2822,North Greenville,34,,,
401426357,2022,8,False,309,Louisiana,38,458.15,4.193333333333333,2032,Arkansas State,18,471.65,5.3717171717171714,0.0
401426358,2022,8,False,326,Texas State,14,464.66,,2572,Southern Miss,20,478.97,2.071309523809524,
401423929,2022,8,False,2582,Southern,51,178.64,,2355,Virginia University Of Lynchburg,7,,,0.0
401420811,2022,8,False,2460,Northern Iowa,41,185.49,,2623,Missouri State,20,251.03,,0.0
401431563,2022,8,False,131,Wayne State (MI),14,,,129,Saginaw Valley State,21,,,
401433113,2022,8,False,351,Wingate,28,,,122666,Wilson,3,,,0.0
401428198,2022,8,False,2127,Charleston Southern,14,28.1,,2241,Gardner-Webb,28,19.68,,1.0
401431852,2022,8,False,2698,West Georgia,54,,,2673,Valdosta State,17,,,0.0
401431495,2022,8,False,2292,Indianapolis,52,,,2825,Quincy,38,,,0.0
401438228,2022,8,True,126086,Post University,20,,,2830,St. Anselm,24,,,
401433128,2022,8,False,2107,Catawba,23,,,2336,Limestone,48,,,
401415243,2022,8,False,167,New Mexico,9,312.79,3.906837606837607,278,Fresno State,41,502.26,2.7113202614379084,
401403922,2022,8,False,333,Alabama,30,1016.79,0.9163607226107224,344,Mississippi State,6,725.55,1.7977002164502165,
401415241,2022,8,False,2005,Air Force,14,0.0,,68,Boise State,19,533.92,2.3264957264957267,
401432426,2022,8,False,425,Northern State,49,,,3066,Concordia University St Paul,20,,,0.0
401432755,2022,8,False,2102,Carnegie Mellon,41,,,2242,Geneva,0,,,0.0
401432820,2022,8,False,2553,Sewanee,3,,,3,Birmingham-Southern,47,,,
401432569,2022,8,False,101,Eureka College,35,,,2741,Wisconsin-Lutheran,51,,,
401431898,2022,8,False,110243,UT Permian Basin,23,,,2395,Midwestern State,24,,,
401431892,2022,8,False,2025,Angelo State,34,,,2658,Texas A&M-Kingsville,7,,,0.0
401432787,2022,8,False,2644,Thiel,8,,,2845,Waynesburg,34,,,
401403925,2022,8,False,2579,South Carolina,30,762.63,0.673120818575364,245,Texas A&M,24,947.3,1.5131382098293862,0.0
401405120,2022,8,False,213,Penn State,45,830.44,,135,Minnesota,17,649.43,0.4863888888888888,
401415642,2022,8,False,151,East Carolina,34,494.82,6.346934315684316,2116,UCF,13,636.16,1.12534435261708,0.0
401411143,2022,8,False,97,Louisville,24,625.42,0.5642765567765567,221,Pittsburgh,10,654.56,2.489126559714795,0.0
401413230,2022,8,False,13,Cal Poly,10,55.91,,331,Eastern Washington,17,73.36,,
401404020,2022,8,False,204,Oregon State,42,635.88,0.7186577964519141,38,Colorado,9,616.28,,
401404097,2022,8,False,2628,TCU,38,712.05,,2306,Kansas State,28,584.68,1.395028011204482,
401473814,2022,8,False,2627,Tarleton State,24,,,2586,Southwest Baptist,10,,,0.0
401431597,2022,8,False,2704,West Texas A&M,35,,,2120,Central Washington,16,,,0.0
401433066,2022,8,False,2001,Adams State,45,,,11,Colorado Mesa,31,,,0.0
401431606,2022,8,True,2829,Simon Fraser,21,,,2703,Western New Mexico,38,,,
401420871,2022,8,False,3101,Utah Tech,13,,,2534,Sam Houston,18,200.06,,
401415244,2022,8,False,2751,Wyoming,28,292.03,2.5880718954248367,328,Utah State,14,371.37,1.4166666666666667,0.0
401439551,2022,8,False,2094,California Lutheran University,24,,,2923,Pomona Pitzer,28,,,
401432834,2022,8,False,29,Redlands,36,,,2318,La Verne,19,,,0.0
401415245,2022,8,False,2440,Nevada,7,416.44,1.4598214285714286,21,San Diego State,23,372.29,3.430394167236273,1.0
401404019,2022,8,False,25,California,21,653.31,1.1062748015873016,264,Washington,28,761.72,1.4903846153846154,
401413337,2022,8,False,16,Sacramento State,31,96.08,,149,Montana,24,110.64,,0.0
401432361,2022,9,False,2396,Miles College,16,,,2206,Edward Waters,22,,,
401444112,2022,9,False,2888,Ouachita Baptist,28,,,2191,East Central (OK),18,,,0.0
401426359,2022,9,False,2572,Southern Miss,39,478.97,2.071309523809524,309,Louisiana,24,458.15,4.193333333333333,
401411146,2022,9,False,152,NC State,22,686.19,0.2326664462081128,259,Virginia Tech,21,640.85,1.653345139708776,
401404026,2022,9,False,265,Washington State,17,570.94,0.9512385762385764,254,Utah,21,705.12,2.9010404368358915,
401415202,2022,9,False,171,Columbia,16,,,43,Yale,41,24.05,,
401438662,2022,9,False,2286,Illinois College,28,,,2155,Cornell College (IA),14,,,0.0
401426594,2022,9,False,2229,Florida International,42,459.71,,2348,Louisiana Tech,34,473.76,,0.0
401415645,2022,9,False,252,BYU,24,415.19,,151,East Carolina,27,494.82,6.346934315684316,
401431176,2022,9,False,379,UMass Dartmouth,48,,,18,Bridgewater State,7,,,0.0
401431167,2022,9,False,2967,Framingham State,34,,,110,Mass Maritime,10,,,0.0
401431406,2022,9,False,2368,Marist,37,,,2506,Presbyterian,7,,,0.0
401404100,2022,9,False,66,Iowa State,13,590.43,0.4739427239427239,201,Oklahoma,27,870.34,1.8228014409832591,
401423436,2022,9,False,2115,Central Connecticut,34,11.33,,2681,Wagner,7,39.77,,0.0
401420784,2022,9,False,2415,Morgan State,41,28.0,,2569,South Carolina State,14,35.03,,0.0
401423421,2022,9,False,2529,Sacred Heart,14,,,2598,St. Francis (PA),44,16.89,,
401404154,2022,9,False,41,UConn,13,239.17,,103,Boston College,3,664.63,,0.0
401423141,2022,9,False,2086,Butler,56,,,2413,Morehead State,20,4.96,,0.0
401435090,2022,9,False,3110,SUNY Morrisville,17,,,390,Utica,20,,,
401415643,2022,9,False,248,Houston,42,629.12,0.4473339160839161,58,South Florida,27,574.32,,
401404129,2022,9,False,183,Syracuse,24,590.36,3.778409090909091,87,Notre Dame,41,866.48,,
401405126,2022,9,False,213,Penn State,31,830.44,,194,Ohio State,44,983.14,0.7855113636363636,
401416630,2022,9,False,2199,Eastern Michigan,24,404.1,,2649,Toledo,27,498.98,,
401411147,2022,9,False,52,Florida State,41,780.76,1.144642857142857,59,Georgia Tech,16,715.48,0.586791958041958,
401432807,2022,9,False,2121,Centre College Kentucky,21,,,386,Trinity University TX,41,,,
401437206,2022,9,False,293,Castleton,37,,,3162,Alfred State,13,,,0.0
401438605,2022,9,False,2842,UVA Wise,16,,,2369,Mars Hill,20,,,
401433019,2022,9,False,210,Millersville,13,,,2315,Kutztown University,20,,,
401432389,2022,9,False,2487,Pace,17,,,2830,St. Anselm,14,,,0.0
401433027,2022,9,False,223,West Chester,58,,,209,Lock Haven University,10,,,0.0
401433012,2022,9,False,367,Gannon,43,,,2291,Indiana-Pennsylvania,36,,,0.0
401432995,2022,9,False,2385,Mercyhurst,20,,,2858,PennWest California,44,,,
401432117,2022,9,False,2148,Concord University,62,,,112335,Wheeling,31,,,0.0
401431589,2022,9,False,2682,Walsh,35,,,2316,Kentucky Wesleyan,10,,,0.0
401431184,2022,9,False,2790,Albion,37,,,2003,Adrian,9,,,0.0
401432242,2022,9,False,2184,Duquesne,48,94.04,,2341,Long Island University,50,,,
401432984,2022,9,False,2974,Shepherd,55,,,2071,Bloomsburg,10,,,0.0
401439537,2022,9,False,2969,Misericordia,7,,,471,Stevenson,44,,,
401441939,2022,9,False,2781,Brockport,54,,,2085,Buffalo State,2,,,0.0
401432549,2022,9,False,417,Gallaudet,27,,,15,Anna Maria College,13,,,0.0
401416631,2022,9,False,2006,Akron,9,456.15,6.237261904761905,193,Miami (OH),27,397.26,,1.0
401404103,2022,9,False,277,West Virginia,31,662.57,0.5233134920634921,2628,TCU,41,712.05,,
401432132,2022,9,False,2986,Fairmont State,6,,,587,Notre Dame College,30,,,
401456157,2022,9,False,111674,Reading,14,,,247,Kings College (PA),41,,,
401431819,2022,9,False,128,Northern Michigan,20,,,2222,Ferris State,56,,,
401431157,2022,9,False,398,Wilkes,24,,,2354,Lycoming,7,,,0.0
401444117,2022,9,False,2022,American International,22,,,2583,Southern Connecticut State,23,,,
401438639,2022,9,False,2221,FDU-Florham,10,,,2015,Albright,2,,,0.0
401441956,2022,9,False,2972,Plymouth State,31,,,2909,Westfield State,22,,,0.0
401438671,2022,9,False,2749,Worcester Polytechnic Institute,20,,,2467,Norwich,15,,,0.0
401431056,2022,9,False,2280,Husson,27,,,2702,Western New England,17,,,0.0
401435096,2022,9,False,184,University of Rochester (NY),31,,,2779,St. Lawrence,35,,,
401431986,2022,9,False,2224,Findlay,42,,,437,Lake Erie,17,,,0.0
401433003,2022,9,False,2134,Clarion,0,,,215,Slippery Rock,31,,,
401433041,2022,9,False,2205,Edinboro University,14,,,611,Seton Hill,45,,,
401403927,2022,9,False,2,Auburn,27,783.87,0.8044200244200244,8,Arkansas,41,741.06,0.6238636363636363,1.0
401415192,2022,9,False,225,Brown,34,,,219,Pennsylvania,31,,,0.0
401411150,2022,9,False,258,Virginia,12,625.94,2.1954545454545453,2390,Miami,14,854.72,3.992261904761905,
401422992,2022,9,False,322,Lafayette,20,22.41,,46,Georgetown,30,,,
401418649,2022,9,False,338,Kennesaw State,30,22.69,,2127,Charleston Southern,20,28.1,,0.0
401431036,2022,9,False,216,Susquehanna,26,,,118,Johns Hopkins University,24,,,0.0
401424442,2022,9,False,311,Maine,21,54.69,,257,Richmond,31,55.5,,
401424390,2022,9,False,2729,William & Mary,31,10.64,,227,Rhode Island,30,158.52,,0.0
401431201,2022,9,False,354,Olivet College,35,,,2800,Alma,49,,,
401432723,2022,9,False,297,Hampden-Sydney,28,,,2258,Guilford College,21,,,0.0
401432732,2022,9,False,2047,Averett,0,,,2828,Shenandoah,45,,,
401432756,2022,9,False,2102,Carnegie Mellon,30,,,2614,Saint Vincent,12,,,0.0
401437212,2022,9,False,174,Hobart College,23,,,237,Union (NY),21,,,0.0
401432784,2022,9,False,2644,Thiel,0,,,2686,Washington & Jefferson,55,,,
401432586,2022,9,False,352,Kenyon,35,,,83,Depauw,58,,,
401432578,2022,9,False,89,Wabash College,59,,,2274,Hiram College,23,,,0.0
401432557,2022,9,False,175,Ithaca College,13,,,2528,Rensselaer,10,,,0.0
401432535,2022,9,False,323,Moravian,14,,,2700,McDaniel College,3,,,0.0
401432867,2022,9,True,109418,Finlandia University,12,,,433,Westminster College (MO),16,,,
401438631,2022,9,False,109,MIT,24,,,2557,Coast Guard,31,,,
401433051,2022,9,False,2559,Shippensburg,16,,,2188,East Stroudsburg University,23,,,
401432427,2022,9,False,3066,Concordia University St Paul,13,,,559,University of Mary,23,,,
401432788,2022,9,False,2845,Waynesburg,10,,,2849,Westminster (PA),30,,,
401431539,2022,9,False,2392,Michigan Tech,7,,,125,Grand Valley State University,42,,,
401438184,2022,9,False,2249,Glenville State,31,,,2707,West Virginia State,30,,,0.0
401429858,2022,9,False,2207,Elizabeth City State,29,,,2075,Bowie State,36,,,
401432366,2022,9,False,2310,Kentucky State,7,,,2657,Tuskegee,28,,,
401431564,2022,9,False,129,Saginaw Valley State,28,,,110254,Davenport,29,,,
401415409,2022,9,False,163,Princeton,35,16.08,,172,Cornell,9,,,0.0
401435128,2022,9,False,2977,Trinity (CT),38,,,340,Bowdoin,3,,,0.0
401430707,2022,9,False,2676,Virginia Union,21,,,2804,Chowan,26,,,
401424440,2022,9,False,399,UAlbany,59,92.55,,2619,Stony Brook,14,69.58,,
401435146,2022,9,False,2383,Merchant Marine Academy,13,,,81,Springfield,27,,,
401425415,2022,9,False,107,Holy Cross,53,,,2230,Fordham,52,32.71,,0.0
401435077,2022,9,False,284,Stonehill,10,,,2771,Merrimack,17,,,
401430993,2022,9,False,2056,Belhaven,70,,,548,Lagrange College,16,,,0.0
401423156,2022,9,False,56,Stetson,17,,,2181,Drake,24,,,
401422983,2022,9,False,2083,Bucknell,7,,,2142,Colgate,13,14.43,,
401441260,2022,9,False,7,Amherst,7,,,336,Wesleyan University (CT),13,,,
401431048,2022,9,False,40,Curry College,7,,,452,Endicott College,48,,,
401439561,2022,9,False,2896,Southern Virginia,23,,,291,Methodist,36,,,
401431204,2022,9,False,2812,Hope College,66,,,126,Kalamazoo,20,,,0.0
401438647,2022,9,False,388,Lebanon Valley,20,,,2725,Widener,26,,,
401431064,2022,9,False,111675,Biddeford,30,,,2776,Salve Regina,12,,,0.0
401421108,2022,9,False,2168,Dayton,31,,,2674,Valparaiso,24,11.85,,0.0
401424441,2022,9,False,222,Villanova,24,15.94,,2261,Hampton,10,69.24,,0.0
401437003,2022,9,False,2422,Muhlenberg,28,,,2234,Franklin & Marshall,21,,,0.0
401430692,2022,9,False,2339,Lincoln (PA),21,,,330,Virginia St,42,,,
401428193,2022,9,False,2448,North Carolina A&T,45,142.63,,2097,Campbell,38,124.16,,
401421099,2022,9,False,2900,St. Thomas (MN),49,,,301,San Diego,42,43.29,,0.0
401430720,2022,9,False,2736,Winston-Salem,28,,,2304,Johnson C Smith,7,,,0.0
401424409,2022,9,False,2405,Monmouth,48,28.53,,119,Towson,52,178.36,,
401432409,2022,9,False,134,Minnesota Duluth,51,,,568,Minot State,7,,,0.0
401438227,2022,9,True,126086,Post University,19,,,112334,Franklin Pierce,42,,,
401450199,2022,9,False,2970,William Paterson,2,,,2442,College Of New Jersey,33,,,
401431114,2022,9,False,365,Alfred University,8,,,2782,Cortland,31,,,
401432634,2022,9,False,2818,Montclair State,13,,,3112,Christopher Newport,14,,,
401432747,2022,9,False,2018,Allegheny,7,,,2963,Case Western Reserve,54,,,
401438690,2022,9,False,2532,Salisbury,28,,,2827,Rowan,23,,,0.0
401445805,2022,9,False,2731,Williams,41,,,121,Bates,28,,,0.0
401445809,2022,9,False,2394,Middlebury,20,,,33,Colby College,17,,,0.0
401446235,2022,9,False,2175,Dickinson (PA),45,,,246,Juniata College,7,,,0.0
401450143,2022,9,False,2248,Gettysburg,16,,,2667,Ursinus,51,,,
401456160,2022,9,False,112,Tufts,49,,,348,Hamilton,13,,,0.0
401430725,2022,9,False,395,St. Augustine's,7,,,2940,Livingstone,12,,,
401432097,2022,9,False,341,Frostburg State,58,,,2017,Alderson-Broaddus,7,,,0.0
401437190,2022,9,False,2038,Assumption,14,,,2441,New Haven,13,,,0.0
401433121,2022,9,False,2331,Lenoir-Rhyne,21,,,351,Wingate,24,,,
401432706,2022,9,False,2213,Emory & Henry College,7,,,2105,Carson-Newman College,21,,,
401431576,2022,9,False,2273,Hillsdale,36,,,308,Ashland,20,,,0.0
401432971,2022,9,False,2844,Wayne State (NE),56,,,389,Upper Iowa University,14,,,0.0
401431134,2022,9,False,2023,Anderson (IN),3,,,2262,Hanover College,62,,,
401431124,2022,9,False,2362,Manchester,6,,,2233,Franklin,24,,,
401431149,2022,9,False,86,Rose-Hulman,76,,,190,Defiance College,35,,,0.0
401431873,2022,9,False,2839,Greeneville,49,,,101784,ERSKINE,14,,,0.0
401431141,2022,9,False,2419,Mount St. Joseph,70,,,2074,Bluffton,21,,,0.0
401432691,2022,9,False,317,Marietta,27,,,427,Ohio Northern,10,,,0.0
401432677,2022,9,False,332,Muskingum University,14,,,2302,John Carroll University,49,,,
401432668,2022,9,False,424,Capital,7,,,188,Baldwin Wallace,48,,,
401422926,2022,9,False,2678,VMI,14,,,2382,Mercer,55,38.11,,
401428220,2022,9,False,2241,Gardner-Webb,48,19.68,,2803,Bryant,40,14.59,,
401418600,2022,9,False,159,Dartmouth,13,,,108,Harvard,28,,,
401413209,2022,9,False,2747,Wofford,48,17.85,,2193,East Tennessee State,41,74.98,,0.0
401435116,2022,9,False,2748,Wooster,44,,,2746,Wittenberg,43,,,0.0
401438676,2022,9,False,2733,Wilmington (OH),7,,,191,Heidelberg,57,,,
401431012,2022,9,False,2834,Sul Ross State,33,,,241,McMurry,27,,,0.0
401431020,2022,9,False,2045,Austin,29,,,2588,Southwestern University,40,,,
401431083,2022,9,False,72,Elmhurst,6,,,143,Washington University (St. Louis),49,,,
401431262,2022,9,False,2891,Ripon,55,,,266,Beloit,14,,,0.0
401423950,2022,9,False,2296,Jackson State,35,590.92,11.275,2582,Southern,0,178.64,,
401420793,2022,9,False,2450,Norfolk State,21,61.79,,47,Howard,49,,,
401431271,2022,9,False,268,Lawrence University,0,,,255,Knox College,35,,,
401431027,2022,9,False,2639,Texas Lutheran,35,,,2194,East Texas Baptist University,38,,,
401433078,2022,9,False,2069,Black Hills State,75,,,2237,Fort Lewis,0,,,0.0
401438658,2022,9,False,6353,Lakeland,26,,,101,Eureka College,17,,,0.0
401420826,2022,9,False,2754,Youngstown State,45,94.39,,233,South Dakota,24,51.92,,
401418641,2022,9,False,2546,Southeast Missouri State,23,26.12,,2198,Eastern Kentucky,28,224.82,,
401432738,2022,9,False,2688,Washington and Lee,21,,,2516,Randolph-Macon,35,,,
401432400,2022,9,False,2587,Southwest Minnesota State,15,,,132,Bemidji State,34,,,
401460110,2022,9,False,2951,SUNY Maritime,30,,,110438,Dean College,19,,,0.0
401420803,2022,9,False,2169,Delaware State,21,,,2428,North Carolina Central,28,51.95,,
401432815,2022,9,False,3,Birmingham-Southern,30,,,418,Hendrix College,7,,,0.0
401432418,2022,9,False,425,Northern State,35,,,2817,Minnesota State Moorhead,7,,,0.0
401433395,2022,9,False,2815,Lindenwood,64,,,2911,William Jewell,23,,,0.0
401426593,2022,9,False,242,Rice,23,441.93,,2429,Charlotte,56,487.24,,
401435212,2022,9,False,2745,Wisconsin-Whitewater,30,,,2723,Wisconsin-River Falls,27,,,0.0
401421133,2022,9,False,231,Furman,24,67.63,,236,Chattanooga,20,237.41,,0.0
401441636,2022,9,False,2042,Augustana (IL),24,,,306,Illinois Wesleyan,21,,,0.0
401431105,2022,9,False,396,Wheaton,69,,,74,Millikin,3,,,0.0
401445797,2022,9,False,2843,Western Connecticut St,38,,,402,Worcester St,35,,,0.0
401433114,2022,9,False,122666,Wilson,38,,,2107,Catawba,21,,,0.0
401432715,2022,9,False,366,Ferrum,28,,,2079,Bridgewater (VA),52,,,
401421143,2022,9,False,2643,The Citadel,3,21.07,,2535,Samford,38,100.34,,
401433084,2022,9,False,2123,Chadron St,17,,,2424,New Mexico Highlands,3,,,0.0
401432687,2022,9,False,359,Otterbein,0,,,426,University of Mount Union,59,,,
401435199,2022,9,False,2938,Huntingdon College (AL),42,,,2256,Greensboro College,0,,,0.0
401435214,2022,9,False,2738,Wisconsin-Eau Claire,48,,,2743,Wisconsin-Stevens Pt,26,,,0.0
401430957,2022,9,False,2141,Coe College,37,,,2964,Central College,31,,,0.0
401430972,2022,9,False,67,Luther,21,,,263,Loras College,40,,,
401430980,2022,9,False,2564,Simpson College (IA),74,,,6845,Nebraska Wesleyan,41,,,0.0
401431074,2022,9,False,32,Carroll University (WI),59,,,2106,Carthage,14,,,0.0
401431091,2022,9,False,3071,North Central College,59,,,75,North Park,0,,,0.0
401431223,2022,9,False,124,Augsburg,38,,,2152,Concordia Moorhead,35,,,0.0
401431253,2022,9,False,2802,Bethel (MN),38,,,133,St. Olaf,17,,,0.0
401431324,2022,9,False,2741,Wisconsin-Lutheran,30,,,2151,Concordia University Chicago,7,,,0.0
401435101,2022,9,False,2968,Gustavus Adolphus,28,,,2101,Carleton,9,,,0.0
401431003,2022,9,False,2810,Hardin-Simmons,28,,,2758,Howard Payne,19,,,0.0
401432800,2022,9,False,2757,Berry College,56,,,2398,Millsaps,0,,,0.0
401432139,2022,9,False,2882,UNC Pembroke,24,,,2699,West Liberty,3,,,0.0
401432329,2022,9,False,2013,Albany State GA,31,,,60,Morehouse College,7,,,0.0
401432878,2022,9,False,2373,Maryville College (TN),21,,,2913,Brevard College,24,,,
401430929,2022,9,False,63,Buena Vista,0,,,2685,Wartburg,65,,,
401432346,2022,9,False,490,Benedict College,49,,,2805,Clark Atlanta,20,,,0.0
401433067,2022,9,False,613,South Dakota Mines,23,,,2001,Adams State,20,,,0.0
401431315,2022,9,False,2283,Benedictine University,13,,,2044,Aurora,20,,,
401432860,2022,9,False,375,St. Scholastica,6,,,2600,Saint John's (MN),56,,,
401432893,2022,9,False,271,Wisconsin-Oshkosh,35,,,2740,Wisconsin-Lacrosse,38,,,
401431300,2022,9,False,262,Lake Forest College,31,,,2919,Monmouth (IL),14,,,0.0
401431291,2022,9,False,80,Chicago,58,,,65,Grinnell,0,,,0.0
401439522,2022,9,False,374,St John Fisher University,44,,,173,Hartwick,26,,,0.0
401432901,2022,9,False,2744,Wisconsin-Stout,24,,,272,Wisconsin-Platteville,22,,,0.0
401431308,2022,9,False,2524,Rockford,14,,,2832,St. Norbert,52,,,
401431245,2022,9,False,162,Hamline University,20,,,2359,Macalester,33,,,
401432958,2022,9,False,2894,Sioux Falls,24,,,2364,Minnesota State Mankato,38,,,
401432107,2022,9,False,455,West Virginia Wesleyan,0,,,2128,University Of Charleston (WV),44,,,
401432954,2022,9,False,2851,Winona State,24,,,2043,Augustana University (SD),7,,,0.0
401431923,2022,9,False,2118,Central Missouri,61,,,2876,Lincoln (MO),14,,,0.0
401431913,2022,9,False,2703,Western New Mexico,41,,,2704,West Texas A&M,37,,,0.0
401431950,2022,9,False,137,Missouri Western,31,,,2403,Missouri Southern State,27,,,0.0
401431506,2022,9,False,2816,McKendree,31,,,2586,Southwest Baptist,49,,,
401431522,2022,9,False,2825,Quincy,32,,,2654,Truman State,59,,,
401405123,2022,9,False,135,Minnesota,31,649.43,0.4863888888888888,164,Rutgers,0,631.47,1.1544578134284016,
401432821,2022,9,False,2519,Rhodes College,33,,,2553,Sewanee,6,,,0.0
401424932,2022,9,False,2755,Grambling,35,221.26,,2016,Alcorn State,6,62.59,,
401420851,2022,9,False,2837,East Texas A&M,7,,,2916,Incarnate Word,35,40.89,3.9404761904761902,
401418841,2022,9,False,2571,South Dakota State,49,5.97,,282,Indiana State,7,70.29,,0.0
401426361,2022,9,False,2247,Georgia State,31,471.84,2.9684294871794874,295,Old Dominion,17,438.06,2.512662337662338,
401425425,2022,9,False,93,Murray State,19,56.27,,2634,Tennessee State,3,194.56,,0.0
401424941,2022,9,False,2504,Prairie View A&M,58,56.88,,2065,Bethune-Cookman,48,205.68,,0.0
401425520,2022,9,False,79,Southern Illinois,36,183.5,,2460,Northern Iowa,37,185.49,,
401430736,2022,9,False,2033,Arkansas Tech,22,,,2927,Southwestern Oklahoma State,21,,,0.0
401430746,2022,9,False,2028,Arkansas-Monticello,20,,,199,Southeastern Oklahoma State,48,,,
401431470,2022,9,False,319,Oklahoma Baptist,20,,,2568,Southern Arkansas,52,,,
401431933,2022,9,False,2214,Emporia State University,42,,,2231,Fort Hays State,14,,,0.0
401431957,2022,9,False,2438,Nebraska-Kearney,24,,,138,Northwest Missouri St,28,,,
401420812,2022,9,False,2623,Missouri State,64,251.03,,2710,Western Illinois,14,91.95,,
401413338,2022,9,False,2692,Weber State,24,53.15,,149,Montana,21,110.64,,0.0
401423922,2022,9,True,2640,Texas Southern,37,54.59,,124179,Lincoln (CA),2,,,0.0
401418798,2022,9,False,2277,Houston Christian,28,5.41,,2630,UT Martin,52,128.97,,
401431462,2022,9,False,200,Southern Nazarene,41,,,2271,Henderson State,42,,,
401426257,2022,9,False,2197,Eastern Illinois,17,55.8,,2635,Tennessee Tech,20,43.6,,1.0
401431838,2022,9,False,2822,North Greenville,37,,,2673,Valdosta State,58,,,
401431973,2022,9,False,2122,Central Oklahoma,7,,,90,Pittsburg St,38,,,
401432356,2022,9,False,2323,Lane College,42,,,2119,Central State (OH),31,,,0.0
401420861,2022,9,False,2617,Stephen F. Austin,44,130.97,,3101,Utah Tech,47,,,
401433092,2022,9,False,11,Colorado Mesa,28,,,2570,CSU Pueblo,33,,,
401433096,2022,9,False,2714,Western Colorado,20,,,2146,Colorado School Of Mines,30,,,
401431965,2022,9,False,196,Northeastern State,17,,,2687,Washburn,21,,,
401404024,2022,9,False,25,California,24,653.31,1.1062748015873016,2483,Oregon,42,877.93,0.909687786960514,
401404102,2022,9,False,2306,Kansas State,48,584.68,1.395028011204482,197,Oklahoma State,0,670.53,0.7572489008303818,0.0
401415646,2022,9,False,2426,Navy,27,0.0,,218,Temple,20,505.48,,0.0
401415647,2022,9,False,202,Tulsa,34,485.87,,2567,SMU,45,598.49,,
401418834,2022,9,False,2449,North Dakota State,24,25.18,,2287,Illinois State,7,92.75,,0.0
401415644,2022,9,False,2116,UCF,25,636.16,1.12534435261708,2132,Cincinnati,21,650.89,2.501682692307692,0.0
401411148,2022,9,False,97,Louisville,48,625.42,0.5642765567765567,154,Wake Forest,21,575.42,,
401409242,2022,9,False,113,Massachusetts,13,292.14,,166,New Mexico State,23,189.37,,1.0
401424399,2022,9,False,2210,Elon,27,64.96,,48,Delaware,7,39.14,,
401423444,2022,9,True,2011,Alabama State,24,208.22,,2010,Alabama A&M,17,293.63,,0.0
401405124,2022,9,False,158,Nebraska,9,752.12,4.537157287157287,356,Illinois,26,631.46,0.4672176308539945,1.0
401405122,2022,9,False,2294,Iowa,33,681.98,6.252572463768116,77,Northwestern,13,653.48,,
401426360,2022,9,False,2026,App State,42,456.66,,2523,Robert Morris,3,21.85,,
401426597,2022,9,False,98,Western Kentucky,13,495.64,5.409090909090909,249,North Texas,40,504.97,6.388888888888889,
401403928,2022,9,True,61,Georgia,42,989.76,0.3255883005883005,57,Florida,20,856.95,1.0608405483405483,
401432828,2022,9,False,2850,Whittier,0,,,17,Claremont-Mudd-Scripps College,43,,,
401413221,2022,9,False,2046,Austin Peay,16,121.11,,55,Jacksonville State,40,229.74,,
401413240,2022,9,False,331,Eastern Washington,35,73.36,,2502,Portland State,38,110.5,,
401432660,2022,9,False,2721,Whitworth,59,,,2508,Puget Sound,0,,,0.0
401432842,2022,9,False,509,Crown College,6,,,2257,Greenville,48,,,
401433129,2022,9,False,2444,Newberry,37,,,2336,Limestone,42,,,
401403929,2022,9,False,2579,South Carolina,10,762.63,0.673120818575364,142,Missouri,23,715.36,0.5458333333333333,1.0
401424944,2022,9,False,50,Florida A&M,27,223.82,,2029,Arkansas-Pine Bluff,6,20.54,,
401430677,2022,9,False,2220,Fayetteville State,28,,,2551,Shaw,20,,,0.0
401431909,2022,9,False,2201,Eastern New Mexico,21,,,110243,UT Permian Basin,24,,,
401426363,2022,9,False,2032,Arkansas State,3,471.65,5.3717171717171714,6,South Alabama,31,466.34,1.1366666666666667,1.0
401418789,2022,9,False,155,North Dakota,34,,,2000,Abilene Christian,31,260.16,,0.0
401431455,2022,9,False,2264,Harding University,28,,,2823,Northwestern Oklahoma State,7,,,0.0
401432835,2022,9,False,29,Redlands,27,,,2923,Pomona Pitzer,24,,,0.0
401435178,2022,9,False,2486,Pacific Lutheran,53,,,2930,Willamette,0,,,0.0
401435173,2022,9,False,2333,Lewis & Clark College,41,,,205,Pacific (OR),56,,,
401431558,2022,9,False,2838,Tiffin,48,,,2886,Northwood (MI),3,,,0.0
401420867,2022,9,False,2320,Lamar,24,23.88,,2447,Nicholls,17,100.39,,0.0
401432643,2022,9,False,415,NEWBERG,10,,,203,Linfield College,37,,,
401431858,2022,9,True,110242,West Florida,36,,,2695,West Alabama,24,,,0.0
401418780,2022,9,False,2110,Central Arkansas,64,82.3,,2453,North Alabama,29,107.8,,0.0
401441336,2022,9,True,2542,Savannah St,28,,,2232,Fort Valley State,24,,,0.0
401431848,2022,9,False,2698,West Georgia,49,,,2560,Shorter,14,,,0.0
401432854,2022,9,False,583,Northwestern (MN),31,,,2399,Minnesota Morris,24,,,0.0
401431496,2022,9,False,2292,Indianapolis,42,,,2402,Missouri S&T,16,,,0.0
401426362,2022,9,False,276,Marshall,13,455.3,2.670734126984127,324,Coastal Carolina,24,446.58,,1.0
401432613,2022,9,False,2980,Ohio Wesleyan,77,,,391,Oberlin,0,,,0.0
401432769,2022,9,False,2242,Geneva,34,,,2062,Bethany (WV),6,,,0.0
401426595,2022,9,False,2226,Florida Atlantic,24,550.51,1.45,5,UAB,17,443.8,1.237777777777778,
401404022,2022,9,False,12,Arizona,37,652.06,1.8991071428571429,30,USC,45,860.12,,
401413231,2022,9,False,302,UC Davis,59,103.7,,13,Cal Poly,17,55.91,,
401403930,2022,9,False,2633,Tennessee,44,764.8,0.7337301587301588,96,Kentucky,6,737.33,4.5447366359131065,
401415246,2022,9,False,68,Boise State,49,533.92,2.3264957264957267,36,Colorado State,10,431.38,7.046783625730994,
401431830,2022,9,False,2401,Mississippi College,38,,,2170,Delta State,52,,,
401404023,2022,9,False,38,Colorado,34,616.28,,9,Arizona State,42,670.18,,
401405125,2022,9,False,130,Michigan,29,847.24,2.4670974858474857,127,Michigan State,7,693.91,3.214285714285714,
401404101,2022,9,False,2641,Texas Tech,17,660.31,4.715952380952381,239,Baylor,45,666.05,,
401403931,2022,9,False,245,Texas A&M,28,947.3,1.5131382098293862,145,Ole Miss,31,757.39,0.5958874458874459,1.0
401411149,2022,9,False,153,North Carolina,42,812.94,0.7400274725274725,221,Pittsburgh,24,654.56,2.489126559714795,
401431617,2022,9,False,2395,Midwestern State,26,,,2848,Western Oregon,21,,,0.0
401462518,2022,9,False,2627,Tarleton State,21,,,2534,Sam Houston,40,200.06,,
401462225,2022,9,False,2377,McNeese,27,155.54,,2545,SE Louisiana,28,166.75,,
401413251,2022,9,False,16,Sacramento State,31,96.08,,70,Idaho,28,82.22,,
401426596,2022,9,False,2638,UTEP,13,289.39,,2393,Middle Tennessee,24,425.43,,
401431598,2022,9,False,2120,Central Washington,23,,,2658,Texas A&M-Kingsville,19,,,0.0
401431607,2022,9,True,2829,Simon Fraser,0,,,2025,Angelo State,24,,,
401439552,2022,9,False,2094,California Lutheran University,22,,,2318,La Verne,29,,,
401415249,2022,9,False,23,San José State,35,417.95,,2440,Nevada,28,416.44,1.4598214285714286,
401404025,2022,9,False,26,UCLA,38,733.3,5.077777777777778,24,Stanford,13,757.81,0.7436868686868686,0.0
401415248,2022,9,False,278,Fresno State,32,502.26,2.7113202614379084,21,San Diego State,28,372.29,3.430394167236273,
401415247,2022,9,False,62,Hawai'i,20,419.54,,2751,Wyoming,27,292.03,2.5880718954248367,1.0
401416632,2022,10,False,2309,Kent State,20,386.94,0.3833333333333333,2050,Ball State,27,345.29,2.4847282347282347,1.0
401416633,2022,10,False,195,Ohio,45,365.74,,2084,Buffalo,24,370.96,4.211111111111111,0.0
401416634,2022,10,False,2459,Northern Illinois,22,409.86,,2117,Central Michigan,35,384.48,,1.0
401416635,2022,10,False,189,Bowling Green,13,415.08,0.5232993197278911,2711,Western Michigan,9,449.89,,0.0
401426601,2022,10,False,242,Rice,37,441.93,,2638,UTEP,30,289.39,,
401426364,2022,10,False,324,Coastal Carolina,35,446.58,,2026,App State,28,456.66,,0.0
401423445,2022,10,False,2400,Mississippi Valley State,30,48.86,,2010,Alabama A&M,20,293.63,,0.0
401411151,2022,10,False,103,Boston College,31,664.63,,150,Duke,38,603.98,,1.0
401404155,2022,10,False,41,UConn,27,239.17,,113,Massachusetts,10,292.14,,0.0
401424933,2022,10,False,2504,Prairie View A&M,16,56.88,,2016,Alcorn State,23,62.59,,
401404031,2022,10,False,264,Washington,24,761.72,1.4903846153846154,204,Oregon State,21,635.88,0.7186577964519141,
401404141,2022,10,True,349,Army,7,17.27,,2005,Air Force,13,0.0,,1.0
401428199,2022,10,False,2127,Charleston Southern,34,28.1,,2523,Robert Morris,21,21.85,,
401445232,2022,10,False,2336,Limestone,34,,,122666,Wilson,28,,,0.0
401441957,2022,10,False,402,Worcester St,18,,,2909,Westfield State,28,,,
401403936,2022,10,False,142,Missouri,17,715.36,0.5458333333333333,96,Kentucky,21,737.33,4.5447366359131065,
401403937,2022,10,False,245,Texas A&M,24,947.3,1.5131382098293862,57,Florida,41,856.95,1.0608405483405483,1.0
401405131,2022,10,False,275,Wisconsin,23,744.44,0.6856569900687548,120,Maryland,10,680.22,5.0459523809523805,
401411156,2022,10,False,258,Virginia,28,625.94,2.1954545454545453,153,North Carolina,31,812.94,0.7400274725274725,
401415649,2022,10,False,202,Tulsa,13,485.87,,2655,Tulane,27,521.86,0.6666666666666667,
401432996,2022,10,False,2858,PennWest California,13,,,367,Gannon,25,,,
401420794,2022,10,False,2448,North Carolina A&T,49,142.63,,2450,Norfolk State,24,61.79,,
401432550,2022,10,False,3162,Alfred State,22,,,417,Gallaudet,36,,,
401432558,2022,10,False,237,Union (NY),28,,,175,Ithaca College,31,,,
401430700,2022,10,False,330,Virginia St,21,,,2676,Virginia Union,33,,,
401423002,2022,10,False,107,Holy Cross,42,,,2329,Lehigh,14,11.72,,0.0
401433403,2022,10,False,2528,Rensselaer,10,,,2779,St. Lawrence,6,,,0.0
401435138,2022,10,False,2467,Norwich,14,,,2108,Catholic,31,,,
401438632,2022,10,False,2557,Coast Guard,24,,,2749,Worcester Polytechnic Institute,30,,,
401438640,2022,10,False,2808,Delaware Valley,42,,,2221,FDU-Florham,7,,,0.0
401439540,2022,10,False,81,Springfield,16,,,109,MIT,14,,,0.0
401450144,2022,10,False,246,Juniata College,2,,,2667,Ursinus,65,,,
401455579,2022,10,False,2060,Bentley,10,,,2022,American International,18,,,
401433020,2022,10,False,2315,Kutztown University,9,,,223,West Chester,28,,,
401423422,2022,10,False,2184,Duquesne,35,94.04,,2529,Sacred Heart,28,,,0.0
401438655,2022,10,False,2843,Western Connecticut St,41,,,114,Fitchburg State,21,,,0.0
401444594,2022,10,False,18,Bridgewater State,20,,,2967,Framingham State,19,,,0.0
401426598,2022,10,False,2429,Charlotte,7,487.24,,98,Western Kentucky,59,495.64,5.409090909090909,
401415193,2022,10,False,43,Yale,69,24.05,,225,Brown,17,,,0.0
401404108,2022,10,False,2628,TCU,34,712.05,,2641,Texas Tech,24,660.31,4.715952380952381,
401405128,2022,10,False,158,Nebraska,13,752.12,4.537157287157287,135,Minnesota,20,649.43,0.4863888888888888,1.0
401405130,2022,10,False,2509,Purdue,3,646.08,0.5061126373626375,2294,Iowa,24,681.98,6.252572463768116,
401432886,2022,10,False,286,North Carolina Wesleyan,17,,,2938,Huntingdon College (AL),35,,,
401431158,2022,10,False,2354,Lycoming,28,,,2725,Widener,16,,,0.0
401405129,2022,10,False,77,Northwestern,7,653.48,,194,Ohio State,21,983.14,0.7855113636363636,
401433154,2022,10,False,124180,Bluefield State,17,,,124179,Lincoln (CA),20,,,
401432390,2022,10,False,2830,St. Anselm,12,,,2038,Assumption,21,,,
401431057,2022,10,False,2280,Husson,27,,,2884,Nichols College,14,,,0.0
401443120,2022,10,False,247,Kings College (PA),14,,,2969,Misericordia,0,,,0.0
401438627,2022,10,False,110438,Dean College,22,,,15,Anna Maria College,36,,,
401432770,2022,10,False,2644,Thiel,20,,,2242,Geneva,55,,,
401456158,2022,10,False,2015,Albright,14,,,111674,Reading,21,,,
401431839,2022,10,False,2560,Shorter,31,,,2822,North Greenville,14,,,0.0
401441885,2022,10,False,2986,Fairmont State,36,,,2249,Glenville State,38,,,
401432133,2022,10,False,587,Notre Dame College,27,,,2882,UNC Pembroke,0,,,0.0
401461253,2022,10,False,452,Endicott College,42,,,2776,Salve Regina,10,,,0.0
401435097,2022,10,False,184,University of Rochester (NY),19,,,173,Hartwick,13,,,0.0
401431168,2022,10,False,110,Mass Maritime,7,,,2972,Plymouth State,21,,,
401450190,2022,10,False,2394,Middlebury,48,,,348,Hamilton,34,,,0.0
401423430,2022,10,False,46,Georgetown,24,,,2598,St. Francis (PA),38,16.89,,
401411157,2022,10,False,259,Virginia Tech,27,640.85,1.653345139708776,59,Georgia Tech,28,715.48,0.586791958041958,
401424443,2022,10,False,227,Rhode Island,26,158.52,,311,Maine,22,54.69,,
401441949,2022,10,False,122774,Keystone,21,,,2951,SUNY Maritime,20,,,0.0
401431407,2022,10,False,2506,Presbyterian,28,,,2168,Dayton,52,,,
401422993,2022,10,False,2142,Colgate,16,14.43,,322,Lafayette,21,22.41,,
401420785,2022,10,False,2619,Stony Brook,24,69.58,,2415,Morgan State,22,28.0,,
401418608,2022,10,False,163,Princeton,17,16.08,,159,Dartmouth,14,,,0.0
401423150,2022,10,False,2166,Davidson,56,,,56,Stetson,48,,,0.0
401415410,2022,10,False,172,Cornell,21,,,219,Pennsylvania,28,,,
401418842,2022,10,False,282,Indiana State,7,70.29,,155,North Dakota,42,,,
401435052,2022,10,False,2222,Ferris State,28,,,110254,Davenport,7,,,0.0
401424391,2022,10,False,2261,Hampton,14,69.24,,2729,William & Mary,20,10.64,,1.0
401442046,2022,10,False,284,Stonehill,50,,,2681,Wagner,10,39.77,,0.0
401424410,2022,10,False,48,Delaware,49,39.14,,2405,Monmouth,17,28.53,,
401425428,2022,10,False,2341,Long Island University,29,,,2115,Central Connecticut,20,11.33,,0.0
401432381,2022,10,False,2441,New Haven,50,,,112334,Franklin Pierce,6,,,0.0
401431309,2022,10,False,2832,St. Norbert,20,,,101,Eureka College,7,,,0.0
401415203,2022,10,False,108,Harvard,20,,,171,Columbia,21,,,
401431192,2022,10,False,2790,Albion,35,,,354,Olivet College,24,,,0.0
401431559,2022,10,False,2886,Northwood (MI),24,,,2477,Ohio Dominican,35,,,
401432125,2022,10,False,455,West Virginia Wesleyan,0,,,341,Frostburg State,37,,,
401433056,2022,10,False,215,Slippery Rock,28,,,2205,Edinboro University,21,,,0.0
401433135,2022,10,False,2369,Mars Hill,34,,,2839,Greeneville,27,,,0.0
401445231,2022,10,False,2075,Bowie State,41,,,2339,Lincoln (PA),24,,,0.0
401435192,2022,10,False,2398,Millsaps,7,,,386,Trinity University TX,53,,,
401432357,2022,10,False,2119,Central State (OH),31,,,2310,Kentucky State,30,,,0.0
401422984,2022,10,False,2083,Bucknell,17,,,2230,Fordham,59,32.71,,
401439523,2022,10,False,2782,Cortland,56,,,374,St John Fisher University,14,,,0.0
401432622,2022,10,False,2746,Wittenberg,7,,,2980,Ohio Wesleyan,14,,,
401444602,2022,10,False,7,Amherst,17,,,340,Bowdoin,14,,,0.0
401432764,2022,10,False,2849,Westminster (PA),14,,,2963,Case Western Reserve,13,,,0.0
401433028,2022,10,False,209,Lock Haven University,7,,,2559,Shippensburg,44,,,
401430994,2022,10,False,2913,Brevard College,7,,,2056,Belhaven,20,,,
401432614,2022,10,False,83,Depauw,72,,,391,Oberlin,0,,,0.0
401432724,2022,10,False,2828,Shenandoah,23,,,297,Hampden-Sydney,7,,,0.0
401432848,2022,10,False,446,Martin Luther,10,,,433,Westminster College (MO),7,,,0.0
401437213,2022,10,False,2085,Buffalo State,7,,,174,Hobart College,63,,,
401432972,2022,10,False,389,Upper Iowa University,7,,,2851,Winona State,45,,,
401441934,2022,10,False,2422,Muhlenberg,24,,,216,Susquehanna,28,,,
401435193,2022,10,False,2257,Greenville,45,,,109418,Finlandia University,7,,,0.0
401432872,2022,10,False,2047,Averett,0,,,2258,Guilford College,26,,,
401450196,2022,10,False,2871,Kean,17,,,2532,Salisbury,32,,,
401445126,2022,10,False,2700,McDaniel College,19,,,2248,Gettysburg,16,,,0.0
401445810,2022,10,False,33,Colby College,7,,,112,Tufts,35,,,
401438691,2022,10,False,2827,Rowan,27,,,2818,Montclair State,7,,,0.0
401435117,2022,10,False,2748,Wooster,14,,,2171,Denison University,28,,,
401432716,2022,10,False,2516,Randolph-Macon,52,,,366,Ferrum,10,,,0.0
401432959,2022,10,False,2364,Minnesota State Mankato,45,,,2587,Southwest Minnesota State,24,,,0.0
401438553,2022,10,False,548,Lagrange College,21,,,2896,Southern Virginia,35,,,
401444118,2022,10,False,2583,Southern Connecticut State,44,,,126086,Post University,7,,,0.0
401431065,2022,10,False,2702,Western New England,33,,,111675,Biddeford,0,,,0.0
401432338,2022,10,False,2019,Allen,21,,,490,Benedict College,54,,,
401432652,2022,10,False,203,Linfield College,65,,,2930,Willamette,0,,,0.0
401430973,2022,10,False,2964,Central College,61,,,67,Luther,13,,,0.0
401432776,2022,10,False,2686,Washington & Jefferson,31,,,146,Grove City College,14,,,0.0
401431185,2022,10,False,2800,Alma,30,,,2003,Adrian,10,,,0.0
401430985,2022,10,False,2685,Wartburg,81,,,2564,Simpson College (IA),9,,,0.0
401435129,2022,10,False,121,Bates,14,,,2977,Trinity (CT),63,,,
401432536,2022,10,False,2234,Franklin & Marshall,56,,,323,Moravian,7,,,0.0
401432108,2022,10,False,112335,Wheeling,19,,,2128,University Of Charleston (WV),22,,,
401431958,2022,10,False,2438,Nebraska-Kearney,20,,,2122,Central Oklahoma,18,,,0.0
401431549,2022,10,False,2273,Hillsdale,24,,,2392,Michigan Tech,28,,,
401431507,2022,10,False,2654,Truman State,52,,,2816,McKendree,7,,,0.0
401432635,2022,10,False,3112,Christopher Newport,24,,,2442,College Of New Jersey,21,,,0.0
401432789,2022,10,False,2614,Saint Vincent,53,,,2845,Waynesburg,16,,,0.0
401431205,2022,10,False,2651,Trine University,21,,,2812,Hope College,28,,,
401439538,2022,10,False,471,Stevenson,28,,,398,Wilkes,0,,,0.0
401418650,2022,10,False,2630,UT Martin,27,128.97,,338,Kennesaw State,44,22.69,,1.0
401431037,2022,10,False,2175,Dickinson (PA),13,,,118,Johns Hopkins University,35,,,
401431115,2022,10,False,390,Utica,65,,,365,Alfred University,16,,,0.0
401431565,2022,10,False,128,Northern Michigan,21,,,129,Saginaw Valley State,30,,,
401432420,2022,10,False,2817,Minnesota State Moorhead,21,,,3066,Concordia University St Paul,20,,,0.0
401432579,2022,10,False,2274,Hiram College,59,,,125974,Hilbert College,27,,,0.0
401433047,2022,10,False,2188,East Stroudsburg University,14,,,2974,Shepherd,37,,,
401430721,2022,10,False,2940,Livingstone,26,,,2304,Johnson C Smith,20,,,0.0
401432692,2022,10,False,359,Otterbein,7,,,427,Ohio Northern,42,,,
401439525,2022,10,False,190,Defiance College,24,,,2362,Manchester,21,,,0.0
401435183,2022,10,False,317,Marietta,50,,,424,Capital,14,,,0.0
401438677,2022,10,False,2733,Wilmington (OH),13,,,332,Muskingum University,27,,,
401425517,2022,10,False,2569,South Carolina State,24,35.03,,2169,Delaware State,27,,,
401431125,2022,10,False,2233,Franklin,20,,,2419,Mount St. Joseph,27,,,
401433406,2022,10,False,2074,Bluffton,27,,,2023,Anderson (IN),9,,,0.0
401432669,2022,10,False,191,Heidelberg,20,,,188,Baldwin Wallace,21,,,
401432678,2022,10,False,426,University of Mount Union,34,,,2302,John Carroll University,28,,,0.0
401431325,2022,10,False,2151,Concordia University Chicago,34,,,2283,Benedictine University,26,,,0.0
401432523,2022,10,False,2810,Hardin-Simmons,31,,,2045,Austin,3,,,0.0
401432739,2022,10,False,2079,Bridgewater (VA),13,,,2688,Washington and Lee,6,,,0.0
401432861,2022,10,False,2359,Macalester,54,,,375,St. Scholastica,35,,,0.0
401432894,2022,10,False,2740,Wisconsin-Lacrosse,24,,,2723,Wisconsin-River Falls,17,,,0.0
401433042,2022,10,False,611,Seton Hill,7,,,2385,Mercyhurst,0,,,0.0
401435215,2022,10,False,2743,Wisconsin-Stevens Pt,0,,,271,Wisconsin-Oshkosh,45,,,
401415648,2022,10,False,218,Temple,54,505.48,,58,South Florida,28,574.32,,0.0
401431272,2022,10,False,268,Lawrence University,0,,,80,Chicago,60,,,
401431013,2022,10,False,2194,East Texas Baptist University,17,,,2834,Sul Ross State,14,,,0.0
401421134,2022,10,False,2643,The Citadel,21,21.07,,236,Chattanooga,31,237.41,,
401413210,2022,10,False,2717,Western Carolina,36,35.6,,2747,Wofford,29,17.85,,
401420813,2022,10,False,233,South Dakota,20,51.92,,2623,Missouri State,13,251.03,,0.0
401426366,2022,10,False,295,Old Dominion,0,438.06,2.512662337662338,276,Marshall,12,455.3,2.670734126984127,
401433085,2022,10,False,2123,Chadron St,37,,,11,Colorado Mesa,38,,,
401433138,2022,10,False,351,Wingate,15,,,2444,Newberry,24,,,
401431286,2022,10,False,2155,Cornell College (IA),27,,,255,Knox College,31,,,
401430958,2022,10,True,6845,Nebraska Wesleyan,14,,,2141,Coe College,34,,,
401432541,2022,10,False,74,Millikin,18,,,32,Carroll University (WI),26,,,
401432902,2022,10,False,2744,Wisconsin-Stout,7,,,2745,Wisconsin-Whitewater,16,,,
401432566,2022,10,False,409,Concordia-Wisconsin,45,,,2741,Wisconsin-Lutheran,21,,,0.0
401432330,2022,10,True,2013,Albany State GA,21,,,2232,Fort Valley State,31,,,
401430966,2022,10,False,263,Loras College,20,,,49,Dubuque,27,,,
401428194,2022,10,False,2803,Bryant,43,14.59,,2097,Campbell,37,124.16,,0.0
401420804,2022,10,False,2428,North Carolina Central,50,51.95,,47,Howard,21,,,0.0
401421114,2022,10,False,2674,Valparaiso,7,11.85,,2900,St. Thomas (MN),34,,,
401424400,2022,10,False,2210,Elon,27,64.96,,399,UAlbany,3,92.55,,0.0
401431092,2022,10,False,306,Illinois Wesleyan,3,,,3071,North Central College,68,,,
401431106,2022,10,False,143,Washington University (St. Louis),35,,,396,Wheaton,42,,,
401431254,2022,10,False,124,Augsburg,27,,,2802,Bethel (MN),30,,,
401431263,2022,10,False,266,Beloit,3,,,262,Lake Forest College,36,,,
401441940,2022,10,False,2781,Brockport,17,,,3110,SUNY Morrisville,3,,,0.0
401424445,2022,10,False,119,Towson,27,178.36,,222,Villanova,3,15.94,,
401436996,2022,10,False,133,St. Olaf,37,,,2968,Gustavus Adolphus,49,,,
401420838,2022,10,False,2710,Western Illinois,17,91.95,,2449,North Dakota State,56,25.18,,1.0
401431281,2022,10,False,2919,Monmouth (IL),39,,,2891,Ripon,31,,,0.0
401431239,2022,10,False,2152,Concordia Moorhead,59,,,162,Hamline University,0,,,0.0
401431084,2022,10,False,75,North Park,23,,,72,Elmhurst,20,,,0.0
401435208,2022,10,False,272,Wisconsin-Platteville,38,,,2738,Wisconsin-Eau Claire,14,,,0.0
401431135,2022,10,False,2262,Hanover College,17,,,86,Rose-Hulman,47,,,
401431316,2022,10,False,2044,Aurora,68,,,6353,Lakeland,0,,,0.0
401431021,2022,10,False,2588,Southwestern University,17,,,2639,Texas Lutheran,21,,,
401432855,2022,10,False,509,Crown College,14,,,583,Northwestern (MN),39,,,
401432808,2022,10,False,3,Birmingham-Southern,42,,,2121,Centre College Kentucky,21,,,0.0
401431075,2022,10,False,2042,Augustana (IL),30,,,2106,Carthage,37,,,
401431523,2022,10,False,2586,Southwest Baptist,42,,,2825,Quincy,24,,,0.0
401431497,2022,10,False,2911,William Jewell,14,,,2292,Indianapolis,48,,,
401432410,2022,10,False,2043,Augustana University (SD),24,,,134,Minnesota Duluth,34,,,
401433097,2022,10,False,2424,New Mexico Highlands,16,,,2146,Colorado School Of Mines,54,,,
401432964,2022,10,False,2894,Sioux Falls,24,,,2844,Wayne State (NE),31,,,
401432985,2022,10,False,2071,Bloomsburg,17,,,210,Millersville,25,,,
401433122,2022,10,False,2107,Catawba,10,,,2331,Lenoir-Rhyne,62,,,
401432351,2022,10,False,60,Morehouse College,20,,,2805,Clark Atlanta,17,,,0.0
401432098,2022,10,False,2148,Concord University,50,,,2017,Alderson-Broaddus,13,,,0.0
401431934,2022,10,False,2231,Fort Hays State,27,,,196,Northeastern State,14,,,0.0
401431924,2022,10,False,2118,Central Missouri,40,,,137,Missouri Western,37,,,0.0
401431974,2022,10,False,2687,Washburn,23,,,90,Pittsburg St,37,,,
401432362,2022,10,False,2657,Tuskegee,26,,,2396,Miles College,23,,,0.0
401433004,2022,10,False,2291,Indiana-Pennsylvania,45,,,2134,Clarion,0,,,0.0
401439516,2022,10,False,2206,Edward Waters,71,,,124110,UFTL,6,,,0.0
401433107,2022,10,False,2237,Fort Lewis,14,,,2714,Western Colorado,55,,,
401435102,2022,10,False,2600,Saint John's (MN),45,,,2101,Carleton,16,,,0.0
401431004,2022,10,False,2758,Howard Payne,24,,,2371,Mary Hardin-Baylor,27,,,
401432401,2022,10,False,132,Bemidji State,24,,,425,Northern State,14,,,0.0
401432801,2022,10,False,2553,Sewanee,14,,,2757,Berry College,63,,,
401431951,2022,10,False,138,Northwest Missouri St,27,,,2403,Missouri Southern State,5,,,0.0
401428479,2022,10,False,2635,Tennessee Tech,35,43.6,,2815,Lindenwood,34,,,0.0
401426600,2022,10,False,2348,Louisiana Tech,40,473.76,,2393,Middle Tennessee,24,425.43,,
401413241,2022,10,False,70,Idaho,48,82.22,,331,Eastern Washington,16,73.36,,
401426369,2022,10,False,2572,Southern Miss,14,478.97,2.071309523809524,2247,Georgia State,42,471.84,2.9684294871794874,1.0
401424945,2022,10,False,2755,Grambling,36,221.26,,2029,Arkansas-Pine Bluff,10,20.54,,
401425457,2022,10,False,2692,Weber State,30,53.15,,16,Sacramento State,33,96.08,,
401404104,2022,10,False,201,Oklahoma,35,870.34,1.8228014409832591,239,Baylor,38,666.05,,1.0
401462226,2022,10,False,2916,Incarnate Word,73,40.89,3.9404761904761902,2277,Houston Christian,20,5.41,,
401462227,2022,10,False,2837,East Texas A&M,14,,,2466,Northwestern State,41,134.66,,
401430747,2022,10,False,2191,East Central (OK),16,,,2028,Arkansas-Monticello,0,,,0.0
401431859,2022,10,False,2695,West Alabama,38,,,2401,Mississippi College,16,,,0.0
401422971,2022,10,False,2535,Samford,34,100.34,,2678,VMI,15,,,0.0
401433068,2022,10,False,2001,Adams State,7,,,2069,Black Hills State,38,,,
401431943,2022,10,False,2876,Lincoln (MO),24,,,2214,Emporia State University,35,,,
401418835,2022,10,False,2287,Illinois State,17,92.75,,2754,Youngstown State,19,94.39,,
401431483,2022,10,False,2568,Southern Arkansas,44,,,200,Southern Nazarene,49,,,
401431477,2022,10,False,199,Southeastern Oklahoma State,18,,,2888,Ouachita Baptist,40,,,
401431987,2022,10,False,2224,Findlay,20,,,2682,Walsh,7,,,0.0
401431456,2022,10,False,2927,Southwestern Oklahoma State,29,,,2264,Harding University,37,,,
401431540,2022,10,False,125,Grand Valley State University,42,,,131,Wayne State (MI),14,,,0.0
401431831,2022,10,False,2170,Delta State,42,,,2698,West Georgia,52,,,
401431463,2022,10,False,2271,Henderson State,51,,,319,Oklahoma Baptist,24,,,0.0
401438601,2022,10,False,2105,Carson-Newman College,38,,,2842,UVA Wise,22,,,0.0
401432441,2022,10,False,568,Minot State,17,,,559,University of Mary,10,,,0.0
401403933,2022,10,False,61,Georgia,27,989.76,0.3255883005883005,2633,Tennessee,13,764.8,0.7337301587301588,
401404030,2022,10,False,38,Colorado,10,616.28,,2483,Oregon,49,877.93,0.909687786960514,
401411155,2022,10,False,221,Pittsburgh,19,654.56,2.489126559714795,183,Syracuse,9,590.36,3.778409090909091,
401405127,2022,10,False,356,Illinois,15,631.46,0.4672176308539945,127,Michigan State,23,693.91,3.214285714285714,
401424444,2022,10,False,257,Richmond,40,55.5,,160,New Hampshire,34,24.6,,
401404105,2022,10,False,66,Iowa State,31,590.43,0.4739427239427239,277,West Virginia,14,662.57,0.5233134920634921,0.0
401426602,2022,10,False,5,UAB,38,443.8,1.237777777777778,2636,UTSA,44,515.76,2.2285714285714286,
401404032,2022,10,False,24,Stanford,14,757.81,0.7436868686868686,265,Washington State,52,570.94,0.9512385762385764,1.0
401404106,2022,10,False,2305,Kansas,37,574.29,1.1422064777327936,197,Oklahoma State,16,670.53,0.7572489008303818,0.0
401415252,2022,10,False,328,Utah State,27,371.37,1.4166666666666667,167,New Mexico,10,312.79,3.906837606837607,
401415651,2022,10,False,235,Memphis,28,533.26,1.0242424242424242,2116,UCF,35,636.16,1.12534435261708,
401405132,2022,10,False,84,Indiana,14,680.74,1.5659681227863047,213,Penn State,45,830.44,,
401421100,2022,10,False,301,San Diego,23,43.29,,2086,Butler,26,,,
401423454,2022,10,False,2065,Bethune-Cookman,22,205.68,,2011,Alabama State,37,208.22,,
401413345,2022,10,False,2464,Northern Arizona,38,47.14,,147,Montana State,41,98.27,,
401403932,2022,10,False,8,Arkansas,19,741.06,0.6238636363636363,2335,Liberty,21,161.88,2.246060606060606,1.0
401415650,2022,10,False,2132,Cincinnati,20,650.89,2.501682692307692,2426,Navy,10,0.0,,
401426599,2022,10,False,249,North Texas,52,504.97,6.388888888888889,2229,Florida International,14,459.71,,
401435179,2022,10,False,2508,Puget Sound,10,,,2486,Pacific Lutheran,35,,,
401431874,2022,10,False,101784,ERSKINE,0,,,2213,Emory & Henry College,32,,,
401433102,2022,10,False,2570,CSU Pueblo,45,,,613,South Dakota Mines,20,,,0.0
401431577,2022,10,False,437,Lake Erie,23,,,308,Ashland,31,,,
401432661,2022,10,False,205,Pacific (OR),17,,,2721,Whitworth,28,,,
401423160,2022,10,False,2413,Morehead State,21,4.96,,2368,Marist,31,,,
401426365,2022,10,False,290,Georgia Southern,31,414.14,0.574793956043956,6,South Alabama,38,466.34,1.1366666666666667,
401430714,2022,10,False,2736,Winston-Salem,6,,,2220,Fayetteville State,14,,,
401462228,2022,10,False,2320,Lamar,31,23.88,,2545,SE Louisiana,47,166.75,,
401432829,2022,10,False,17,Claremont-Mudd-Scripps College,42,,,29,Redlands,0,,,0.0
401431608,2022,10,False,2848,Western Oregon,32,,,2829,Simon Fraser,7,,,0.0
401418642,2022,10,False,2198,Eastern Kentucky,42,224.82,,2110,Central Arkansas,14,82.3,,
401420835,2022,10,False,2460,Northern Iowa,28,185.49,,2571,South Dakota State,31,5.97,,1.0
401431590,2022,10,False,2316,Kentucky Wesleyan,13,,,2838,Tiffin,72,,,
401430737,2022,10,False,2823,Northwestern Oklahoma State,20,,,2033,Arkansas Tech,45,,,
401441337,2022,10,False,2542,Savannah St,44,,,2323,Lane College,38,,,0.0
401418635,2022,10,False,2453,North Alabama,35,107.8,,2046,Austin Peay,38,121.11,,
401426367,2022,10,False,309,Louisiana,17,458.15,4.193333333333333,2653,Troy,23,464.3,2.5310763888888888,
401415181,2022,10,False,2502,Portland State,35,110.5,,2458,Northern Colorado,21,227.83,,0.0
401426368,2022,10,False,2433,UL Monroe,31,348.53,,326,Texas State,30,464.66,,0.0
401439560,2022,10,False,291,Methodist,48,,,2256,Greensboro College,23,,,0.0
401425426,2022,10,False,2634,Tennessee State,0,194.56,,2546,Southeast Missouri State,42,26.12,,1.0
401432140,2022,10,False,2699,West Liberty,32,,,2707,West Virginia State,42,,,
401423951,2022,10,False,50,Florida A&M,30,223.82,,2582,Southern,16,178.64,,
401415652,2022,10,False,2567,SMU,77,598.49,,248,Houston,63,629.12,0.4473339160839161,0.0
401432816,2022,10,True,418,Hendrix College,6,,,2519,Rhodes College,0,,,0.0
401431910,2022,10,False,110243,UT Permian Basin,37,,,2703,Western New Mexico,14,,,0.0
401431914,2022,10,False,2704,West Texas A&M,21,,,2201,Eastern New Mexico,24,,,
401403934,2022,10,False,99,LSU,32,872.61,0.7972622863247864,333,Alabama,31,1016.79,0.9163607226107224,0.0
401431599,2022,10,False,2025,Angelo State,22,,,2120,Central Washington,12,,,0.0
401413263,2022,10,False,302,UC Davis,43,103.7,,304,Idaho State,3,37.08,,
401431853,2022,10,False,2673,Valdosta State,31,,,110242,West Florida,32,,,
401423923,2022,10,False,2640,Texas Southern,14,54.59,,2296,Jackson State,41,590.92,11.275,
401415254,2022,10,False,21,San Diego State,14,372.29,3.430394167236273,2439,UNLV,10,368.29,1.539177489177489,
401404107,2022,10,False,2306,Kansas State,27,584.68,1.395028011204482,251,Texas,34,887.45,1.4521464646464646,
401415250,2022,10,False,68,Boise State,28,533.92,2.3264957264957267,252,BYU,31,415.19,,1.0
401403935,2022,10,False,344,Mississippi State,39,725.55,1.7977002164502165,2,Auburn,33,783.87,0.8044200244200244,0.0
401411153,2022,10,False,2390,Miami,3,854.72,3.992261904761905,52,Florida State,45,780.76,1.144642857142857,1.0
401411152,2022,10,False,97,Louisville,34,625.42,0.5642765567765567,256,James Madison,10,104.24,8.083333333333332,
401403938,2022,10,False,238,Vanderbilt,27,629.76,,2579,South Carolina,38,762.63,0.673120818575364,
401404027,2022,10,False,254,Utah,45,705.12,2.9010404368358915,12,Arizona,20,652.06,1.8991071428571429,
401404130,2022,10,False,87,Notre Dame,35,866.48,,228,Clemson,14,943.0,3.0264484126984126,0.0
401405133,2022,10,False,164,Rutgers,17,631.47,1.1544578134284016,130,Michigan,52,847.24,2.4670974858474857,
401432644,2022,10,False,415,NEWBERG,41,,,2333,Lewis & Clark College,20,,,0.0
401431899,2022,10,False,2658,Texas A&M-Kingsville,37,,,2395,Midwestern State,41,,,
401418807,2022,10,False,2377,McNeese,29,155.54,,2197,Eastern Illinois,15,55.8,,
401462519,2022,10,False,2627,Tarleton State,23,,,2000,Abilene Christian,28,260.16,,
401411154,2022,10,False,152,NC State,30,686.19,0.2326664462081128,154,Wake Forest,21,575.42,,
401413232,2022,10,False,149,Montana,57,110.64,,13,Cal Poly,0,55.91,,
401473448,2022,10,False,3101,Utah Tech,48,,,253,Southern Utah,36,52.58,,0.0
401439553,2022,10,False,411,Chapman,65,,,2094,California Lutheran University,26,,,0.0
401439558,2022,10,False,2923,Pomona Pitzer,43,,,2850,Whittier,12,,,0.0
401415251,2022,10,False,23,San José State,28,417.95,,36,Colorado State,16,431.38,7.046783625730994,0.0
401404028,2022,10,False,9,Arizona State,36,670.18,,26,UCLA,50,733.3,5.077777777777778,
401415253,2022,10,False,278,Fresno State,55,502.26,2.7113202614379084,62,Hawai'i,13,419.54,,
401404029,2022,10,False,30,USC,41,860.12,,25,California,35,653.31,1.1062748015873016,
401416637,2022,11,False,2006,Akron,28,456.15,6.237261904761905,2199,Eastern Michigan,34,404.1,,1.0
401416638,2022,11,False,193,Miami (OH),21,397.26,,195,Ohio,37,365.74,,1.0
401416636,2022,11,False,2649,Toledo,28,498.98,,2050,Ball State,21,345.29,2.4847282347282347,
401416641,2022,11,False,189,Bowling Green,6,415.08,0.5232993197278911,2309,Kent State,40,386.94,0.3833333333333333,1.0
401416640,2022,11,False,2117,Central Michigan,31,384.48,,2084,Buffalo,27,370.96,4.211111111111111,
401416639,2022,11,False,2711,Western Michigan,21,449.89,,2459,Northern Illinois,24,409.86,,1.0
401426370,2022,11,False,309,Louisiana,36,458.15,4.193333333333333,290,Georgia Southern,17,414.14,0.574793956043956,
401415653,2022,11,False,235,Memphis,26,533.26,1.0242424242424242,202,Tulsa,10,485.87,,
401450200,2022,11,False,2442,College Of New Jersey,10,,,2871,Kean,17,,,
401431066,2022,11,False,2827,Rowan,38,,,111675,Biddeford,20,,,0.0
401415654,2022,11,False,2132,Cincinnati,27,650.89,2.501682692307692,151,East Carolina,25,494.82,6.346934315684316,
401425458,2022,11,False,2502,Portland State,17,110.5,,16,Sacramento State,45,96.08,,1.0
401404033,2022,11,False,30,USC,55,860.12,,38,Colorado,17,616.28,,
401415259,2022,11,False,2439,UNLV,30,368.29,1.539177489177489,278,Fresno State,37,502.26,2.7113202614379084,
401403942,2022,11,False,96,Kentucky,21,737.33,4.5447366359131065,238,Vanderbilt,24,629.76,,1.0
401404156,2022,11,False,41,UConn,36,239.17,,2335,Liberty,33,161.88,2.246060606060606,
401445806,2022,11,False,348,Hamilton,14,,,121,Bates,19,,,
401456159,2022,11,False,2967,Framingham State,21,,,402,Worcester St,16,,,0.0
401443323,2022,11,False,107,Holy Cross,36,,,2803,Bryant,29,14.59,,0.0
401439545,2022,11,False,2749,Worcester Polytechnic Institute,14,,,109,MIT,21,,,
401431049,2022,11,False,2884,Nichols College,49,,,40,Curry College,28,,,0.0
401431159,2022,11,False,2969,Misericordia,21,,,2354,Lycoming,14,,,0.0
401432887,2022,11,False,2256,Greensboro College,14,,,286,North Carolina Wesleyan,35,,,
401403939,2022,11,False,8,Arkansas,10,741.06,0.6238636363636363,99,LSU,13,872.61,0.7972622863247864,
401415194,2022,11,False,225,Brown,24,,,171,Columbia,31,,,
401411163,2022,11,False,258,Virginia,7,625.94,2.1954545454545453,221,Pittsburgh,37,654.56,2.489126559714795,
401411159,2022,11,False,150,Duke,24,603.98,,259,Virginia Tech,7,640.85,1.653345139708776,0.0
401405139,2022,11,False,194,Ohio State,56,983.14,0.7855113636363636,84,Indiana,14,680.74,1.5659681227863047,
401405138,2022,11,False,127,Michigan State,27,693.91,3.214285714285714,164,Rutgers,21,631.47,1.1544578134284016,
401404131,2022,11,True,2426,Navy,32,0.0,,87,Notre Dame,35,866.48,,
401403945,2022,11,False,2633,Tennessee,66,764.8,0.7337301587301588,142,Missouri,24,715.36,0.5458333333333333,
401404112,2022,11,False,277,West Virginia,23,662.57,0.5233134920634921,201,Oklahoma,20,870.34,1.8228014409832591,0.0
401405134,2022,11,False,356,Illinois,24,631.46,0.4672176308539945,2509,Purdue,31,646.08,0.5061126373626375,
401431038,2022,11,False,118,Johns Hopkins University,44,,,2700,McDaniel College,7,,,0.0
401431402,2022,11,False,43,Yale,24,24.05,,163,Princeton,20,16.08,,
401431058,2022,11,False,2776,Salve Regina,24,,,2280,Husson,10,,,0.0
401423003,2022,11,False,2329,Lehigh,36,11.72,,2142,Colgate,33,14.43,,0.0
401415656,2022,11,False,58,South Florida,23,574.32,,2567,SMU,41,598.49,,
401432537,2022,11,False,323,Moravian,10,,,2422,Muhlenberg,37,,,
401425429,2022,11,False,2115,Central Connecticut,14,11.33,,2771,Merrimack,20,,,
401444603,2022,11,False,2731,Williams,20,,,7,Amherst,10,,,0.0
401433404,2022,11,False,2528,Rensselaer,23,,,237,Union (NY),13,,,0.0
401432559,2022,11,True,175,Ithaca College,34,,,2782,Cortland,17,,,0.0
401435130,2022,11,False,2977,Trinity (CT),31,,,336,Wesleyan University (CT),14,,,0.0
401423423,2022,11,False,2681,Wagner,28,39.77,,2529,Sacred Heart,38,,,
401424446,2022,11,False,399,UAlbany,23,92.55,,311,Maine,21,54.69,,
401421110,2022,11,False,2368,Marist,24,,,2674,Valparaiso,45,11.85,,
401423431,2022,11,False,2598,St. Francis (PA),51,16.89,,2184,Duquesne,14,94.04,,0.0
401433052,2022,11,False,367,Gannon,28,,,2559,Shippensburg,35,,,
401437207,2022,11,False,2951,SUNY Maritime,21,,,3162,Alfred State,48,,,
401432109,2022,11,False,2128,University Of Charleston (WV),35,,,2707,West Virginia State,42,,,
401432707,2022,11,False,2336,Limestone,45,,,2213,Emory & Henry College,27,,,0.0
401432997,2022,11,False,2858,PennWest California,31,,,2188,East Stroudsburg University,7,,,0.0
401431541,2022,11,False,110254,Davenport,7,,,125,Grand Valley State University,49,,,
401431820,2022,11,False,437,Lake Erie,11,,,128,Northern Michigan,33,,,
401431824,2022,11,False,2838,Tiffin,25,,,2224,Findlay,27,,,
401433029,2022,11,False,2205,Edinboro University,26,,,209,Lock Haven University,13,,,0.0
401433036,2022,11,False,611,Seton Hill,10,,,210,Millersville,14,,,
401433005,2022,11,False,2134,Clarion,27,,,223,West Chester,36,,,
401433048,2022,11,False,2385,Mercyhurst,13,,,2974,Shepherd,16,,,
401437192,2022,11,False,2583,Southern Connecticut State,14,,,2441,New Haven,54,,,
401444124,2022,11,False,398,Wilkes,58,,,247,Kings College (PA),42,,,0.0
401435139,2022,11,False,2108,Catholic,21,,,81,Springfield,35,,,
401441950,2022,11,False,110438,Dean College,44,,,122774,Keystone,45,,,
401431177,2022,11,False,2972,Plymouth State,21,,,379,UMass Dartmouth,46,,,
401438656,2022,11,False,2909,Westfield State,50,,,114,Fitchburg State,0,,,0.0
401435147,2022,11,False,2383,Merchant Marine Academy,41,,,2557,Coast Guard,33,,,0.0
401432679,2022,11,False,2302,John Carroll University,62,,,359,Otterbein,7,,,0.0
401455580,2022,11,False,2487,Pace,10,,,2060,Bentley,18,,,
401438648,2022,11,False,388,Lebanon Valley,41,,,2015,Albright,24,,,0.0
401432391,2022,11,False,2022,American International,20,,,2830,St. Anselm,27,,,
401431169,2022,11,False,18,Bridgewater State,10,,,110,Mass Maritime,0,,,0.0
401428200,2022,11,False,2448,North Carolina A&T,20,142.63,,2127,Charleston Southern,10,28.1,,
401503090,2022,11,False,2822,North Greenville,36,,,2698,West Georgia,43,,,
401422985,2022,11,False,46,Georgetown,21,,,2083,Bucknell,24,,,
401450191,2022,11,False,112,Tufts,65,,,2394,Middlebury,34,,,0.0
401426372,2022,11,False,2247,Georgia State,28,471.84,2.9684294871794874,2433,UL Monroe,31,348.53,,1.0
401423416,2022,11,False,2900,St. Thomas (MN),23,,,56,Stetson,0,,,0.0
401431264,2022,11,False,2286,Illinois College,65,,,266,Beloit,13,,,0.0
401432843,2022,11,False,433,Westminster College (MO),22,,,509,Crown College,26,,,
401423161,2022,11,False,2168,Dayton,49,,,2413,Morehead State,27,4.96,,0.0
401431116,2022,11,False,365,Alfred University,7,,,2781,Brockport,16,,,
401438674,2022,11,False,2258,Guilford College,22,,,2079,Bridgewater (VA),64,,,
401430974,2022,11,False,67,Luther,35,,,6845,Nebraska Wesleyan,28,,,0.0
401431297,2022,11,False,255,Knox College,0,,,2919,Monmouth (IL),56,,,
401422977,2022,11,False,2193,East Tennessee State,17,74.98,,2717,Western Carolina,20,35.6,,1.0
401424449,2022,11,False,2619,Stony Brook,17,69.58,,119,Towson,21,178.36,,
401424401,2022,11,False,2261,Hampton,24,69.24,,2210,Elon,38,64.96,,1.0
401424392,2022,11,False,2729,William & Mary,45,10.64,,222,Villanova,12,15.94,,0.0
401432785,2022,11,False,2845,Waynesburg,0,,,2686,Washington & Jefferson,56,,,
401445174,2022,11,False,2725,Widener,7,,,2808,Delaware Valley,34,,,
401426374,2022,11,False,295,Old Dominion,3,438.06,2.512662337662338,256,James Madison,37,104.24,8.083333333333332,1.0
401418601,2022,11,False,219,Pennsylvania,14,,,108,Harvard,37,,,
401461021,2022,11,False,2614,Saint Vincent,36,,,2062,Bethany (WV),7,,,0.0
401445768,2022,11,False,3110,SUNY Morrisville,38,,,173,Hartwick,12,,,0.0
401441935,2022,11,False,216,Susquehanna,66,,,246,Juniata College,15,,,0.0
401432627,2022,11,False,83,Depauw,49,,,89,Wabash College,14,,,0.0
401432580,2022,11,False,2980,Ohio Wesleyan,47,,,2274,Hiram College,21,,,0.0
401424448,2022,11,False,160,New Hampshire,31,24.6,,227,Rhode Island,28,158.52,,0.0
401432777,2022,11,False,146,Grove City College,66,,,2644,Thiel,6,,,0.0
401418636,2022,11,False,338,Kennesaw State,14,22.69,,2046,Austin Peay,31,121.11,,
401432126,2022,11,False,2699,West Liberty,23,,,341,Frostburg State,28,,,
401431570,2022,11,False,131,Wayne State (MI),14,,,2222,Ferris State,40,,,
401431560,2022,11,False,2886,Northwood (MI),34,,,2682,Walsh,14,,,0.0
401424447,2022,11,False,48,Delaware,13,39.14,,257,Richmond,21,55.5,,
401433021,2022,11,False,215,Slippery Rock,21,,,2315,Kutztown University,23,,,
401431550,2022,11,False,129,Saginaw Valley State,35,,,2392,Michigan Tech,30,,,0.0
401431210,2022,11,False,126,Kalamazoo,19,,,2651,Trine University,42,,,
401432615,2022,11,False,391,Oberlin,13,,,2748,Wooster,56,,,
401431310,2022,11,False,2832,St. Norbert,54,,,2151,Concordia University Chicago,0,,,0.0
401435194,2022,11,False,2399,Minnesota Morris,25,,,2257,Greenville,43,,,
401432879,2022,11,False,2896,Southern Virginia,27,,,2913,Brevard College,41,,,
401432542,2022,11,False,32,Carroll University (WI),7,,,143,Washington University (St. Louis),37,,,
401432733,2022,11,False,2688,Washington and Lee,14,,,2828,Shenandoah,16,,,
401431186,2022,11,False,2003,Adrian,28,,,354,Olivet College,0,,,0.0
401430995,2022,11,False,2056,Belhaven,22,,,2373,Maryville College (TN),25,,,
401435091,2022,11,False,374,St John Fisher University,21,,,390,Utica,35,,,
401432717,2022,11,False,366,Ferrum,20,,,2047,Averett,24,,,
401432428,2022,11,False,3066,Concordia University St Paul,19,,,568,Minot State,11,,,0.0
401438641,2022,11,False,111674,Reading,7,,,2221,FDU-Florham,31,,,
401431193,2022,11,False,2800,Alma,34,,,2790,Albion,31,,,0.0
401437004,2022,11,False,2248,Gettysburg,14,,,2234,Franklin & Marshall,31,,,
401432419,2022,11,False,2844,Wayne State (NE),10,,,2817,Minnesota State Moorhead,7,,,0.0
401430950,2022,11,False,2564,Simpson College (IA),21,,,63,Buena Vista,26,,,
401420819,2022,11,False,155,North Dakota,28,,,233,South Dakota,19,51.92,,0.0
401435058,2022,11,False,2444,Newberry,27,,,2369,Mars Hill,24,,,0.0
401438602,2022,11,False,2107,Catawba,23,,,2105,Carson-Newman College,61,,,
401433123,2022,11,False,2331,Lenoir-Rhyne,34,,,2839,Greeneville,14,,,0.0
401441886,2022,11,False,455,West Virginia Wesleyan,14,,,2249,Glenville State,27,,,
401432099,2022,11,False,2017,Alderson-Broaddus,3,,,587,Notre Dame College,27,,,
401432771,2022,11,False,2242,Geneva,0,,,2849,Westminster (PA),49,,,
401432960,2022,11,False,2364,Minnesota State Mankato,40,,,2851,Winona State,13,,,0.0
401432965,2022,11,False,389,Upper Iowa University,6,,,2894,Sioux Falls,50,,,
401446236,2022,11,False,2667,Ursinus,38,,,2175,Dickinson (PA),14,,,0.0
401422994,2022,11,False,2230,Fordham,45,32.71,,322,Lafayette,10,22.41,,
401415411,2022,11,False,172,Cornell,17,,,159,Dartmouth,13,,,0.0
401435121,2022,11,False,2746,Wittenberg,56,,,125974,Hilbert College,8,,,0.0
401431584,2022,11,False,2477,Ohio Dominican,20,,,2273,Hillsdale,10,,,0.0
401445171,2022,11,False,2779,St. Lawrence,31,,,2085,Buffalo State,7,,,0.0
401431287,2022,11,False,2155,Cornell College (IA),45,,,65,Grinnell,6,,,0.0
401432809,2022,11,False,2121,Centre College Kentucky,57,,,2398,Millsaps,3,,,0.0
401435098,2022,11,False,174,Hobart College,27,,,184,University of Rochester (NY),7,,,0.0
401432588,2022,11,False,2171,Denison University,49,,,352,Kenyon,12,,,0.0
401431273,2022,11,False,2891,Ripon,82,,,268,Lawrence University,0,,,0.0
401441992,2022,11,False,2341,Long Island University,34,,,284,Stonehill,28,,,0.0
401428195,2022,11,False,2097,Campbell,35,124.16,,2241,Gardner-Webb,42,19.68,,1.0
401431578,2022,11,False,308,Ashland,41,,,2316,Kentucky Wesleyan,10,,,0.0
401426254,2022,11,False,47,Howard,28,,,2569,South Carolina State,14,35.03,,0.0
401441267,2022,11,False,2818,Montclair State,14,,,2970,William Paterson,17,,,
401445924,2022,11,False,2702,Western New England,21,,,452,Endicott College,26,,,
401418790,2022,11,False,2534,Sam Houston,28,200.06,,2000,Abilene Christian,45,260.16,,
401432822,2022,11,False,386,Trinity University TX,38,,,2553,Sewanee,0,,,0.0
401432725,2022,11,False,297,Hampden-Sydney,17,,,2516,Randolph-Macon,38,,,
401433407,2022,11,False,2074,Bluffton,14,,,190,Defiance College,17,,,
401439526,2022,11,False,2023,Anderson (IN),19,,,2362,Manchester,12,,,0.0
401432670,2022,11,False,188,Baldwin Wallace,21,,,426,University of Mount Union,23,,,
401435184,2022,11,False,424,Capital,30,,,191,Heidelberg,44,,,
401435187,2022,11,False,332,Muskingum University,23,,,317,Marietta,38,,,
401421135,2022,11,False,236,Chattanooga,24,237.41,,2535,Samford,35,100.34,,1.0
401431126,2022,11,False,2233,Franklin,3,,,2262,Hanover College,24,,,
401413211,2022,11,False,2747,Wofford,34,17.85,,2678,VMI,16,,,0.0
401431142,2022,11,False,2419,Mount St. Joseph,40,,,86,Rose-Hulman,31,,,0.0
401433139,2022,11,False,351,Wingate,45,,,2842,UVA Wise,7,,,0.0
401431076,2022,11,False,2106,Carthage,6,,,74,Millikin,17,,,
401431317,2022,11,False,2044,Aurora,42,,,409,Concordia-Wisconsin,0,,,0.0
401413222,2022,11,False,55,Jacksonville State,42,229.74,,2198,Eastern Kentucky,17,224.82,,
401415174,2022,11,False,2458,Northern Colorado,21,227.83,,2464,Northern Arizona,20,47.14,,
401426607,2022,11,False,98,Western Kentucky,45,495.64,5.409090909090909,242,Rice,10,441.93,,
401430959,2022,11,False,2141,Coe College,14,,,2685,Wartburg,19,,,
401409241,2022,11,False,166,New Mexico State,51,189.37,,2320,Lamar,14,23.88,,
401431085,2022,11,False,72,Elmhurst,17,,,306,Illinois Wesleyan,21,,,
401491900,2022,11,False,490,Benedict College,58,,,2657,Tuskegee,21,,,0.0
401431498,2022,11,False,2292,Indianapolis,28,,,2654,Truman State,14,,,0.0
401418843,2022,11,False,2710,Western Illinois,0,91.95,,282,Indiana State,21,70.29,,1.0
401421144,2022,11,False,2643,The Citadel,66,21.07,,2355,Virginia University Of Lynchburg,0,,,0.0
401435216,2022,11,False,2745,Wisconsin-Whitewater,79,,,2743,Wisconsin-Stevens Pt,10,,,0.0
401431944,2022,11,False,137,Missouri Western,41,,,2876,Lincoln (MO),0,,,0.0
401439517,2022,11,False,2194,East Texas Baptist University,43,,,123086,North American University,6,,,0.0
401428473,2022,11,False,93,Murray State,27,56.27,,2523,Robert Morris,9,21.85,,
401435113,2022,11,False,6353,Lakeland,70,,,2524,Rockford,21,,,0.0
401432903,2022,11,False,2723,Wisconsin-River Falls,35,,,2744,Wisconsin-Stout,34,,,0.0
401432895,2022,11,False,2740,Wisconsin-Lacrosse,31,,,272,Wisconsin-Platteville,10,,,0.0
401420786,2022,11,False,2169,Delaware State,7,,,2415,Morgan State,37,28.0,,
401431100,2022,11,False,396,Wheaton,54,,,75,North Park,14,,,0.0
401423142,2022,11,False,2181,Drake,27,,,2086,Butler,24,,,0.0
401431005,2022,11,False,2045,Austin,20,,,2758,Howard Payne,23,,,
401431014,2022,11,False,2834,Sul Ross State,44,,,2588,Southwestern University,41,,,0.0
401435347,2022,11,False,2738,Wisconsin-Eau Claire,0,,,271,Wisconsin-Oshkosh,61,,,
401431028,2022,11,False,2639,Texas Lutheran,16,,,2810,Hardin-Simmons,45,,,
401432570,2022,11,False,2283,Benedictine University,49,,,2741,Wisconsin-Lutheran,35,,,0.0
401432856,2022,11,False,583,Northwestern (MN),31,,,446,Martin Luther,9,,,0.0
401435200,2022,11,False,2938,Huntingdon College (AL),55,,,548,Lagrange College,7,,,0.0
401433079,2022,11,False,2069,Black Hills State,0,,,2570,CSU Pueblo,38,,,
401431970,2022,11,False,2214,Emporia State University,21,,,138,Northwest Missouri St,27,,,
401431875,2022,11,False,122666,Wilson,51,,,101784,ERSKINE,22,,,0.0
401431893,2022,11,False,2395,Midwestern State,19,,,2025,Angelo State,37,,,
401431515,2022,11,False,2402,Missouri S&T,17,,,2586,Southwest Baptist,24,,,
401438628,2022,11,False,15,Anna Maria College,27,,,293,Castleton,26,,,0.0
401433086,2022,11,False,613,South Dakota Mines,28,,,2123,Chadron St,7,,,0.0
401431524,2022,11,False,2825,Quincy,7,,,2911,William Jewell,17,,,
401432411,2022,11,False,425,Northern State,7,,,134,Minnesota Duluth,28,,,
401432955,2022,11,False,2587,Southwest Minnesota State,0,,,2043,Augustana University (SD),49,,,
401433098,2022,11,False,2146,Colorado School Of Mines,80,,,2237,Fort Lewis,0,,,0.0
401431508,2022,11,False,2815,Lindenwood,63,,,2816,McKendree,35,,,0.0
401438623,2022,11,False,2519,Rhodes College,20,,,3,Birmingham-Southern,3,,,0.0
401420795,2022,11,False,2450,Norfolk State,14,61.79,,2428,North Carolina Central,48,51.95,,1.0
401432155,2022,11,False,112335,Wheeling,31,,,2986,Fairmont State,28,,,0.0
401430967,2022,11,False,49,Dubuque,21,,,2964,Central College,24,,,
401431093,2022,11,False,3071,North Central College,63,,,2042,Augustana (IL),3,,,0.0
401420839,2022,11,False,79,Southern Illinois,18,183.5,,2449,North Dakota State,21,25.18,,1.0
401432528,2022,11,False,2371,Mary Hardin-Baylor,62,,,241,McMurry,3,,,0.0
401432802,2022,11,False,2757,Berry College,55,,,418,Hendrix College,8,,,0.0
401432693,2022,11,False,427,Ohio Northern,21,,,2733,Wilmington (OH),13,,,0.0
401431464,2022,11,False,2271,Henderson State,37,,,2888,Ouachita Baptist,40,,,
401432986,2022,11,False,2291,Indiana-Pennsylvania,24,,,2071,Bloomsburg,21,,,0.0
401414784,2022,11,False,2032,Arkansas State,35,471.65,5.3717171717171714,113,Massachusetts,33,292.14,,
401431935,2022,11,False,90,Pittsburg St,35,,,2231,Fort Hays State,14,,,0.0
401415655,2022,11,False,248,Houston,43,629.12,0.4473339160839161,218,Temple,36,505.48,,
401462229,2022,11,False,2277,Houston Christian,10,5.41,,2377,McNeese,21,155.54,,
401423952,2022,11,False,2582,Southern,27,178.64,,2400,Mississippi Valley State,7,48.86,,
401431952,2022,11,False,2403,Missouri Southern State,20,,,2687,Washburn,37,,,
401431959,2022,11,False,196,Northeastern State,0,,,2438,Nebraska-Kearney,42,,,
401503091,2022,11,False,2401,Mississippi College,21,,,110242,West Florida,56,,,
401431925,2022,11,False,2122,Central Oklahoma,13,,,2118,Central Missouri,10,,,0.0
401462520,2022,11,False,3101,Utah Tech,34,,,2627,Tarleton State,28,,,0.0
401420814,2022,11,False,2623,Missouri State,25,251.03,,2754,Youngstown State,22,94.39,,
401413264,2022,11,False,2692,Weber State,45,53.15,,304,Idaho State,7,37.08,,
401433069,2022,11,False,2714,Western Colorado,52,,,2001,Adams State,10,,,0.0
401430748,2022,11,False,2028,Arkansas-Monticello,7,,,2568,Southern Arkansas,20,,,
401430738,2022,11,False,2264,Harding University,55,,,2033,Arkansas Tech,10,,,0.0
401431478,2022,11,False,2191,East Central (OK),31,,,199,Southeastern Oklahoma State,10,,,0.0
401432402,2022,11,False,559,University of Mary,14,,,132,Bemidji State,51,,,
401473449,2022,11,False,253,Southern Utah,55,52.58,,124179,Lincoln (CA),0,,,0.0
401413242,2022,11,False,149,Montana,63,110.64,,331,Eastern Washington,7,73.36,,
401503093,2022,11,False,2673,Valdosta State,30,,,2560,Shorter,28,,,0.0
401424946,2022,11,False,2029,Arkansas-Pine Bluff,24,20.54,,2504,Prairie View A&M,55,56.88,,
401503092,2022,11,False,2170,Delta State,17,,,2695,West Alabama,7,,,0.0
401418836,2022,11,False,2571,South Dakota State,31,5.97,,2287,Illinois State,7,92.75,,0.0
401421162,2022,11,False,2382,Mercer,13,38.11,,231,Furman,23,67.63,,
401424934,2022,11,False,2016,Alcorn State,17,62.59,,2065,Bethune-Cookman,14,205.68,,0.0
401423455,2022,11,False,2011,Alabama State,14,208.22,,50,Florida A&M,21,223.82,,
401433093,2022,11,False,11,Colorado Mesa,56,,,2424,New Mexico Highlands,36,,,0.0
401425454,2022,11,False,2197,Eastern Illinois,7,55.8,,2546,Southeast Missouri State,31,26.12,,1.0
401411160,2022,11,False,59,Georgia Tech,14,715.48,0.586791958041958,2390,Miami,35,854.72,3.992261904761905,
401415256,2022,11,False,2005,Air Force,35,0.0,,167,New Mexico,3,312.79,3.906837606837607,0.0
401405136,2022,11,False,135,Minnesota,31,649.43,0.4863888888888888,77,Northwestern,3,653.48,,0.0
401432645,2022,11,False,2721,Whitworth,14,,,415,NEWBERG,28,,,
401405137,2022,11,False,130,Michigan,34,847.24,2.4670974858474857,158,Nebraska,3,752.12,4.537157287157287,
401403943,2022,11,False,145,Ole Miss,24,757.39,0.5958874458874459,333,Alabama,30,1016.79,0.9163607226107224,
401404035,2022,11,False,265,Washington State,28,570.94,0.9512385762385764,9,Arizona State,18,670.18,,0.0
401404110,2022,11,False,197,Oklahoma State,20,670.53,0.7572489008303818,66,Iowa State,14,590.43,0.4739427239427239,
401404142,2022,11,False,2653,Troy,10,464.3,2.5310763888888888,349,Army,9,17.27,,
401405135,2022,11,False,2294,Iowa,24,681.98,6.252572463768116,275,Wisconsin,10,744.44,0.6856569900687548,0.0
401411158,2022,11,False,228,Clemson,31,943.0,3.0264484126984126,97,Louisville,16,625.42,0.5642765567765567,
401411161,2022,11,False,152,NC State,20,686.19,0.2326664462081128,103,Boston College,21,664.63,,1.0
401415657,2022,11,False,2655,Tulane,31,521.86,0.6666666666666667,2116,UCF,38,636.16,1.12534435261708,
401426603,2022,11,False,2393,Middle Tennessee,24,425.43,,2429,Charlotte,14,487.24,,0.0
401426605,2022,11,False,2636,UTSA,51,515.76,2.2285714285714286,2348,Louisiana Tech,7,473.76,,
401426606,2022,11,False,5,UAB,41,443.8,1.237777777777778,249,North Texas,21,504.97,6.388888888888889,0.0
401405140,2022,11,False,213,Penn State,30,830.44,,120,Maryland,0,680.22,5.0459523809523805,
401426373,2022,11,False,276,Marshall,28,455.3,2.670734126984127,2026,App State,21,456.66,,0.0
401432836,2022,11,False,29,Redlands,58,,,2850,Whittier,14,,,0.0
401462530,2022,11,False,2447,Nicholls,12,100.39,,2837,East Texas A&M,10,,,0.0
401435174,2022,11,False,2486,Pacific Lutheran,7,,,205,Pacific (OR),18,,,
401431600,2022,11,False,2120,Central Washington,49,,,110243,UT Permian Basin,14,,,0.0
401432653,2022,11,False,2333,Lewis & Clark College,7,,,203,Linfield College,70,,,
401432369,2022,11,False,2927,Southwestern Oklahoma State,41,,,2823,Northwestern Oklahoma State,28,,,0.0
401432830,2022,11,False,2923,Pomona Pitzer,28,,,17,Claremont-Mudd-Scripps College,14,,,0.0
401435053,2022,11,False,2201,Eastern New Mexico,24,,,2703,Western New Mexico,38,,,
401438684,2022,11,False,2930,Willamette,20,,,2508,Puget Sound,26,,,
401403941,2022,11,False,57,Florida,38,856.95,1.0608405483405483,2579,South Carolina,6,762.63,0.673120818575364,
401432118,2022,11,False,2882,UNC Pembroke,56,,,2148,Concord University,58,,,
401461256,2022,11,False,2318,La Verne,14,,,411,Chapman,42,,,
401425470,2022,11,False,2634,Tennessee State,3,194.56,,2630,UT Martin,20,128.97,,1.0
401426375,2022,11,False,6,South Alabama,38,466.34,1.1366666666666667,326,Texas State,21,464.66,,
401421101,2022,11,False,301,San Diego,31,43.29,,2166,Davidson,14,,,0.0
401423446,2022,11,True,2296,Jackson State,27,590.92,11.275,2010,Alabama A&M,13,293.63,,
401420876,2022,11,False,2617,Stephen F. Austin,7,130.97,,2110,Central Arkansas,34,82.3,,1.0
401432636,2022,11,False,2532,Salisbury,36,,,3112,Christopher Newport,33,,,0.0
401462531,2022,11,False,2545,SE Louisiana,23,166.75,,2466,Northwestern State,7,134.66,,
401418781,2022,11,False,2453,North Alabama,27,107.8,,2635,Tennessee Tech,35,43.6,,1.0
401445218,2022,11,False,340,Bowdoin,21,,,33,Colby College,14,,,0.0
401432339,2022,11,False,2206,Edward Waters,38,,,2019,Allen,12,,,0.0
401431471,2022,11,False,319,Oklahoma Baptist,21,,,200,Southern Nazarene,56,,,
401423924,2022,11,False,2640,Texas Southern,41,54.59,,2755,Grambling,7,221.26,,0.0
401403944,2022,11,False,344,Mississippi State,19,725.55,1.7977002164502165,61,Georgia,45,989.76,0.3255883005883005,
401404111,2022,11,False,2641,Texas Tech,43,660.31,4.715952380952381,2305,Kansas,28,574.29,1.1422064777327936,
401426604,2022,11,False,2229,Florida International,7,459.71,,2226,Florida Atlantic,52,550.51,1.45,
401413252,2022,11,False,70,Idaho,26,82.22,,302,UC Davis,44,103.7,,
401432757,2022,11,False,2963,Case Western Reserve,7,,,2102,Carnegie Mellon,20,,,
401404037,2022,11,False,2483,Oregon,34,877.93,0.909687786960514,264,Washington,37,761.72,1.4903846153846154,1.0
401404109,2022,11,False,239,Baylor,3,666.05,,2306,Kansas State,31,584.68,1.395028011204482,1.0
401415258,2022,11,False,36,Colorado State,13,431.38,7.046783625730994,2751,Wyoming,14,292.03,2.5880718954248367,1.0
401403940,2022,11,False,2,Auburn,13,783.87,0.8044200244200244,245,Texas A&M,10,947.3,1.5131382098293862,0.0
401404113,2022,11,False,251,Texas,10,887.45,1.4521464646464646,2628,TCU,17,712.05,,1.0
401426371,2022,11,False,324,Coastal Carolina,26,446.58,,2572,Southern Miss,23,478.97,2.071309523809524,0.0
401411164,2022,11,False,154,Wake Forest,34,575.42,,153,North Carolina,36,812.94,0.7400274725274725,
401411162,2022,11,False,183,Syracuse,3,590.36,3.778409090909091,52,Florida State,38,780.76,1.144642857142857,
401413233,2022,11,False,13,Cal Poly,28,55.91,,147,Montana State,72,98.27,,
401431618,2022,11,False,2658,Texas A&M-Kingsville,37,,,2848,Western Oregon,48,,,
401404036,2022,11,False,204,Oregon State,38,635.88,0.7186577964519141,25,California,10,653.31,1.1062748015873016,0.0
401431609,2022,11,True,2829,Simon Fraser,46,,,2704,West Texas A&M,14,,,0.0
401404038,2022,11,False,254,Utah,42,705.12,2.9010404368358915,24,Stanford,7,757.81,0.7436868686868686,0.0
401404034,2022,11,False,26,UCLA,28,733.3,5.077777777777778,12,Arizona,34,652.06,1.8991071428571429,1.0
401415260,2022,11,False,21,San Diego State,43,372.29,3.430394167236273,23,San José State,27,417.95,,0.0
401415255,2022,11,False,2440,Nevada,3,416.44,1.4598214285714286,68,Boise State,41,533.92,2.3264957264957267,
401415257,2022,11,False,62,Hawai'i,34,419.54,,328,Utah State,41,371.37,1.4166666666666667,1.0
401416642,2022,12,False,2649,Toledo,35,498.98,,189,Bowling Green,42,415.08,0.5232993197278911,1.0
401416643,2022,12,False,2050,Ball State,18,345.29,2.4847282347282347,195,Ohio,32,365.74,,
401416644,2022,12,False,2309,Kent State,24,386.94,0.3833333333333333,2199,Eastern Michigan,31,404.1,,
401416646,2022,12,False,2459,Northern Illinois,23,409.86,,193,Miami (OH),29,397.26,,1.0
401416645,2022,12,False,2117,Central Michigan,10,384.48,,2711,Western Michigan,12,449.89,,
401462532,2022,12,False,2447,Nicholls,17,100.39,,2545,SE Louisiana,40,166.75,,
401415658,2022,12,False,2655,Tulane,59,521.86,0.6666666666666667,2567,SMU,24,598.49,,0.0
401415659,2022,12,False,202,Tulsa,48,485.87,,58,South Florida,42,574.32,,0.0
401415264,2022,12,False,167,New Mexico,10,312.79,3.906837606837607,21,San Diego State,34,372.29,3.430394167236273,
401415661,2022,12,False,2116,UCF,14,636.16,1.12534435261708,2426,Navy,17,0.0,,1.0
401424393,2022,12,False,257,Richmond,26,55.5,,2729,William & Mary,37,10.64,,1.0
401403946,2022,12,False,333,Alabama,34,1016.79,0.9163607226107224,2046,Austin Peay,0,121.11,,
401403951,2022,12,False,344,Mississippi State,56,725.55,1.7977002164502165,2193,East Tennessee State,7,74.98,,
401428221,2022,12,False,2241,Gardner-Webb,38,19.68,,2448,North Carolina A&T,17,142.63,,0.0
401404143,2022,12,False,349,Army,34,17.27,,41,UConn,17,239.17,,0.0
401424453,2022,12,False,311,Maine,41,54.69,,160,New Hampshire,42,24.6,,1.0
401423424,2022,12,False,2529,Sacred Heart,34,,,2341,Long Island University,37,,,
401404165,2022,12,False,2335,Liberty,22,161.88,2.246060606060606,259,Virginia Tech,23,640.85,1.653345139708776,
401405142,2022,12,False,158,Nebraska,14,752.12,4.537157287157287,275,Wisconsin,15,744.44,0.6856569900687548,1.0
401404114,2022,12,False,239,Baylor,28,666.05,,2628,TCU,29,712.05,,
401423143,2022,12,False,2086,Butler,13,,,2900,St. Thomas (MN),27,,,
401405143,2022,12,False,2509,Purdue,17,646.08,0.5061126373626375,77,Northwestern,9,653.48,,0.0
401411166,2022,12,False,52,Florida State,49,780.76,1.144642857142857,309,Louisiana,17,458.15,4.193333333333333,
401420827,2022,12,False,2754,Youngstown State,28,94.39,,79,Southern Illinois,21,183.5,,0.0
401420787,2022,12,False,2415,Morgan State,6,28.0,,47,Howard,35,,,
401418837,2022,12,False,2287,Illinois State,20,92.75,,2710,Western Illinois,13,91.95,,
401405145,2022,12,False,130,Michigan,19,847.24,2.4670974858474857,356,Illinois,17,631.46,0.4672176308539945,
401421102,2022,12,False,2413,Morehead State,9,4.96,,301,San Diego,14,43.29,,
401428474,2022,12,False,2523,Robert Morris,6,21.85,,2803,Bryant,35,14.59,,1.0
401413212,2022,12,False,231,Furman,63,67.63,,2747,Wofford,28,17.85,,
401421145,2022,12,False,2678,VMI,22,,,2643,The Citadel,26,21.07,,
401403955,2022,12,False,238,Vanderbilt,31,629.76,,57,Florida,24,856.95,1.0608405483405483,0.0
401504175,2022,12,False,2038,Assumption,14,,,215,Slippery Rock,17,,,
401403954,2022,12,False,245,Texas A&M,20,947.3,1.5131382098293862,113,Massachusetts,3,292.14,,
401411169,2022,12,False,221,Pittsburgh,28,654.56,2.489126559714795,150,Duke,26,603.98,,
401504190,2022,12,False,2102,Carnegie Mellon,45,,,83,Depauw,14,,,0.0
401504187,2022,12,False,2800,Alma,41,,,2419,Mount St. Joseph,21,,,0.0
401504174,2022,12,False,2974,Shepherd,16,,,2441,New Haven,13,,,0.0
401504194,2022,12,False,216,Susquehanna,10,,,390,Utica,17,,,
401418602,2022,12,False,108,Harvard,14,,,43,Yale,19,24.05,,
401504193,2022,12,False,426,University of Mount Union,51,,,2532,Salisbury,0,,,0.0
401504191,2022,12,False,452,Endicott College,14,,,81,Springfield,17,,,
401424411,2022,12,False,2405,Monmouth,24,28.53,,2619,Stony Brook,21,69.58,,0.0
401423432,2022,12,False,2771,Merrimack,23,,,2598,St. Francis (PA),52,16.89,,
401504195,2022,12,False,2516,Randolph-Macon,35,,,2782,Cortland,28,,,0.0
401504192,2022,12,False,175,Ithaca College,63,,,379,UMass Dartmouth,20,,,0.0
401423438,2022,12,False,2184,Duquesne,33,94.04,,2681,Wagner,0,39.77,,
401405146,2022,12,False,127,Michigan State,31,693.91,3.214285714285714,84,Indiana,39,680.74,1.5659681227863047,1.0
401504196,2022,12,False,2808,Delaware Valley,59,,,417,Gallaudet,0,,,0.0
401425417,2022,12,False,46,Georgetown,10,,,107,Holy Cross,47,,,
401422995,2022,12,False,322,Lafayette,14,22.41,,2329,Lehigh,11,11.72,,
401441290,2022,12,False,284,Stonehill,14,,,2115,Central Connecticut,39,11.33,,
401424450,2022,12,False,227,Rhode Island,35,158.52,,399,UAlbany,21,92.55,,
401426611,2022,12,False,242,Rice,7,441.93,,2636,UTSA,41,515.76,2.2285714285714286,
401424451,2022,12,False,222,Villanova,29,15.94,,48,Delaware,26,39.14,,0.0
401415204,2022,12,False,171,Columbia,45,,,172,Cornell,22,,,0.0
401424452,2022,12,False,119,Towson,27,178.36,,2261,Hampton,7,69.24,,
401428482,2022,12,False,2230,Fordham,52,32.71,,2142,Colgate,38,14.43,,
401422927,2022,12,False,2535,Samford,50,100.34,,2382,Mercer,44,38.11,,
401423917,2022,12,False,163,Princeton,19,16.08,,219,Pennsylvania,20,,,
401504186,2022,12,False,2685,Wartburg,14,,,2740,Wisconsin-Lacrosse,6,,,0.0
401504189,2022,12,False,3071,North Central College,50,,,262,Lake Forest College,0,,,0.0
401504188,2022,12,False,2745,Wisconsin-Whitewater,28,,,2044,Aurora,33,,,
401504199,2022,12,False,396,Wheaton,32,,,2802,Bethel (MN),34,,,
401504184,2022,12,False,2364,Minnesota State Mankato,26,,,2844,Wayne State (NE),9,,,0.0
401504197,2022,12,False,386,Trinity University TX,14,,,2810,Hardin-Simmons,7,,,0.0
401504198,2022,12,False,2371,Mary Hardin-Baylor,54,,,2938,Huntingdon College (AL),0,,,0.0
401423151,2022,12,False,2166,Davidson,24,,,2168,Dayton,23,,,0.0
401504185,2022,12,False,2600,Saint John's (MN),49,,,583,Northwestern (MN),0,,,0.0
401504177,2022,12,False,2222,Ferris State,41,,,110254,Davenport,7,,,0.0
401504179,2022,12,False,2676,Virginia Union,7,,,351,Wingate,32,,,
401504173,2022,12,False,308,Ashland,20,,,587,Notre Dame College,13,,,0.0
401422986,2022,12,False,2083,Bucknell,24,,,2368,Marist,13,,,0.0
401423417,2022,12,False,56,Stetson,42,,,2506,Presbyterian,21,,,0.0
401418844,2022,12,False,282,Indiana State,7,70.29,,2623,Missouri State,24,251.03,,
401421115,2022,12,False,2674,Valparaiso,0,11.85,,2181,Drake,24,,,
401421136,2022,12,False,2717,Western Carolina,32,35.6,,236,Chattanooga,29,237.41,,0.0
401504181,2022,12,True,110242,West Florida,45,,,2336,Limestone,19,,,0.0
401420872,2022,12,False,2534,Sam Houston,7,200.06,,253,Southern Utah,17,52.58,,1.0
401415195,2022,12,False,159,Dartmouth,30,,,225,Brown,7,,,0.0
401420796,2022,12,False,2569,South Carolina State,38,35.03,,2450,Norfolk State,42,61.79,,
401420854,2022,12,False,2466,Northwestern State,7,134.66,,2916,Incarnate Word,66,40.89,3.9404761904761902,1.0
401425455,2022,12,False,2546,Southeast Missouri State,52,26.12,,93,Murray State,22,56.27,,0.0
401426378,2022,12,False,256,James Madison,42,104.24,8.083333333333332,2247,Georgia State,40,471.84,2.9684294871794874,0.0
401423447,2022,12,False,2010,Alabama A&M,24,293.63,,2640,Texas Southern,20,54.59,,
401415660,2022,12,False,151,East Carolina,3,494.82,6.346934315684316,248,Houston,42,629.12,0.4473339160839161,
401413339,2022,12,False,147,Montana State,55,98.27,,149,Montana,21,110.64,,0.0
401404039,2022,12,False,12,Arizona,20,652.06,1.8991071428571429,265,Washington State,31,570.94,0.9512385762385764,1.0
401415662,2022,12,False,235,Memphis,59,533.26,1.0242424242424242,2453,North Alabama,0,107.8,,
401504180,2022,12,False,2170,Delta State,51,,,2220,Fayetteville State,0,,,0.0
401404117,2022,12,False,277,West Virginia,31,662.57,0.5233134920634921,2306,Kansas State,48,584.68,1.395028011204482,1.0
401504178,2022,12,False,90,Pittsburg St,35,,,2292,Indianapolis,0,,,0.0
401504182,2022,12,False,132,Bemidji State,31,,,2851,Winona State,7,,,0.0
401504176,2022,12,False,2888,Ouachita Baptist,17,,,138,Northwest Missouri St,47,,,
401504183,2022,12,False,2146,Colorado School Of Mines,45,,,2570,CSU Pueblo,24,,,0.0
401425421,2022,12,False,2400,Mississippi Valley State,27,48.86,,2504,Prairie View A&M,7,56.88,,0.0
401420831,2022,12,False,233,South Dakota,14,51.92,,2460,Northern Iowa,58,185.49,,
401425518,2022,12,False,2169,Delaware State,7,,,2097,Campbell,34,124.16,,
401404040,2022,12,False,9,Arizona State,7,670.18,,204,Oregon State,31,635.88,0.7186577964519141,1.0
401420805,2022,12,False,2635,Tennessee Tech,20,43.6,,2428,North Carolina Central,22,51.95,,
401426376,2022,12,False,2026,App State,27,456.66,,295,Old Dominion,14,438.06,2.512662337662338,
401424942,2022,12,True,50,Florida A&M,41,223.82,,2065,Bethune-Cookman,20,205.68,,
401404132,2022,12,False,87,Notre Dame,44,866.48,,103,Boston College,0,664.63,,
401418801,2022,12,False,2627,Tarleton State,49,,,2277,Houston Christian,7,5.41,,0.0
401418643,2022,12,False,2198,Eastern Kentucky,45,224.82,,338,Kennesaw State,38,22.69,,
401424935,2022,12,False,2016,Alcorn State,13,62.59,,2296,Jackson State,24,590.92,11.275,
401421127,2022,12,False,2837,East Texas A&M,14,,,2634,Tennessee State,22,194.56,,
401420845,2022,12,False,2630,UT Martin,34,128.97,,2197,Eastern Illinois,31,55.8,,
401413253,2022,12,False,304,Idaho State,7,37.08,,70,Idaho,38,82.22,,
401415175,2022,12,False,2464,Northern Arizona,31,47.14,,2692,Weber State,33,53.15,,
401504200,2022,12,False,203,Linfield College,51,,,2923,Pomona Pitzer,24,,,0.0
401418791,2022,12,False,2000,Abilene Christian,21,260.16,,2617,Stephen F. Austin,24,130.97,,1.0
401405144,2022,12,False,120,Maryland,30,680.22,5.0459523809523805,194,Ohio State,43,983.14,0.7855113636363636,
401411167,2022,12,False,97,Louisville,25,625.42,0.5642765567765567,152,NC State,10,686.19,0.2326664462081128,0.0
401403949,2022,12,False,96,Kentucky,6,737.33,4.5447366359131065,61,Georgia,16,989.76,0.3255883005883005,
401404116,2022,12,False,2305,Kansas,14,574.29,1.1422064777327936,251,Texas,55,887.45,1.4521464646464646,
401420820,2022,12,False,2449,North Dakota State,42,25.18,,155,North Dakota,21,,,0.0
401405147,2022,12,False,164,Rutgers,10,631.47,1.1544578134284016,213,Penn State,55,830.44,,
401411165,2022,12,False,228,Clemson,40,943.0,3.0264484126984126,2390,Miami,10,854.72,3.992261904761905,
401420863,2022,12,False,252,BYU,52,415.19,,3101,Utah Tech,26,,,0.0
401426608,2022,12,False,2429,Charlotte,26,487.24,,2348,Louisiana Tech,21,473.76,,
401426381,2022,12,False,2653,Troy,34,464.3,2.5310763888888888,2433,UL Monroe,16,348.53,,
401426379,2022,12,False,2572,Southern Miss,20,478.97,2.071309523809524,6,South Alabama,27,466.34,1.1366666666666667,1.0
401426610,2022,12,False,2393,Middle Tennessee,49,425.43,,2226,Florida Atlantic,21,550.51,1.45,0.0
401426613,2022,12,False,2,Auburn,41,783.87,0.8044200244200244,98,Western Kentucky,17,495.64,5.409090909090909,
401426609,2022,12,False,2638,UTEP,40,289.39,,2229,Florida International,6,459.71,,0.0
401413243,2022,12,False,331,Eastern Washington,45,73.36,,2458,Northern Colorado,21,227.83,,0.0
401405141,2022,12,False,135,Minnesota,10,649.43,0.4863888888888888,2294,Iowa,13,681.98,6.252572463768116,
401415663,2022,12,False,218,Temple,3,505.48,,2132,Cincinnati,23,650.89,2.501682692307692,
401426380,2022,12,False,326,Texas State,16,464.66,,2032,Arkansas State,13,471.65,5.3717171717171714,0.0
401413223,2022,12,False,2110,Central Arkansas,17,82.3,,55,Jacksonville State,40,229.74,,
401415185,2022,12,False,16,Sacramento State,27,96.08,,302,UC Davis,21,103.7,,0.0
401411168,2022,12,False,153,North Carolina,17,812.94,0.7400274725274725,59,Georgia Tech,21,715.48,0.586791958041958,1.0
401404041,2022,12,False,25,California,27,653.31,1.1062748015873016,24,Stanford,20,757.81,0.7436868686868686,0.0
401426377,2022,12,False,290,Georgia Southern,10,414.14,0.574793956043956,276,Marshall,23,455.3,2.670734126984127,
401404115,2022,12,False,66,Iowa State,10,590.43,0.4739427239427239,2641,Texas Tech,14,660.31,4.715952380952381,
401403953,2022,12,False,2579,South Carolina,63,762.63,0.673120818575364,2633,Tennessee,38,764.8,0.7337301587301588,0.0
401415261,2022,12,False,2751,Wyoming,17,292.03,2.5880718954248367,68,Boise State,20,533.92,2.3264957264957267,
401403952,2022,12,False,142,Missouri,45,715.36,0.5458333333333333,166,New Mexico State,14,189.37,,
401403947,2022,12,False,8,Arkansas,42,741.06,0.6238636363636363,145,Ole Miss,27,757.39,0.5958874458874459,0.0
401404118,2022,12,False,201,Oklahoma,28,870.34,1.8228014409832591,197,Oklahoma State,13,670.53,0.7572489008303818,
401411171,2022,12,False,154,Wake Forest,45,575.42,,183,Syracuse,35,590.36,3.778409090909091,0.0
401413234,2022,12,False,13,Cal Poly,49,55.91,,2502,Portland State,42,110.5,,0.0
401404044,2022,12,False,26,UCLA,45,733.3,5.077777777777778,30,USC,48,860.12,,
401420868,2022,12,False,2377,McNeese,24,155.54,,2320,Lamar,20,23.88,,
401404042,2022,12,False,264,Washington,54,761.72,1.4903846153846154,38,Colorado,7,616.28,,
401426612,2022,12,False,99,LSU,41,872.61,0.7972622863247864,5,UAB,10,443.8,1.237777777777778,
401415262,2022,12,False,2005,Air Force,24,0.0,,36,Colorado State,12,431.38,7.046783625730994,0.0
401415265,2022,12,False,328,Utah State,35,371.37,1.4166666666666667,23,San José State,31,417.95,,0.0
401404043,2022,12,False,2483,Oregon,20,877.93,0.909687786960514,254,Utah,17,705.12,2.9010404368358915,
401415263,2022,12,False,2440,Nevada,14,416.44,1.4598214285714286,278,Fresno State,41,502.26,2.7113202614379084,
401415266,2022,12,False,62,Hawai'i,31,419.54,,2439,UNLV,25,368.29,1.539177489177489,
401416649,2022,13,False,195,Ohio,38,365.74,,189,Bowling Green,14,415.08,0.5232993197278911,0.0
401416648,2022,13,False,193,Miami (OH),18,397.26,,2050,Ball State,17,345.29,2.4847282347282347,
401423456,2022,13,False,2011,Alabama State,14,208.22,,2029,Arkansas-Pine Bluff,19,20.54,,1.0
401403956,2022,13,False,145,Ole Miss,22,757.39,0.5958874458874459,344,Mississippi State,24,725.55,1.7977002164502165,1.0
401415665,2022,13,False,2132,Cincinnati,24,650.89,2.501682692307692,2655,Tulane,27,521.86,0.6666666666666667,1.0
401416651,2022,13,False,2711,Western Michigan,20,449.89,,2649,Toledo,14,498.98,,0.0
401416650,2022,13,False,2199,Eastern Michigan,38,404.1,,2117,Central Michigan,19,384.48,,
401415269,2022,13,False,68,Boise State,42,533.92,2.3264957264957267,328,Utah State,23,371.37,1.4166666666666667,
401404119,2022,13,False,251,Texas,38,887.45,1.4521464646464646,239,Baylor,27,666.05,,
401404045,2022,13,False,12,Arizona,38,652.06,1.8991071428571429,9,Arizona State,35,670.18,,0.0
401415268,2022,13,False,36,Colorado State,17,431.38,7.046783625730994,167,New Mexico,0,312.79,3.906837606837607,
401411172,2022,13,False,153,North Carolina,27,812.94,0.7400274725274725,152,NC State,30,686.19,0.2326664462081128,1.0
401403961,2022,13,False,142,Missouri,29,715.36,0.5458333333333333,8,Arkansas,27,741.06,0.6238636363636363,0.0
401405148,2022,13,False,2294,Iowa,17,681.98,6.252572463768116,158,Nebraska,24,752.12,4.537157287157287,
401404046,2022,13,False,25,California,28,653.31,1.1062748015873016,26,UCLA,35,733.3,5.077777777777778,
401403958,2022,13,False,52,Florida State,45,780.76,1.144642857142857,57,Florida,38,856.95,1.0608405483405483,0.0
401415270,2022,13,False,278,Fresno State,30,502.26,2.7113202614379084,2751,Wyoming,0,292.03,2.5880718954248367,
401505350,2022,13,False,2974,Shepherd,37,,,215,Slippery Rock,27,,,0.0
401403959,2022,13,False,61,Georgia,37,989.76,0.3255883005883005,59,Georgia Tech,14,715.48,0.586791958041958,
401426383,2022,13,False,256,James Madison,47,104.24,8.083333333333332,324,Coastal Carolina,7,446.58,,0.0
401404123,2022,13,False,197,Oklahoma State,19,670.53,0.7572489008303818,277,West Virginia,24,662.57,0.5233134920634921,1.0
401404144,2022,13,False,113,Massachusetts,7,292.14,,349,Army,44,17.27,,1.0
401426389,2022,13,False,6,South Alabama,27,466.34,1.1366666666666667,295,Old Dominion,20,438.06,2.512662337662338,
401505357,2022,13,False,2808,Delaware Valley,39,,,2516,Randolph-Macon,32,,,0.0
401505356,2022,13,False,2600,Saint John's (MN),20,,,2685,Wartburg,23,,,
401505352,2022,13,False,175,Ithaca College,31,,,81,Springfield,20,,,0.0
401426615,2022,13,False,2226,Florida Atlantic,31,550.51,1.45,98,Western Kentucky,32,495.64,5.409090909090909,1.0
401505436,2022,13,False,231,Furman,31,67.63,,2210,Elon,6,64.96,,
401426390,2022,13,False,276,Marshall,28,455.3,2.670734126984127,2247,Georgia State,23,471.84,2.9684294871794874,0.0
401405153,2022,13,False,194,Ohio State,23,983.14,0.7855113636363636,130,Michigan,45,847.24,2.4670974858474857,1.0
401405152,2022,13,False,120,Maryland,37,680.22,5.0459523809523805,164,Rutgers,0,631.47,1.1544578134284016,
401505358,2022,13,False,426,University of Mount Union,45,,,390,Utica,7,,,0.0
401505355,2022,13,False,2800,Alma,26,,,2044,Aurora,48,,,
401404166,2022,13,False,2335,Liberty,14,161.88,2.246060606060606,166,New Mexico State,49,189.37,,
401403962,2022,13,False,228,Clemson,30,943.0,3.0264484126984126,2579,South Carolina,31,762.63,0.673120818575364,1.0
401505361,2022,13,False,2222,Ferris State,17,,,90,Pittsburg St,14,,,0.0
401505353,2022,13,False,386,Trinity University TX,17,,,2371,Mary Hardin-Baylor,24,,,
401505351,2022,13,False,3071,North Central College,28,,,2102,Carnegie Mellon,7,,,0.0
401416653,2022,13,False,2084,Buffalo,27,370.96,4.211111111111111,2309,Kent State,30,386.94,0.3833333333333333,
401505360,2022,13,False,125,Grand Valley State University,13,,,138,Northwest Missouri St,8,,,0.0
401415664,2022,13,False,218,Temple,46,505.48,,151,East Carolina,49,494.82,6.346934315684316,1.0
401505354,2022,13,False,490,Benedict College,6,,,351,Wingate,23,,,
401505359,2022,13,False,2291,Indiana-Pennsylvania,19,,,308,Ashland,13,,,0.0
401416652,2022,13,False,2459,Northern Illinois,12,409.86,,2006,Akron,44,456.15,6.237261904761905,
401505362,2022,13,False,2025,Angelo State,33,,,132,Bemidji State,7,,,0.0
401505431,2022,13,False,160,New Hampshire,52,24.6,,2230,Fordham,42,32.71,,0.0
401505364,2022,13,False,2146,Colorado School Of Mines,48,,,2364,Minnesota State Mankato,45,,,0.0
401426617,2022,13,False,249,North Texas,21,504.97,6.388888888888889,242,Rice,17,441.93,,
401505430,2022,13,False,48,Delaware,56,39.14,,2598,St. Francis (PA),17,16.89,,
401505437,2022,13,False,257,Richmond,41,55.5,,2166,Davidson,0,,,0.0
401423953,2022,13,True,2582,Southern,34,178.64,,2755,Grambling,17,221.26,,0.0
401505363,2022,13,False,2170,Delta State,27,,,110242,West Florida,38,,,
401403960,2022,13,False,96,Kentucky,26,737.33,4.5447366359131065,97,Louisville,13,625.42,0.5642765567765567,
401505390,2022,13,False,203,Linfield College,13,,,2802,Bethel (MN),30,,,
401426616,2022,13,False,2348,Louisiana Tech,27,473.76,,5,UAB,37,443.8,1.237777777777778,1.0
401415666,2022,13,False,2567,SMU,34,598.49,,235,Memphis,31,533.26,1.0242424242424242,
401405149,2022,13,False,77,Northwestern,3,653.48,,356,Illinois,41,631.46,0.4672176308539945,1.0
401403957,2022,13,False,333,Alabama,49,1016.79,0.9163607226107224,2,Auburn,27,783.87,0.8044200244200244,
401426618,2022,13,False,2636,UTSA,34,515.76,2.2285714285714286,2638,UTEP,31,289.39,,
401426384,2022,13,False,2032,Arkansas State,19,471.65,5.3717171717171714,2653,Troy,48,464.3,2.5310763888888888,1.0
401415271,2022,13,False,23,San José State,27,417.95,,62,Hawai'i,14,419.54,,0.0
401411174,2022,13,False,150,Duke,34,603.98,,154,Wake Forest,31,575.42,,
401405151,2022,13,False,84,Indiana,16,680.74,1.5659681227863047,2509,Purdue,30,646.08,0.5061126373626375,1.0
401405150,2022,13,False,275,Wisconsin,16,744.44,0.6856569900687548,135,Minnesota,23,649.43,0.4863888888888888,1.0
401404047,2022,13,False,204,Oregon State,38,635.88,0.7186577964519141,2483,Oregon,34,877.93,0.909687786960514,0.0
401404048,2022,13,False,38,Colorado,21,616.28,,254,Utah,63,705.12,2.9010404368358915,
401404120,2022,13,False,2628,TCU,62,712.05,,66,Iowa State,14,590.43,0.4739427239427239,
401405154,2022,13,False,213,Penn State,35,830.44,,127,Michigan State,16,693.91,3.214285714285714,
401505433,2022,13,False,2692,Weber State,38,53.15,,155,North Dakota,31,,,0.0
401426386,2022,13,False,326,Texas State,13,464.66,,309,Louisiana,41,458.15,4.193333333333333,1.0
401505432,2022,13,False,2198,Eastern Kentucky,41,224.82,,2241,Gardner-Webb,52,19.68,,1.0
401426385,2022,13,False,2433,UL Monroe,10,348.53,,2572,Southern Miss,20,478.97,2.071309523809524,
401426614,2022,13,False,2229,Florida International,28,459.71,,2393,Middle Tennessee,33,425.43,,1.0
401415272,2022,13,False,2439,UNLV,27,368.29,1.539177489177489,2440,Nevada,22,416.44,1.4598214285714286,0.0
401426382,2022,13,False,290,Georgia Southern,51,414.14,0.574793956043956,2026,App State,48,456.66,,0.0
401505435,2022,13,False,2545,SE Louisiana,45,166.75,,70,Idaho,42,82.22,,
401415667,2022,13,False,58,South Florida,39,574.32,,2116,UCF,46,636.16,1.12534435261708,
401403963,2022,13,False,245,Texas A&M,38,947.3,1.5131382098293862,99,LSU,23,872.61,0.7972622863247864,
401404133,2022,13,False,30,USC,38,860.12,,87,Notre Dame,27,866.48,,0.0
401403964,2022,13,False,238,Vanderbilt,0,629.76,,2633,Tennessee,56,764.8,0.7337301587301588,
401404122,2022,13,False,2641,Texas Tech,51,660.31,4.715952380952381,201,Oklahoma,48,870.34,1.8228014409832591,0.0
401411173,2022,13,False,103,Boston College,23,664.63,,183,Syracuse,32,590.36,3.778409090909091,1.0
401415668,2022,13,False,248,Houston,30,629.12,0.4473339160839161,202,Tulsa,37,485.87,,1.0
401404121,2022,13,False,2306,Kansas State,47,584.68,1.395028011204482,2305,Kansas,27,574.29,1.1422064777327936,
401411175,2022,13,False,2390,Miami,16,854.72,3.992261904761905,221,Pittsburgh,42,654.56,2.489126559714795,1.0
401415267,2022,13,False,21,San Diego State,3,372.29,3.430394167236273,2005,Air Force,13,0.0,,1.0
401505434,2022,13,False,149,Montana,34,110.64,,2546,Southeast Missouri State,24,26.12,,
401404051,2022,13,False,265,Washington State,33,570.94,0.9512385762385764,264,Washington,51,761.72,1.4903846153846154,
401404049,2022,13,False,24,Stanford,26,757.81,0.7436868686868686,252,BYU,35,415.19,,1.0
401506450,2022,14,False,2084,Buffalo,23,370.96,4.211111111111111,2006,Akron,22,456.15,6.237261904761905,0.0
401437032,2022,14,False,2636,UTSA,48,515.76,2.2285714285714286,249,North Texas,27,504.97,6.388888888888889,
401437035,2022,14,True,30,USC,24,860.12,,254,Utah,47,705.12,2.9010404368358915,1.0
401506610,2022,14,False,107,Holy Cross,35,,,160,New Hampshire,19,24.6,,0.0
401437033,2022,14,True,195,Ohio,7,365.74,,2649,Toledo,17,498.98,,
401437030,2022,14,True,2628,TCU,28,712.05,,2306,Kansas State,31,584.68,1.395028011204482,1.0
401506576,2022,14,False,426,University of Mount Union,22,,,2808,Delaware Valley,6,,,0.0
401506573,2022,14,False,125,Grand Valley State University,21,,,2222,Ferris State,24,,,
401506574,2022,14,False,2685,Wartburg,45,,,2044,Aurora,17,,,0.0
401506575,2022,14,False,3071,North Central College,48,,,175,Ithaca College,7,,,0.0
401506612,2022,14,True,110242,West Florida,45,,,351,Wingate,14,,,0.0
401506572,2022,14,False,2291,Indiana-Pennsylvania,13,,,2974,Shepherd,48,,,
401506613,2022,14,False,2371,Mary Hardin-Baylor,41,,,2802,Bethel (MN),28,,,0.0
401506579,2022,14,False,2025,Angelo State,24,,,2146,Colorado School Of Mines,42,,,
401506630,2022,14,False,2729,William & Mary,54,10.64,,2241,Gardner-Webb,14,19.68,,0.0
401506571,2022,14,False,2916,Incarnate Word,41,40.89,3.9404761904761902,231,Furman,38,67.63,,0.0
401507088,2022,14,False,166,New Mexico State,65,189.37,,2674,Valparaiso,3,11.85,,
401506578,2022,14,False,2571,South Dakota State,42,5.97,,48,Delaware,6,39.14,,0.0
401506611,2022,14,False,147,Montana State,33,98.27,,2692,Weber State,25,53.15,,
401506655,2022,14,False,2535,Samford,48,100.34,,2545,SE Louisiana,42,166.75,,0.0
401437037,2022,14,False,2653,Troy,45,464.3,2.5310763888888888,324,Coastal Carolina,26,446.58,,
401506690,2022,14,False,2449,North Dakota State,49,25.18,,149,Montana,26,110.64,,0.0
401437036,2022,14,True,61,Georgia,50,989.76,0.3255883005883005,99,LSU,30,872.61,0.7972622863247864,
401437034,2022,14,False,68,Boise State,16,533.92,2.3264957264957267,278,Fresno State,28,502.26,2.7113202614379084,1.0
401437008,2022,14,False,2655,Tulane,45,521.86,0.6666666666666667,2116,UCF,28,636.16,1.12534435261708,0.0
401437132,2022,14,False,2296,Jackson State,43,590.92,11.275,2582,Southern,24,178.64,,
401506577,2022,14,False,16,Sacramento State,38,96.08,,257,Richmond,31,55.5,,
401437031,2022,14,True,130,Michigan,43,847.24,2.4670974858474857,2509,Purdue,22,646.08,0.5061126373626375,
401437009,2022,14,True,153,North Carolina,10,812.94,0.7400274725274725,228,Clemson,39,943.0,3.0264484126984126,
401507650,2022,15,False,2449,North Dakota State,24,25.18,,2535,Samford,3,100.34,,0.0
401507670,2022,15,False,147,Montana State,55,98.27,,2729,William & Mary,0,10.64,,
401507652,2022,15,False,16,Sacramento State,63,96.08,,2916,Incarnate Word,66,40.89,3.9404761904761902,1.0
401507552,2022,15,False,426,University of Mount Union,34,,,2685,Wartburg,31,,,0.0
401507610,2022,15,False,2222,Ferris State,38,,,110242,West Florida,17,,,0.0
401507651,2022,15,False,2571,South Dakota State,41,5.97,,107,Holy Cross,21,,,0.0
401404145,2022,15,True,349,Army,20,17.27,,2426,Navy,17,0.0,,
401507553,2022,15,False,3071,North Central College,49,,,2371,Mary Hardin-Baylor,14,,,0.0
401507611,2022,15,False,2146,Colorado School Of Mines,44,,,2974,Shepherd,13,,,0.0
401441993,2022,1,True,5,UAB,24,443.8,1.237777777777778,193,Miami (OH),20,397.26,,
401441994,2022,1,True,2653,Troy,18,464.3,2.5310763888888888,2636,UTSA,12,515.76,2.2285714285714286,0.0
401508871,2022,1,True,3071,North Central College,28,,,426,University of Mount Union,21,,,0.0
401508850,2022,1,False,2449,North Dakota State,35,25.18,,2916,Incarnate Word,32,40.89,3.9404761904761902,0.0
401441995,2022,1,True,97,Louisville,24,625.42,0.5642765567765567,2132,Cincinnati,7,650.89,2.501682692307692,0.0
401441996,2022,1,True,2428,North Carolina Central,41,51.95,,2296,Jackson State,34,590.92,11.275,0.0
401508870,2022,1,True,2222,Ferris State,34,,,2146,Colorado School Of Mines,14,,,0.0
401441999,2022,1,True,204,Oregon State,30,635.88,0.7186577964519141,57,Florida,3,856.95,1.0608405483405483,0.0
401442038,2022,1,True,278,Fresno State,29,502.26,2.7113202614379084,265,Washington State,6,570.94,0.9512385762385764,0.0
401508851,2022,1,False,2571,South Dakota State,39,5.97,,147,Montana State,18,98.27,,0.0
401442041,2022,1,True,2572,Southern Miss,38,478.97,2.071309523809524,242,Rice,24,441.93,,
401441997,2022,1,True,252,BYU,24,415.19,,2567,SMU,23,598.49,,0.0
401442001,2022,1,True,68,Boise State,35,533.92,2.3264957264957267,249,North Texas,32,504.97,6.388888888888889,
401442003,2022,1,True,41,UConn,14,239.17,,276,Marshall,28,455.3,2.670734126984127,
401442004,2022,1,True,23,San José State,27,417.95,,2199,Eastern Michigan,41,404.1,,1.0
401442006,2022,1,True,2649,Toledo,21,498.98,,2335,Liberty,19,161.88,2.246060606060606,
401442039,2022,1,True,6,South Alabama,23,466.34,1.1366666666666667,98,Western Kentucky,44,495.64,5.409090909090909,
401442040,2022,1,True,2005,Air Force,30,0.0,,239,Baylor,15,666.05,,0.0
401442042,2022,1,True,248,Houston,23,629.12,0.4473339160839161,309,Louisiana,16,458.15,4.193333333333333,
401442007,2022,1,True,142,Missouri,17,715.36,0.5458333333333333,154,Wake Forest,27,575.42,,1.0
401442009,2022,1,True,21,San Diego State,23,372.29,3.430394167236273,2393,Middle Tennessee,25,425.43,,
401442037,2022,1,True,189,Bowling Green,19,415.08,0.5232993197278911,166,New Mexico State,24,189.37,,1.0
401441998,2022,1,True,2084,Buffalo,23,370.96,4.211111111111111,290,Georgia Southern,21,414.14,0.574793956043956,0.0
401442000,2022,1,True,328,Utah State,10,371.37,1.4166666666666667,235,Memphis,38,533.26,1.0242424242424242,
401442002,2022,1,True,151,East Carolina,53,494.82,6.346934315684316,324,Coastal Carolina,29,446.58,,
401442005,2022,1,True,197,Oklahoma State,17,670.53,0.7572489008303818,275,Wisconsin,24,744.44,0.6856569900687548,
401442008,2022,1,True,150,Duke,30,603.98,,2116,UCF,13,636.16,1.12534435261708,0.0
401442030,2022,1,True,8,Arkansas,55,741.06,0.6238636363636363,2305,Kansas,53,574.29,1.1422064777327936,
401470891,2022,1,True,153,North Carolina,27,812.94,0.7400274725274725,2483,Oregon,28,877.93,0.909687786960514,
401442031,2022,1,True,145,Ole Miss,25,757.39,0.5958874458874459,2641,Texas Tech,42,660.31,4.715952380952381,1.0
401442032,2022,1,True,135,Minnesota,28,649.43,0.4863888888888888,183,Syracuse,20,590.36,3.778409090909091,
401442033,2022,1,True,52,Florida State,35,780.76,1.144642857142857,201,Oklahoma,32,870.34,1.8228014409832591,0.0
401442034,2022,1,True,264,Washington,27,761.72,1.4903846153846154,251,Texas,20,887.45,1.4521464646464646,0.0
401442035,2022,1,True,152,NC State,12,686.19,0.2326664462081128,120,Maryland,16,680.22,5.0459523809523805,1.0
401443542,2022,1,True,26,UCLA,35,733.3,5.077777777777778,221,Pittsburgh,37,654.56,2.489126559714795,1.0
401442036,2022,1,True,2579,South Carolina,38,762.63,0.673120818575364,87,Notre Dame,45,866.48,,
401443543,2022,1,True,2751,Wyoming,27,292.03,2.5880718954248367,195,Ohio,30,365.74,,
401442019,2022,1,True,228,Clemson,14,943.0,3.0264484126984126,2633,Tennessee,31,764.8,0.7337301587301588,1.0
401442017,2022,1,True,96,Kentucky,0,737.33,4.5447366359131065,2294,Iowa,21,681.98,6.252572463768116,1.0
401442018,2022,1,True,2306,Kansas State,20,584.68,1.395028011204482,333,Alabama,45,1016.79,0.9163607226107224,
401442016,2022,1,True,130,Michigan,45,847.24,2.4670974858474857,2628,TCU,51,712.05,,1.0
401442015,2022,1,True,61,Georgia,42,989.76,0.3255883005883005,194,Ohio State,41,983.14,0.7855113636363636,
401442011,2022,1,True,356,Illinois,10,631.46,0.4672176308539945,344,Mississippi State,19,725.55,1.7977002164502165,
401442013,2022,1,True,30,USC,45,860.12,,2655,Tulane,46,521.86,0.6666666666666667,1.0
401442012,2022,1,True,2509,Purdue,7,646.08,0.5061126373626375,99,LSU,63,872.61,0.7972622863247864,
401442014,2022,1,True,254,Utah,21,705.12,2.9010404368358915,213,Penn State,35,830.44,,
401445817,2022,1,True,2571,South Dakota State,45,5.97,,2449,North Dakota State,21,25.18,,0.0
401442010,2022,1,True,61,Georgia,65,989.76,0.3255883005883005,2628,TCU,7,712.05,,
